selection_rule,selection_rule_description,score,validation_sharpe_quantile,validation_sharpe_quantile_level,validation_turnover_median,validation_max_drawdown_median,retention_ratio_median,generalization_ratio_median,n_runs_in_score,n_folds_in_score,n_seeds_in_score,validation_sharpe_median,test_sharpe_median,test_return_pct_median,test_max_drawdown_median,test_turnover_median,seed_count,run_count,feature_set,feature_family,is_negative_control,feature_set_description,fold_id,selected_by_rule
sharpe_only,Baseline rule: median validation Sharpe only.,2.7031297941025825,2.7031297941025825,0.5,11.290322580645162,-0.0419221977566761,0.5492001803226001,2.5641872301240305,3,1,3,2.7031297941025825,1.6399088747454704,6.0199034419891495,-0.0700011368007889,11.475409836065571,3,3,base_macro_vol_term_or_implied_vol_proxy,vol_term_or_implied_vol_proxy,False,Macro baseline plus lag-clean implied-volatility term-structure proxy features.,fold_01,True
sharpe_only,Baseline rule: median validation Sharpe only.,2.685821949453997,2.685821949453997,0.5,13.629032258064516,-0.0385437556142306,0.7190902761792954,2.671108615884049,3,1,3,2.685821949453997,1.8184695785412963,6.593350225720784,-0.0666261695731963,13.934426229508198,3,3,base_macro_xsec_sector_complementarity_v2,xsec_sector_complementarity_v2,False,Macro baseline plus redesigned causal xsec-sector complementarity v2 features.,fold_01,False
sharpe_only,Baseline rule: median validation Sharpe only.,2.6064004159962253,2.6064004159962253,0.5,11.661290322580646,-0.036186416984001,0.5424100809513044,2.692449401122321,3,1,3,2.6064004159962253,1.471233952975714,5.913572662520594,-0.0671896714723352,11.655737704918034,3,3,base_macro_analyst_or_fund_revision_features,analyst_or_fund_revision_features,False,Macro baseline plus lagged point-in-time fundamental revision proxy features.,fold_01,False
sharpe_only,Baseline rule: median validation Sharpe only.,2.477955132875952,2.477955132875952,0.5,12.419354838709678,-0.0400344007001073,0.8688245096799652,3.088208930226164,3,1,3,2.477955132875952,1.829863990551387,7.924928108304607,-0.0646180885244845,12.565573770491802,3,3,base_macro_sector_relative_context,sector_relative_context,False,Macro baseline plus causal sector-relative return context features.,fold_01,False
sharpe_only,Baseline rule: median validation Sharpe only.,2.4471623689615107,2.4471623689615107,0.5,11.451612903225806,-0.0335430151446914,0.8746570465215989,2.323932245496596,3,1,3,2.4471623689615107,2.559301980701167,9.621398400349037,-0.0510946879759479,11.80327868852459,3,3,base_macro_credit_stress_proxies,credit_stress_proxies,False,Macro baseline plus lag-clean credit and financial-stress proxy features.,fold_01,False
sharpe_only,Baseline rule: median validation Sharpe only.,2.425692073578083,2.425692073578083,0.5,10.790322580645162,-0.0437609672756412,0.9939585094463796,2.5431786216315557,3,1,3,2.425692073578083,2.0640592556475066,9.65937938400272,-0.0586069521090484,11.42622950819672,3,3,base_macro_exogenous_plus,calendar_exogenous,False,Baseline technical and macro features plus event/calendar exogenous features.,fold_01,False
sharpe_only,Baseline rule: median validation Sharpe only.,2.3891077609926508,2.3891077609926508,0.5,12.935483870967742,-0.0394571863359785,0.8231244283181678,2.443233144223888,3,1,3,2.3891077609926508,1.9255809653883904,8.060575570113926,-0.0574738633077169,13.147540983606556,3,3,base_macro_hmm,negative_control_hmm,True,HMM-enhanced feature set treated as a negative control.,fold_01,False
sharpe_only,Baseline rule: median validation Sharpe only.,2.381149960383884,2.381149960383884,0.5,17.225806451612904,-0.0371218892453178,0.8422341986579822,2.64571807291558,3,1,3,2.381149960383884,2.0054859287684064,7.497108972777355,-0.0597717057280406,17.24590163934426,3,3,base_macro_xsec_dispersion_correlation_regime,market_internal_dispersion_correlation,False,Macro baseline plus causal cross-sectional dispersion/correlation regime features.,fold_01,False
sharpe_only,Baseline rule: median validation Sharpe only.,2.3093654789293288,2.3093654789293288,0.5,13.661290322580646,-0.0381778859555631,0.7007471179987216,2.643181702033339,3,1,3,2.3093654789293288,1.5039062946592714,6.311440362347787,-0.0648664978638495,13.78688524590164,3,3,base_macro_rates_credit_vol_risk_state_context,rates_credit_vol_risk_state_context,False,"Macro baseline plus lag-clean rates, credit, vol proxy, and narrow risk-state gates.",fold_01,False
sharpe_only,Baseline rule: median validation Sharpe only.,2.306588522715428,2.306588522715428,0.5,13.53225806451613,-0.0368490036497993,0.6194110368951268,2.95146116001538,3,1,3,2.306588522715428,1.712728684218566,7.086752605414559,-0.0606754695250423,13.92622950819672,3,3,base_macro_xsec_sector_gated_context,xsec_sector_gated_context,False,Macro baseline plus causal xsec-sector gated interaction context features.,fold_01,False
sharpe_only,Baseline rule: median validation Sharpe only.,2.294753492367572,2.294753492367572,0.5,12.983870967741936,-0.0425443878064879,0.7930259110415513,2.890883448897643,3,1,3,2.294753492367572,1.6352668870740683,6.948987608820745,-0.0657611335975917,13.049180327868852,3,3,base_macro_gru,negative_control_gru,True,GRU-enhanced feature set treated as a negative control.,fold_01,False
sharpe_only,Baseline rule: median validation Sharpe only.,2.2767308822385948,2.2767308822385948,0.5,10.129032258064516,-0.0375607182482641,0.7704364279889822,2.298792040782053,3,1,3,2.2767308822385948,1.834420863626625,7.182479023495336,-0.0628473895198248,10.614754098360656,3,3,base_macro_rates_term_structure_lsc,rates_term_structure_lsc,False,"Macro baseline plus lag-clean Treasury level, slope, and curvature features.",fold_01,False
sharpe_only,Baseline rule: median validation Sharpe only.,2.2378241908947056,2.2378241908947056,0.5,10.483870967741936,-0.047501705336263,0.6718190594279058,2.665159582010831,3,1,3,2.2378241908947056,1.41968100777753,5.509756662327825,-0.0753983582092865,10.655737704918034,3,3,base_macro_breadth_internal_structure,market_internal_breadth,False,Macro baseline plus causal breadth and participation structure features.,fold_01,False
sharpe_only,Baseline rule: median validation Sharpe only.,2.212342396539716,2.212342396539716,0.5,8.870967741935484,-0.0376385478647909,1.003609458823779,2.8236052798891,3,1,3,2.212342396539716,2.089147403970572,7.691703835917263,-0.0547980898720456,9.01639344262295,3,3,base_macro,macro_context,False,Baseline technical features plus macro context.,fold_01,False
sharpe_only,Baseline rule: median validation Sharpe only.,2.1486132641952964,2.1486132641952964,0.5,12.903225806451612,-0.0386396753910412,0.9970279961797256,2.302029436407099,3,1,3,2.1486132641952964,2.1410285956095354,8.191041631993045,-0.063539205304399,13.098360655737704,3,3,base,technical_base,False,"Prices, returns, and baseline technical risk features.",fold_01,False
robust_q25,25th percentile validation Sharpe with turnover and drawdown penalties.,1.8667549883359358,2.515115512881546,0.25,11.290322580645162,-0.0419221977566761,0.5492001803226001,2.5641872301240305,3,1,3,2.7031297941025825,1.6399088747454704,6.0199034419891495,-0.0700011368007889,11.475409836065571,3,3,base_macro_vol_term_or_implied_vol_proxy,vol_term_or_implied_vol_proxy,False,Macro baseline plus lag-clean implied-volatility term-structure proxy features.,fold_01,True
robust_q25,25th percentile validation Sharpe with turnover and drawdown penalties.,1.8351707629677285,2.5937098870994157,0.25,13.629032258064516,-0.0385437556142306,0.7190902761792954,2.671108615884049,3,1,3,2.685821949453997,1.8184695785412963,6.593350225720784,-0.0666261695731963,13.934426229508198,3,3,base_macro_xsec_sector_complementarity_v2,xsec_sector_complementarity_v2,False,Macro baseline plus redesigned causal xsec-sector complementarity v2 features.,fold_01,False
robust_q25,25th percentile validation Sharpe with turnover and drawdown penalties.,1.755453756267776,2.3951204317184493,0.25,11.451612903225806,-0.0335430151446914,0.8746570465215989,2.323932245496596,3,1,3,2.4471623689615107,2.559301980701167,9.621398400349037,-0.0510946879759479,11.80327868852459,3,3,base_macro_credit_stress_proxies,credit_stress_proxies,False,Macro baseline plus lag-clean credit and financial-stress proxy features.,fold_01,False
robust_q25,25th percentile validation Sharpe with turnover and drawdown penalties.,1.6281626316267321,2.1469881144530882,0.25,8.870967741935484,-0.0376385478647909,1.003609458823779,2.8236052798891,3,1,3,2.212342396539716,2.089147403970572,7.691703835917263,-0.0547980898720456,9.01639344262295,3,3,base_macro,macro_context,False,Baseline technical features plus macro context.,fold_01,False
robust_q25,25th percentile validation Sharpe with turnover and drawdown penalties.,1.6241104959119856,2.251148559495526,0.25,10.790322580645162,-0.0437609672756412,0.9939585094463796,2.5431786216315557,3,1,3,2.425692073578083,2.0640592556475066,9.65937938400272,-0.0586069521090484,11.42622950819672,3,3,base_macro_exogenous_plus,calendar_exogenous,False,Baseline technical and macro features plus event/calendar exogenous features.,fold_01,False
robust_q25,25th percentile validation Sharpe with turnover and drawdown penalties.,1.615629541706107,2.197202591105861,0.25,10.129032258064516,-0.0375607182482641,0.7704364279889822,2.298792040782053,3,1,3,2.2767308822385948,1.834420863626625,7.182479023495336,-0.0628473895198248,10.614754098360656,3,3,base_macro_rates_term_structure_lsc,rates_term_structure_lsc,False,"Macro baseline plus lag-clean Treasury level, slope, and curvature features.",fold_01,False
robust_q25,25th percentile validation Sharpe with turnover and drawdown penalties.,1.591009836288397,2.2920463796240957,0.25,12.419354838709678,-0.0400344007001073,0.8688245096799652,3.088208930226164,3,1,3,2.477955132875952,1.829863990551387,7.924928108304607,-0.0646180885244845,12.565573770491802,3,3,base_macro_sector_relative_context,sector_relative_context,False,Macro baseline plus causal sector-relative return context features.,fold_01,False
robust_q25,25th percentile validation Sharpe with turnover and drawdown penalties.,1.5661320451805145,2.291820611400859,0.25,12.935483870967742,-0.0394571863359785,0.8231244283181678,2.443233144223888,3,1,3,2.3891077609926508,1.9255809653883904,8.060575570113926,-0.0574738633077169,13.147540983606556,3,3,base_macro_hmm,negative_control_hmm,True,HMM-enhanced feature set treated as a negative control.,fold_01,False
robust_q25,25th percentile validation Sharpe with turnover and drawdown penalties.,1.539960132603237,2.15915709166286,0.25,10.483870967741936,-0.047501705336263,0.6718190594279058,2.665159582010831,3,1,3,2.2378241908947056,1.41968100777753,5.509756662327825,-0.0753983582092865,10.655737704918034,3,3,base_macro_breadth_internal_structure,market_internal_breadth,False,Macro baseline plus causal breadth and participation structure features.,fold_01,False
robust_q25,25th percentile validation Sharpe with turnover and drawdown penalties.,1.4943681197630259,2.244679030288431,0.25,13.53225806451613,-0.0368490036497993,0.6194110368951268,2.95146116001538,3,1,3,2.306588522715428,1.712728684218566,7.086752605414559,-0.0606754695250423,13.92622950819672,3,3,base_macro_xsec_sector_gated_context,xsec_sector_gated_context,False,Macro baseline plus causal xsec-sector gated interaction context features.,fold_01,False
robust_q25,25th percentile validation Sharpe with turnover and drawdown penalties.,1.4895974238552017,2.145034773952236,0.25,11.661290322580646,-0.036186416984001,0.5424100809513044,2.692449401122321,3,1,3,2.6064004159962253,1.471233952975714,5.913572662520594,-0.0671896714723352,11.655737704918034,3,3,base_macro_analyst_or_fund_revision_features,analyst_or_fund_revision_features,False,Macro baseline plus lagged point-in-time fundamental revision proxy features.,fold_01,False
robust_q25,25th percentile validation Sharpe with turnover and drawdown penalties.,1.4577634890652502,2.217183777105409,0.25,13.661290322580646,-0.0381778859555631,0.7007471179987216,2.643181702033339,3,1,3,2.3093654789293288,1.5039062946592714,6.311440362347787,-0.0648664978638495,13.78688524590164,3,3,base_macro_rates_credit_vol_risk_state_context,rates_credit_vol_risk_state_context,False,"Macro baseline plus lag-clean rates, credit, vol proxy, and narrow risk-state gates.",fold_01,False
robust_q25,25th percentile validation Sharpe with turnover and drawdown penalties.,1.4441243446022174,2.1784066686022903,0.25,12.983870967741936,-0.0425443878064879,0.7930259110415513,2.890883448897643,3,1,3,2.294753492367572,1.6352668870740683,6.948987608820745,-0.0657611335975917,13.049180327868852,3,3,base_macro_gru,negative_control_gru,True,GRU-enhanced feature set treated as a negative control.,fold_01,False
robust_q25,25th percentile validation Sharpe with turnover and drawdown penalties.,1.371807413082978,2.307341514154259,0.25,17.225806451612904,-0.0371218892453178,0.8422341986579822,2.64571807291558,3,1,3,2.381149960383884,2.0054859287684064,7.497108972777355,-0.0597717057280406,17.24590163934426,3,3,base_macro_xsec_dispersion_correlation_regime,market_internal_dispersion_correlation,False,Macro baseline plus causal cross-sectional dispersion/correlation regime features.,fold_01,False
robust_q25,25th percentile validation Sharpe with turnover and drawdown penalties.,1.328877221951772,2.051317863056435,0.25,12.903225806451612,-0.0386396753910412,0.9970279961797256,2.302029436407099,3,1,3,2.1486132641952964,2.1410285956095354,8.191041631993045,-0.063539205304399,13.098360655737704,3,3,base,technical_base,False,"Prices, returns, and baseline technical risk features.",fold_01,False
robust_q25_retention,25th percentile validation Sharpe with retention/generalization uplift and turnover/max-drawdown penalties.,2.41560962439516,2.5937098870994157,0.25,13.629032258064516,-0.0385437556142306,0.7190902761792954,2.671108615884049,3,1,3,2.685821949453997,1.8184695785412963,6.593350225720784,-0.0666261695731963,13.934426229508198,3,3,base_macro_xsec_sector_complementarity_v2,xsec_sector_complementarity_v2,False,Macro baseline plus redesigned causal xsec-sector complementarity v2 features.,fold_01,True
robust_q25_retention,25th percentile validation Sharpe with retention/generalization uplift and turnover/max-drawdown penalties.,2.3886831179351904,2.515115512881546,0.25,11.290322580645162,-0.0419221977566761,0.5492001803226001,2.5641872301240305,3,1,3,2.7031297941025825,1.6399088747454704,6.0199034419891495,-0.0700011368007889,11.475409836065571,3,3,base_macro_vol_term_or_implied_vol_proxy,vol_term_or_implied_vol_proxy,False,Macro baseline plus lag-clean implied-volatility term-structure proxy features.,fold_01,False
robust_q25_retention,25th percentile validation Sharpe with retention/generalization uplift and turnover/max-drawdown penalties.,2.322707854722665,2.3951204317184493,0.25,11.451612903225806,-0.0335430151446914,0.8746570465215989,2.323932245496596,3,1,3,2.4471623689615107,2.559301980701167,9.621398400349037,-0.0510946879759479,11.80327868852459,3,3,base_macro_credit_stress_proxies,credit_stress_proxies,False,Macro baseline plus lag-clean credit and financial-stress proxy features.,fold_01,False
robust_q25_retention,25th percentile validation Sharpe with retention/generalization uplift and turnover/max-drawdown penalties.,2.302605788316042,2.1469881144530882,0.25,8.870967741935484,-0.0376385478647909,1.003609458823779,2.8236052798891,3,1,3,2.212342396539716,2.089147403970572,7.691703835917263,-0.0547980898720456,9.01639344262295,3,3,base_macro,macro_context,False,Baseline technical features plus macro context.,fold_01,False
robust_q25_retention,25th percentile validation Sharpe with retention/generalization uplift and turnover/max-drawdown penalties.,2.2714473032423133,2.2920463796240957,0.25,12.419354838709678,-0.0400344007001073,0.8688245096799652,3.088208930226164,3,1,3,2.477955132875952,1.829863990551387,7.924928108304607,-0.0646180885244845,12.565573770491802,3,3,base_macro_sector_relative_context,sector_relative_context,False,Macro baseline plus causal sector-relative return context features.,fold_01,False
robust_q25_retention,25th percentile validation Sharpe with retention/generalization uplift and turnover/max-drawdown penalties.,2.2540769165183137,2.251148559495526,0.25,10.790322580645162,-0.0437609672756412,0.9939585094463796,2.5431786216315557,3,1,3,2.425692073578083,2.0640592556475066,9.65937938400272,-0.0586069521090484,11.42622950819672,3,3,base_macro_exogenous_plus,calendar_exogenous,False,Baseline technical and macro features plus event/calendar exogenous features.,fold_01,False
robust_q25_retention,25th percentile validation Sharpe with retention/generalization uplift and turnover/max-drawdown penalties.,2.153057454820661,2.197202591105861,0.25,10.129032258064516,-0.0375607182482641,0.7704364279889822,2.298792040782053,3,1,3,2.2767308822385948,1.834420863626625,7.182479023495336,-0.0628473895198248,10.614754098360656,3,3,base_macro_rates_term_structure_lsc,rates_term_structure_lsc,False,"Macro baseline plus lag-clean Treasury level, slope, and curvature features.",fold_01,False
robust_q25_retention,25th percentile validation Sharpe with retention/generalization uplift and turnover/max-drawdown penalties.,2.13839812389364,2.291820611400859,0.25,12.935483870967742,-0.0394571863359785,0.8231244283181678,2.443233144223888,3,1,3,2.3891077609926508,1.9255809653883904,8.060575570113926,-0.0574738633077169,13.147540983606556,3,3,base_macro_hmm,negative_control_hmm,True,HMM-enhanced feature set treated as a negative control.,fold_01,False
robust_q25_retention,25th percentile validation Sharpe with retention/generalization uplift and turnover/max-drawdown penalties.,2.107688834761838,2.15915709166286,0.25,10.483870967741936,-0.047501705336263,0.6718190594279058,2.665159582010831,3,1,3,2.2378241908947056,1.41968100777753,5.509756662327825,-0.0753983582092865,10.655737704918034,3,3,base_macro_breadth_internal_structure,market_internal_breadth,False,Macro baseline plus causal breadth and participation structure features.,fold_01,False
robust_q25_retention,25th percentile validation Sharpe with retention/generalization uplift and turnover/max-drawdown penalties.,2.0919400529891146,2.244679030288431,0.25,13.53225806451613,-0.0368490036497993,0.6194110368951268,2.95146116001538,3,1,3,2.306588522715428,1.712728684218566,7.086752605414559,-0.0606754695250423,13.92622950819672,3,3,base_macro_xsec_sector_gated_context,xsec_sector_gated_context,False,Macro baseline plus causal xsec-sector gated interaction context features.,fold_01,False
robust_q25_retention,25th percentile validation Sharpe with retention/generalization uplift and turnover/max-drawdown penalties.,2.0760133396972518,2.1784066686022903,0.25,12.983870967741936,-0.0425443878064879,0.7930259110415513,2.890883448897643,3,1,3,2.294753492367572,1.6352668870740683,6.948987608820745,-0.0657611335975917,13.049180327868852,3,3,base_macro_gru,negative_control_gru,True,GRU-enhanced feature set treated as a negative control.,fold_01,False
robust_q25_retention,25th percentile validation Sharpe with retention/generalization uplift and turnover/max-drawdown penalties.,2.0294275238699315,2.217183777105409,0.25,13.661290322580646,-0.0381778859555631,0.7007471179987216,2.643181702033339,3,1,3,2.3093654789293288,1.5039062946592714,6.311440362347787,-0.0648664978638495,13.78688524590164,3,3,base_macro_rates_credit_vol_risk_state_context,rates_credit_vol_risk_state_context,False,"Macro baseline plus lag-clean rates, credit, vol proxy, and narrow risk-state gates.",fold_01,False
robust_q25_retention,25th percentile validation Sharpe with retention/generalization uplift and turnover/max-drawdown penalties.,2.029067354261376,2.145034773952236,0.25,11.661290322580646,-0.036186416984001,0.5424100809513044,2.692449401122321,3,1,3,2.6064004159962253,1.471233952975714,5.913572662520594,-0.0671896714723352,11.655737704918034,3,3,base_macro_analyst_or_fund_revision_features,analyst_or_fund_revision_features,False,Macro baseline plus lagged point-in-time fundamental revision proxy features.,fold_01,False
robust_q25_retention,25th percentile validation Sharpe with retention/generalization uplift and turnover/max-drawdown penalties.,1.9792236736848103,2.307341514154259,0.25,17.225806451612904,-0.0371218892453178,0.8422341986579822,2.64571807291558,3,1,3,2.381149960383884,2.0054859287684064,7.497108972777355,-0.0597717057280406,17.24590163934426,3,3,base_macro_xsec_dispersion_correlation_regime,market_internal_dispersion_correlation,False,Macro baseline plus causal cross-sectional dispersion/correlation regime features.,fold_01,False
robust_q25_retention,25th percentile validation Sharpe with retention/generalization uplift and turnover/max-drawdown penalties.,1.9234386364577682,2.051317863056435,0.25,12.903225806451612,-0.0386396753910412,0.9970279961797256,2.302029436407099,3,1,3,2.1486132641952964,2.1410285956095354,8.191041631993045,-0.063539205304399,13.098360655737704,3,3,base,technical_base,False,"Prices, returns, and baseline technical risk features.",fold_01,False
sharpe_only,Baseline rule: median validation Sharpe only.,0.956143596959144,0.956143596959144,0.5,13.921875,-0.0383093404643203,0.4854603715131635,0.8276103311026068,3,1,3,0.956143596959144,0.2724755976762352,0.5104009368394946,-0.0283253124382546,14.142857142857142,3,3,base_macro_credit_stress_proxies,credit_stress_proxies,False,Macro baseline plus lag-clean credit and financial-stress proxy features.,fold_02,True
sharpe_only,Baseline rule: median validation Sharpe only.,0.8484933541301134,0.8484933541301134,0.5,8.59375,-0.0371793219824887,-0.6117157465787105,0.8305852787201443,3,1,3,0.8484933541301134,-0.5190367455887765,-0.0356360882956097,-0.0267140575753115,8.73015873015873,3,3,base_macro_rates_credit_vol_risk_state_context,rates_credit_vol_risk_state_context,False,"Macro baseline plus lag-clean rates, credit, vol proxy, and narrow risk-state gates.",fold_02,False
sharpe_only,Baseline rule: median validation Sharpe only.,0.7835454158533052,0.7835454158533052,0.5,13.578125,-0.0392949542371154,-0.8090519630290903,0.8023329940146412,3,1,3,0.7835454158533052,-0.7181526691846436,-1.7211117453540423,-0.0461613027959908,13.634920634920634,3,3,base,technical_base,False,"Prices, returns, and baseline technical risk features.",fold_02,False
sharpe_only,Baseline rule: median validation Sharpe only.,0.6672153975118291,0.6672153975118291,0.5,11.71875,-0.0399483968087022,0.048987054017332,0.6776846101803954,3,1,3,0.6672153975118291,0.0048412032026796,-0.0876477144370779,-0.0354246522957882,11.904761904761903,3,3,base_macro_xsec_sector_gated_context,xsec_sector_gated_context,False,Macro baseline plus causal xsec-sector gated interaction context features.,fold_02,False
sharpe_only,Baseline rule: median validation Sharpe only.,0.457090667593423,0.457090667593423,0.5,17.734375,-0.047963479382948,-0.4820080457167589,0.4524315360422139,3,1,3,0.457090667593423,-0.3136654435326277,-0.7778928627195203,-0.0313882492722068,17.126984126984127,3,3,base_macro_hmm,negative_control_hmm,True,HMM-enhanced feature set treated as a negative control.,fold_02,False
sharpe_only,Baseline rule: median validation Sharpe only.,0.4078369720423752,0.4078369720423752,0.5,8.984375,-0.0601900515431436,0.108581621024358,0.4805717064527308,3,1,3,0.4078369720423752,0.0235227080246797,-0.0078596952518328,-0.0302437814927685,9.0,3,3,base_macro_exogenous_plus,calendar_exogenous,False,Baseline technical and macro features plus event/calendar exogenous features.,fold_02,False
sharpe_only,Baseline rule: median validation Sharpe only.,0.3889363464438671,0.3889363464438671,0.5,10.6328125,-0.0480503013727915,1.0878886951318365,0.3831000652037954,3,1,3,0.3889363464438671,0.6998033655380408,1.4963068951328484,-0.0313387589314576,10.626984126984128,3,3,base_macro_vol_term_or_implied_vol_proxy,vol_term_or_implied_vol_proxy,False,Macro baseline plus lag-clean implied-volatility term-structure proxy features.,fold_02,False
sharpe_only,Baseline rule: median validation Sharpe only.,0.2995813035495369,0.2995813035495369,0.5,14.90625,-0.0504370320933896,2.7047742512776427,0.3992935666710947,3,1,3,0.2995813035495369,0.9044651054555708,2.027940875058753,-0.0290211981277279,13.38095238095238,3,3,base_macro,macro_context,False,Baseline technical features plus macro context.,fold_02,False
sharpe_only,Baseline rule: median validation Sharpe only.,0.2884258623424064,0.2884258623424064,0.5,14.4296875,-0.0396632510125363,1.0259227285728043,0.2762789569723822,3,1,3,0.2884258623424064,0.4727658020347877,0.9670139987396632,-0.0327354064166689,14.452380952380953,3,3,base_macro_sector_relative_context,sector_relative_context,False,Macro baseline plus causal sector-relative return context features.,fold_02,False
sharpe_only,Baseline rule: median validation Sharpe only.,0.2706534663929587,0.2706534663929587,0.5,14.40625,-0.0527759000298856,3.5848839028999846,0.2597152077138658,3,1,3,0.2706534663929587,0.5264908364214981,1.1033328073551507,-0.0341618288615811,12.507936507936508,3,3,base_macro_xsec_sector_complementarity_v2,xsec_sector_complementarity_v2,False,Macro baseline plus redesigned causal xsec-sector complementarity v2 features.,fold_02,False
sharpe_only,Baseline rule: median validation Sharpe only.,0.1510668612507802,0.1510668612507802,0.5,8.59375,-0.0463121548537804,5.679450071885023,0.1618884688433189,3,1,3,0.1510668612507802,-1.283082557221676,-3.110279140230554,-0.0475887268708735,8.73015873015873,3,3,base_macro_xsec_dispersion_correlation_regime,market_internal_dispersion_correlation,False,Macro baseline plus causal cross-sectional dispersion/correlation regime features.,fold_02,False
sharpe_only,Baseline rule: median validation Sharpe only.,0.148721075197651,0.148721075197651,0.5,10.171875,-0.0510600521415707,1.5986006611177217,0.1322570458762528,3,1,3,0.148721075197651,0.2457331312027333,0.4270298744674772,-0.0346192954815781,10.317460317460318,3,3,base_macro_gru,negative_control_gru,True,GRU-enhanced feature set treated as a negative control.,fold_02,False
sharpe_only,Baseline rule: median validation Sharpe only.,0.1328492154014167,0.1328492154014167,0.5,13.1875,-0.0504238543141368,0.533358029304464,0.1421721059432852,3,1,3,0.1328492154014167,0.4715063066244008,0.9383698346138392,-0.0304041172652809,13.492063492063492,3,3,base_macro_rates_term_structure_lsc,rates_term_structure_lsc,False,"Macro baseline plus lag-clean Treasury level, slope, and curvature features.",fold_02,False
sharpe_only,Baseline rule: median validation Sharpe only.,0.0973770181724953,0.0973770181724953,0.5,10.9375,-0.0512642276212096,8.01504860183161,0.1129318002434952,3,1,3,0.0973770181724953,0.7804815333539902,1.698859910442363,-0.0298493893561364,11.11111111111111,3,3,base_macro_analyst_or_fund_revision_features,analyst_or_fund_revision_features,False,Macro baseline plus lagged point-in-time fundamental revision proxy features.,fold_02,False
sharpe_only,Baseline rule: median validation Sharpe only.,0.0531081387660464,0.0531081387660464,0.5,8.484375,-0.0491766475042684,-9.460858613165836,0.049916269961605,3,1,3,0.0531081387660464,-0.502448592073957,-1.256329410071544,-0.0416398890923935,8.412698412698413,3,3,base_macro_breadth_internal_structure,market_internal_breadth,False,Macro baseline plus causal breadth and participation structure features.,fold_02,False
robust_q25,25th percentile validation Sharpe with turnover and drawdown penalties.,0.17370441724199046,0.6777505612069679,0.25,8.59375,-0.0371793219824887,-0.6117157465787105,0.8305852787201443,3,1,3,0.8484933541301134,-0.5190367455887765,-0.0356360882956097,-0.0267140575753115,8.73015873015873,3,3,base_macro_rates_credit_vol_risk_state_context,rates_credit_vol_risk_state_context,False,"Macro baseline plus lag-clean rates, credit, vol proxy, and narrow risk-state gates.",fold_02,True
robust_q25,25th percentile validation Sharpe with turnover and drawdown penalties.,-0.009901208958721527,0.7475949495155093,0.25,13.578125,-0.0392949542371154,-0.8090519630290903,0.8023329940146412,3,1,3,0.7835454158533052,-0.7181526691846436,-1.7211117453540423,-0.0461613027959908,13.634920634920634,3,3,base,technical_base,False,"Prices, returns, and baseline technical risk features.",fold_02,False
robust_q25,25th percentile validation Sharpe with turnover and drawdown penalties.,-0.014004339905829666,0.758708091022811,0.25,13.921875,-0.0383093404643203,0.4854603715131635,0.8276103311026068,3,1,3,0.956143596959144,0.2724755976762352,0.5104009368394946,-0.0283253124382546,14.142857142857142,3,3,base_macro_credit_stress_proxies,credit_stress_proxies,False,Macro baseline plus lag-clean credit and financial-stress proxy features.,fold_02,False
robust_q25,25th percentile validation Sharpe with turnover and drawdown penalties.,-0.2573622750953597,0.3122365779909275,0.25,8.984375,-0.0601900515431436,0.108581621024358,0.4805717064527308,3,1,3,0.4078369720423752,0.0235227080246797,-0.0078596952518328,-0.0302437814927685,9.0,3,3,base_macro_exogenous_plus,calendar_exogenous,False,Baseline technical and macro features plus event/calendar exogenous features.,fold_02,False
robust_q25,25th percentile validation Sharpe with turnover and drawdown penalties.,-0.28281350705908015,0.3830207865583243,0.25,11.71875,-0.0399483968087022,0.048987054017332,0.6776846101803954,3,1,3,0.6672153975118291,0.0048412032026796,-0.0876477144370779,-0.0354246522957882,11.904761904761903,3,3,base_macro_xsec_sector_gated_context,xsec_sector_gated_context,False,Macro baseline plus causal xsec-sector gated interaction context features.,fold_02,False
robust_q25,25th percentile validation Sharpe with turnover and drawdown penalties.,-0.32598994539539095,0.30175128235019205,0.25,10.6328125,-0.0480503013727915,1.0878886951318365,0.3831000652037954,3,1,3,0.3889363464438671,0.6998033655380408,1.4963068951328484,-0.0313387589314576,10.626984126984128,3,3,base_macro_vol_term_or_implied_vol_proxy,vol_term_or_implied_vol_proxy,False,Macro baseline plus lag-clean implied-volatility term-structure proxy features.,fold_02,False
robust_q25,25th percentile validation Sharpe with turnover and drawdown penalties.,-0.4819379104248535,0.04037389928270729,0.25,8.59375,-0.0463121548537804,5.679450071885023,0.1618884688433189,3,1,3,0.1510668612507802,-1.283082557221676,-3.110279140230554,-0.0475887268708735,8.73015873015873,3,3,base_macro_xsec_dispersion_correlation_regime,market_internal_dispersion_correlation,False,Macro baseline plus causal cross-sectional dispersion/correlation regime features.,fold_02,False
robust_q25,25th percentile validation Sharpe with turnover and drawdown penalties.,-0.483890168658786,0.03868187634975085,0.25,8.484375,-0.0491766475042684,-9.460858613165836,0.049916269961605,3,1,3,0.0531081387660464,-0.502448592073957,-1.256329410071544,-0.0416398890923935,8.412698412698413,3,3,base_macro_breadth_internal_structure,market_internal_breadth,False,Macro baseline plus causal breadth and participation structure features.,fold_02,False
robust_q25,25th percentile validation Sharpe with turnover and drawdown penalties.,-0.498970986019904,0.1117428682632375,0.25,10.171875,-0.0510600521415707,1.5986006611177217,0.1322570458762528,3,1,3,0.148721075197651,0.2457331312027333,0.4270298744674772,-0.0346192954815781,10.317460317460318,3,3,base_macro_gru,negative_control_gru,True,GRU-enhanced feature set treated as a negative control.,fold_02,False
robust_q25,25th percentile validation Sharpe with turnover and drawdown penalties.,-0.5434043791336797,0.257406497891393,0.25,14.4296875,-0.0396632510125363,1.0259227285728043,0.2762789569723822,3,1,3,0.2884258623424064,0.4727658020347877,0.9670139987396632,-0.0327354064166689,14.452380952380953,3,3,base_macro_sector_relative_context,sector_relative_context,False,Macro baseline plus causal sector-relative return context features.,fold_02,False
robust_q25,25th percentile validation Sharpe with turnover and drawdown penalties.,-0.5556950547418454,0.09370840050057375,0.25,10.9375,-0.0512642276212096,8.01504860183161,0.1129318002434952,3,1,3,0.0973770181724953,0.7804815333539902,1.698859910442363,-0.0298493893561364,11.11111111111111,3,3,base_macro_analyst_or_fund_revision_features,analyst_or_fund_revision_features,False,Macro baseline plus lagged point-in-time fundamental revision proxy features.,fold_02,False
robust_q25,25th percentile validation Sharpe with turnover and drawdown penalties.,-0.617105504531288,0.2087587955284832,0.25,14.40625,-0.0527759000298856,3.5848839028999846,0.2597152077138658,3,1,3,0.2706534663929587,0.5264908364214981,1.1033328073551507,-0.0341618288615811,12.507936507936508,3,3,base_macro_xsec_sector_complementarity_v2,xsec_sector_complementarity_v2,False,Macro baseline plus redesigned causal xsec-sector complementarity v2 features.,fold_02,False
robust_q25,25th percentile validation Sharpe with turnover and drawdown penalties.,-0.6408109755505899,0.3418347332153061,0.25,17.734375,-0.047963479382948,-0.4820080457167589,0.4524315360422139,3,1,3,0.457090667593423,-0.3136654435326277,-0.7778928627195203,-0.0313882492722068,17.126984126984127,3,3,base_macro_hmm,negative_control_hmm,True,HMM-enhanced feature set treated as a negative control.,fold_02,False
robust_q25,25th percentile validation Sharpe with turnover and drawdown penalties.,-0.6770687134668709,0.1691178507199084,0.25,14.90625,-0.0504370320933896,2.7047742512776427,0.3992935666710947,3,1,3,0.2995813035495369,0.9044651054555708,2.027940875058753,-0.0290211981277279,13.38095238095238,3,3,base_macro,macro_context,False,Baseline technical features plus macro context.,fold_02,False
robust_q25,25th percentile validation Sharpe with turnover and drawdown penalties.,-0.7064570831273687,0.05376562550090505,0.25,13.1875,-0.0504238543141368,0.533358029304464,0.1421721059432852,3,1,3,0.1328492154014167,0.4715063066244008,0.9383698346138392,-0.0304041172652809,13.492063492063492,3,3,base_macro_rates_term_structure_lsc,rates_term_structure_lsc,False,"Macro baseline plus lag-clean Treasury level, slope, and curvature features.",fold_02,False
robust_q25_retention,25th percentile validation Sharpe with retention/generalization uplift and turnover/max-drawdown penalties.,1.4650068657525814,0.09370840050057375,0.25,10.9375,-0.0512642276212096,8.01504860183161,0.1129318002434952,3,1,3,0.0973770181724953,0.7804815333539902,1.698859910442363,-0.0298493893561364,11.11111111111111,3,3,base_macro_analyst_or_fund_revision_features,analyst_or_fund_revision_features,False,Macro baseline plus lagged point-in-time fundamental revision proxy features.,fold_02,True
robust_q25_retention,25th percentile validation Sharpe with retention/generalization uplift and turnover/max-drawdown penalties.,0.9622078778729002,0.04037389928270729,0.25,8.59375,-0.0463121548537804,5.679450071885023,0.1618884688433189,3,1,3,0.1510668612507802,-1.283082557221676,-3.110279140230554,-0.0475887268708735,8.73015873015873,3,3,base_macro_xsec_dispersion_correlation_regime,market_internal_dispersion_correlation,False,Macro baseline plus causal cross-sectional dispersion/correlation regime features.,fold_02,False
robust_q25_retention,25th percentile validation Sharpe with retention/generalization uplift and turnover/max-drawdown penalties.,0.3180727523507882,0.2087587955284832,0.25,14.40625,-0.0527759000298856,3.5848839028999846,0.2597152077138658,3,1,3,0.2706534663929587,0.5264908364214981,1.1033328073551507,-0.0341618288615811,12.507936507936508,3,3,base_macro_xsec_sector_complementarity_v2,xsec_sector_complementarity_v2,False,Macro baseline plus redesigned causal xsec-sector complementarity v2 features.,fold_02,False
robust_q25_retention,25th percentile validation Sharpe with retention/generalization uplift and turnover/max-drawdown penalties.,0.23150230263785215,0.758708091022811,0.25,13.921875,-0.0383093404643203,0.4854603715131635,0.8276103311026068,3,1,3,0.956143596959144,0.2724755976762352,0.5104009368394946,-0.0283253124382546,14.142857142857142,3,3,base_macro_credit_stress_proxies,credit_stress_proxies,False,Macro baseline plus lag-clean credit and financial-stress proxy features.,fold_02,False
robust_q25_retention,25th percentile validation Sharpe with retention/generalization uplift and turnover/max-drawdown penalties.,0.1453632724053344,0.6777505612069679,0.25,8.59375,-0.0371793219824887,-0.6117157465787105,0.8305852787201443,3,1,3,0.8484933541301134,-0.5190367455887765,-0.0356360882956097,-0.0267140575753115,8.73015873015873,3,3,base_macro_rates_credit_vol_risk_state_context,rates_credit_vol_risk_state_context,False,"Macro baseline plus lag-clean rates, credit, vol proxy, and narrow risk-state gates.",fold_02,False
robust_q25_retention,25th percentile validation Sharpe with retention/generalization uplift and turnover/max-drawdown penalties.,0.059018884353203946,0.1691178507199084,0.25,14.90625,-0.0504370320933896,2.7047742512776427,0.3992935666710947,3,1,3,0.2995813035495369,0.9044651054555708,2.027940875058753,-0.0290211981277279,13.38095238095238,3,3,base_macro,macro_context,False,Baseline technical features plus macro context.,fold_02,False
robust_q25_retention,25th percentile validation Sharpe with retention/generalization uplift and turnover/max-drawdown penalties.,0.0034472381681375924,0.30175128235019205,0.25,10.6328125,-0.0480503013727915,1.0878886951318365,0.3831000652037954,3,1,3,0.3889363464438671,0.6998033655380408,1.4963068951328484,-0.0313387589314576,10.626984126984128,3,3,base_macro_vol_term_or_implied_vol_proxy,vol_term_or_implied_vol_proxy,False,Macro baseline plus lag-clean implied-volatility term-structure proxy features.,fold_02,False
robust_q25_retention,25th percentile validation Sharpe with retention/generalization uplift and turnover/max-drawdown penalties.,-0.07948226385903563,0.1117428682632375,0.25,10.171875,-0.0510600521415707,1.5986006611177217,0.1322570458762528,3,1,3,0.148721075197651,0.2457331312027333,0.4270298744674772,-0.0346192954815781,10.317460317460318,3,3,base_macro_gru,negative_control_gru,True,GRU-enhanced feature set treated as a negative control.,fold_02,False
robust_q25_retention,25th percentile validation Sharpe with retention/generalization uplift and turnover/max-drawdown penalties.,-0.09181425061379793,0.7475949495155093,0.25,13.578125,-0.0392949542371154,-0.8090519630290903,0.8023329940146412,3,1,3,0.7835454158533052,-0.7181526691846436,-1.7211117453540423,-0.0461613027959908,13.634920634920634,3,3,base,technical_base,False,"Prices, returns, and baseline technical risk features.",fold_02,False
robust_q25_retention,25th percentile validation Sharpe with retention/generalization uplift and turnover/max-drawdown penalties.,-0.15813111387136058,0.3122365779909275,0.25,8.984375,-0.0601900515431436,0.108581621024358,0.4805717064527308,3,1,3,0.4078369720423752,0.0235227080246797,-0.0078596952518328,-0.0302437814927685,9.0,3,3,base_macro_exogenous_plus,calendar_exogenous,False,Baseline technical and macro features plus event/calendar exogenous features.,fold_02,False
robust_q25_retention,25th percentile validation Sharpe with retention/generalization uplift and turnover/max-drawdown penalties.,-0.1689140520276878,0.3830207865583243,0.25,11.71875,-0.0399483968087022,0.048987054017332,0.6776846101803954,3,1,3,0.6672153975118291,0.0048412032026796,-0.0876477144370779,-0.0354246522957882,11.904761904761903,3,3,base_macro_xsec_sector_gated_context,xsec_sector_gated_context,False,Macro baseline plus causal xsec-sector gated interaction context features.,fold_02,False
robust_q25_retention,25th percentile validation Sharpe with retention/generalization uplift and turnover/max-drawdown penalties.,-0.24548185344462123,0.257406497891393,0.25,14.4296875,-0.0396632510125363,1.0259227285728043,0.2762789569723822,3,1,3,0.2884258623424064,0.4727658020347877,0.9670139987396632,-0.0327354064166689,14.452380952380953,3,3,base_macro_sector_relative_context,sector_relative_context,False,Macro baseline plus causal sector-relative return context features.,fold_02,False
robust_q25_retention,25th percentile validation Sharpe with retention/generalization uplift and turnover/max-drawdown penalties.,-0.5517917599097598,0.05376562550090505,0.25,13.1875,-0.0504238543141368,0.533358029304464,0.1421721059432852,3,1,3,0.1328492154014167,0.4715063066244008,0.9383698346138392,-0.0304041172652809,13.492063492063492,3,3,base_macro_rates_term_structure_lsc,rates_term_structure_lsc,False,"Macro baseline plus lag-clean Treasury level, slope, and curvature features.",fold_02,False
robust_q25_retention,25th percentile validation Sharpe with retention/generalization uplift and turnover/max-drawdown penalties.,-0.6934482565734474,0.3418347332153061,0.25,17.734375,-0.047963479382948,-0.4820080457167589,0.4524315360422139,3,1,3,0.457090667593423,-0.3136654435326277,-0.7778928627195203,-0.0313882492722068,17.126984126984127,3,3,base_macro_hmm,negative_control_hmm,True,HMM-enhanced feature set treated as a negative control.,fold_02,False
robust_q25_retention,25th percentile validation Sharpe with retention/generalization uplift and turnover/max-drawdown penalties.,-2.841617381456004,0.03868187634975085,0.25,8.484375,-0.0491766475042684,-9.460858613165836,0.049916269961605,3,1,3,0.0531081387660464,-0.502448592073957,-1.256329410071544,-0.0416398890923935,8.412698412698413,3,3,base_macro_breadth_internal_structure,market_internal_breadth,False,Macro baseline plus causal breadth and participation structure features.,fold_02,False
sharpe_only,Baseline rule: median validation Sharpe only.,6.024456254254666,6.024456254254666,0.5,12.903225806451612,-0.0160895903937804,0.2932183473749964,8.679477438577473,3,1,3,6.024456254254666,1.8941977441952584,3.768520790635144,-0.0384718977823321,13.114754098360656,3,3,base_macro_rates_term_structure_lsc,rates_term_structure_lsc,False,"Macro baseline plus lag-clean Treasury level, slope, and curvature features.",fold_03,True
sharpe_only,Baseline rule: median validation Sharpe only.,5.776060371578548,5.776060371578548,0.5,9.67741935483871,-0.0195930535981413,0.2665884857081679,6.927960830878574,3,1,3,5.776060371578548,1.5398311878180826,2.9906476370869184,-0.0400472088288349,9.836065573770492,3,3,base_macro_analyst_or_fund_revision_features,analyst_or_fund_revision_features,False,Macro baseline plus lagged point-in-time fundamental revision proxy features.,fold_03,False
sharpe_only,Baseline rule: median validation Sharpe only.,5.628893795259184,5.628893795259184,0.5,8.887096774193548,-0.026125112747236,0.4093434202176432,7.255396315936975,3,1,3,5.628893795259184,1.9530448012900063,4.020372154789009,-0.041659516452387,9.01639344262295,3,3,base_macro,macro_context,False,Baseline technical features plus macro context.,fold_03,False
sharpe_only,Baseline rule: median validation Sharpe only.,5.548137229863896,5.548137229863896,0.5,13.048387096774194,-0.0218666200533198,0.3088979973284534,7.139773437554029,3,1,3,5.548137229863896,1.770538591817565,3.838075409398467,-0.039713887298831,13.254098360655735,3,3,base_macro_breadth_internal_structure,market_internal_breadth,False,Macro baseline plus causal breadth and participation structure features.,fold_03,False
sharpe_only,Baseline rule: median validation Sharpe only.,5.446416339356417,5.446416339356417,0.5,15.790322580645162,-0.0218283227134739,0.3447235046326405,6.613553056874897,3,1,3,5.446416339356417,1.877507728191421,3.3971113354421822,-0.0325002475267238,15.295081967213116,3,3,base_macro_vol_term_or_implied_vol_proxy,vol_term_or_implied_vol_proxy,False,Macro baseline plus lag-clean implied-volatility term-structure proxy features.,fold_03,False
sharpe_only,Baseline rule: median validation Sharpe only.,5.223940910355951,5.223940910355951,0.5,12.903225806451612,-0.0236473912670823,0.3312769951486241,6.835036260130511,3,1,3,5.223940910355951,1.7737681490358863,3.270730778608,-0.0316980434021187,13.278688524590164,3,3,base_macro_xsec_sector_complementarity_v2,xsec_sector_complementarity_v2,False,Macro baseline plus redesigned causal xsec-sector complementarity v2 features.,fold_03,False
sharpe_only,Baseline rule: median validation Sharpe only.,5.120137217969249,5.120137217969249,0.5,15.46774193548387,-0.021493637999577,0.4139917450068209,6.808714992971122,3,1,3,5.120137217969249,2.1196945415414588,3.97514168436075,-0.0351171514446823,16.139344262295083,3,3,base_macro_exogenous_plus,calendar_exogenous,False,Baseline technical and macro features plus event/calendar exogenous features.,fold_03,False
sharpe_only,Baseline rule: median validation Sharpe only.,5.084840293912963,5.084840293912963,0.5,12.790322580645162,-0.0222449823729087,0.4087080273492665,6.249252166170703,3,1,3,5.084840293912963,2.021919734804918,3.717552918360956,-0.0367225837138185,12.868852459016392,3,3,base_macro_hmm,negative_control_hmm,True,HMM-enhanced feature set treated as a negative control.,fold_03,False
sharpe_only,Baseline rule: median validation Sharpe only.,5.019291411950522,5.019291411950522,0.5,12.266129032258064,-0.0215662826293077,0.3177536420096912,6.444970411687615,3,1,3,5.019291411950522,1.5948981264552435,3.0634103065832585,-0.0358830553947051,12.795081967213116,3,3,base_macro_rates_credit_vol_risk_state_context,rates_credit_vol_risk_state_context,False,"Macro baseline plus lag-clean rates, credit, vol proxy, and narrow risk-state gates.",fold_03,False
sharpe_only,Baseline rule: median validation Sharpe only.,4.926419328535751,4.926419328535751,0.5,8.870967741935484,-0.0228171104489397,0.365429655171465,6.102443776092617,3,1,3,4.926419328535751,1.8039323515599777,3.7423435323915566,-0.0375990511754791,9.01639344262295,3,3,base,technical_base,False,"Prices, returns, and baseline technical risk features.",fold_03,False
sharpe_only,Baseline rule: median validation Sharpe only.,4.724699810796907,4.724699810796907,0.5,11.290322580645162,-0.0248344695738532,0.5066708276696528,5.943104706365699,3,1,3,4.724699810796907,2.4133321692883003,4.872170469698767,-0.0380846439294261,11.475409836065571,3,3,base_macro_xsec_dispersion_correlation_regime,market_internal_dispersion_correlation,False,Macro baseline plus causal cross-sectional dispersion/correlation regime features.,fold_03,False
sharpe_only,Baseline rule: median validation Sharpe only.,4.687219656441668,4.687219656441668,0.5,12.096774193548388,-0.0234868174550757,0.2936836739635796,6.261026693117849,3,1,3,4.687219656441668,1.3765598893780964,2.519023698197609,-0.0385085086645643,12.295081967213116,3,3,base_macro_xsec_sector_gated_context,xsec_sector_gated_context,False,Macro baseline plus causal xsec-sector gated interaction context features.,fold_03,False
sharpe_only,Baseline rule: median validation Sharpe only.,4.645232234867661,4.645232234867661,0.5,11.290322580645162,-0.0177248904506074,0.3846804072649162,7.051141783614052,3,1,3,4.645232234867661,1.679223665677417,3.443129486162211,-0.0461959056158867,11.475409836065571,3,3,base_macro_gru,negative_control_gru,True,GRU-enhanced feature set treated as a negative control.,fold_03,False
sharpe_only,Baseline rule: median validation Sharpe only.,4.641019201345629,4.641019201345629,0.5,10.951612903225806,-0.0214397977522006,0.5232135355549097,5.307121245411937,3,1,3,4.641019201345629,2.42824406491427,4.6590073271168375,-0.0316813423341357,11.245901639344265,3,3,base_macro_credit_stress_proxies,credit_stress_proxies,False,Macro baseline plus lag-clean credit and financial-stress proxy features.,fold_03,False
sharpe_only,Baseline rule: median validation Sharpe only.,4.494382953229773,4.494382953229773,0.5,19.758064516129032,-0.0231251044298752,0.4084210667760287,6.514133323734876,3,1,3,4.494382953229773,1.8356006802581024,3.59478154929167,-0.0404372835122203,21.24590163934426,3,3,base_macro_sector_relative_context,sector_relative_context,False,Macro baseline plus causal sector-relative return context features.,fold_03,False
robust_q25,25th percentile validation Sharpe with turnover and drawdown penalties.,5.014924543421149,5.537981618359367,0.25,9.67741935483871,-0.0195930535981413,0.2665884857081679,6.927960830878574,3,1,3,5.776060371578548,1.5398311878180826,2.9906476370869184,-0.0400472088288349,9.836065573770492,3,3,base_macro_analyst_or_fund_revision_features,analyst_or_fund_revision_features,False,Macro baseline plus lagged point-in-time fundamental revision proxy features.,fold_03,True
robust_q25,25th percentile validation Sharpe with turnover and drawdown penalties.,5.010068665473943,5.687409136584085,0.25,12.903225806451612,-0.0160895903937804,0.2932183473749964,8.679477438577473,3,1,3,6.024456254254666,1.8941977441952584,3.768520790635144,-0.0384718977823321,13.114754098360656,3,3,base_macro_rates_term_structure_lsc,rates_term_structure_lsc,False,"Macro baseline plus lag-clean Treasury level, slope, and curvature features.",fold_03,False
robust_q25,25th percentile validation Sharpe with turnover and drawdown penalties.,4.805264884215106,5.501417479160455,0.25,13.048387096774194,-0.0218666200533198,0.3088979973284534,7.139773437554029,3,1,3,5.548137229863896,1.770538591817565,3.838075409398467,-0.039713887298831,13.254098360655735,3,3,base_macro_breadth_internal_structure,market_internal_breadth,False,Macro baseline plus causal breadth and participation structure features.,fold_03,False
robust_q25,25th percentile validation Sharpe with turnover and drawdown penalties.,4.703424091290484,5.200029155494633,0.25,8.887096774193548,-0.026125112747236,0.4093434202176432,7.255396315936975,3,1,3,5.628893795259184,1.9530448012900063,4.020372154789009,-0.041659516452387,9.01639344262295,3,3,base_macro,macro_context,False,Baseline technical features plus macro context.,fold_03,False
robust_q25,25th percentile validation Sharpe with turnover and drawdown penalties.,4.363216435770978,4.852399043765631,0.25,8.870967741935484,-0.0228171104489397,0.365429655171465,6.102443776092617,3,1,3,4.926419328535751,1.8039323515599777,3.7423435323915566,-0.0375990511754791,9.01639344262295,3,3,base,technical_base,False,"Prices, returns, and baseline technical risk features.",fold_03,False
robust_q25,25th percentile validation Sharpe with turnover and drawdown penalties.,4.297393917027929,4.989849989884674,0.25,12.903225806451612,-0.0236473912670823,0.3312769951486241,6.835036260130511,3,1,3,5.223940910355951,1.7737681490358863,3.270730778608,-0.0316980434021187,13.278688524590164,3,3,base_macro_xsec_sector_complementarity_v2,xsec_sector_complementarity_v2,False,Macro baseline plus redesigned causal xsec-sector complementarity v2 features.,fold_03,False
robust_q25,25th percentile validation Sharpe with turnover and drawdown penalties.,4.290876573022093,5.124049347481299,0.25,15.790322580645162,-0.0218283227134739,0.3447235046326405,6.613553056874897,3,1,3,5.446416339356417,1.877507728191421,3.3971113354421822,-0.0325002475267238,15.295081967213116,3,3,base_macro_vol_term_or_implied_vol_proxy,vol_term_or_implied_vol_proxy,False,Macro baseline plus lag-clean implied-volatility term-structure proxy features.,fold_03,False
robust_q25,25th percentile validation Sharpe with turnover and drawdown penalties.,4.1216285375123745,4.938002910285722,0.25,15.46774193548387,-0.021493637999577,0.4139917450068209,6.808714992971122,3,1,3,5.120137217969249,2.1196945415414588,3.97514168436075,-0.0351171514446823,16.139344262295083,3,3,base_macro_exogenous_plus,calendar_exogenous,False,Baseline technical and macro features plus event/calendar exogenous features.,fold_03,False
robust_q25,25th percentile validation Sharpe with turnover and drawdown penalties.,3.92759442788527,4.5180546685509615,0.25,10.951612903225806,-0.0214397977522006,0.5232135355549097,5.307121245411937,3,1,3,4.641019201345629,2.42824406491427,4.6590073271168375,-0.0316813423341357,11.245901639344265,3,3,base_macro_credit_stress_proxies,credit_stress_proxies,False,Macro baseline plus lag-clean credit and financial-stress proxy features.,fold_03,False
robust_q25,25th percentile validation Sharpe with turnover and drawdown penalties.,3.905271981269295,4.505237891202768,0.25,11.290322580645162,-0.0177248904506074,0.3846804072649162,7.051141783614052,3,1,3,4.645232234867661,1.679223665677417,3.443129486162211,-0.0461959056158867,11.475409836065571,3,3,base_macro_gru,negative_control_gru,True,GRU-enhanced feature set treated as a negative control.,fold_03,False
robust_q25,25th percentile validation Sharpe with turnover and drawdown penalties.,3.84850274800533,4.504941764876849,0.25,12.266129032258064,-0.0215662826293077,0.3177536420096912,6.444970411687615,3,1,3,5.019291411950522,1.5948981264552435,3.0634103065832585,-0.0358830553947051,12.795081967213116,3,3,base_macro_rates_credit_vol_risk_state_context,rates_credit_vol_risk_state_context,False,"Macro baseline plus lag-clean rates, credit, vol proxy, and narrow risk-state gates.",fold_03,False
robust_q25,25th percentile validation Sharpe with turnover and drawdown penalties.,3.8442340673780833,4.528240161156159,0.25,12.790322580645162,-0.0222449823729087,0.4087080273492665,6.249252166170703,3,1,3,5.084840293912963,2.021919734804918,3.717552918360956,-0.0367225837138185,12.868852459016392,3,3,base_macro_hmm,negative_control_hmm,True,HMM-enhanced feature set treated as a negative control.,fold_03,False
robust_q25,25th percentile validation Sharpe with turnover and drawdown penalties.,3.76416661467371,4.415978959261281,0.25,12.096774193548388,-0.0234868174550757,0.2936836739635796,6.261026693117849,3,1,3,4.687219656441668,1.3765598893780964,2.519023698197609,-0.0385085086645643,12.295081967213116,3,3,base_macro_xsec_sector_gated_context,xsec_sector_gated_context,False,Macro baseline plus causal xsec-sector gated interaction context features.,fold_03,False
robust_q25,25th percentile validation Sharpe with turnover and drawdown penalties.,3.6672118133919995,4.281396881571964,0.25,11.290322580645162,-0.0248344695738532,0.5066708276696528,5.943104706365699,3,1,3,4.724699810796907,2.4133321692883003,4.872170469698767,-0.0380846439294261,11.475409836065571,3,3,base_macro_xsec_dispersion_correlation_regime,market_internal_dispersion_correlation,False,Macro baseline plus causal cross-sectional dispersion/correlation regime features.,fold_03,False
robust_q25,25th percentile validation Sharpe with turnover and drawdown penalties.,3.3986092735665987,4.432762708232801,0.25,19.758064516129032,-0.0231251044298752,0.4084210667760287,6.514133323734876,3,1,3,4.494382953229773,1.8356006802581024,3.59478154929167,-0.0404372835122203,21.24590163934426,3,3,base_macro_sector_relative_context,sector_relative_context,False,Macro baseline plus causal sector-relative return context features.,fold_03,False
robust_q25_retention,25th percentile validation Sharpe with retention/generalization uplift and turnover/max-drawdown penalties.,6.385294868104313,5.687409136584085,0.25,12.903225806451612,-0.0160895903937804,0.2932183473749964,8.679477438577473,3,1,3,6.024456254254666,1.8941977441952584,3.768520790635144,-0.0384718977823321,13.114754098360656,3,3,base_macro_rates_term_structure_lsc,rates_term_structure_lsc,False,"Macro baseline plus lag-clean Treasury level, slope, and curvature features.",fold_03,True
robust_q25_retention,25th percentile validation Sharpe with retention/generalization uplift and turnover/max-drawdown penalties.,6.120765789479977,5.537981618359367,0.25,9.67741935483871,-0.0195930535981413,0.2665884857081679,6.927960830878574,3,1,3,5.776060371578548,1.5398311878180826,2.9906476370869184,-0.0400472088288349,9.836065573770492,3,3,base_macro_analyst_or_fund_revision_features,analyst_or_fund_revision_features,False,Macro baseline plus lagged point-in-time fundamental revision proxy features.,fold_03,False
robust_q25_retention,25th percentile validation Sharpe with retention/generalization uplift and turnover/max-drawdown penalties.,5.953455399180324,5.501417479160455,0.25,13.048387096774194,-0.0218666200533198,0.3088979973284534,7.139773437554029,3,1,3,5.548137229863896,1.770538591817565,3.838075409398467,-0.039713887298831,13.254098360655735,3,3,base_macro_breadth_internal_structure,market_internal_breadth,False,Macro baseline plus causal breadth and participation structure features.,fold_03,False
robust_q25_retention,25th percentile validation Sharpe with retention/generalization uplift and turnover/max-drawdown penalties.,5.894069393735441,5.200029155494633,0.25,8.887096774193548,-0.026125112747236,0.4093434202176432,7.255396315936975,3,1,3,5.628893795259184,1.9530448012900063,4.020372154789009,-0.041659516452387,9.01639344262295,3,3,base_macro,macro_context,False,Baseline technical features plus macro context.,fold_03,False
robust_q25_retention,25th percentile validation Sharpe with retention/generalization uplift and turnover/max-drawdown penalties.,5.405468604834661,4.989849989884674,0.25,12.903225806451612,-0.0236473912670823,0.3312769951486241,6.835036260130511,3,1,3,5.223940910355951,1.7737681490358863,3.270730778608,-0.0316980434021187,13.278688524590164,3,3,base_macro_xsec_sector_complementarity_v2,xsec_sector_complementarity_v2,False,Macro baseline plus redesigned causal xsec-sector complementarity v2 features.,fold_03,False
robust_q25_retention,25th percentile validation Sharpe with retention/generalization uplift and turnover/max-drawdown penalties.,5.369940415977736,4.852399043765631,0.25,8.870967741935484,-0.0228171104489397,0.365429655171465,6.102443776092617,3,1,3,4.926419328535751,1.8039323515599777,3.7423435323915566,-0.0375990511754791,9.01639344262295,3,3,base,technical_base,False,"Prices, returns, and baseline technical risk features.",fold_03,False
robust_q25_retention,25th percentile validation Sharpe with retention/generalization uplift and turnover/max-drawdown penalties.,5.369090407711488,5.124049347481299,0.25,15.790322580645162,-0.0218283227134739,0.3447235046326405,6.613553056874897,3,1,3,5.446416339356417,1.877507728191421,3.3971113354421822,-0.0325002475267238,15.295081967213116,3,3,base_macro_vol_term_or_implied_vol_proxy,vol_term_or_implied_vol_proxy,False,Macro baseline plus lag-clean implied-volatility term-structure proxy features.,fold_03,False
robust_q25_retention,25th percentile validation Sharpe with retention/generalization uplift and turnover/max-drawdown penalties.,5.246433722709748,4.938002910285722,0.25,15.46774193548387,-0.021493637999577,0.4139917450068209,6.808714992971122,3,1,3,5.120137217969249,2.1196945415414588,3.97514168436075,-0.0351171514446823,16.139344262295083,3,3,base_macro_exogenous_plus,calendar_exogenous,False,Baseline technical and macro features plus event/calendar exogenous features.,fold_03,False
robust_q25_retention,25th percentile validation Sharpe with retention/generalization uplift and turnover/max-drawdown penalties.,5.059113350627632,4.505237891202768,0.25,11.290322580645162,-0.0177248904506074,0.3846804072649162,7.051141783614052,3,1,3,4.645232234867661,1.679223665677417,3.443129486162211,-0.0461959056158867,11.475409836065571,3,3,base_macro_gru,negative_control_gru,True,GRU-enhanced feature set treated as a negative control.,fold_03,False
robust_q25_retention,25th percentile validation Sharpe with retention/generalization uplift and turnover/max-drawdown penalties.,4.8946867202608955,4.504941764876849,0.25,12.266129032258064,-0.0215662826293077,0.3177536420096912,6.444970411687615,3,1,3,5.019291411950522,1.5948981264552435,3.0634103065832585,-0.0358830553947051,12.795081967213116,3,3,base_macro_rates_credit_vol_risk_state_context,rates_credit_vol_risk_state_context,False,"Macro baseline plus lag-clean rates, credit, vol proxy, and narrow risk-state gates.",fold_03,False
robust_q25_retention,25th percentile validation Sharpe with retention/generalization uplift and turnover/max-drawdown penalties.,4.883798899141006,4.528240161156159,0.25,12.790322580645162,-0.0222449823729087,0.4087080273492665,6.249252166170703,3,1,3,5.084840293912963,2.021919734804918,3.717552918360956,-0.0367225837138185,12.868852459016392,3,3,base_macro_hmm,negative_control_hmm,True,HMM-enhanced feature set treated as a negative control.,fold_03,False
robust_q25_retention,25th percentile validation Sharpe with retention/generalization uplift and turnover/max-drawdown penalties.,4.854465998585788,4.5180546685509615,0.25,10.951612903225806,-0.0214397977522006,0.5232135355549097,5.307121245411937,3,1,3,4.641019201345629,2.42824406491427,4.6590073271168375,-0.0316813423341357,11.245901639344265,3,3,base_macro_credit_stress_proxies,credit_stress_proxies,False,Macro baseline plus lag-clean credit and financial-stress proxy features.,fold_03,False
robust_q25_retention,25th percentile validation Sharpe with retention/generalization uplift and turnover/max-drawdown penalties.,4.776741537132282,4.415978959261281,0.25,12.096774193548388,-0.0234868174550757,0.2936836739635796,6.261026693117849,3,1,3,4.687219656441668,1.3765598893780964,2.519023698197609,-0.0385085086645643,12.295081967213116,3,3,base_macro_xsec_sector_gated_context,xsec_sector_gated_context,False,Macro baseline plus causal xsec-sector gated interaction context features.,fold_03,False
robust_q25_retention,25th percentile validation Sharpe with retention/generalization uplift and turnover/max-drawdown penalties.,4.685345226264267,4.281396881571964,0.25,11.290322580645162,-0.0248344695738532,0.5066708276696528,5.943104706365699,3,1,3,4.724699810796907,2.4133321692883003,4.872170469698767,-0.0380846439294261,11.475409836065571,3,3,base_macro_xsec_dispersion_correlation_regime,market_internal_dispersion_correlation,False,Macro baseline plus causal cross-sectional dispersion/correlation regime features.,fold_03,False
robust_q25_retention,25th percentile validation Sharpe with retention/generalization uplift and turnover/max-drawdown penalties.,4.477834538820837,4.432762708232801,0.25,19.758064516129032,-0.0231251044298752,0.4084210667760287,6.514133323734876,3,1,3,4.494382953229773,1.8356006802581024,3.59478154929167,-0.0404372835122203,21.24590163934426,3,3,base_macro_sector_relative_context,sector_relative_context,False,Macro baseline plus causal sector-relative return context features.,fold_03,False
sharpe_only,Baseline rule: median validation Sharpe only.,4.618779283002379,4.618779283002379,0.5,12.698412698412698,-0.0141923924177443,1.121823063268755,3.989032372941944,3,1,3,4.618779283002379,5.181453123819992,9.14716594346201,-0.0145172762707638,12.698412698412698,3,3,base_macro_rates_term_structure_lsc,rates_term_structure_lsc,False,"Macro baseline plus lag-clean Treasury level, slope, and curvature features.",fold_04,True
sharpe_only,Baseline rule: median validation Sharpe only.,4.6123857925987855,4.6123857925987855,0.5,13.492063492063492,-0.0165866366395845,1.0278466478882229,4.515630587240343,3,1,3,4.6123857925987855,3.858184463877718,6.552592777469068,-0.0153447675504624,13.492063492063492,3,3,base_macro_gru,negative_control_gru,True,GRU-enhanced feature set treated as a negative control.,fold_04,False
sharpe_only,Baseline rule: median validation Sharpe only.,4.606722150110473,4.606722150110473,0.5,8.793650793650794,-0.0147551487390672,1.0221303225564695,4.480515239384696,3,1,3,4.606722150110473,4.708670397220451,9.021653348367886,-0.0140739209221747,8.88888888888889,3,3,base_macro_xsec_sector_complementarity_v2,xsec_sector_complementarity_v2,False,Macro baseline plus redesigned causal xsec-sector complementarity v2 features.,fold_04,False
sharpe_only,Baseline rule: median validation Sharpe only.,4.569759473263523,4.569759473263523,0.5,11.11111111111111,-0.0158658733633055,1.0859573137637497,3.688905431014207,3,1,3,4.569759473263523,3.84631238704308,7.067500341878152,-0.0160992567184563,11.11111111111111,3,3,base_macro_vol_term_or_implied_vol_proxy,vol_term_or_implied_vol_proxy,False,Macro baseline plus lag-clean implied-volatility term-structure proxy features.,fold_04,False
sharpe_only,Baseline rule: median validation Sharpe only.,4.512778215221689,4.512778215221689,0.5,9.523809523809524,-0.015323381579289,0.900896219160114,4.372954698150184,3,1,3,4.512778215221689,4.065544832001347,7.800593514690779,-0.0190863046431893,9.523809523809524,3,3,base_macro_rates_credit_vol_risk_state_context,rates_credit_vol_risk_state_context,False,"Macro baseline plus lag-clean rates, credit, vol proxy, and narrow risk-state gates.",fold_04,False
sharpe_only,Baseline rule: median validation Sharpe only.,4.445070117587903,4.445070117587903,0.5,11.11111111111111,-0.0143287578563842,0.9946028541576856,4.332125839402459,3,1,3,4.445070117587903,4.608277276320169,7.937145518267852,-0.0156078246128971,11.11111111111111,3,3,base,technical_base,False,"Prices, returns, and baseline technical risk features.",fold_04,False
sharpe_only,Baseline rule: median validation Sharpe only.,4.4040450678764,4.4040450678764,0.5,11.904761904761903,-0.0157497996620461,0.8587498504390455,3.900212416488048,3,1,3,4.4040450678764,3.781973043365674,6.807075597758328,-0.0158610097682668,12.015873015873016,3,3,base_macro_xsec_sector_gated_context,xsec_sector_gated_context,False,Macro baseline plus causal xsec-sector gated interaction context features.,fold_04,False
sharpe_only,Baseline rule: median validation Sharpe only.,4.34530676899639,4.34530676899639,0.5,12.698412698412698,-0.0150744200722782,1.0003547497402532,3.684777424385963,3,1,3,4.34530676899639,4.346848265444012,7.225770109859875,-0.0185318698859048,12.698412698412698,3,3,base_macro_xsec_dispersion_correlation_regime,market_internal_dispersion_correlation,False,Macro baseline plus causal cross-sectional dispersion/correlation regime features.,fold_04,False
sharpe_only,Baseline rule: median validation Sharpe only.,4.291580341014407,4.291580341014407,0.5,12.698412698412698,-0.014894549738579,0.9595893085398008,4.149022190252063,3,1,3,4.291580341014407,4.437427376197871,7.679834690116127,-0.0186710784683605,12.698412698412698,3,3,base_macro,macro_context,False,Baseline technical features plus macro context.,fold_04,False
sharpe_only,Baseline rule: median validation Sharpe only.,4.114438608982964,4.114438608982964,0.5,17.80952380952381,-0.0150787327402789,1.0694570717914988,3.700676352654245,3,1,3,4.114438608982964,4.400215466828809,7.786880850621958,-0.0150895358857523,17.253968253968253,3,3,base_macro_hmm,negative_control_hmm,True,HMM-enhanced feature set treated as a negative control.,fold_04,False
sharpe_only,Baseline rule: median validation Sharpe only.,4.021459022558019,4.021459022558019,0.5,9.738095238095235,-0.0125037991036014,1.0877437425332814,4.041997553676112,3,1,3,4.021459022558019,4.6094038541631415,7.567540464721323,-0.0135716095571505,9.73015873015873,3,3,base_macro_credit_stress_proxies,credit_stress_proxies,False,Macro baseline plus lag-clean credit and financial-stress proxy features.,fold_04,False
sharpe_only,Baseline rule: median validation Sharpe only.,3.950848084648304,3.950848084648304,0.5,11.904761904761903,-0.0218210429253303,0.9053778032768052,3.904293650986952,3,1,3,3.950848084648304,3.5267405529090494,7.667965367819796,-0.0145973842682962,11.904761904761903,3,3,base_macro_sector_relative_context,sector_relative_context,False,Macro baseline plus causal sector-relative return context features.,fold_04,False
sharpe_only,Baseline rule: median validation Sharpe only.,3.69298542495393,3.69298542495393,0.5,12.698412698412698,-0.0166880631782174,1.1091302158873189,3.805235711980501,3,1,3,3.69298542495393,4.445429199538581,7.189790920703909,-0.0169638791567351,12.698412698412698,3,3,base_macro_exogenous_plus,calendar_exogenous,False,Baseline technical and macro features plus event/calendar exogenous features.,fold_04,False
sharpe_only,Baseline rule: median validation Sharpe only.,3.49421123276892,3.49421123276892,0.5,16.714285714285715,-0.0204121980908098,1.473425119447915,3.366466797843689,3,1,3,3.49421123276892,5.552818467566703,9.938223481943709,-0.0217196577465318,16.182539682539684,3,3,base_macro_analyst_or_fund_revision_features,analyst_or_fund_revision_features,False,Macro baseline plus lagged point-in-time fundamental revision proxy features.,fold_04,False
sharpe_only,Baseline rule: median validation Sharpe only.,3.3527921577475746,3.3527921577475746,0.5,12.698412698412698,-0.0182302634846175,0.970963885577964,3.593331228566975,3,1,3,3.3527921577475746,4.660424067921928,7.8192532221015965,-0.0164559709066061,12.698412698412698,3,3,base_macro_breadth_internal_structure,market_internal_breadth,False,Macro baseline plus causal breadth and participation structure features.,fold_04,False
robust_q25,25th percentile validation Sharpe with turnover and drawdown penalties.,3.7464320595047877,4.215624896665462,0.25,8.793650793650794,-0.0147551487390672,1.0221303225564695,4.480515239384696,3,1,3,4.606722150110473,4.708670397220451,9.021653348367886,-0.0140739209221747,8.88888888888889,3,3,base_macro_xsec_sector_complementarity_v2,xsec_sector_complementarity_v2,False,Macro baseline plus redesigned causal xsec-sector complementarity v2 features.,fold_04,True
robust_q25,25th percentile validation Sharpe with turnover and drawdown penalties.,3.732072026989191,4.395377446745314,0.25,12.698412698412698,-0.0141923924177443,1.121823063268755,3.989032372941944,3,1,3,4.618779283002379,5.181453123819992,9.14716594346201,-0.0145172762707638,12.698412698412698,3,3,base_macro_rates_term_structure_lsc,rates_term_structure_lsc,False,"Macro baseline plus lag-clean Treasury level, slope, and curvature features.",fold_04,False
robust_q25,25th percentile validation Sharpe with turnover and drawdown penalties.,3.6580334008249027,4.28477109538709,0.25,11.904761904761903,-0.0157497996620461,0.8587498504390455,3.900212416488048,3,1,3,4.4040450678764,3.781973043365674,6.807075597758328,-0.0158610097682668,12.015873015873016,3,3,base_macro_xsec_sector_gated_context,xsec_sector_gated_context,False,Macro baseline plus causal xsec-sector gated interaction context features.,fold_04,False
robust_q25,25th percentile validation Sharpe with turnover and drawdown penalties.,3.567006204642683,4.232075679707874,0.25,12.698412698412698,-0.0150744200722782,1.0003547497402532,3.684777424385963,3,1,3,4.34530676899639,4.346848265444012,7.225770109859875,-0.0185318698859048,12.698412698412698,3,3,base_macro_xsec_dispersion_correlation_regime,market_internal_dispersion_correlation,False,Macro baseline plus causal cross-sectional dispersion/correlation regime features.,fold_04,False
robust_q25,25th percentile validation Sharpe with turnover and drawdown penalties.,3.554369864758131,4.138582936026455,0.25,11.11111111111111,-0.0143287578563842,0.9946028541576856,4.332125839402459,3,1,3,4.445070117587903,4.608277276320169,7.937145518267852,-0.0156078246128971,11.11111111111111,3,3,base,technical_base,False,"Prices, returns, and baseline technical risk features.",fold_04,False
robust_q25,25th percentile validation Sharpe with turnover and drawdown penalties.,3.53464927076647,4.199359005164263,0.25,12.698412698412698,-0.014894549738579,0.9595893085398008,4.149022190252063,3,1,3,4.291580341014407,4.437427376197871,7.679834690116127,-0.0186710784683605,12.698412698412698,3,3,base_macro,macro_context,False,Baseline technical features plus macro context.,fold_04,False
robust_q25,25th percentile validation Sharpe with turnover and drawdown penalties.,3.492957990536771,3.9997952298858253,0.25,9.523809523809524,-0.015323381579289,0.900896219160114,4.372954698150184,3,1,3,4.512778215221689,4.065544832001347,7.800593514690779,-0.0190863046431893,9.523809523809524,3,3,base_macro_rates_credit_vol_risk_state_context,rates_credit_vol_risk_state_context,False,"Macro baseline plus lag-clean rates, credit, vol proxy, and narrow risk-state gates.",fold_04,False
robust_q25,25th percentile validation Sharpe with turnover and drawdown penalties.,3.4685240991092314,4.055811401391398,0.25,11.11111111111111,-0.0158658733633055,1.0859573137637497,3.688905431014207,3,1,3,4.569759473263523,3.84631238704308,7.067500341878152,-0.0160992567184563,11.11111111111111,3,3,base_macro_vol_term_or_implied_vol_proxy,vol_term_or_implied_vol_proxy,False,Macro baseline plus lag-clean implied-volatility term-structure proxy features.,fold_04,False
robust_q25,25th percentile validation Sharpe with turnover and drawdown penalties.,3.284206229445015,3.923086410533771,0.25,11.904761904761903,-0.0218210429253303,0.9053778032768052,3.904293650986952,3,1,3,3.950848084648304,3.5267405529090494,7.667965367819796,-0.0145973842682962,11.904761904761903,3,3,base_macro_sector_relative_context,sector_relative_context,False,Macro baseline plus causal sector-relative return context features.,fold_04,False
robust_q25,25th percentile validation Sharpe with turnover and drawdown penalties.,3.2630691578960875,3.9708456057784316,0.25,13.492063492063492,-0.0165866366395845,1.0278466478882229,4.515630587240343,3,1,3,4.6123857925987855,3.858184463877718,6.552592777469068,-0.0153447675504624,13.492063492063492,3,3,base_macro_gru,negative_control_gru,True,GRU-enhanced feature set treated as a negative control.,fold_04,False
robust_q25,25th percentile validation Sharpe with turnover and drawdown penalties.,2.9968591478732067,3.6651559091502763,0.25,12.698412698412698,-0.0166880631782174,1.1091302158873189,3.805235711980501,3,1,3,3.69298542495393,4.445429199538581,7.189790920703909,-0.0169638791567351,12.698412698412698,3,3,base_macro_exogenous_plus,calendar_exogenous,False,Baseline technical and macro features plus event/calendar exogenous features.,fold_04,False
robust_q25,25th percentile validation Sharpe with turnover and drawdown penalties.,2.948688564784813,3.4606009248967777,0.25,9.738095238095235,-0.0125037991036014,1.0877437425332814,4.041997553676112,3,1,3,4.021459022558019,4.6094038541631415,7.567540464721323,-0.0135716095571505,9.73015873015873,3,3,base_macro_credit_stress_proxies,credit_stress_proxies,False,Macro baseline plus lag-clean credit and financial-stress proxy features.,fold_04,False
robust_q25,25th percentile validation Sharpe with turnover and drawdown penalties.,2.7789707373108055,3.6996043932675535,0.25,17.80952380952381,-0.0150787327402789,1.0694570717914988,3.700676352654245,3,1,3,4.114438608982964,4.400215466828809,7.786880850621958,-0.0150895358857523,17.253968253968253,3,3,base_macro_hmm,negative_control_hmm,True,HMM-enhanced feature set treated as a negative control.,fold_04,False
robust_q25,25th percentile validation Sharpe with turnover and drawdown penalties.,2.539586778277371,3.4161254601732765,0.25,16.714285714285715,-0.0204121980908098,1.473425119447915,3.366466797843689,3,1,3,3.49421123276892,5.552818467566703,9.938223481943709,-0.0217196577465318,16.182539682539684,3,3,base_macro_analyst_or_fund_revision_features,analyst_or_fund_revision_features,False,Macro baseline plus lagged point-in-time fundamental revision proxy features.,fold_04,False
robust_q25,25th percentile validation Sharpe with turnover and drawdown penalties.,2.464954119906799,3.1363352817966685,0.25,12.698412698412698,-0.0182302634846175,0.970963885577964,3.593331228566975,3,1,3,3.3527921577475746,4.660424067921928,7.8192532221015965,-0.0164559709066061,12.698412698412698,3,3,base_macro_breadth_internal_structure,market_internal_breadth,False,Macro baseline plus causal breadth and participation structure features.,fold_04,False
robust_q25_retention,25th percentile validation Sharpe with retention/generalization uplift and turnover/max-drawdown penalties.,4.6740419260516095,4.215624896665462,0.25,8.793650793650794,-0.0147551487390672,1.0221303225564695,4.480515239384696,3,1,3,4.606722150110473,4.708670397220451,9.021653348367886,-0.0140739209221747,8.88888888888889,3,3,base_macro_xsec_sector_complementarity_v2,xsec_sector_complementarity_v2,False,Macro baseline plus redesigned causal xsec-sector complementarity v2 features.,fold_04,True
robust_q25_retention,25th percentile validation Sharpe with retention/generalization uplift and turnover/max-drawdown penalties.,4.610882648747672,4.395377446745314,0.25,12.698412698412698,-0.0141923924177443,1.121823063268755,3.989032372941944,3,1,3,4.618779283002379,5.181453123819992,9.14716594346201,-0.0145172762707638,12.698412698412698,3,3,base_macro_rates_term_structure_lsc,rates_term_structure_lsc,False,"Macro baseline plus lag-clean Treasury level, slope, and curvature features.",fold_04,False
robust_q25_retention,25th percentile validation Sharpe with retention/generalization uplift and turnover/max-drawdown penalties.,4.457752725907873,4.28477109538709,0.25,11.904761904761903,-0.0157497996620461,0.8587498504390455,3.900212416488048,3,1,3,4.4040450678764,3.781973043365674,6.807075597758328,-0.0158610097682668,12.015873015873016,3,3,base_macro_xsec_sector_gated_context,xsec_sector_gated_context,False,Macro baseline plus causal xsec-sector gated interaction context features.,fold_04,False
robust_q25_retention,25th percentile validation Sharpe with retention/generalization uplift and turnover/max-drawdown penalties.,4.452839454207922,4.138582936026455,0.25,11.11111111111111,-0.0143287578563842,0.9946028541576856,4.332125839402459,3,1,3,4.445070117587903,4.608277276320169,7.937145518267852,-0.0156078246128971,11.11111111111111,3,3,base,technical_base,False,"Prices, returns, and baseline technical risk features.",fold_04,False
robust_q25_retention,25th percentile validation Sharpe with retention/generalization uplift and turnover/max-drawdown penalties.,4.3968999264392306,4.199359005164263,0.25,12.698412698412698,-0.014894549738579,0.9595893085398008,4.149022190252063,3,1,3,4.291580341014407,4.437427376197871,7.679834690116127,-0.0186710784683605,12.698412698412698,3,3,base_macro,macro_context,False,Baseline technical features plus macro context.,fold_04,False
robust_q25_retention,25th percentile validation Sharpe with retention/generalization uplift and turnover/max-drawdown penalties.,4.374125250049327,3.9997952298858253,0.25,9.523809523809524,-0.015323381579289,0.900896219160114,4.372954698150184,3,1,3,4.512778215221689,4.065544832001347,7.800593514690779,-0.0190863046431893,9.523809523809524,3,3,base_macro_rates_credit_vol_risk_state_context,rates_credit_vol_risk_state_context,False,"Macro baseline plus lag-clean rates, credit, vol proxy, and narrow risk-state gates.",fold_04,False
robust_q25_retention,25th percentile validation Sharpe with retention/generalization uplift and turnover/max-drawdown penalties.,4.369811505735641,4.232075679707874,0.25,12.698412698412698,-0.0150744200722782,1.0003547497402532,3.684777424385963,3,1,3,4.34530676899639,4.346848265444012,7.225770109859875,-0.0185318698859048,12.698412698412698,3,3,base_macro_xsec_dispersion_correlation_regime,market_internal_dispersion_correlation,False,Macro baseline plus causal cross-sectional dispersion/correlation regime features.,fold_04,False
robust_q25_retention,25th percentile validation Sharpe with retention/generalization uplift and turnover/max-drawdown penalties.,4.2933492422023,4.055811401391398,0.25,11.11111111111111,-0.0158658733633055,1.0859573137637497,3.688905431014207,3,1,3,4.569759473263523,3.84631238704308,7.067500341878152,-0.0160992567184563,11.11111111111111,3,3,base_macro_vol_term_or_implied_vol_proxy,vol_term_or_implied_vol_proxy,False,Macro baseline plus lag-clean implied-volatility term-structure proxy features.,fold_04,False
robust_q25_retention,25th percentile validation Sharpe with retention/generalization uplift and turnover/max-drawdown penalties.,4.197375407954195,3.9708456057784316,0.25,13.492063492063492,-0.0165866366395845,1.0278466478882229,4.515630587240343,3,1,3,4.6123857925987855,3.858184463877718,6.552592777469068,-0.0153447675504624,13.492063492063492,3,3,base_macro_gru,negative_control_gru,True,GRU-enhanced feature set treated as a negative control.,fold_04,False
robust_q25_retention,25th percentile validation Sharpe with retention/generalization uplift and turnover/max-drawdown penalties.,4.09619472791226,3.923086410533771,0.25,11.904761904761903,-0.0218210429253303,0.9053778032768052,3.904293650986952,3,1,3,3.950848084648304,3.5267405529090494,7.667965367819796,-0.0145973842682962,11.904761904761903,3,3,base_macro_sector_relative_context,sector_relative_context,False,Macro baseline plus causal sector-relative return context features.,fold_04,False
robust_q25_retention,25th percentile validation Sharpe with retention/generalization uplift and turnover/max-drawdown penalties.,3.844927058642112,3.6651559091502763,0.25,12.698412698412698,-0.0166880631782174,1.1091302158873189,3.805235711980501,3,1,3,3.69298542495393,4.445429199538581,7.189790920703909,-0.0169638791567351,12.698412698412698,3,3,base_macro_exogenous_plus,calendar_exogenous,False,Baseline technical and macro features plus event/calendar exogenous features.,fold_04,False
robust_q25_retention,25th percentile validation Sharpe with retention/generalization uplift and turnover/max-drawdown penalties.,3.82692413346955,3.4606009248967777,0.25,9.738095238095235,-0.0125037991036014,1.0877437425332814,4.041997553676112,3,1,3,4.021459022558019,4.6094038541631415,7.567540464721323,-0.0135716095571505,9.73015873015873,3,3,base_macro_credit_stress_proxies,credit_stress_proxies,False,Macro baseline plus lag-clean credit and financial-stress proxy features.,fold_04,False
robust_q25_retention,25th percentile validation Sharpe with retention/generalization uplift and turnover/max-drawdown penalties.,3.601436458156817,3.6996043932675535,0.25,17.80952380952381,-0.0150787327402789,1.0694570717914988,3.700676352654245,3,1,3,4.114438608982964,4.400215466828809,7.786880850621958,-0.0150895358857523,17.253968253968253,3,3,base_macro_hmm,negative_control_hmm,True,HMM-enhanced feature set treated as a negative control.,fold_04,False
robust_q25_retention,25th percentile validation Sharpe with retention/generalization uplift and turnover/max-drawdown penalties.,3.412913077815903,3.4161254601732765,0.25,16.714285714285715,-0.0204121980908098,1.473425119447915,3.366466797843689,3,1,3,3.49421123276892,5.552818467566703,9.938223481943709,-0.0217196577465318,16.182539682539684,3,3,base_macro_analyst_or_fund_revision_features,analyst_or_fund_revision_features,False,Macro baseline plus lagged point-in-time fundamental revision proxy features.,fold_04,False
robust_q25_retention,25th percentile validation Sharpe with retention/generalization uplift and turnover/max-drawdown penalties.,3.2466947755863362,3.1363352817966685,0.25,12.698412698412698,-0.0182302634846175,0.970963885577964,3.593331228566975,3,1,3,3.3527921577475746,4.660424067921928,7.8192532221015965,-0.0164559709066061,12.698412698412698,3,3,base_macro_breadth_internal_structure,market_internal_breadth,False,Macro baseline plus causal breadth and participation structure features.,fold_04,False
sharpe_only,Baseline rule: median validation Sharpe only.,7.013156778090163,7.013156778090163,0.5,11.709677419354838,-0.0093743953537337,-0.0845519860931479,6.171315141764471,3,1,3,7.013156778090163,-0.6419521782959545,-4.169701413387639,-0.0976812859523742,12.366666666666667,3,3,base_macro_rates_term_structure_lsc,rates_term_structure_lsc,False,"Macro baseline plus lag-clean Treasury level, slope, and curvature features.",fold_05,True
sharpe_only,Baseline rule: median validation Sharpe only.,6.962585050439376,6.962585050439376,0.5,10.483870967741936,-0.0091690288213427,-0.1005965714152192,6.03344920251205,3,1,3,6.962585050439376,-0.6121493695418713,-3.927877682445524,-0.1083404391764414,10.833333333333334,3,3,base_macro_rates_credit_vol_risk_state_context,rates_credit_vol_risk_state_context,False,"Macro baseline plus lag-clean rates, credit, vol proxy, and narrow risk-state gates.",fold_05,False
sharpe_only,Baseline rule: median validation Sharpe only.,6.943530212683194,6.943530212683194,0.5,10.483870967741936,-0.008107465058784,-0.1218559153442403,6.3594849096929496,3,1,3,6.943530212683194,-0.7079891558133726,-4.364329149822199,-0.1089157719498521,10.833333333333334,3,3,base_macro_analyst_or_fund_revision_features,analyst_or_fund_revision_features,False,Macro baseline plus lagged point-in-time fundamental revision proxy features.,fold_05,False
sharpe_only,Baseline rule: median validation Sharpe only.,6.912450508484012,6.912450508484012,0.5,11.983870967741936,-0.0069996858333354,-0.0852469050656756,6.1043003013462815,3,1,3,6.912450508484012,-0.4878889554357402,-3.0042786998115134,-0.0956613352056411,12.5,3,3,base_macro_xsec_sector_complementarity_v2,xsec_sector_complementarity_v2,False,Macro baseline plus redesigned causal xsec-sector complementarity v2 features.,fold_05,False
sharpe_only,Baseline rule: median validation Sharpe only.,6.905987806897876,6.905987806897876,0.5,16.35483870967742,-0.0072377727885013,-0.147789631978412,6.25401465816137,3,1,3,6.905987806897876,-1.0206333964288377,-5.397017221453437,-0.1160083290052453,15.258333333333333,3,3,base,technical_base,False,"Prices, returns, and baseline technical risk features.",fold_05,False
sharpe_only,Baseline rule: median validation Sharpe only.,6.846351842409352,6.846351842409352,0.5,11.290322580645162,-0.0077439965203415,-0.1266085004393959,6.54331376052757,3,1,3,6.846351842409352,-0.8668063402479436,-4.8695096972167455,-0.1051235499221611,11.666666666666666,3,3,base_macro_hmm,negative_control_hmm,True,HMM-enhanced feature set treated as a negative control.,fold_05,False
sharpe_only,Baseline rule: median validation Sharpe only.,6.4848899062573455,6.4848899062573455,0.5,13.435483870967742,-0.0065370790707165,-0.0540886325561648,5.888622675164973,3,1,3,6.4848899062573455,-0.3733354081978019,-2.5809543142814477,-0.1014542557511435,14.166666666666666,3,3,base_macro,macro_context,False,Baseline technical features plus macro context.,fold_05,False
sharpe_only,Baseline rule: median validation Sharpe only.,6.365550489202736,6.365550489202736,0.5,12.096774193548388,-0.0069998050023061,-0.0685696648999649,6.239496613161313,3,1,3,6.365550489202736,-0.4851319693461169,-3.217415309443239,-0.0969103761441882,12.516666666666667,3,3,base_macro_xsec_sector_gated_context,xsec_sector_gated_context,False,Macro baseline plus causal xsec-sector gated interaction context features.,fold_05,False
sharpe_only,Baseline rule: median validation Sharpe only.,6.298765509149208,6.298765509149208,0.5,14.35483870967742,-0.0086902179222473,-0.0639090887686346,5.304314999659097,3,1,3,6.298765509149208,-0.4160511446419631,-2.689379081046672,-0.1074788439964586,16.275,3,3,base_macro_xsec_dispersion_correlation_regime,market_internal_dispersion_correlation,False,Macro baseline plus causal cross-sectional dispersion/correlation regime features.,fold_05,False
sharpe_only,Baseline rule: median validation Sharpe only.,6.1676639237121575,6.1676639237121575,0.5,13.209677419354838,-0.006944772314366,-0.0460993602573268,6.303050275741875,3,1,3,6.1676639237121575,-0.2936202825149711,-2.2845172434425187,-0.0933232177835587,14.866666666666667,3,3,base_macro_breadth_internal_structure,market_internal_breadth,False,Macro baseline plus causal breadth and participation structure features.,fold_05,False
sharpe_only,Baseline rule: median validation Sharpe only.,6.150395295592574,6.150395295592574,0.5,14.516129032258064,-0.0111440642836376,-0.0548706820835548,6.432771254919974,3,1,3,6.150395295592574,-0.3374763849526517,-2.4142432505027456,-0.0936102331085954,15.666666666666666,3,3,base_macro_gru,negative_control_gru,True,GRU-enhanced feature set treated as a negative control.,fold_05,False
sharpe_only,Baseline rule: median validation Sharpe only.,5.977898626341455,5.977898626341455,0.5,12.096774193548388,-0.0067792582319419,-0.0706063346794227,5.662929637428241,3,1,3,5.977898626341455,-0.4220775110911262,-2.8717894668186195,-0.0905214050130136,12.5,3,3,base_macro_vol_term_or_implied_vol_proxy,vol_term_or_implied_vol_proxy,False,Macro baseline plus lag-clean implied-volatility term-structure proxy features.,fold_05,False
sharpe_only,Baseline rule: median validation Sharpe only.,5.854656304300009,5.854656304300009,0.5,12.903225806451612,-0.0103178117415442,-0.068792143783902,6.37035803176847,3,1,3,5.854656304300009,-0.4027543582907346,-2.7844054487226155,-0.0876764992924383,13.333333333333334,3,3,base_macro_credit_stress_proxies,credit_stress_proxies,False,Macro baseline plus lag-clean credit and financial-stress proxy features.,fold_05,False
sharpe_only,Baseline rule: median validation Sharpe only.,5.689847303243265,5.689847303243265,0.5,12.419354838709678,-0.008625964415218,-0.1125637094595003,6.273130931302456,3,1,3,5.689847303243265,-0.6404703187111963,-4.23456569572066,-0.1059447215053148,13.683333333333334,3,3,base_macro_sector_relative_context,sector_relative_context,False,Macro baseline plus causal sector-relative return context features.,fold_05,False
sharpe_only,Baseline rule: median validation Sharpe only.,5.535644923984508,5.535644923984508,0.5,11.161290322580646,-0.0102543242045325,-0.0493622003036024,5.532865334668929,3,1,3,5.535644923984508,-0.269126498155593,-2.201853711796542,-0.0928014268761823,11.583333333333334,3,3,base_macro_exogenous_plus,calendar_exogenous,False,Baseline technical and macro features plus event/calendar exogenous features.,fold_05,False
robust_q25,25th percentile validation Sharpe with turnover and drawdown penalties.,6.034373061973295,6.866590543034169,0.25,16.35483870967742,-0.0072377727885013,-0.147789631978412,6.25401465816137,3,1,3,6.905987806897876,-1.0206333964288377,-5.397017221453437,-0.1160083290052453,15.258333333333333,3,3,base,technical_base,False,"Prices, returns, and baseline technical risk features.",fold_05,True
robust_q25,25th percentile validation Sharpe with turnover and drawdown penalties.,6.030943936080549,6.61094805815349,0.25,11.290322580645162,-0.0077439965203415,-0.1266085004393959,6.54331376052757,3,1,3,6.846351842409352,-0.8668063402479436,-4.8695096972167455,-0.1051235499221611,11.666666666666666,3,3,base_macro_hmm,negative_control_hmm,True,HMM-enhanced feature set treated as a negative control.,fold_05,False
robust_q25,25th percentile validation Sharpe with turnover and drawdown penalties.,6.0280930014919525,6.632325663167162,0.25,11.709677419354838,-0.0093743953537337,-0.0845519860931479,6.171315141764471,3,1,3,7.013156778090163,-0.6419521782959545,-4.169701413387639,-0.0976812859523742,12.366666666666667,3,3,base_macro_rates_term_structure_lsc,rates_term_structure_lsc,False,"Macro baseline plus lag-clean Treasury level, slope, and curvature features.",fold_05,False
robust_q25,25th percentile validation Sharpe with turnover and drawdown penalties.,5.981356511315917,6.523888117345699,0.25,10.483870967741936,-0.0091690288213427,-0.1005965714152192,6.03344920251205,3,1,3,6.962585050439376,-0.6121493695418713,-3.927877682445524,-0.1083404391764414,10.833333333333334,3,3,base_macro_rates_credit_vol_risk_state_context,rates_credit_vol_risk_state_context,False,"Macro baseline plus lag-clean rates, credit, vol proxy, and narrow risk-state gates.",fold_05,False
robust_q25,25th percentile validation Sharpe with turnover and drawdown penalties.,5.711608297190395,6.2520167756950595,0.25,10.483870967741936,-0.008107465058784,-0.1218559153442403,6.3594849096929496,3,1,3,6.943530212683194,-0.7079891558133726,-4.364329149822199,-0.1089157719498521,10.833333333333334,3,3,base_macro_analyst_or_fund_revision_features,analyst_or_fund_revision_features,False,Macro baseline plus lagged point-in-time fundamental revision proxy features.,fold_05,False
robust_q25,25th percentile validation Sharpe with turnover and drawdown penalties.,5.673237112091322,6.28643003214509,0.25,11.983870967741936,-0.0069996858333354,-0.0852469050656756,6.1043003013462815,3,1,3,6.912450508484012,-0.4878889554357402,-3.0042786998115134,-0.0956613352056411,12.5,3,3,base_macro_xsec_sector_complementarity_v2,xsec_sector_complementarity_v2,False,Macro baseline plus redesigned causal xsec-sector complementarity v2 features.,fold_05,False
robust_q25,25th percentile validation Sharpe with turnover and drawdown penalties.,5.638762592764509,6.2576009124465415,0.25,12.096774193548388,-0.0069998050023061,-0.0685696648999649,6.239496613161313,3,1,3,6.365550489202736,-0.4851319693461169,-3.217415309443239,-0.0969103761441882,12.516666666666667,3,3,base_macro_xsec_sector_gated_context,xsec_sector_gated_context,False,Macro baseline plus causal xsec-sector gated interaction context features.,fold_05,False
robust_q25,25th percentile validation Sharpe with turnover and drawdown penalties.,5.586039432634205,6.270887784324025,0.25,13.435483870967742,-0.0065370790707165,-0.0540886325561648,5.888622675164973,3,1,3,6.4848899062573455,-0.3733354081978019,-2.5809543142814477,-0.1014542557511435,14.166666666666666,3,3,base_macro,macro_context,False,Baseline technical features plus macro context.,fold_05,False
robust_q25,25th percentile validation Sharpe with turnover and drawdown penalties.,5.3973010001628525,6.145395580343031,0.25,14.516129032258064,-0.0111440642836376,-0.0548706820835548,6.432771254919974,3,1,3,6.150395295592574,-0.3374763849526517,-2.4142432505027456,-0.0936102331085954,15.666666666666666,3,3,base_macro_gru,negative_control_gru,True,GRU-enhanced feature set treated as a negative control.,fold_05,False
robust_q25,25th percentile validation Sharpe with turnover and drawdown penalties.,5.239089477072643,5.9742118484010085,0.25,14.35483870967742,-0.0086902179222473,-0.0639090887686346,5.304314999659097,3,1,3,6.298765509149208,-0.4160511446419631,-2.689379081046672,-0.1074788439964586,16.275,3,3,base_macro_xsec_dispersion_correlation_regime,market_internal_dispersion_correlation,False,Macro baseline plus causal cross-sectional dispersion/correlation regime features.,fold_05,False
robust_q25,25th percentile validation Sharpe with turnover and drawdown penalties.,5.181801708913116,5.80019893505442,0.25,12.096774193548388,-0.0067792582319419,-0.0706063346794227,5.662929637428241,3,1,3,5.977898626341455,-0.4220775110911262,-2.8717894668186195,-0.0905214050130136,12.5,3,3,base_macro_vol_term_or_implied_vol_proxy,vol_term_or_implied_vol_proxy,False,Macro baseline plus lag-clean implied-volatility term-structure proxy features.,fold_05,False
robust_q25,25th percentile validation Sharpe with turnover and drawdown penalties.,5.102067274280984,5.776440689877457,0.25,13.209677419354838,-0.006944772314366,-0.0460993602573268,6.303050275741875,3,1,3,6.1676639237121575,-0.2936202825149711,-2.2845172434425187,-0.0933232177835587,14.866666666666667,3,3,base_macro_breadth_internal_structure,market_internal_breadth,False,Macro baseline plus causal breadth and participation structure features.,fold_05,False
robust_q25,25th percentile validation Sharpe with turnover and drawdown penalties.,5.042392262822993,5.680611933588913,0.25,12.419354838709678,-0.008625964415218,-0.1125637094595003,6.273130931302456,3,1,3,5.689847303243265,-0.6404703187111963,-4.23456569572066,-0.1059447215053148,13.683333333333334,3,3,base_macro_sector_relative_context,sector_relative_context,False,Macro baseline plus causal sector-relative return context features.,fold_05,False
robust_q25,25th percentile validation Sharpe with turnover and drawdown penalties.,4.915287607135749,5.4938607716738455,0.25,11.161290322580646,-0.0102543242045325,-0.0493622003036024,5.532865334668929,3,1,3,5.535644923984508,-0.269126498155593,-2.201853711796542,-0.0928014268761823,11.583333333333334,3,3,base_macro_exogenous_plus,calendar_exogenous,False,Baseline technical and macro features plus event/calendar exogenous features.,fold_05,False
robust_q25,25th percentile validation Sharpe with turnover and drawdown penalties.,4.815025186099557,5.480822099905227,0.25,12.903225806451612,-0.0103178117415442,-0.068792143783902,6.37035803176847,3,1,3,5.854656304300009,-0.4027543582907346,-2.7844054487226155,-0.0876764992924383,13.333333333333334,3,3,base_macro_credit_stress_proxies,credit_stress_proxies,False,Macro baseline plus lag-clean credit and financial-stress proxy features.,fold_05,False
robust_q25_retention,25th percentile validation Sharpe with retention/generalization uplift and turnover/max-drawdown penalties.,6.980788875049836,6.61094805815349,0.25,11.290322580645162,-0.0077439965203415,-0.1266085004393959,6.54331376052757,3,1,3,6.846351842409352,-0.8668063402479436,-4.8695096972167455,-0.1051235499221611,11.666666666666666,3,3,base_macro_hmm,negative_control_hmm,True,HMM-enhanced feature set treated as a negative control.,fold_05,True
robust_q25_retention,25th percentile validation Sharpe with retention/generalization uplift and turnover/max-drawdown penalties.,6.935527852702898,6.866590543034169,0.25,16.35483870967742,-0.0072377727885013,-0.147789631978412,6.25401465816137,3,1,3,6.905987806897876,-1.0206333964288377,-5.397017221453437,-0.1160083290052453,15.258333333333333,3,3,base,technical_base,False,"Prices, returns, and baseline technical risk features.",fold_05,False
robust_q25_retention,25th percentile validation Sharpe with retention/generalization uplift and turnover/max-drawdown penalties.,6.932652276233337,6.632325663167162,0.25,11.709677419354838,-0.0093743953537337,-0.0845519860931479,6.171315141764471,3,1,3,7.013156778090163,-0.6419521782959545,-4.169701413387639,-0.0976812859523742,12.366666666666667,3,3,base_macro_rates_term_structure_lsc,rates_term_structure_lsc,False,"Macro baseline plus lag-clean Treasury level, slope, and curvature features.",fold_05,False
robust_q25_retention,25th percentile validation Sharpe with retention/generalization uplift and turnover/max-drawdown penalties.,6.861224748838919,6.523888117345699,0.25,10.483870967741936,-0.0091690288213427,-0.1005965714152192,6.03344920251205,3,1,3,6.962585050439376,-0.6121493695418713,-3.927877682445524,-0.1083404391764414,10.833333333333334,3,3,base_macro_rates_credit_vol_risk_state_context,rates_credit_vol_risk_state_context,False,"Macro baseline plus lag-clean rates, credit, vol proxy, and narrow risk-state gates.",fold_05,False
robust_q25_retention,25th percentile validation Sharpe with retention/generalization uplift and turnover/max-drawdown penalties.,6.635067054808277,6.2520167756950595,0.25,10.483870967741936,-0.008107465058784,-0.1218559153442403,6.3594849096929496,3,1,3,6.943530212683194,-0.7079891558133726,-4.364329149822199,-0.1089157719498521,10.833333333333334,3,3,base_macro_analyst_or_fund_revision_features,analyst_or_fund_revision_features,False,Macro baseline plus lagged point-in-time fundamental revision proxy features.,fold_05,False
robust_q25_retention,25th percentile validation Sharpe with retention/generalization uplift and turnover/max-drawdown penalties.,6.567570431026845,6.28643003214509,0.25,11.983870967741936,-0.0069996858333354,-0.0852469050656756,6.1043003013462815,3,1,3,6.912450508484012,-0.4878889554357402,-3.0042786998115134,-0.0956613352056411,12.5,3,3,base_macro_xsec_sector_complementarity_v2,xsec_sector_complementarity_v2,False,Macro baseline plus redesigned causal xsec-sector complementarity v2 features.,fold_05,False
robust_q25_retention,25th percentile validation Sharpe with retention/generalization uplift and turnover/max-drawdown penalties.,6.5575446685137155,6.2576009124465415,0.25,12.096774193548388,-0.0069998050023061,-0.0685696648999649,6.239496613161313,3,1,3,6.365550489202736,-0.4851319693461169,-3.217415309443239,-0.0969103761441882,12.516666666666667,3,3,base_macro_xsec_sector_gated_context,xsec_sector_gated_context,False,Macro baseline plus causal xsec-sector gated interaction context features.,fold_05,False
robust_q25_retention,25th percentile validation Sharpe with retention/generalization uplift and turnover/max-drawdown penalties.,6.45581067576991,6.270887784324025,0.25,13.435483870967742,-0.0065370790707165,-0.0540886325561648,5.888622675164973,3,1,3,6.4848899062573455,-0.3733354081978019,-2.5809543142814477,-0.1014542557511435,14.166666666666666,3,3,base_macro,macro_context,False,Baseline technical features plus macro context.,fold_05,False
robust_q25_retention,25th percentile validation Sharpe with retention/generalization uplift and turnover/max-drawdown penalties.,6.34849901787996,6.145395580343031,0.25,14.516129032258064,-0.0111440642836376,-0.0548706820835548,6.432771254919974,3,1,3,6.150395295592574,-0.3374763849526517,-2.4142432505027456,-0.0936102331085954,15.666666666666666,3,3,base_macro_gru,negative_control_gru,True,GRU-enhanced feature set treated as a negative control.,fold_05,False
robust_q25_retention,25th percentile validation Sharpe with retention/generalization uplift and turnover/max-drawdown penalties.,6.035999975577933,5.776440689877457,0.25,13.209677419354838,-0.006944772314366,-0.0460993602573268,6.303050275741875,3,1,3,6.1676639237121575,-0.2936202825149711,-2.2845172434425187,-0.0933232177835587,14.866666666666667,3,3,base_macro_breadth_internal_structure,market_internal_breadth,False,Macro baseline plus causal breadth and participation structure features.,fold_05,False
robust_q25_retention,25th percentile validation Sharpe with retention/generalization uplift and turnover/max-drawdown penalties.,6.018759454829349,5.9742118484010085,0.25,14.35483870967742,-0.0086902179222473,-0.0639090887686346,5.304314999659097,3,1,3,6.298765509149208,-0.4160511446419631,-2.689379081046672,-0.1074788439964586,16.275,3,3,base_macro_xsec_dispersion_correlation_regime,market_internal_dispersion_correlation,False,Macro baseline plus causal cross-sectional dispersion/correlation regime features.,fold_05,False
robust_q25_retention,25th percentile validation Sharpe with retention/generalization uplift and turnover/max-drawdown penalties.,6.013589570857497,5.80019893505442,0.25,12.096774193548388,-0.0067792582319419,-0.0706063346794227,5.662929637428241,3,1,3,5.977898626341455,-0.4220775110911262,-2.8717894668186195,-0.0905214050130136,12.5,3,3,base_macro_vol_term_or_implied_vol_proxy,vol_term_or_implied_vol_proxy,False,Macro baseline plus lag-clean implied-volatility term-structure proxy features.,fold_05,False
robust_q25_retention,25th percentile validation Sharpe with retention/generalization uplift and turnover/max-drawdown penalties.,5.955220975153487,5.680611933588913,0.25,12.419354838709678,-0.008625964415218,-0.1125637094595003,6.273130931302456,3,1,3,5.689847303243265,-0.6404703187111963,-4.23456569572066,-0.1059447215053148,13.683333333333334,3,3,base_macro_sector_relative_context,sector_relative_context,False,Macro baseline plus causal sector-relative return context features.,fold_05,False
robust_q25_retention,25th percentile validation Sharpe with retention/generalization uplift and turnover/max-drawdown penalties.,5.753380854918852,5.480822099905227,0.25,12.903225806451612,-0.0103178117415442,-0.068792143783902,6.37035803176847,3,1,3,5.854656304300009,-0.4027543582907346,-2.7844054487226155,-0.0876764992924383,13.333333333333334,3,3,base_macro_credit_stress_proxies,credit_stress_proxies,False,Macro baseline plus lag-clean credit and financial-stress proxy features.,fold_05,False
robust_q25_retention,25th percentile validation Sharpe with retention/generalization uplift and turnover/max-drawdown penalties.,5.732876857260187,5.4938607716738455,0.25,11.161290322580646,-0.0102543242045325,-0.0493622003036024,5.532865334668929,3,1,3,5.535644923984508,-0.269126498155593,-2.201853711796542,-0.0928014268761823,11.583333333333334,3,3,base_macro_exogenous_plus,calendar_exogenous,False,Baseline technical and macro features plus event/calendar exogenous features.,fold_05,False
sharpe_only,Baseline rule: median validation Sharpe only.,2.3243830973949566,2.3243830973949566,0.5,9.523809523809524,-0.0305266323945063,2.2369812568451466,1.9349068721053184,3,1,3,2.3243830973949566,4.426569269713206,7.996209925399023,-0.0149018798714724,9.523809523809524,3,3,base_macro_credit_stress_proxies,credit_stress_proxies,False,Macro baseline plus lag-clean credit and financial-stress proxy features.,fold_06,True
sharpe_only,Baseline rule: median validation Sharpe only.,2.0566647014227613,2.0566647014227613,0.5,10.317460317460318,-0.0430854164001955,2.2165761695742714,1.5791340022123972,3,1,3,2.0566647014227613,4.558753965978276,8.860782469116192,-0.0182830906043971,10.317460317460318,3,3,base_macro_rates_term_structure_lsc,rates_term_structure_lsc,False,"Macro baseline plus lag-clean Treasury level, slope, and curvature features.",fold_06,False
sharpe_only,Baseline rule: median validation Sharpe only.,1.94473555728581,1.94473555728581,0.5,12.698412698412698,-0.0388248857695116,2.2599921562573275,1.7145293983909586,3,1,3,1.94473555728581,4.037202596354516,7.859506468737032,-0.0207695865542882,12.698412698412698,3,3,base_macro_xsec_sector_complementarity_v2,xsec_sector_complementarity_v2,False,Macro baseline plus redesigned causal xsec-sector complementarity v2 features.,fold_06,False
sharpe_only,Baseline rule: median validation Sharpe only.,1.9394088773597236,1.9394088773597236,0.5,12.904761904761903,-0.0351608413818256,2.402273068741213,1.5411477304277783,3,1,3,1.9394088773597236,4.734247672326827,8.887770363146586,-0.0159772294387392,12.80952380952381,3,3,base_macro_analyst_or_fund_revision_features,analyst_or_fund_revision_features,False,Macro baseline plus lagged point-in-time fundamental revision proxy features.,fold_06,False
sharpe_only,Baseline rule: median validation Sharpe only.,1.876051858561639,1.876051858561639,0.5,12.698412698412698,-0.0315988352650489,2.337502532944725,1.6748940493429365,3,1,3,1.876051858561639,4.625873019015853,8.3028144718029,-0.0186670220233203,12.873015873015872,3,3,base_macro_exogenous_plus,calendar_exogenous,False,Baseline technical and macro features plus event/calendar exogenous features.,fold_06,False
sharpe_only,Baseline rule: median validation Sharpe only.,1.8226304925000865,1.8226304925000865,0.5,11.174603174603174,-0.0350825111929052,2.292882071815289,1.5051425407005947,3,1,3,1.8226304925000865,4.179076779797319,7.988151081758099,-0.0190359709626597,11.071428571428571,3,3,base_macro_hmm,negative_control_hmm,True,HMM-enhanced feature set treated as a negative control.,fold_06,False
sharpe_only,Baseline rule: median validation Sharpe only.,1.8078056719450557,1.8078056719450557,0.5,8.73015873015873,-0.0403552236004663,2.378612681445277,1.5613457602120888,3,1,3,1.8078056719450557,4.172628609110082,7.7380777234256515,-0.0166795707939437,8.73015873015873,3,3,base_macro_xsec_sector_gated_context,xsec_sector_gated_context,False,Macro baseline plus causal xsec-sector gated interaction context features.,fold_06,False
sharpe_only,Baseline rule: median validation Sharpe only.,1.7846983081645011,1.7846983081645011,0.5,10.317460317460318,-0.0335526039728804,2.914877344289232,1.5576271449594572,3,1,3,1.7846983081645011,4.936928152471243,7.864853829540963,-0.0117213718593708,10.317460317460318,3,3,base_macro,macro_context,False,Baseline technical features plus macro context.,fold_06,False
sharpe_only,Baseline rule: median validation Sharpe only.,1.7547880543769243,1.7547880543769243,0.5,11.904761904761903,-0.0394434390206054,1.9927274029004345,1.4798925819984978,3,1,3,1.7547880543769243,4.46978908763894,7.799573026728446,-0.0157172106892728,11.904761904761903,3,3,base_macro_rates_credit_vol_risk_state_context,rates_credit_vol_risk_state_context,False,"Macro baseline plus lag-clean rates, credit, vol proxy, and narrow risk-state gates.",fold_06,False
sharpe_only,Baseline rule: median validation Sharpe only.,1.6829537860933974,1.6829537860933974,0.5,10.317460317460318,-0.0436122143371439,2.2953488110101485,1.4222519111983831,3,1,3,1.6829537860933974,4.436759082815672,8.778242508916435,-0.0206678416113639,10.317460317460318,3,3,base,technical_base,False,"Prices, returns, and baseline technical risk features.",fold_06,False
sharpe_only,Baseline rule: median validation Sharpe only.,1.616344203140132,1.616344203140132,0.5,10.317460317460318,-0.0375812395236831,2.9229069962031087,1.4651120445254562,3,1,3,1.616344203140132,4.6353705724569485,8.473771501460071,-0.016765281758479,10.317460317460318,3,3,base_macro_vol_term_or_implied_vol_proxy,vol_term_or_implied_vol_proxy,False,Macro baseline plus lag-clean implied-volatility term-structure proxy features.,fold_06,False
sharpe_only,Baseline rule: median validation Sharpe only.,1.5897661346779122,1.5897661346779122,0.5,15.158730158730158,-0.0538494479735951,2.7101833667219744,1.297165465281118,3,1,3,1.5897661346779122,4.308557735181964,9.364829290901168,-0.0199249810687338,14.873015873015872,3,3,base_macro_xsec_dispersion_correlation_regime,market_internal_dispersion_correlation,False,Macro baseline plus causal cross-sectional dispersion/correlation regime features.,fold_06,False
sharpe_only,Baseline rule: median validation Sharpe only.,1.4198053915783913,1.4198053915783913,0.5,11.904761904761903,-0.0380733794576296,3.2457424653926488,1.2077206917928969,3,1,3,1.4198053915783913,4.608322652039423,8.447712925247197,-0.0208914043162257,11.904761904761903,3,3,base_macro_gru,negative_control_gru,True,GRU-enhanced feature set treated as a negative control.,fold_06,False
sharpe_only,Baseline rule: median validation Sharpe only.,1.3084480901369608,1.3084480901369608,0.5,10.317460317460318,-0.0541291837761829,3.4409890732491526,1.1904893641285883,3,1,3,1.3084480901369608,4.492996126176173,10.011883493470776,-0.0199497551121458,10.317460317460318,3,3,base_macro_sector_relative_context,sector_relative_context,False,Macro baseline plus causal sector-relative return context features.,fold_06,False
sharpe_only,Baseline rule: median validation Sharpe only.,1.2566691208202545,1.2566691208202545,0.5,14.063492063492063,-0.0429109097721238,3.544538028429694,1.1298944268035649,3,1,3,1.2566691208202545,4.212699065117369,8.58073001756441,-0.0210754969631957,13.698412698412698,3,3,base_macro_breadth_internal_structure,market_internal_breadth,False,Macro baseline plus causal breadth and participation structure features.,fold_06,False
robust_q25,25th percentile validation Sharpe with turnover and drawdown penalties.,1.2009910160990378,1.8030348647724446,0.25,10.317460317460318,-0.0430854164001955,2.2165761695742714,1.5791340022123972,3,1,3,2.0566647014227613,4.558753965978276,8.860782469116192,-0.0182830906043971,10.317460317460318,3,3,base_macro_rates_term_structure_lsc,rates_term_structure_lsc,False,"Macro baseline plus lag-clean Treasury level, slope, and curvature features.",fold_06,True
robust_q25,25th percentile validation Sharpe with turnover and drawdown penalties.,1.1562209979247378,1.7391992217435144,0.25,10.317460317460318,-0.0335526039728804,2.914877344289232,1.5576271449594572,3,1,3,1.7846983081645011,4.936928152471243,7.864853829540963,-0.0117213718593708,10.317460317460318,3,3,base_macro,macro_context,False,Baseline technical features plus macro context.,fold_06,False
robust_q25,25th percentile validation Sharpe with turnover and drawdown penalties.,1.1430593804187221,1.8556297868783802,0.25,12.698412698412698,-0.0388248857695116,2.2599921562573275,1.7145293983909586,3,1,3,1.94473555728581,4.037202596354516,7.859506468737032,-0.0207695865542882,12.698412698412698,3,3,base_macro_xsec_sector_complementarity_v2,xsec_sector_complementarity_v2,False,Macro baseline plus redesigned causal xsec-sector complementarity v2 features.,fold_06,False
robust_q25,25th percentile validation Sharpe with turnover and drawdown penalties.,1.1382265707665098,1.6754703117459986,0.25,9.523809523809524,-0.0305266323945063,2.2369812568451466,1.9349068721053184,3,1,3,2.3243830973949566,4.426569269713206,7.996209925399023,-0.0149018798714724,9.523809523809524,3,3,base_macro_credit_stress_proxies,credit_stress_proxies,False,Macro baseline plus lag-clean credit and financial-stress proxy features.,fold_06,False
robust_q25,25th percentile validation Sharpe with turnover and drawdown penalties.,1.1350976375902366,1.850657415591983,0.25,12.904761904761903,-0.0351608413818256,2.402273068741213,1.5411477304277783,3,1,3,1.9394088773597236,4.734247672326827,8.887770363146586,-0.0159772294387392,12.80952380952381,3,3,base_macro_analyst_or_fund_revision_features,analyst_or_fund_revision_features,False,Macro baseline plus lagged point-in-time fundamental revision proxy features.,fold_06,False
robust_q25,25th percentile validation Sharpe with turnover and drawdown penalties.,1.0391282732155023,1.5563466569243714,0.25,8.73015873015873,-0.0403552236004663,2.378612681445277,1.5613457602120888,3,1,3,1.8078056719450557,4.172628609110082,7.7380777234256515,-0.0166795707939437,8.73015873015873,3,3,base_macro_xsec_sector_gated_context,xsec_sector_gated_context,False,Macro baseline plus causal xsec-sector gated interaction context features.,fold_06,False
robust_q25,25th percentile validation Sharpe with turnover and drawdown penalties.,0.9955973358263315,1.6697223091056377,0.25,11.904761904761903,-0.0394434390206054,1.9927274029004345,1.4798925819984978,3,1,3,1.7547880543769243,4.46978908763894,7.799573026728446,-0.0157172106892728,11.904761904761903,3,3,base_macro_rates_credit_vol_risk_state_context,rates_credit_vol_risk_state_context,False,"Macro baseline plus lag-clean rates, credit, vol proxy, and narrow risk-state gates.",fold_06,False
robust_q25,25th percentile validation Sharpe with turnover and drawdown penalties.,0.8242043099073008,1.4273017544546045,0.25,10.317460317460318,-0.0436122143371439,2.2953488110101485,1.4222519111983831,3,1,3,1.6829537860933974,4.436759082815672,8.778242508916435,-0.0206678416113639,10.317460317460318,3,3,base,technical_base,False,"Prices, returns, and baseline technical risk features.",fold_06,False
robust_q25,25th percentile validation Sharpe with turnover and drawdown penalties.,0.8229779852153183,1.521096290666051,0.25,12.698412698412698,-0.0315988352650489,2.337502532944725,1.6748940493429365,3,1,3,1.876051858561639,4.625873019015853,8.3028144718029,-0.0186670220233203,12.873015873015872,3,3,base_macro_exogenous_plus,calendar_exogenous,False,Baseline technical and macro features plus event/calendar exogenous features.,fold_06,False
robust_q25,25th percentile validation Sharpe with turnover and drawdown penalties.,0.6733161784803366,1.2643516734007187,0.25,10.317460317460318,-0.0375812395236831,2.9229069962031087,1.4651120445254562,3,1,3,1.616344203140132,4.6353705724569485,8.473771501460071,-0.016765281758479,10.317460317460318,3,3,base_macro_vol_term_or_implied_vol_proxy,vol_term_or_implied_vol_proxy,False,Macro baseline plus lag-clean implied-volatility term-structure proxy features.,fold_06,False
robust_q25,25th percentile validation Sharpe with turnover and drawdown penalties.,0.6103541291333809,1.23924931024935,0.25,11.174603174603174,-0.0350825111929052,2.292882071815289,1.5051425407005947,3,1,3,1.8226304925000865,4.179076779797319,7.988151081758099,-0.0190359709626597,11.071428571428571,3,3,base_macro_hmm,negative_control_hmm,True,HMM-enhanced feature set treated as a negative control.,fold_06,False
robust_q25,25th percentile validation Sharpe with turnover and drawdown penalties.,0.5650005297852597,1.1891319132106415,0.25,10.317460317460318,-0.0541291837761829,3.4409890732491526,1.1904893641285883,3,1,3,1.3084480901369608,4.492996126176173,10.011883493470776,-0.0199497551121458,10.317460317460318,3,3,base_macro_sector_relative_context,sector_relative_context,False,Macro baseline plus causal sector-relative return context features.,fold_06,False
robust_q25,25th percentile validation Sharpe with turnover and drawdown penalties.,0.45537577626767184,1.1267606304210263,0.25,11.904761904761903,-0.0380733794576296,3.2457424653926488,1.2077206917928969,3,1,3,1.4198053915783913,4.608322652039423,8.447712925247197,-0.0208914043162257,11.904761904761903,3,3,base_macro_gru,negative_control_gru,True,GRU-enhanced feature set treated as a negative control.,fold_06,False
robust_q25,25th percentile validation Sharpe with turnover and drawdown penalties.,0.44479814303785725,1.3104335469215553,0.25,15.158730158730158,-0.0538494479735951,2.7101833667219744,1.297165465281118,3,1,3,1.5897661346779122,4.308557735181964,9.364829290901168,-0.0199249810687338,14.873015873015872,3,3,base_macro_xsec_dispersion_correlation_regime,market_internal_dispersion_correlation,False,Macro baseline plus causal cross-sectional dispersion/correlation regime features.,fold_06,False
robust_q25,25th percentile validation Sharpe with turnover and drawdown penalties.,0.3901804553351673,1.1791768780540182,0.25,14.063492063492063,-0.0429109097721238,3.544538028429694,1.1298944268035649,3,1,3,1.2566691208202545,4.212699065117369,8.58073001756441,-0.0210754969631957,13.698412698412698,3,3,base_macro_breadth_internal_structure,market_internal_breadth,False,Macro baseline plus causal breadth and participation structure features.,fold_06,False
robust_q25_retention,25th percentile validation Sharpe with retention/generalization uplift and turnover/max-drawdown penalties.,2.1185844057409646,1.7391992217435144,0.25,10.317460317460318,-0.0335526039728804,2.914877344289232,1.5576271449594572,3,1,3,1.7846983081645011,4.936928152471243,7.864853829540963,-0.0117213718593708,10.317460317460318,3,3,base_macro,macro_context,False,Baseline technical features plus macro context.,fold_06,True
robust_q25_retention,25th percentile validation Sharpe with retention/generalization uplift and turnover/max-drawdown penalties.,1.992005158824465,1.8030348647724446,0.25,10.317460317460318,-0.0430854164001955,2.2165761695742714,1.5791340022123972,3,1,3,2.0566647014227613,4.558753965978276,8.860782469116192,-0.0182830906043971,10.317460317460318,3,3,base_macro_rates_term_structure_lsc,rates_term_structure_lsc,False,"Macro baseline plus lag-clean Treasury level, slope, and curvature features.",fold_06,False
robust_q25_retention,25th percentile validation Sharpe with retention/generalization uplift and turnover/max-drawdown penalties.,1.987707915793594,1.6754703117459986,0.25,9.523809523809524,-0.0305266323945063,2.2369812568451466,1.9349068721053184,3,1,3,2.3243830973949566,4.426569269713206,7.996209925399023,-0.0149018798714724,9.523809523809524,3,3,base_macro_credit_stress_proxies,credit_stress_proxies,False,Macro baseline plus lag-clean credit and financial-stress proxy features.,fold_06,False
robust_q25_retention,25th percentile validation Sharpe with retention/generalization uplift and turnover/max-drawdown penalties.,1.9668380643397065,1.850657415591983,0.25,12.904761904761903,-0.0351608413818256,2.402273068741213,1.5411477304277783,3,1,3,1.9394088773597236,4.734247672326827,8.887770363146586,-0.0159772294387392,12.80952380952381,3,3,base_macro_analyst_or_fund_revision_features,analyst_or_fund_revision_features,False,Macro baseline plus lagged point-in-time fundamental revision proxy features.,fold_06,False
robust_q25_retention,25th percentile validation Sharpe with retention/generalization uplift and turnover/max-drawdown penalties.,1.9652368292416977,1.8556297868783802,0.25,12.698412698412698,-0.0388248857695116,2.2599921562573275,1.7145293983909586,3,1,3,1.94473555728581,4.037202596354516,7.859506468737032,-0.0207695865542882,12.698412698412698,3,3,base_macro_xsec_sector_complementarity_v2,xsec_sector_complementarity_v2,False,Macro baseline plus redesigned causal xsec-sector complementarity v2 features.,fold_06,False
robust_q25_retention,25th percentile validation Sharpe with retention/generalization uplift and turnover/max-drawdown penalties.,1.867983307608635,1.5563466569243714,0.25,8.73015873015873,-0.0403552236004663,2.378612681445277,1.5613457602120888,3,1,3,1.8078056719450557,4.172628609110082,7.7380777234256515,-0.0166795707939437,8.73015873015873,3,3,base_macro_xsec_sector_gated_context,xsec_sector_gated_context,False,Macro baseline plus causal xsec-sector gated interaction context features.,fold_06,False
robust_q25_retention,25th percentile validation Sharpe with retention/generalization uplift and turnover/max-drawdown penalties.,1.715763073851215,1.6697223091056377,0.25,11.904761904761903,-0.0394434390206054,1.9927274029004345,1.4798925819984978,3,1,3,1.7547880543769243,4.46978908763894,7.799573026728446,-0.0157172106892728,11.904761904761903,3,3,base_macro_rates_credit_vol_risk_state_context,rates_credit_vol_risk_state_context,False,"Macro baseline plus lag-clean rates, credit, vol proxy, and narrow risk-state gates.",fold_06,False
robust_q25_retention,25th percentile validation Sharpe with retention/generalization uplift and turnover/max-drawdown penalties.,1.6585877258529398,1.521096290666051,0.25,12.698412698412698,-0.0315988352650489,2.337502532944725,1.6748940493429365,3,1,3,1.876051858561639,4.625873019015853,8.3028144718029,-0.0186670220233203,12.873015873015872,3,3,base_macro_exogenous_plus,calendar_exogenous,False,Baseline technical and macro features plus event/calendar exogenous features.,fold_06,False
robust_q25_retention,25th percentile validation Sharpe with retention/generalization uplift and turnover/max-drawdown penalties.,1.6238097342099322,1.2643516734007187,0.25,10.317460317460318,-0.0375812395236831,2.9229069962031087,1.4651120445254562,3,1,3,1.616344203140132,4.6353705724569485,8.473771501460071,-0.016765281758479,10.317460317460318,3,3,base_macro_vol_term_or_implied_vol_proxy,vol_term_or_implied_vol_proxy,False,Macro baseline plus lag-clean implied-volatility term-structure proxy features.,fold_06,False
robust_q25_retention,25th percentile validation Sharpe with retention/generalization uplift and turnover/max-drawdown penalties.,1.6113792993395955,1.4273017544546045,0.25,10.317460317460318,-0.0436122143371439,2.2953488110101485,1.4222519111983831,3,1,3,1.6829537860933974,4.436759082815672,8.778242508916435,-0.0206678416113639,10.317460317460318,3,3,base,technical_base,False,"Prices, returns, and baseline technical risk features.",fold_06,False
robust_q25_retention,25th percentile validation Sharpe with retention/generalization uplift and turnover/max-drawdown penalties.,1.6038212027168364,1.1891319132106415,0.25,10.317460317460318,-0.0541291837761829,3.4409890732491526,1.1904893641285883,3,1,3,1.3084480901369608,4.492996126176173,10.011883493470776,-0.0199497551121458,10.317460317460318,3,3,base_macro_sector_relative_context,sector_relative_context,False,Macro baseline plus causal sector-relative return context features.,fold_06,False
robust_q25_retention,25th percentile validation Sharpe with retention/generalization uplift and turnover/max-drawdown penalties.,1.4479694963847685,1.1267606304210263,0.25,11.904761904761903,-0.0380733794576296,3.2457424653926488,1.2077206917928969,3,1,3,1.4198053915783913,4.608322652039423,8.447712925247197,-0.0208914043162257,11.904761904761903,3,3,base_macro_gru,negative_control_gru,True,GRU-enhanced feature set treated as a negative control.,fold_06,False
robust_q25_retention,25th percentile validation Sharpe with retention/generalization uplift and turnover/max-drawdown penalties.,1.4457991264631256,1.1791768780540182,0.25,14.063492063492063,-0.0429109097721238,3.544538028429694,1.1298944268035649,3,1,3,1.2566691208202545,4.212699065117369,8.58073001756441,-0.0210754969631957,13.698412698412698,3,3,base_macro_breadth_internal_structure,market_internal_breadth,False,Macro baseline plus causal breadth and participation structure features.,fold_06,False
robust_q25_retention,25th percentile validation Sharpe with retention/generalization uplift and turnover/max-drawdown penalties.,1.4093460281922925,1.23924931024935,0.25,11.174603174603174,-0.0350825111929052,2.292882071815289,1.5051425407005947,3,1,3,1.8226304925000865,4.179076779797319,7.988151081758099,-0.0190359709626597,11.071428571428571,3,3,base_macro_hmm,negative_control_hmm,True,HMM-enhanced feature set treated as a negative control.,fold_06,False
robust_q25_retention,25th percentile validation Sharpe with retention/generalization uplift and turnover/max-drawdown penalties.,1.3169188045105185,1.3104335469215553,0.25,15.158730158730158,-0.0538494479735951,2.7101833667219744,1.297165465281118,3,1,3,1.5897661346779122,4.308557735181964,9.364829290901168,-0.0199249810687338,14.873015873015872,3,3,base_macro_xsec_dispersion_correlation_regime,market_internal_dispersion_correlation,False,Macro baseline plus causal cross-sectional dispersion/correlation regime features.,fold_06,False
sharpe_only,Baseline rule: median validation Sharpe only.,-1.1723543187565542,-1.1723543187565542,0.5,11.475409836065571,-0.1458357480803579,-2.3812653425157926,-1.13188162992412,3,1,3,-1.1723543187565542,4.341272274792842,11.590307035005145,-0.0236851446334928,11.868852459016392,3,3,base_macro_breadth_internal_structure,market_internal_breadth,False,Macro baseline plus causal breadth and participation structure features.,fold_07,True
sharpe_only,Baseline rule: median validation Sharpe only.,-1.1960064093789673,-1.1960064093789673,0.5,13.114754098360656,-0.1399616080995824,-2.9170949549066734,-1.0043213038446364,3,1,3,-1.1960064093789673,3.4888642628354307,9.077731930957,-0.0243687011682526,13.114754098360656,3,3,base_macro_xsec_sector_gated_context,xsec_sector_gated_context,False,Macro baseline plus causal xsec-sector gated interaction context features.,fold_07,False
sharpe_only,Baseline rule: median validation Sharpe only.,-1.2233175186382048,-1.2233175186382048,0.5,9.836065573770492,-0.1412650522652035,-2.458568737162325,-0.950630554222786,3,1,3,-1.2233175186382048,3.3217673603666094,9.41820117930221,-0.0295148503268836,9.836065573770492,3,3,base_macro_analyst_or_fund_revision_features,analyst_or_fund_revision_features,False,Macro baseline plus lagged point-in-time fundamental revision proxy features.,fold_07,False
sharpe_only,Baseline rule: median validation Sharpe only.,-1.226441492221762,-1.226441492221762,0.5,11.475409836065571,-0.1443863836903859,-2.6331167251321825,-1.0378554855589954,3,1,3,-1.226441492221762,3.663470587833096,9.041028715420518,-0.0238454025011739,11.475409836065571,3,3,base_macro_xsec_dispersion_correlation_regime,market_internal_dispersion_correlation,False,Macro baseline plus causal cross-sectional dispersion/correlation regime features.,fold_07,False
sharpe_only,Baseline rule: median validation Sharpe only.,-1.2805114192818976,-1.2805114192818976,0.5,9.229508196721312,-0.1515444006206562,-2.7079708633844803,-1.128331920786534,3,1,3,-1.2805114192818976,3.997558631269049,11.740667354494484,-0.0293379791156087,9.01639344262295,3,3,base_macro_rates_credit_vol_risk_state_context,rates_credit_vol_risk_state_context,False,"Macro baseline plus lag-clean rates, credit, vol proxy, and narrow risk-state gates.",fold_07,False
sharpe_only,Baseline rule: median validation Sharpe only.,-1.3274019189700252,-1.3274019189700252,0.5,14.524590163934429,-0.1505247904788711,-2.769664955157413,-1.071825841213376,3,1,3,-1.3274019189700252,3.913100244428356,12.23002147365264,-0.0323862910837967,14.21311475409836,3,3,base_macro_rates_term_structure_lsc,rates_term_structure_lsc,False,"Macro baseline plus lag-clean Treasury level, slope, and curvature features.",fold_07,False
sharpe_only,Baseline rule: median validation Sharpe only.,-1.3402331696332508,-1.3402331696332508,0.5,9.836065573770492,-0.1590726093512668,-2.310803396790615,-1.0665473242386525,3,1,3,-1.3402331696332508,3.25179150527683,9.731734493208275,-0.0319502706619961,9.836065573770492,3,3,base_macro,macro_context,False,Baseline technical features plus macro context.,fold_07,False
sharpe_only,Baseline rule: median validation Sharpe only.,-1.35719384955836,-1.35719384955836,0.5,9.836065573770492,-0.1468902026090655,-2.0800066314017025,-1.1710083637527184,3,1,3,-1.35719384955836,2.822972207178993,8.310239333262427,-0.0311546935330049,9.836065573770492,3,3,base,technical_base,False,"Prices, returns, and baseline technical risk features.",fold_07,False
sharpe_only,Baseline rule: median validation Sharpe only.,-1.4290049510150795,-1.4290049510150795,0.5,11.475409836065571,-0.1404424744471767,-2.414621490364228,-1.0863082010949945,3,1,3,-1.4290049510150795,3.3826279682042464,8.493401781455766,-0.0279968170866216,11.475409836065571,3,3,base_macro_hmm,negative_control_hmm,True,HMM-enhanced feature set treated as a negative control.,fold_07,False
sharpe_only,Baseline rule: median validation Sharpe only.,-1.4783908041150418,-1.4783908041150418,0.5,9.01639344262295,-0.1435982665158357,-2.626999476877468,-1.5236445176438442,3,1,3,-1.4783908041150418,3.67792231807483,10.507727535506795,-0.030982913442571,9.01639344262295,3,3,base_macro_gru,negative_control_gru,True,GRU-enhanced feature set treated as a negative control.,fold_07,False
sharpe_only,Baseline rule: median validation Sharpe only.,-1.5236090087664702,-1.5236090087664702,0.5,9.01639344262295,-0.1503863586701931,-2.058932376158533,-1.375701630302519,3,1,3,-1.5236090087664702,3.089955797454963,9.342249697688487,-0.0238885609979578,9.01639344262295,3,3,base_macro_vol_term_or_implied_vol_proxy,vol_term_or_implied_vol_proxy,False,Macro baseline plus lag-clean implied-volatility term-structure proxy features.,fold_07,False
sharpe_only,Baseline rule: median validation Sharpe only.,-1.5664937520756166,-1.5664937520756166,0.5,13.508196721311476,-0.1523476487753026,-2.9653183203600237,-1.0887759080746566,3,1,3,-1.5664937520756166,3.450288633167644,9.479188412606751,-0.0304516084261357,15.729508196721312,3,3,base_macro_credit_stress_proxies,credit_stress_proxies,False,Macro baseline plus lag-clean credit and financial-stress proxy features.,fold_07,False
sharpe_only,Baseline rule: median validation Sharpe only.,-1.6286866905454422,-1.6286866905454422,0.5,11.491803278688524,-0.1661633211324732,-2.198421935855274,-1.703609082608354,3,1,3,-1.6286866905454422,3.58054054713063,9.70676082161024,-0.0289306280800198,11.475409836065571,3,3,base_macro_xsec_sector_complementarity_v2,xsec_sector_complementarity_v2,False,Macro baseline plus redesigned causal xsec-sector complementarity v2 features.,fold_07,False
sharpe_only,Baseline rule: median validation Sharpe only.,-1.7309067818217343,-1.7309067818217343,0.5,13.934426229508198,-0.180548488413021,-2.1247360714230887,-1.669326378742933,3,1,3,-1.7309067818217343,3.4936796059167445,10.101090771370693,-0.029663006831524,13.934426229508198,3,3,base_macro_exogenous_plus,calendar_exogenous,False,Baseline technical and macro features plus event/calendar exogenous features.,fold_07,False
sharpe_only,Baseline rule: median validation Sharpe only.,-1.731187651366715,-1.731187651366715,0.5,13.729508196721312,-0.1634115699767899,-2.525186147531377,-1.8792515633881328,3,1,3,-1.731187651366715,4.228756410316475,11.804482538003125,-0.0260109474123531,13.950819672131148,3,3,base_macro_sector_relative_context,sector_relative_context,False,Macro baseline plus causal sector-relative return context features.,fold_07,False
robust_q25,25th percentile validation Sharpe with turnover and drawdown penalties.,-2.0757247829433343,-1.3013913997244027,0.25,9.836065573770492,-0.1412650522652035,-2.458568737162325,-0.950630554222786,3,1,3,-1.2233175186382048,3.3217673603666094,9.41820117930221,-0.0295148503268836,9.836065573770492,3,3,base_macro_analyst_or_fund_revision_features,analyst_or_fund_revision_features,False,Macro baseline plus lagged point-in-time fundamental revision proxy features.,fold_07,True
robust_q25,25th percentile validation Sharpe with turnover and drawdown penalties.,-2.142929529894995,-1.3783653188176173,0.25,9.229508196721312,-0.1515444006206562,-2.7079708633844803,-1.128331920786534,3,1,3,-1.2805114192818976,3.997558631269049,11.740667354494484,-0.0293379791156087,9.01639344262295,3,3,base_macro_rates_credit_vol_risk_state_context,rates_credit_vol_risk_state_context,False,"Macro baseline plus lag-clean rates, credit, vol proxy, and narrow risk-state gates.",fold_07,False
robust_q25,25th percentile validation Sharpe with turnover and drawdown penalties.,-2.171416908348287,-1.3088736491642368,0.25,11.475409836065571,-0.1443863836903859,-2.6331167251321825,-1.0378554855589954,3,1,3,-1.226441492221762,3.663470587833096,9.041028715420518,-0.0238454025011739,11.475409836065571,3,3,base_macro_xsec_dispersion_correlation_regime,market_internal_dispersion_correlation,False,Macro baseline plus causal cross-sectional dispersion/correlation regime features.,fold_07,False
robust_q25,25th percentile validation Sharpe with turnover and drawdown penalties.,-2.2673875789045965,-1.457439081513538,0.25,9.836065573770492,-0.1590726093512668,-2.310803396790615,-1.0665473242386525,3,1,3,-1.3402331696332508,3.25179150527683,9.731734493208275,-0.0319502706619961,9.836065573770492,3,3,base_macro,macro_context,False,Baseline technical features plus macro context.,fold_07,False
robust_q25,25th percentile validation Sharpe with turnover and drawdown penalties.,-2.273616918330798,-1.3379559972136006,0.25,13.114754098360656,-0.1399616080995824,-2.9170949549066734,-1.0043213038446364,3,1,3,-1.1960064093789673,3.4888642628354307,9.077731930957,-0.0243687011682526,13.114754098360656,3,3,base_macro_xsec_sector_gated_context,xsec_sector_gated_context,False,Macro baseline plus causal xsec-sector gated interaction context features.,fold_07,False
robust_q25,25th percentile validation Sharpe with turnover and drawdown penalties.,-2.281901047937588,-1.4963173640309324,0.25,9.836065573770492,-0.1468902026090655,-2.0800066314017025,-1.1710083637527184,3,1,3,-1.35719384955836,2.822972207178993,8.310239333262427,-0.0311546935330049,9.836065573770492,3,3,base,technical_base,False,"Prices, returns, and baseline technical risk features.",fold_07,False
robust_q25,25th percentile validation Sharpe with turnover and drawdown penalties.,-2.300680811424671,-1.446025370727039,0.25,11.475409836065571,-0.1404424744471767,-2.414621490364228,-1.0863082010949945,3,1,3,-1.4290049510150795,3.3826279682042464,8.493401781455766,-0.0279968170866216,11.475409836065571,3,3,base_macro_hmm,negative_control_hmm,True,HMM-enhanced feature set treated as a negative control.,fold_07,False
robust_q25,25th percentile validation Sharpe with turnover and drawdown penalties.,-2.319130810557466,-1.5675384210859322,0.25,9.01639344262295,-0.1503863586701931,-2.058932376158533,-1.375701630302519,3,1,3,-1.5236090087664702,3.089955797454963,9.342249697688487,-0.0238885609979578,9.01639344262295,3,3,base_macro_vol_term_or_implied_vol_proxy,vol_term_or_implied_vol_proxy,False,Macro baseline plus lag-clean implied-volatility term-structure proxy features.,fold_07,False
robust_q25,25th percentile validation Sharpe with turnover and drawdown penalties.,-2.3501053190563126,-1.6120891138934936,0.25,9.01639344262295,-0.1435982665158357,-2.626999476877468,-1.5236445176438442,3,1,3,-1.4783908041150418,3.67792231807483,10.507727535506795,-0.030982913442571,9.01639344262295,3,3,base_macro_gru,negative_control_gru,True,GRU-enhanced feature set treated as a negative control.,fold_07,False
robust_q25,25th percentile validation Sharpe with turnover and drawdown penalties.,-2.363166507748213,-1.4977245197842186,0.25,11.475409836065571,-0.1458357480803579,-2.3812653425157926,-1.13188162992412,3,1,3,-1.1723543187565542,4.341272274792842,11.590307035005145,-0.0236851446334928,11.868852459016392,3,3,base_macro_breadth_internal_structure,market_internal_breadth,False,Macro baseline plus causal breadth and participation structure features.,fold_07,False
robust_q25,25th percentile validation Sharpe with turnover and drawdown penalties.,-2.513643538827881,-1.4863644496734174,0.25,14.524590163934429,-0.1505247904788711,-2.769664955157413,-1.071825841213376,3,1,3,-1.3274019189700252,3.913100244428356,12.23002147365264,-0.0323862910837967,14.21311475409836,3,3,base_macro_rates_term_structure_lsc,rates_term_structure_lsc,False,"Macro baseline plus lag-clean Treasury level, slope, and curvature features.",fold_07,False
robust_q25,25th percentile validation Sharpe with turnover and drawdown penalties.,-2.5508399193530513,-1.5707347857368725,0.25,13.508196721311476,-0.1523476487753026,-2.9653183203600237,-1.0887759080746566,3,1,3,-1.5664937520756166,3.450288633167644,9.479188412606751,-0.0304516084261357,15.729508196721312,3,3,base_macro_credit_stress_proxies,credit_stress_proxies,False,Macro baseline plus lag-clean credit and financial-stress proxy features.,fold_07,False
robust_q25,25th percentile validation Sharpe with turnover and drawdown penalties.,-2.7512605998291524,-1.84434379362978,0.25,11.491803278688524,-0.1661633211324732,-2.198421935855274,-1.703609082608354,3,1,3,-1.6286866905454422,3.58054054713063,9.70676082161024,-0.0289306280800198,11.475409836065571,3,3,base_macro_xsec_sector_complementarity_v2,xsec_sector_complementarity_v2,False,Macro baseline plus redesigned causal xsec-sector complementarity v2 features.,fold_07,False
robust_q25,25th percentile validation Sharpe with turnover and drawdown penalties.,-2.767623672851649,-1.7543251230620036,0.25,13.729508196721312,-0.1634115699767899,-2.525186147531377,-1.8792515633881328,3,1,3,-1.731187651366715,4.228756410316475,11.804482538003125,-0.0260109474123531,13.950819672131148,3,3,base_macro_sector_relative_context,sector_relative_context,False,Macro baseline plus causal sector-relative return context features.,fold_07,False
robust_q25,25th percentile validation Sharpe with turnover and drawdown penalties.,-2.8636415585799253,-1.8058232702784731,0.25,13.934426229508198,-0.180548488413021,-2.1247360714230887,-1.669326378742933,3,1,3,-1.7309067818217343,3.4936796059167445,10.101090771370693,-0.029663006831524,13.934426229508198,3,3,base_macro_exogenous_plus,calendar_exogenous,False,Baseline technical and macro features plus event/calendar exogenous features.,fold_07,False
robust_q25_retention,25th percentile validation Sharpe with retention/generalization uplift and turnover/max-drawdown penalties.,-2.8329615503673335,-1.3013913997244027,0.25,9.836065573770492,-0.1412650522652035,-2.458568737162325,-0.950630554222786,3,1,3,-1.2233175186382048,3.3217673603666094,9.41820117930221,-0.0295148503268836,9.836065573770492,3,3,base_macro_analyst_or_fund_revision_features,analyst_or_fund_revision_features,False,Macro baseline plus lagged point-in-time fundamental revision proxy features.,fold_07,True
robust_q25_retention,25th percentile validation Sharpe with retention/generalization uplift and turnover/max-drawdown penalties.,-2.977553960350922,-1.4963173640309324,0.25,9.836065573770492,-0.1468902026090655,-2.0800066314017025,-1.1710083637527184,3,1,3,-1.35719384955836,2.822972207178993,8.310239333262427,-0.0311546935330049,9.836065573770492,3,3,base,technical_base,False,"Prices, returns, and baseline technical risk features.",fold_07,False
robust_q25_retention,25th percentile validation Sharpe with retention/generalization uplift and turnover/max-drawdown penalties.,-2.985374412465182,-1.3088736491642368,0.25,11.475409836065571,-0.1443863836903859,-2.6331167251321825,-1.0378554855589954,3,1,3,-1.226441492221762,3.663470587833096,9.041028715420518,-0.0238454025011739,11.475409836065571,3,3,base_macro_xsec_dispersion_correlation_regime,market_internal_dispersion_correlation,False,Macro baseline plus causal cross-sectional dispersion/correlation regime features.,fold_07,False
robust_q25_retention,25th percentile validation Sharpe with retention/generalization uplift and turnover/max-drawdown penalties.,-2.989172033859095,-1.3783653188176173,0.25,9.229508196721312,-0.1515444006206562,-2.7079708633844803,-1.128331920786534,3,1,3,-1.2805114192818976,3.997558631269049,11.740667354494484,-0.0293379791156087,9.01639344262295,3,3,base_macro_rates_credit_vol_risk_state_context,rates_credit_vol_risk_state_context,False,"Macro baseline plus lag-clean rates, credit, vol proxy, and narrow risk-state gates.",fold_07,False
robust_q25_retention,25th percentile validation Sharpe with retention/generalization uplift and turnover/max-drawdown penalties.,-3.005070526738048,-1.457439081513538,0.25,9.836065573770492,-0.1590726093512668,-2.310803396790615,-1.0665473242386525,3,1,3,-1.3402331696332508,3.25179150527683,9.731734493208275,-0.0319502706619961,9.836065573770492,3,3,base_macro,macro_context,False,Baseline technical features plus macro context.,fold_07,False
robust_q25_retention,25th percentile validation Sharpe with retention/generalization uplift and turnover/max-drawdown penalties.,-3.0402191491424775,-1.5675384210859322,0.25,9.01639344262295,-0.1503863586701931,-2.058932376158533,-1.375701630302519,3,1,3,-1.5236090087664702,3.089955797454963,9.342249697688487,-0.0238885609979578,9.01639344262295,3,3,base_macro_vol_term_or_implied_vol_proxy,vol_term_or_implied_vol_proxy,False,Macro baseline plus lag-clean implied-volatility term-structure proxy features.,fold_07,False
robust_q25_retention,25th percentile validation Sharpe with retention/generalization uplift and turnover/max-drawdown penalties.,-3.067282414179977,-1.446025370727039,0.25,11.475409836065571,-0.1404424744471767,-2.414621490364228,-1.0863082010949945,3,1,3,-1.4290049510150795,3.3826279682042464,8.493401781455766,-0.0279968170866216,11.475409836065571,3,3,base_macro_hmm,negative_control_hmm,True,HMM-enhanced feature set treated as a negative control.,fold_07,False
robust_q25_retention,25th percentile validation Sharpe with retention/generalization uplift and turnover/max-drawdown penalties.,-3.128265087865779,-1.4977245197842186,0.25,11.475409836065571,-0.1458357480803579,-2.3812653425157926,-1.13188162992412,3,1,3,-1.1723543187565542,4.341272274792842,11.590307035005145,-0.0236851446334928,11.868852459016392,3,3,base_macro_breadth_internal_structure,market_internal_breadth,False,Macro baseline plus causal breadth and participation structure features.,fold_07,False
robust_q25_retention,25th percentile validation Sharpe with retention/generalization uplift and turnover/max-drawdown penalties.,-3.153538852634162,-1.3379559972136006,0.25,13.114754098360656,-0.1399616080995824,-2.9170949549066734,-1.0043213038446364,3,1,3,-1.1960064093789673,3.4888642628354307,9.077731930957,-0.0243687011682526,13.114754098360656,3,3,base_macro_xsec_sector_gated_context,xsec_sector_gated_context,False,Macro baseline plus causal xsec-sector gated interaction context features.,fold_07,False
robust_q25_retention,25th percentile validation Sharpe with retention/generalization uplift and turnover/max-drawdown penalties.,-3.2354018659222565,-1.6120891138934936,0.25,9.01639344262295,-0.1435982665158357,-2.626999476877468,-1.5236445176438442,3,1,3,-1.4783908041150418,3.67792231807483,10.507727535506795,-0.030982913442571,9.01639344262295,3,3,base_macro_gru,negative_control_gru,True,GRU-enhanced feature set treated as a negative control.,fold_07,False
robust_q25_retention,25th percentile validation Sharpe with retention/generalization uplift and turnover/max-drawdown penalties.,-3.3668336537992407,-1.4863644496734174,0.25,14.524590163934429,-0.1505247904788711,-2.769664955157413,-1.071825841213376,3,1,3,-1.3274019189700252,3.913100244428356,12.23002147365264,-0.0323862910837967,14.21311475409836,3,3,base_macro_rates_term_structure_lsc,rates_term_structure_lsc,False,"Macro baseline plus lag-clean Treasury level, slope, and curvature features.",fold_07,False
robust_q25_retention,25th percentile validation Sharpe with retention/generalization uplift and turnover/max-drawdown penalties.,-3.455485885654256,-1.5707347857368725,0.25,13.508196721311476,-0.1523476487753026,-2.9653183203600237,-1.0887759080746566,3,1,3,-1.5664937520756166,3.450288633167644,9.479188412606751,-0.0304516084261357,15.729508196721312,3,3,base_macro_credit_stress_proxies,credit_stress_proxies,False,Macro baseline plus lag-clean credit and financial-stress proxy features.,fold_07,False
robust_q25_retention,25th percentile validation Sharpe with retention/generalization uplift and turnover/max-drawdown penalties.,-3.556407446184224,-1.84434379362978,0.25,11.491803278688524,-0.1661633211324732,-2.198421935855274,-1.703609082608354,3,1,3,-1.6286866905454422,3.58054054713063,9.70676082161024,-0.0289306280800198,11.475409836065571,3,3,base_macro_xsec_sector_complementarity_v2,xsec_sector_complementarity_v2,False,Macro baseline plus redesigned causal xsec-sector complementarity v2 features.,fold_07,False
robust_q25_retention,25th percentile validation Sharpe with retention/generalization uplift and turnover/max-drawdown penalties.,-3.6452245332471374,-1.8058232702784731,0.25,13.934426229508198,-0.180548488413021,-2.1247360714230887,-1.669326378742933,3,1,3,-1.7309067818217343,3.4936796059167445,10.101090771370693,-0.029663006831524,13.934426229508198,3,3,base_macro_exogenous_plus,calendar_exogenous,False,Baseline technical and macro features plus event/calendar exogenous features.,fold_07,False
robust_q25_retention,25th percentile validation Sharpe with retention/generalization uplift and turnover/max-drawdown penalties.,-3.680807944242713,-1.7543251230620036,0.25,13.729508196721312,-0.1634115699767899,-2.525186147531377,-1.8792515633881328,3,1,3,-1.731187651366715,4.228756410316475,11.804482538003125,-0.0260109474123531,13.950819672131148,3,3,base_macro_sector_relative_context,sector_relative_context,False,Macro baseline plus causal sector-relative return context features.,fold_07,False
sharpe_only,Baseline rule: median validation Sharpe only.,2.4292553913845207,2.4292553913845207,0.5,9.015873015873016,-0.0362378576744278,-0.862560928276473,2.3442895583347285,3,1,3,2.4292553913845207,-1.416746921394781,-3.408606626179877,-0.0534411610682298,8.936507936507937,3,3,base_macro_xsec_sector_gated_context,xsec_sector_gated_context,False,Macro baseline plus causal xsec-sector gated interaction context features.,fold_08,True
sharpe_only,Baseline rule: median validation Sharpe only.,2.3802127262660107,2.3802127262660107,0.5,11.46031746031746,-0.0383890549878468,-0.6831587933784101,1.9603692871708729,3,1,3,2.3802127262660107,-1.756192066193346,-6.526503106219483,-0.0820962136395653,10.61904761904762,3,3,base_macro_xsec_sector_complementarity_v2,xsec_sector_complementarity_v2,False,Macro baseline plus redesigned causal xsec-sector complementarity v2 features.,fold_08,False
sharpe_only,Baseline rule: median validation Sharpe only.,2.2698029607006167,2.2698029607006167,0.5,14.65079365079365,-0.0610700788555953,-0.4285389838424019,2.3964147849661086,3,1,3,2.2698029607006167,-0.8544175584002529,-3.4982751875713203,-0.0642903034643852,14.444444444444445,3,3,base_macro_analyst_or_fund_revision_features,analyst_or_fund_revision_features,False,Macro baseline plus lagged point-in-time fundamental revision proxy features.,fold_08,False
sharpe_only,Baseline rule: median validation Sharpe only.,2.196634102846148,2.196634102846148,0.5,10.666666666666666,-0.0416661074839028,-0.3163454175983592,1.898069369284196,3,1,3,2.196634102846148,-0.7687249332030159,-3.246411923195236,-0.0632125606055895,10.817460317460318,3,3,base_macro_rates_credit_vol_risk_state_context,rates_credit_vol_risk_state_context,False,"Macro baseline plus lag-clean rates, credit, vol proxy, and narrow risk-state gates.",fold_08,False
sharpe_only,Baseline rule: median validation Sharpe only.,2.0854298352792244,2.0854298352792244,0.5,9.46031746031746,-0.044046398101732,-0.3200065678132854,2.154425080796444,3,1,3,2.0854298352792244,-0.455297746797735,-2.067435739022805,-0.0555817810754449,8.793650793650794,3,3,base_macro_xsec_dispersion_correlation_regime,market_internal_dispersion_correlation,False,Macro baseline plus causal cross-sectional dispersion/correlation regime features.,fold_08,False
sharpe_only,Baseline rule: median validation Sharpe only.,2.065011654566334,2.065011654566334,0.5,12.936507936507937,-0.0478378066263518,-0.363136216479792,2.0613817549021105,3,1,3,2.065011654566334,-0.5739110659951314,-2.285415901792154,-0.0549264215744864,12.682539682539682,3,3,base_macro_vol_term_or_implied_vol_proxy,vol_term_or_implied_vol_proxy,False,Macro baseline plus lag-clean implied-volatility term-structure proxy features.,fold_08,False
sharpe_only,Baseline rule: median validation Sharpe only.,2.055309942399673,2.055309942399673,0.5,10.317460317460318,-0.051806914615943,-0.163286960626097,2.067099783293721,3,1,3,2.055309942399673,-0.299003357310777,-1.4361180212341118,-0.056697272382814,10.317460317460318,3,3,base_macro_rates_term_structure_lsc,rates_term_structure_lsc,False,"Macro baseline plus lag-clean Treasury level, slope, and curvature features.",fold_08,False
sharpe_only,Baseline rule: median validation Sharpe only.,2.003951046331661,2.003951046331661,0.5,10.317460317460318,-0.0494882465430852,-0.540457476681433,2.137153290087098,3,1,3,2.003951046331661,-1.374739623328049,-5.44052329766237,-0.0691938173528513,10.317460317460318,3,3,base_macro_hmm,negative_control_hmm,True,HMM-enhanced feature set treated as a negative control.,fold_08,False
sharpe_only,Baseline rule: median validation Sharpe only.,1.8473258400216537,1.8473258400216537,0.5,9.523809523809524,-0.0568514925946297,-0.2593266316682397,1.5757310076817233,3,1,3,1.8473258400216537,-0.4790607876865169,-1.9489792796382743,-0.059227149140233,9.523809523809524,3,3,base_macro_exogenous_plus,calendar_exogenous,False,Baseline technical and macro features plus event/calendar exogenous features.,fold_08,False
sharpe_only,Baseline rule: median validation Sharpe only.,1.7565257517545814,1.7565257517545814,0.5,7.142857142857143,-0.0508442709128714,-0.3744042573746065,1.7646983011175736,3,1,3,1.7565257517545814,-0.8556453840555566,-2.0698760711803432,-0.0609648981375783,7.142857142857143,3,3,base_macro_gru,negative_control_gru,True,GRU-enhanced feature set treated as a negative control.,fold_08,False
sharpe_only,Baseline rule: median validation Sharpe only.,1.5799761682640692,1.5799761682640692,0.5,12.126984126984128,-0.0584540340533479,-0.5789033410936903,2.073922718069339,3,1,3,1.5799761682640692,-0.8287962287433068,-3.737139998542771,-0.0688659196297902,12.07936507936508,3,3,base_macro,macro_context,False,Baseline technical features plus macro context.,fold_08,False
sharpe_only,Baseline rule: median validation Sharpe only.,1.5456119537019295,1.5456119537019295,0.5,11.26984126984127,-0.0404077347885433,-0.3120616970353429,1.458938404039526,3,1,3,1.5456119537019295,-0.4823262892303361,-1.898917264802913,-0.0476382321845154,11.317460317460318,3,3,base_macro_credit_stress_proxies,credit_stress_proxies,False,Macro baseline plus lag-clean credit and financial-stress proxy features.,fold_08,False
sharpe_only,Baseline rule: median validation Sharpe only.,1.5305214439409571,1.5305214439409571,0.5,11.904761904761903,-0.0629146107739537,-0.6432688526905977,1.837690250997044,3,1,3,1.5305214439409571,-0.7747870346785292,-3.4100190205291536,-0.0832232841343527,11.904761904761903,3,3,base_macro_breadth_internal_structure,market_internal_breadth,False,Macro baseline plus causal breadth and participation structure features.,fold_08,False
sharpe_only,Baseline rule: median validation Sharpe only.,1.4438019504227633,1.4438019504227633,0.5,11.746031746031743,-0.0524259542429877,-0.665687291900494,1.4593329258092376,3,1,3,1.4438019504227633,-0.7045432199935974,-2.824264941336807,-0.071999647197241,11.873015873015872,3,3,base_macro_sector_relative_context,sector_relative_context,False,Macro baseline plus causal sector-relative return context features.,fold_08,False
sharpe_only,Baseline rule: median validation Sharpe only.,1.3413360864805544,1.3413360864805544,0.5,14.285714285714286,-0.0602466733452139,-0.4917576064486001,1.658061560785954,3,1,3,1.3413360864805544,-1.1756751733831416,-4.084407840684124,-0.0699848261443447,14.285714285714286,3,3,base,technical_base,False,"Prices, returns, and baseline technical risk features.",fold_08,False
robust_q25,25th percentile validation Sharpe with turnover and drawdown penalties.,1.5126028787467918,2.035872244889298,0.25,9.015873015873016,-0.0362378576744278,-0.862560928276473,2.3442895583347285,3,1,3,2.4292553913845207,-1.416746921394781,-3.408606626179877,-0.0534411610682298,8.936507936507937,3,3,base_macro_xsec_sector_gated_context,xsec_sector_gated_context,False,Macro baseline plus causal xsec-sector gated interaction context features.,fold_08,True
robust_q25,25th percentile validation Sharpe with turnover and drawdown penalties.,1.3774968355455004,2.0272908185370673,0.25,11.46031746031746,-0.0383890549878468,-0.6831587933784101,1.9603692871708729,3,1,3,2.3802127262660107,-1.756192066193346,-6.526503106219483,-0.0820962136395653,10.61904761904762,3,3,base_macro_xsec_sector_complementarity_v2,xsec_sector_complementarity_v2,False,Macro baseline plus redesigned causal xsec-sector complementarity v2 features.,fold_08,False
robust_q25,25th percentile validation Sharpe with turnover and drawdown penalties.,1.347161188038215,1.9620106969974014,0.25,10.317460317460318,-0.0494882465430852,-0.540457476681433,2.137153290087098,3,1,3,2.003951046331661,-1.374739623328049,-5.44052329766237,-0.0691938173528513,10.317460317460318,3,3,base_macro_hmm,negative_control_hmm,True,HMM-enhanced feature set treated as a negative control.,fold_08,False
robust_q25,25th percentile validation Sharpe with turnover and drawdown penalties.,1.323744471457411,1.9432313165623127,0.25,10.317460317460318,-0.051806914615943,-0.163286960626097,2.067099783293721,3,1,3,2.055309942399673,-0.299003357310777,-1.4361180212341118,-0.056697272382814,10.317460317460318,3,3,base_macro_rates_term_structure_lsc,rates_term_structure_lsc,False,"Macro baseline plus lag-clean Treasury level, slope, and curvature features.",fold_08,False
robust_q25,25th percentile validation Sharpe with turnover and drawdown penalties.,1.2484505155452743,1.865116063846413,0.25,10.666666666666666,-0.0416661074839028,-0.3163454175983592,1.898069369284196,3,1,3,2.196634102846148,-0.7687249332030159,-3.246411923195236,-0.0632125606055895,10.817460317460318,3,3,base_macro_rates_credit_vol_risk_state_context,rates_credit_vol_risk_state_context,False,"Macro baseline plus lag-clean rates, credit, vol proxy, and narrow risk-state gates.",fold_08,False
robust_q25,25th percentile validation Sharpe with turnover and drawdown penalties.,1.1521193516835724,1.6109507506521723,0.25,7.142857142857143,-0.0508442709128714,-0.3744042573746065,1.7646983011175736,3,1,3,1.7565257517545814,-0.8556453840555566,-2.0698760711803432,-0.0609648981375783,7.142857142857143,3,3,base_macro_gru,negative_control_gru,True,GRU-enhanced feature set treated as a negative control.,fold_08,False
robust_q25,25th percentile validation Sharpe with turnover and drawdown penalties.,1.080219397781153,1.8227204078592534,0.25,12.936507936507937,-0.0478378066263518,-0.363136216479792,2.0613817549021105,3,1,3,2.065011654566334,-0.5739110659951314,-2.285415901792154,-0.0549264215744864,12.682539682539682,3,3,base_macro_vol_term_or_implied_vol_proxy,vol_term_or_implied_vol_proxy,False,Macro baseline plus lag-clean implied-volatility term-structure proxy features.,fold_08,False
robust_q25,25th percentile validation Sharpe with turnover and drawdown penalties.,1.0539149538033592,1.9085947940542325,0.25,14.65079365079365,-0.0610700788555953,-0.4285389838424019,2.3964147849661086,3,1,3,2.2698029607006167,-0.8544175584002529,-3.4982751875713203,-0.0642903034643852,14.444444444444445,3,3,base_macro_analyst_or_fund_revision_features,analyst_or_fund_revision_features,False,Macro baseline plus lagged point-in-time fundamental revision proxy features.,fold_08,False
robust_q25,25th percentile validation Sharpe with turnover and drawdown penalties.,0.9845051287435506,1.5456137979628877,0.25,9.46031746031746,-0.044046398101732,-0.3200065678132854,2.154425080796444,3,1,3,2.0854298352792244,-0.455297746797735,-2.067435739022805,-0.0555817810754449,8.793650793650794,3,3,base_macro_xsec_dispersion_correlation_regime,market_internal_dispersion_correlation,False,Macro baseline plus causal cross-sectional dispersion/correlation regime features.,fold_08,False
robust_q25,25th percentile validation Sharpe with turnover and drawdown penalties.,0.8888396608616739,1.4787331222414095,0.25,9.523809523809524,-0.0568514925946297,-0.2593266316682397,1.5757310076817233,3,1,3,1.8473258400216537,-0.4790607876865169,-1.9489792796382743,-0.059227149140233,9.523809523809524,3,3,base_macro_exogenous_plus,calendar_exogenous,False,Baseline technical and macro features plus event/calendar exogenous features.,fold_08,False
robust_q25,25th percentile validation Sharpe with turnover and drawdown penalties.,0.8455573648331137,1.489864897902264,0.25,11.26984126984127,-0.0404077347885433,-0.3120616970353429,1.458938404039526,3,1,3,1.5456119537019295,-0.4823262892303361,-1.898917264802913,-0.0476382321845154,11.317460317460318,3,3,base_macro_credit_stress_proxies,credit_stress_proxies,False,Macro baseline plus lag-clean credit and financial-stress proxy features.,fold_08,False
robust_q25,25th percentile validation Sharpe with turnover and drawdown penalties.,0.5589322998086068,1.2510857955961694,0.25,11.746031746031743,-0.0524259542429877,-0.665687291900494,1.4593329258092376,3,1,3,1.4438019504227633,-0.7045432199935974,-2.824264941336807,-0.071999647197241,11.873015873015872,3,3,base_macro_sector_relative_context,sector_relative_context,False,Macro baseline plus causal sector-relative return context features.,fold_08,False
robust_q25,25th percentile validation Sharpe with turnover and drawdown penalties.,0.5531535135239996,1.2742208303100022,0.25,11.904761904761903,-0.0629146107739537,-0.6432688526905977,1.837690250997044,3,1,3,1.5305214439409571,-0.7747870346785292,-3.4100190205291536,-0.0832232841343527,11.904761904761903,3,3,base_macro_breadth_internal_structure,market_internal_breadth,False,Macro baseline plus causal breadth and participation structure features.,fold_08,False
robust_q25,25th percentile validation Sharpe with turnover and drawdown penalties.,0.4941366696492085,1.2173939441051107,0.25,12.126984126984128,-0.0584540340533479,-0.5789033410936903,2.073922718069339,3,1,3,1.5799761682640692,-0.8287962287433068,-3.737139998542771,-0.0688659196297902,12.07936507936508,3,3,base_macro,macro_context,False,Baseline technical features plus macro context.,fold_08,False
robust_q25,25th percentile validation Sharpe with turnover and drawdown penalties.,0.33887937271238255,1.1736584336885247,0.25,14.285714285714286,-0.0602466733452139,-0.4917576064486001,1.658061560785954,3,1,3,1.3413360864805544,-1.1756751733831416,-4.084407840684124,-0.0699848261443447,14.285714285714286,3,3,base,technical_base,False,"Prices, returns, and baseline technical risk features.",fold_08,False
robust_q25_retention,25th percentile validation Sharpe with retention/generalization uplift and turnover/max-drawdown penalties.,1.6486060804278828,2.035872244889298,0.25,9.015873015873016,-0.0362378576744278,-0.862560928276473,2.3442895583347285,3,1,3,2.4292553913845207,-1.416746921394781,-3.408606626179877,-0.0534411610682298,8.936507936507937,3,3,base_macro_xsec_sector_gated_context,xsec_sector_gated_context,False,Macro baseline plus causal xsec-sector gated interaction context features.,fold_08,True
robust_q25_retention,25th percentile validation Sharpe with retention/generalization uplift and turnover/max-drawdown penalties.,1.5929876987949445,1.9432313165623127,0.25,10.317460317460318,-0.051806914615943,-0.163286960626097,2.067099783293721,3,1,3,2.055309942399673,-0.299003357310777,-1.4361180212341118,-0.056697272382814,10.317460317460318,3,3,base_macro_rates_term_structure_lsc,rates_term_structure_lsc,False,"Macro baseline plus lag-clean Treasury level, slope, and curvature features.",fold_08,False
robust_q25_retention,25th percentile validation Sharpe with retention/generalization uplift and turnover/max-drawdown penalties.,1.5326198123809216,1.9620106969974014,0.25,10.317460317460318,-0.0494882465430852,-0.540457476681433,2.137153290087098,3,1,3,2.003951046331661,-1.374739623328049,-5.44052329766237,-0.0691938173528513,10.317460317460318,3,3,base_macro_hmm,negative_control_hmm,True,HMM-enhanced feature set treated as a negative control.,fold_08,False
robust_q25_retention,25th percentile validation Sharpe with retention/generalization uplift and turnover/max-drawdown penalties.,1.500762530276529,2.0272908185370673,0.25,11.46031746031746,-0.0383890549878468,-0.6831587933784101,1.9603692871708729,3,1,3,2.3802127262660107,-1.756192066193346,-6.526503106219483,-0.0820962136395653,10.61904761904762,3,3,base_macro_xsec_sector_complementarity_v2,xsec_sector_complementarity_v2,False,Macro baseline plus redesigned causal xsec-sector complementarity v2 features.,fold_08,False
robust_q25_retention,25th percentile validation Sharpe with retention/generalization uplift and turnover/max-drawdown penalties.,1.4540745665383137,1.865116063846413,0.25,10.666666666666666,-0.0416661074839028,-0.3163454175983592,1.898069369284196,3,1,3,2.196634102846148,-0.7687249332030159,-3.246411923195236,-0.0632125606055895,10.817460317460318,3,3,base_macro_rates_credit_vol_risk_state_context,rates_credit_vol_risk_state_context,False,"Macro baseline plus lag-clean rates, credit, vol proxy, and narrow risk-state gates.",fold_08,False
robust_q25_retention,25th percentile validation Sharpe with retention/generalization uplift and turnover/max-drawdown penalties.,1.323223032507557,1.6109507506521723,0.25,7.142857142857143,-0.0508442709128714,-0.3744042573746065,1.7646983011175736,3,1,3,1.7565257517545814,-0.8556453840555566,-2.0698760711803432,-0.0609648981375783,7.142857142857143,3,3,base_macro_gru,negative_control_gru,True,GRU-enhanced feature set treated as a negative control.,fold_08,False
robust_q25_retention,25th percentile validation Sharpe with retention/generalization uplift and turnover/max-drawdown penalties.,1.306242425587675,1.9085947940542325,0.25,14.65079365079365,-0.0610700788555953,-0.4285389838424019,2.3964147849661086,3,1,3,2.2698029607006167,-0.8544175584002529,-3.4982751875713203,-0.0642903034643852,14.444444444444445,3,3,base_macro_analyst_or_fund_revision_features,analyst_or_fund_revision_features,False,Macro baseline plus lagged point-in-time fundamental revision proxy features.,fold_08,False
robust_q25_retention,25th percentile validation Sharpe with retention/generalization uplift and turnover/max-drawdown penalties.,1.2986426068965216,1.8227204078592534,0.25,12.936507936507937,-0.0478378066263518,-0.363136216479792,2.0613817549021105,3,1,3,2.065011654566334,-0.5739110659951314,-2.285415901792154,-0.0549264215744864,12.682539682539682,3,3,base_macro_vol_term_or_implied_vol_proxy,vol_term_or_implied_vol_proxy,False,Macro baseline plus lag-clean implied-volatility term-structure proxy features.,fold_08,False
robust_q25_retention,25th percentile validation Sharpe with retention/generalization uplift and turnover/max-drawdown penalties.,1.2276672489096958,1.5456137979628877,0.25,9.46031746031746,-0.044046398101732,-0.3200065678132854,2.154425080796444,3,1,3,2.0854298352792244,-0.455297746797735,-2.067435739022805,-0.0555817810754449,8.793650793650794,3,3,base_macro_xsec_dispersion_correlation_regime,market_internal_dispersion_correlation,False,Macro baseline plus causal cross-sectional dispersion/correlation regime features.,fold_08,False
robust_q25_retention,25th percentile validation Sharpe with retention/generalization uplift and turnover/max-drawdown penalties.,1.0603676540968723,1.4787331222414095,0.25,9.523809523809524,-0.0568514925946297,-0.2593266316682397,1.5757310076817233,3,1,3,1.8473258400216537,-0.4790607876865169,-1.9489792796382743,-0.059227149140233,9.523809523809524,3,3,base_macro_exogenous_plus,calendar_exogenous,False,Baseline technical and macro features plus event/calendar exogenous features.,fold_08,False
robust_q25_retention,25th percentile validation Sharpe with retention/generalization uplift and turnover/max-drawdown penalties.,0.9863827011802069,1.489864897902264,0.25,11.26984126984127,-0.0404077347885433,-0.3120616970353429,1.458938404039526,3,1,3,1.5456119537019295,-0.4823262892303361,-1.898917264802913,-0.0476382321845154,11.317460317460318,3,3,base_macro_credit_stress_proxies,credit_stress_proxies,False,Macro baseline plus lag-clean credit and financial-stress proxy features.,fold_08,False
robust_q25_retention,25th percentile validation Sharpe with retention/generalization uplift and turnover/max-drawdown penalties.,0.6679898380009066,1.2742208303100022,0.25,11.904761904761903,-0.0629146107739537,-0.6432688526905977,1.837690250997044,3,1,3,1.5305214439409571,-0.7747870346785292,-3.4100190205291536,-0.0832232841343527,11.904761904761903,3,3,base_macro_breadth_internal_structure,market_internal_breadth,False,Macro baseline plus causal breadth and participation structure features.,fold_08,False
robust_q25_retention,25th percentile validation Sharpe with retention/generalization uplift and turnover/max-drawdown penalties.,0.6604992420861866,1.2173939441051107,0.25,12.126984126984128,-0.0584540340533479,-0.5789033410936903,2.073922718069339,3,1,3,1.5799761682640692,-0.8287962287433068,-3.737139998542771,-0.0688659196297902,12.07936507936508,3,3,base_macro,macro_context,False,Baseline technical features plus macro context.,fold_08,False
robust_q25_retention,25th percentile validation Sharpe with retention/generalization uplift and turnover/max-drawdown penalties.,0.611410415704869,1.2510857955961694,0.25,11.746031746031743,-0.0524259542429877,-0.665687291900494,1.4593329258092376,3,1,3,1.4438019504227633,-0.7045432199935974,-2.824264941336807,-0.071999647197241,11.873015873015872,3,3,base_macro_sector_relative_context,sector_relative_context,False,Macro baseline plus causal sector-relative return context features.,fold_08,False
robust_q25_retention,25th percentile validation Sharpe with retention/generalization uplift and turnover/max-drawdown penalties.,0.4646492052181256,1.1736584336885247,0.25,14.285714285714286,-0.0602466733452139,-0.4917576064486001,1.658061560785954,3,1,3,1.3413360864805544,-1.1756751733831416,-4.084407840684124,-0.0699848261443447,14.285714285714286,3,3,base,technical_base,False,"Prices, returns, and baseline technical risk features.",fold_08,False
sharpe_only,Baseline rule: median validation Sharpe only.,7.018592361586368,7.018592361586368,0.5,12.096774193548388,-0.0149656955826502,-0.1454526746338239,6.24536369840089,3,1,3,7.018592361586368,-0.9872256741969616,-15.82086772406006,-0.2853555321567562,12.096774193548388,3,3,base_macro_vol_term_or_implied_vol_proxy,vol_term_or_implied_vol_proxy,False,Macro baseline plus lag-clean implied-volatility term-structure proxy features.,fold_09,True
sharpe_only,Baseline rule: median validation Sharpe only.,6.960914845749867,6.960914845749867,0.5,11.629032258064516,-0.0146331968206079,-0.205084236233427,6.918651988104369,3,1,3,6.960914845749867,-1.4493979471270868,-21.498460731184757,-0.2919894600202535,11.548387096774194,3,3,base_macro_hmm,negative_control_hmm,True,HMM-enhanced feature set treated as a negative control.,fold_09,False
sharpe_only,Baseline rule: median validation Sharpe only.,6.517491326729927,6.517491326729927,0.5,14.806451612903226,-0.017444731843602,-0.1878564949546478,6.777934558264284,3,1,3,6.517491326729927,-1.2506849342120032,-20.07431122375699,-0.3067443494462224,14.71774193548387,3,3,base_macro,macro_context,False,Baseline technical features plus macro context.,fold_09,False
sharpe_only,Baseline rule: median validation Sharpe only.,6.181214109316571,6.181214109316571,0.5,12.096774193548388,-0.0164128537907838,-0.1855687282166177,6.943476593608084,3,1,3,6.181214109316571,-1.1775749987068107,-19.66442040525989,-0.3168557304329836,12.096774193548388,3,3,base_macro_rates_credit_vol_risk_state_context,rates_credit_vol_risk_state_context,False,"Macro baseline plus lag-clean rates, credit, vol proxy, and narrow risk-state gates.",fold_09,False
sharpe_only,Baseline rule: median validation Sharpe only.,6.173906207419158,6.173906207419158,0.5,11.129032258064516,-0.0178455017107733,-0.2033962866169811,6.587096426328913,3,1,3,6.173906207419158,-1.255749596510586,-21.37156498226129,-0.3277442453971616,9.693548387096774,3,3,base_macro_xsec_sector_complementarity_v2,xsec_sector_complementarity_v2,False,Macro baseline plus redesigned causal xsec-sector complementarity v2 features.,fold_09,False
sharpe_only,Baseline rule: median validation Sharpe only.,6.120351123342398,6.120351123342398,0.5,12.887096774193548,-0.0195142060533597,-0.2177781126801158,6.226179710117691,3,1,3,6.120351123342398,-1.3328785165811343,-20.64077456253204,-0.3064520335821745,12.85483870967742,3,3,base_macro_gru,negative_control_gru,True,GRU-enhanced feature set treated as a negative control.,fold_09,False
sharpe_only,Baseline rule: median validation Sharpe only.,6.061833829473838,6.061833829473838,0.5,9.919354838709678,-0.0210227915704932,-0.2123150233986065,5.661331754714553,3,1,3,6.061833829473838,-1.2894869773371376,-20.9630786702799,-0.3235803432514126,9.983870967741936,3,3,base_macro_xsec_sector_gated_context,xsec_sector_gated_context,False,Macro baseline plus causal xsec-sector gated interaction context features.,fold_09,False
sharpe_only,Baseline rule: median validation Sharpe only.,5.949773058173199,5.949773058173199,0.5,11.290322580645162,-0.0134771092647215,-0.2188046717936614,5.708452372732994,3,1,3,5.949773058173199,-1.2587106279371578,-20.00858718322032,-0.327881128710857,11.290322580645162,3,3,base,technical_base,False,"Prices, returns, and baseline technical risk features.",fold_09,False
sharpe_only,Baseline rule: median validation Sharpe only.,5.643868162940509,5.643868162940509,0.5,12.903225806451612,-0.0190741164322078,-0.2482404997107591,6.518203738512758,3,1,3,5.643868162940509,-1.4010366530699965,-22.51248809286157,-0.3342329250884396,12.903225806451612,3,3,base_macro_credit_stress_proxies,credit_stress_proxies,False,Macro baseline plus lag-clean credit and financial-stress proxy features.,fold_09,False
sharpe_only,Baseline rule: median validation Sharpe only.,5.614924477775428,5.614924477775428,0.5,14.088709677419354,-0.019607807830547,-0.2178867780793166,5.291983146688333,3,1,3,5.614924477775428,-1.277769913788098,-19.87148079618152,-0.3153282905162005,12.451612903225806,3,3,base_macro_xsec_dispersion_correlation_regime,market_internal_dispersion_correlation,False,Macro baseline plus causal cross-sectional dispersion/correlation regime features.,fold_09,False
sharpe_only,Baseline rule: median validation Sharpe only.,5.59865931033846,5.59865931033846,0.5,11.129032258064516,-0.0250181037117438,-0.2196783314980652,5.522751583902384,3,1,3,5.59865931033846,-1.2299041359212617,-21.018989070471196,-0.3373966460892391,11.112903225806452,3,3,base_macro_exogenous_plus,calendar_exogenous,False,Baseline technical and macro features plus event/calendar exogenous features.,fold_09,False
sharpe_only,Baseline rule: median validation Sharpe only.,5.407712930602705,5.407712930602705,0.5,12.903225806451612,-0.0202281233259202,-0.2465581367837639,6.075274654706819,3,1,3,5.407712930602705,-1.3884409376429443,-22.49687747025929,-0.3491591025436579,12.903225806451612,3,3,base_macro_sector_relative_context,sector_relative_context,False,Macro baseline plus causal sector-relative return context features.,fold_09,False
sharpe_only,Baseline rule: median validation Sharpe only.,4.882452000337744,4.882452000337744,0.5,11.290322580645162,-0.0191712870034913,-0.3280343910462538,5.314369646131748,3,1,3,4.882452000337744,-1.6016121687433558,-24.232033392455666,-0.3171250713524561,12.112903225806452,3,3,base_macro_breadth_internal_structure,market_internal_breadth,False,Macro baseline plus causal breadth and participation structure features.,fold_09,False
sharpe_only,Baseline rule: median validation Sharpe only.,4.59682272661815,4.59682272661815,0.5,13.370967741935484,-0.0208419660950457,-0.3047096342807261,4.205002448503912,3,1,3,4.59682272661815,-1.400696171881147,-23.16407723929825,-0.3387116223846023,13.701612903225806,3,3,base_macro_analyst_or_fund_revision_features,analyst_or_fund_revision_features,False,Macro baseline plus lagged point-in-time fundamental revision proxy features.,fold_09,False
sharpe_only,Baseline rule: median validation Sharpe only.,4.524925222672519,4.524925222672519,0.5,9.67741935483871,-0.0193853097657464,-0.3623878169993041,5.390613293291635,3,1,3,4.524925222672519,-1.6397777735293844,-25.29741351482965,-0.3617252024285552,9.67741935483871,3,3,base_macro_rates_term_structure_lsc,rates_term_structure_lsc,False,"Macro baseline plus lag-clean Treasury level, slope, and curvature features.",fold_09,False
robust_q25,25th percentile validation Sharpe with turnover and drawdown penalties.,6.0038249572265485,6.638595058069269,0.25,12.096774193548388,-0.0149656955826502,-0.1454526746338239,6.24536369840089,3,1,3,7.018592361586368,-0.9872256741969616,-15.82086772406006,-0.2853555321567562,12.096774193548388,3,3,base_macro_vol_term_or_implied_vol_proxy,vol_term_or_implied_vol_proxy,False,Macro baseline plus lag-clean implied-volatility term-structure proxy features.,fold_09,True
robust_q25,25th percentile validation Sharpe with turnover and drawdown penalties.,5.721756706978272,6.496968751310638,0.25,14.806451612903226,-0.017444731843602,-0.1878564949546478,6.777934558264284,3,1,3,6.517491326729927,-1.2506849342120032,-20.07431122375699,-0.3067443494462224,14.71774193548387,3,3,base_macro,macro_context,False,Baseline technical features plus macro context.,fold_09,False
robust_q25,25th percentile validation Sharpe with turnover and drawdown penalties.,5.6917349117087115,6.302452918253152,0.25,11.629032258064516,-0.0146331968206079,-0.205084236233427,6.918651988104369,3,1,3,6.960914845749867,-1.4493979471270868,-21.498460731184757,-0.2919894600202535,11.548387096774194,3,3,base_macro_hmm,negative_control_hmm,True,HMM-enhanced feature set treated as a negative control.,fold_09,False
robust_q25,25th percentile validation Sharpe with turnover and drawdown penalties.,5.4792686855174,6.0172820105938705,0.25,9.919354838709678,-0.0210227915704932,-0.2123150233986065,5.661331754714553,3,1,3,6.061833829473838,-1.2894869773371376,-20.9630786702799,-0.3235803432514126,9.983870967741936,3,3,base_macro_xsec_sector_gated_context,xsec_sector_gated_context,False,Macro baseline plus causal xsec-sector gated interaction context features.,fold_09,False
robust_q25,25th percentile validation Sharpe with turnover and drawdown penalties.,5.356219587777144,5.993884005036131,0.25,12.096774193548388,-0.0164128537907838,-0.1855687282166177,6.943476593608084,3,1,3,6.181214109316571,-1.1775749987068107,-19.66442040525989,-0.3168557304329836,12.096774193548388,3,3,base_macro_rates_credit_vol_risk_state_context,rates_credit_vol_risk_state_context,False,"Macro baseline plus lag-clean rates, credit, vol proxy, and narrow risk-state gates.",fold_09,False
robust_q25,25th percentile validation Sharpe with turnover and drawdown penalties.,4.961390642777271,5.5528609903389725,0.25,11.290322580645162,-0.0134771092647215,-0.2188046717936614,5.708452372732994,3,1,3,5.949773058173199,-1.2587106279371578,-20.00858718322032,-0.327881128710857,11.290322580645162,3,3,base,technical_base,False,"Prices, returns, and baseline technical risk features.",fold_09,False
robust_q25,25th percentile validation Sharpe with turnover and drawdown penalties.,4.740316194178217,5.332458810502989,0.25,11.129032258064516,-0.0178455017107733,-0.2033962866169811,6.587096426328913,3,1,3,6.173906207419158,-1.255749596510586,-21.37156498226129,-0.3277442453971616,9.693548387096774,3,3,base_macro_xsec_sector_complementarity_v2,xsec_sector_complementarity_v2,False,Macro baseline plus redesigned causal xsec-sector complementarity v2 features.,fold_09,False
robust_q25,25th percentile validation Sharpe with turnover and drawdown penalties.,4.692193071097891,5.298680891424604,0.25,11.129032258064516,-0.0250181037117438,-0.2196783314980652,5.522751583902384,3,1,3,5.59865931033846,-1.2299041359212617,-21.018989070471196,-0.3373966460892391,11.112903225806452,3,3,base_macro_exogenous_plus,calendar_exogenous,False,Baseline technical and macro features plus event/calendar exogenous features.,fold_09,False
robust_q25,25th percentile validation Sharpe with turnover and drawdown penalties.,4.680258068741208,5.363567591928204,0.25,12.903225806451612,-0.0190741164322078,-0.2482404997107591,6.518203738512758,3,1,3,5.643868162940509,-1.4010366530699965,-22.51248809286157,-0.3342329250884396,12.903225806451612,3,3,base_macro_credit_stress_proxies,credit_stress_proxies,False,Macro baseline plus lag-clean credit and financial-stress proxy features.,fold_09,False
robust_q25,25th percentile validation Sharpe with turnover and drawdown penalties.,4.677839541273937,5.361222792090334,0.25,12.887096774193548,-0.0195142060533597,-0.2177781126801158,6.226179710117691,3,1,3,6.120351123342398,-1.3328785165811343,-20.64077456253204,-0.3064520335821745,12.85483870967742,3,3,base_macro_gru,negative_control_gru,True,GRU-enhanced feature set treated as a negative control.,fold_09,False
robust_q25,25th percentile validation Sharpe with turnover and drawdown penalties.,4.421587901577209,5.165239001109271,0.25,14.088709677419354,-0.019607807830547,-0.2178867780793166,5.291983146688333,3,1,3,5.614924477775428,-1.277769913788098,-19.87148079618152,-0.3153282905162005,12.451612903225806,3,3,base_macro_xsec_dispersion_correlation_regime,market_internal_dispersion_correlation,False,Macro baseline plus causal cross-sectional dispersion/correlation regime features.,fold_09,False
robust_q25,25th percentile validation Sharpe with turnover and drawdown penalties.,4.209548183338541,4.895165720312962,0.25,12.903225806451612,-0.0202281233259202,-0.2465581367837639,6.075274654706819,3,1,3,5.407712930602705,-1.3884409376429443,-22.49687747025929,-0.3491591025436579,12.903225806451612,3,3,base_macro_sector_relative_context,sector_relative_context,False,Macro baseline plus causal sector-relative return context features.,fold_09,False
robust_q25,25th percentile validation Sharpe with turnover and drawdown penalties.,3.9332588102767696,4.455900397550198,0.25,9.67741935483871,-0.0193853097657464,-0.3623878169993041,5.390613293291635,3,1,3,4.524925222672519,-1.6397777735293844,-25.29741351482965,-0.3617252024285552,9.67741935483871,3,3,base_macro_rates_term_structure_lsc,rates_term_structure_lsc,False,"Macro baseline plus lag-clean Treasury level, slope, and curvature features.",fold_09,False
robust_q25,25th percentile validation Sharpe with turnover and drawdown penalties.,3.6959653702708146,4.40619768955768,0.25,13.370967741935484,-0.0208419660950457,-0.3047096342807261,4.205002448503912,3,1,3,4.59682272661815,-1.400696171881147,-23.16407723929825,-0.3387116223846023,13.701612903225806,3,3,base_macro_analyst_or_fund_revision_features,analyst_or_fund_revision_features,False,Macro baseline plus lagged point-in-time fundamental revision proxy features.,fold_09,False
robust_q25,25th percentile validation Sharpe with turnover and drawdown penalties.,3.6590079134296474,4.261866616468888,0.25,11.290322580645162,-0.0191712870034913,-0.3280343910462538,5.314369646131748,3,1,3,4.882452000337744,-1.6016121687433558,-24.232033392455666,-0.3171250713524561,12.112903225806452,3,3,base_macro_breadth_internal_structure,market_internal_breadth,False,Macro baseline plus causal breadth and participation structure features.,fold_09,False
robust_q25_retention,25th percentile validation Sharpe with retention/generalization uplift and turnover/max-drawdown penalties.,6.904266343328226,6.638595058069269,0.25,12.096774193548388,-0.0149656955826502,-0.1454526746338239,6.24536369840089,3,1,3,7.018592361586368,-0.9872256741969616,-15.82086772406006,-0.2853555321567562,12.096774193548388,3,3,base_macro_vol_term_or_implied_vol_proxy,vol_term_or_implied_vol_proxy,False,Macro baseline plus lag-clean implied-volatility term-structure proxy features.,fold_09,True
robust_q25_retention,25th percentile validation Sharpe with retention/generalization uplift and turnover/max-drawdown penalties.,6.691482766979253,6.496968751310638,0.25,14.806451612903226,-0.017444731843602,-0.1878564949546478,6.777934558264284,3,1,3,6.517491326729927,-1.2506849342120032,-20.07431122375699,-0.3067443494462224,14.71774193548387,3,3,base_macro,macro_context,False,Baseline technical features plus macro context.,fold_09,False
robust_q25_retention,25th percentile validation Sharpe with retention/generalization uplift and turnover/max-drawdown penalties.,6.67826165086601,6.302452918253152,0.25,11.629032258064516,-0.0146331968206079,-0.205084236233427,6.918651988104369,3,1,3,6.960914845749867,-1.4493979471270868,-21.498460731184757,-0.2919894600202535,11.548387096774194,3,3,base_macro_hmm,negative_control_hmm,True,HMM-enhanced feature set treated as a negative control.,fold_09,False
robust_q25_retention,25th percentile validation Sharpe with retention/generalization uplift and turnover/max-drawdown penalties.,6.351348894764202,5.993884005036131,0.25,12.096774193548388,-0.0164128537907838,-0.1855687282166177,6.943476593608084,3,1,3,6.181214109316571,-1.1775749987068107,-19.66442040525989,-0.3168557304329836,12.096774193548388,3,3,base_macro_rates_credit_vol_risk_state_context,rates_credit_vol_risk_state_context,False,"Macro baseline plus lag-clean rates, credit, vol proxy, and narrow risk-state gates.",fold_09,False
robust_q25_retention,25th percentile validation Sharpe with retention/generalization uplift and turnover/max-drawdown penalties.,6.275389692874932,6.0172820105938705,0.25,9.919354838709678,-0.0210227915704932,-0.2123150233986065,5.661331754714553,3,1,3,6.061833829473838,-1.2894869773371376,-20.9630786702799,-0.3235803432514126,9.983870967741936,3,3,base_macro_xsec_sector_gated_context,xsec_sector_gated_context,False,Macro baseline plus causal xsec-sector gated interaction context features.,fold_09,False
robust_q25_retention,25th percentile validation Sharpe with retention/generalization uplift and turnover/max-drawdown penalties.,5.7629573307388045,5.5528609903389725,0.25,11.290322580645162,-0.0134771092647215,-0.2188046717936614,5.708452372732994,3,1,3,5.949773058173199,-1.2587106279371578,-20.00858718322032,-0.327881128710857,11.290322580645162,3,3,base,technical_base,False,"Prices, returns, and baseline technical risk features.",fold_09,False
robust_q25_retention,25th percentile validation Sharpe with retention/generalization uplift and turnover/max-drawdown penalties.,5.677531586473308,5.332458810502989,0.25,11.129032258064516,-0.0178455017107733,-0.2033962866169811,6.587096426328913,3,1,3,6.173906207419158,-1.255749596510586,-21.37156498226129,-0.3277442453971616,9.693548387096774,3,3,base_macro_xsec_sector_complementarity_v2,xsec_sector_complementarity_v2,False,Macro baseline plus redesigned causal xsec-sector complementarity v2 features.,fold_09,False
robust_q25_retention,25th percentile validation Sharpe with retention/generalization uplift and turnover/max-drawdown penalties.,5.5959285045904315,5.363567591928204,0.25,12.903225806451612,-0.0190741164322078,-0.2482404997107591,6.518203738512758,3,1,3,5.643868162940509,-1.4010366530699965,-22.51248809286157,-0.3342329250884396,12.903225806451612,3,3,base_macro_credit_stress_proxies,credit_stress_proxies,False,Macro baseline plus lag-clean credit and financial-stress proxy features.,fold_09,False
robust_q25_retention,25th percentile validation Sharpe with retention/generalization uplift and turnover/max-drawdown penalties.,5.5573219696215626,5.361222792090334,0.25,12.887096774193548,-0.0195142060533597,-0.2177781126801158,6.226179710117691,3,1,3,6.120351123342398,-1.3328785165811343,-20.64077456253204,-0.3064520335821745,12.85483870967742,3,3,base_macro_gru,negative_control_gru,True,GRU-enhanced feature set treated as a negative control.,fold_09,False
robust_q25_retention,25th percentile validation Sharpe with retention/generalization uplift and turnover/max-drawdown penalties.,5.4656862258087315,5.298680891424604,0.25,11.129032258064516,-0.0250181037117438,-0.2196783314980652,5.522751583902384,3,1,3,5.59865931033846,-1.2299041359212617,-21.018989070471196,-0.3373966460892391,11.112903225806452,3,3,base_macro_exogenous_plus,calendar_exogenous,False,Baseline technical and macro features plus event/calendar exogenous features.,fold_09,False
robust_q25_retention,25th percentile validation Sharpe with retention/generalization uplift and turnover/max-drawdown penalties.,5.16091367906063,5.165239001109271,0.25,14.088709677419354,-0.019607807830547,-0.2178867780793166,5.291983146688333,3,1,3,5.614924477775428,-1.277769913788098,-19.87148079618152,-0.3153282905162005,12.451612903225806,3,3,base_macro_xsec_dispersion_correlation_regime,market_internal_dispersion_correlation,False,Macro baseline plus causal cross-sectional dispersion/correlation regime features.,fold_09,False
robust_q25_retention,25th percentile validation Sharpe with retention/generalization uplift and turnover/max-drawdown penalties.,5.059199847348622,4.895165720312962,0.25,12.903225806451612,-0.0202281233259202,-0.2465581367837639,6.075274654706819,3,1,3,5.407712930602705,-1.3884409376429443,-22.49687747025929,-0.3491591025436579,12.903225806451612,3,3,base_macro_sector_relative_context,sector_relative_context,False,Macro baseline plus causal sector-relative return context features.,fold_09,False
robust_q25_retention,25th percentile validation Sharpe with retention/generalization uplift and turnover/max-drawdown penalties.,4.651253850020688,4.455900397550198,0.25,9.67741935483871,-0.0193853097657464,-0.3623878169993041,5.390613293291635,3,1,3,4.524925222672519,-1.6397777735293844,-25.29741351482965,-0.3617252024285552,9.67741935483871,3,3,base_macro_rates_term_structure_lsc,rates_term_structure_lsc,False,"Macro baseline plus lag-clean Treasury level, slope, and curvature features.",fold_09,False
robust_q25_retention,25th percentile validation Sharpe with retention/generalization uplift and turnover/max-drawdown penalties.,4.374154762587846,4.261866616468888,0.25,11.290322580645162,-0.0191712870034913,-0.3280343910462538,5.314369646131748,3,1,3,4.882452000337744,-1.6016121687433558,-24.232033392455666,-0.3171250713524561,12.112903225806452,3,3,base_macro_breadth_internal_structure,market_internal_breadth,False,Macro baseline plus causal breadth and participation structure features.,fold_09,False
robust_q25_retention,25th percentile validation Sharpe with retention/generalization uplift and turnover/max-drawdown penalties.,4.250538328976219,4.40619768955768,0.25,13.370967741935484,-0.0208419660950457,-0.3047096342807261,4.205002448503912,3,1,3,4.59682272661815,-1.400696171881147,-23.16407723929825,-0.3387116223846023,13.701612903225806,3,3,base_macro_analyst_or_fund_revision_features,analyst_or_fund_revision_features,False,Macro baseline plus lagged point-in-time fundamental revision proxy features.,fold_09,False
sharpe_only,Baseline rule: median validation Sharpe only.,2.609002922945354,2.609002922945354,0.5,13.314516129032258,-0.0624241384949502,0.4982835506497529,3.535583359228576,3,1,3,2.609002922945354,1.2757809728327725,5.410474022376244,-0.089670829377073,13.19047619047619,3,3,base_macro_xsec_sector_complementarity_v2,xsec_sector_complementarity_v2,False,Macro baseline plus redesigned causal xsec-sector complementarity v2 features.,fold_10,True
sharpe_only,Baseline rule: median validation Sharpe only.,2.596134657686767,2.596134657686767,0.5,14.129032258064516,-0.0755019617339846,0.6322821128725153,3.250387674162266,3,1,3,2.596134657686767,1.6414895066637534,7.617274661651985,-0.0988876380963942,13.26984126984127,3,3,base_macro_gru,negative_control_gru,True,GRU-enhanced feature set treated as a negative control.,fold_10,False
sharpe_only,Baseline rule: median validation Sharpe only.,2.507313422217781,2.507313422217781,0.5,11.709677419354838,-0.0594923028262213,0.6891653088229541,3.514115818474388,3,1,3,2.507313422217781,1.638323638777425,7.983434384337995,-0.1016976066634183,10.492063492063492,3,3,base_macro_rates_credit_vol_risk_state_context,rates_credit_vol_risk_state_context,False,"Macro baseline plus lag-clean rates, credit, vol proxy, and narrow risk-state gates.",fold_10,False
sharpe_only,Baseline rule: median validation Sharpe only.,2.489043496748102,2.489043496748102,0.5,12.096774193548388,-0.0620161118323575,0.5037598530427587,3.2866650924573486,3,1,3,2.489043496748102,1.343968185554974,5.912426208133659,-0.0981568896604065,11.904761904761903,3,3,base,technical_base,False,"Prices, returns, and baseline technical risk features.",fold_10,False
sharpe_only,Baseline rule: median validation Sharpe only.,2.4745985648429016,2.4745985648429016,0.5,12.758064516129032,-0.0730232359836142,0.6893952147852064,3.6056554598156496,3,1,3,2.4745985648429016,1.8259079492649783,7.734719844184457,-0.0937606048791517,12.84920634920635,3,3,base_macro,macro_context,False,Baseline technical features plus macro context.,fold_10,False
sharpe_only,Baseline rule: median validation Sharpe only.,2.471780839854615,2.471780839854615,0.5,9.67741935483871,-0.0954698839559239,0.6361393251207481,3.6442852153982126,3,1,3,2.471780839854615,1.5743782204209908,7.080996663700834,-0.1030446444637206,9.523809523809524,3,3,base_macro_credit_stress_proxies,credit_stress_proxies,False,Macro baseline plus lag-clean credit and financial-stress proxy features.,fold_10,False
sharpe_only,Baseline rule: median validation Sharpe only.,2.388170248129639,2.388170248129639,0.5,11.290322580645162,-0.078965606636331,0.5337948270832547,3.5994977594087647,3,1,3,2.388170248129639,1.274792924645734,4.968574659411607,-0.0909623483466558,11.11111111111111,3,3,base_macro_vol_term_or_implied_vol_proxy,vol_term_or_implied_vol_proxy,False,Macro baseline plus lag-clean implied-volatility term-structure proxy features.,fold_10,False
sharpe_only,Baseline rule: median validation Sharpe only.,2.384471366658085,2.384471366658085,0.5,10.741935483870968,-0.0875173266503924,0.7293476532496381,3.6294369417211256,3,1,3,2.384471366658085,1.7391085955130317,6.791435879524221,-0.0903012775623399,10.80952380952381,3,3,base_macro_analyst_or_fund_revision_features,analyst_or_fund_revision_features,False,Macro baseline plus lagged point-in-time fundamental revision proxy features.,fold_10,False
sharpe_only,Baseline rule: median validation Sharpe only.,2.3798606555253663,2.3798606555253663,0.5,11.96774193548387,-0.0583056333843209,0.723319766832401,3.371113480122604,3,1,3,2.3798606555253663,2.0401848814525945,9.26531301249771,-0.0856339892346855,12.404761904761903,3,3,base_macro_rates_term_structure_lsc,rates_term_structure_lsc,False,"Macro baseline plus lag-clean Treasury level, slope, and curvature features.",fold_10,False
sharpe_only,Baseline rule: median validation Sharpe only.,2.354144946437935,2.354144946437935,0.5,9.67741935483871,-0.0648548229039494,0.4658177704335244,2.867572823255903,3,1,3,2.354144946437935,1.0966025502270678,4.413280081478099,-0.0898296953648896,9.523809523809524,3,3,base_macro_xsec_sector_gated_context,xsec_sector_gated_context,False,Macro baseline plus causal xsec-sector gated interaction context features.,fold_10,False
sharpe_only,Baseline rule: median validation Sharpe only.,2.285961021111143,2.285961021111143,0.5,10.403225806451612,-0.0891404459782079,0.4083929486370846,3.806536258355314,3,1,3,2.285961021111143,0.9949614467416068,4.052145094067394,-0.0862703065198498,11.5,3,3,base_macro_hmm,negative_control_hmm,True,HMM-enhanced feature set treated as a negative control.,fold_10,False
sharpe_only,Baseline rule: median validation Sharpe only.,2.2587389280645445,2.2587389280645445,0.5,11.290322580645162,-0.0777561227527244,0.5787947827006473,3.7514387604361232,3,1,3,2.2587389280645445,1.3525327581055029,5.875951525836154,-0.0956047610804915,11.11111111111111,3,3,base_macro_xsec_dispersion_correlation_regime,market_internal_dispersion_correlation,False,Macro baseline plus causal cross-sectional dispersion/correlation regime features.,fold_10,False
sharpe_only,Baseline rule: median validation Sharpe only.,2.1756880032453285,2.1756880032453285,0.5,11.306451612903226,-0.0844471191484032,0.5976936016213198,3.642811818055425,3,1,3,2.1756880032453285,1.509933253164233,7.244364230492395,-0.1018563801765802,11.11111111111111,3,3,base_macro_sector_relative_context,sector_relative_context,False,Macro baseline plus causal sector-relative return context features.,fold_10,False
sharpe_only,Baseline rule: median validation Sharpe only.,2.0911714400674057,2.0911714400674057,0.5,12.53225806451613,-0.0657484333822411,0.5498288377167591,3.2031884517421294,3,1,3,2.0911714400674057,1.370530834360551,5.319004774796676,-0.0870535832032851,12.571428571428571,3,3,base_macro_breadth_internal_structure,market_internal_breadth,False,Macro baseline plus causal breadth and participation structure features.,fold_10,False
sharpe_only,Baseline rule: median validation Sharpe only.,2.067308170295865,2.067308170295865,0.5,8.870967741935484,-0.0789005046622387,0.4114387547892883,4.031537128184793,3,1,3,2.067308170295865,1.1659277638506251,5.003385238825975,-0.0851471497329868,8.73015873015873,3,3,base_macro_exogenous_plus,calendar_exogenous,False,Baseline technical and macro features plus event/calendar exogenous features.,fold_10,False
robust_q25,25th percentile validation Sharpe with turnover and drawdown penalties.,1.79410306431378,2.5846771477552934,0.25,13.314516129032258,-0.0624241384949502,0.4982835506497529,3.535583359228576,3,1,3,2.609002922945354,1.2757809728327725,5.410474022376244,-0.089670829377073,13.19047619047619,3,3,base_macro_xsec_sector_complementarity_v2,xsec_sector_complementarity_v2,False,Macro baseline plus redesigned causal xsec-sector complementarity v2 features.,fold_10,True
robust_q25,25th percentile validation Sharpe with turnover and drawdown penalties.,1.751056506217985,2.4799274395601194,0.25,12.096774193548388,-0.0620161118323575,0.5037598530427587,3.2866650924573486,3,1,3,2.489043496748102,1.343968185554974,5.912426208133659,-0.0981568896604065,11.904761904761903,3,3,base,technical_base,False,"Prices, returns, and baseline technical risk features.",fold_10,False
robust_q25,25th percentile validation Sharpe with turnover and drawdown penalties.,1.7176391198921792,2.5750946562633743,0.25,14.129032258064516,-0.0755019617339846,0.6322821128725153,3.250387674162266,3,1,3,2.596134657686767,1.6414895066637534,7.617274661651985,-0.0988876380963942,13.26984126984127,3,3,base_macro_gru,negative_control_gru,True,GRU-enhanced feature set treated as a negative control.,fold_10,False
robust_q25,25th percentile validation Sharpe with turnover and drawdown penalties.,1.6735733367304468,2.457523034504127,0.25,12.758064516129032,-0.0730232359836142,0.6893952147852064,3.6056554598156496,3,1,3,2.4745985648429016,1.8259079492649783,7.734719844184457,-0.0937606048791517,12.84920634920635,3,3,base_macro,macro_context,False,Baseline technical features plus macro context.,fold_10,False
robust_q25,25th percentile validation Sharpe with turnover and drawdown penalties.,1.6710548959106304,2.3831863234049635,0.25,10.741935483870968,-0.0875173266503924,0.7293476532496381,3.6294369417211256,3,1,3,2.384471366658085,1.7391085955130317,6.791435879524221,-0.0903012775623399,10.80952380952381,3,3,base_macro_analyst_or_fund_revision_features,analyst_or_fund_revision_features,False,Macro baseline plus lagged point-in-time fundamental revision proxy features.,fold_10,False
robust_q25,25th percentile validation Sharpe with turnover and drawdown penalties.,1.6277719430198507,2.342770306562686,0.25,11.96774193548387,-0.0583056333843209,0.723319766832401,3.371113480122604,3,1,3,2.3798606555253663,2.0401848814525945,9.26531301249771,-0.0856339892346855,12.404761904761903,3,3,base_macro_rates_term_structure_lsc,rates_term_structure_lsc,False,"Macro baseline plus lag-clean Treasury level, slope, and curvature features.",fold_10,False
robust_q25,25th percentile validation Sharpe with turnover and drawdown penalties.,1.5997914161233306,2.213372029673165,0.25,9.67741935483871,-0.0648548229039494,0.4658177704335244,2.867572823255903,3,1,3,2.354144946437935,1.0966025502270678,4.413280081478099,-0.0898296953648896,9.523809523809524,3,3,base_macro_xsec_sector_gated_context,xsec_sector_gated_context,False,Macro baseline plus causal xsec-sector gated interaction context features.,fold_10,False
robust_q25,25th percentile validation Sharpe with turnover and drawdown penalties.,1.571868785349861,2.2703109676288573,0.25,10.403225806451612,-0.0891404459782079,0.4083929486370846,3.806536258355314,3,1,3,2.285961021111143,0.9949614467416068,4.052145094067394,-0.0862703065198498,11.5,3,3,base_macro_hmm,negative_control_hmm,True,HMM-enhanced feature set treated as a negative control.,fold_10,False
robust_q25,25th percentile validation Sharpe with turnover and drawdown penalties.,1.5207101326166983,2.240738507154405,0.25,11.290322580645162,-0.0777561227527244,0.5787947827006473,3.7514387604361232,3,1,3,2.2587389280645445,1.3525327581055029,5.875951525836154,-0.0956047610804915,11.11111111111111,3,3,base_macro_xsec_dispersion_correlation_regime,market_internal_dispersion_correlation,False,Macro baseline plus causal cross-sectional dispersion/correlation regime features.,fold_10,False
robust_q25,25th percentile validation Sharpe with turnover and drawdown penalties.,1.4965273179314569,2.1713380535852402,0.25,9.67741935483871,-0.0954698839559239,0.6361393251207481,3.6442852153982126,3,1,3,2.471780839854615,1.5743782204209908,7.080996663700834,-0.1030446444637206,9.523809523809524,3,3,base_macro_credit_stress_proxies,credit_stress_proxies,False,Macro baseline plus lag-clean credit and financial-stress proxy features.,fold_10,False
robust_q25,25th percentile validation Sharpe with turnover and drawdown penalties.,1.4822195689275228,2.204666911232443,0.25,11.290322580645162,-0.078965606636331,0.5337948270832547,3.5994977594087647,3,1,3,2.388170248129639,1.274792924645734,4.968574659411607,-0.0909623483466558,11.11111111111111,3,3,base_macro_vol_term_or_implied_vol_proxy,vol_term_or_implied_vol_proxy,False,Macro baseline plus lag-clean implied-volatility term-structure proxy features.,fold_10,False
robust_q25,25th percentile validation Sharpe with turnover and drawdown penalties.,1.474060514795144,2.1785289914153285,0.25,11.709677419354838,-0.0594923028262213,0.6891653088229541,3.514115818474388,3,1,3,2.507313422217781,1.638323638777425,7.983434384337995,-0.1016976066634183,10.492063492063492,3,3,base_macro_rates_credit_vol_risk_state_context,rates_credit_vol_risk_state_context,False,"Macro baseline plus lag-clean rates, credit, vol proxy, and narrow risk-state gates.",fold_10,False
robust_q25,25th percentile validation Sharpe with turnover and drawdown penalties.,1.4378581776633508,2.1720749966053186,0.25,11.306451612903226,-0.0844471191484032,0.5976936016213198,3.642811818055425,3,1,3,2.1756880032453285,1.509933253164233,7.244364230492395,-0.1018563801765802,11.11111111111111,3,3,base_macro_sector_relative_context,sector_relative_context,False,Macro baseline plus causal sector-relative return context features.,fold_10,False
robust_q25,25th percentile validation Sharpe with turnover and drawdown penalties.,1.4197428338484173,2.021092230269669,0.25,8.870967741935484,-0.0789005046622387,0.4114387547892883,4.031537128184793,3,1,3,2.067308170295865,1.1659277638506251,5.003385238825975,-0.0851471497329868,8.73015873015873,3,3,base_macro_exogenous_plus,calendar_exogenous,False,Baseline technical and macro features plus event/calendar exogenous features.,fold_10,False
robust_q25,25th percentile validation Sharpe with turnover and drawdown penalties.,1.2816677172395285,2.0397774872298173,0.25,12.53225806451613,-0.0657484333822411,0.5498288377167591,3.2031884517421294,3,1,3,2.0911714400674057,1.370530834360551,5.319004774796676,-0.0870535832032851,12.571428571428571,3,3,base_macro_breadth_internal_structure,market_internal_breadth,False,Macro baseline plus causal breadth and participation structure features.,fold_10,False
robust_q25_retention,25th percentile validation Sharpe with retention/generalization uplift and turnover/max-drawdown penalties.,2.4490114558605045,2.5846771477552934,0.25,13.314516129032258,-0.0624241384949502,0.4982835506497529,3.535583359228576,3,1,3,2.609002922945354,1.2757809728327725,5.410474022376244,-0.089670829377073,13.19047619047619,3,3,base_macro_xsec_sector_complementarity_v2,xsec_sector_complementarity_v2,False,Macro baseline plus redesigned causal xsec-sector complementarity v2 features.,fold_10,True
robust_q25_retention,25th percentile validation Sharpe with retention/generalization uplift and turnover/max-drawdown penalties.,2.3978073504812087,2.3831863234049635,0.25,10.741935483870968,-0.0875173266503924,0.7293476532496381,3.6294369417211256,3,1,3,2.384471366658085,1.7391085955130317,6.791435879524221,-0.0903012775623399,10.80952380952381,3,3,base_macro_analyst_or_fund_revision_features,analyst_or_fund_revision_features,False,Macro baseline plus lagged point-in-time fundamental revision proxy features.,fold_10,False
robust_q25_retention,25th percentile validation Sharpe with retention/generalization uplift and turnover/max-drawdown penalties.,2.3867704593990955,2.457523034504127,0.25,12.758064516129032,-0.0730232359836142,0.6893952147852064,3.6056554598156496,3,1,3,2.4745985648429016,1.8259079492649783,7.734719844184457,-0.0937606048791517,12.84920634920635,3,3,base_macro,macro_context,False,Baseline technical features plus macro context.,fold_10,False
robust_q25_retention,25th percentile validation Sharpe with retention/generalization uplift and turnover/max-drawdown penalties.,2.369996233347277,2.4799274395601194,0.25,12.096774193548388,-0.0620161118323575,0.5037598530427587,3.2866650924573486,3,1,3,2.489043496748102,1.343968185554974,5.912426208133659,-0.0981568896604065,11.904761904761903,3,3,base,technical_base,False,"Prices, returns, and baseline technical risk features.",fold_10,False
robust_q25_retention,25th percentile validation Sharpe with retention/generalization uplift and turnover/max-drawdown penalties.,2.363267799234648,2.5750946562633743,0.25,14.129032258064516,-0.0755019617339846,0.6322821128725153,3.250387674162266,3,1,3,2.596134657686767,1.6414895066637534,7.617274661651985,-0.0988876380963942,13.26984126984127,3,3,base_macro_gru,negative_control_gru,True,GRU-enhanced feature set treated as a negative control.,fold_10,False
robust_q25_retention,25th percentile validation Sharpe with retention/generalization uplift and turnover/max-drawdown penalties.,2.3142689067463413,2.342770306562686,0.25,11.96774193548387,-0.0583056333843209,0.723319766832401,3.371113480122604,3,1,3,2.3798606555253663,2.0401848814525945,9.26531301249771,-0.0856339892346855,12.404761904761903,3,3,base_macro_rates_term_structure_lsc,rates_term_structure_lsc,False,"Macro baseline plus lag-clean Treasury level, slope, and curvature features.",fold_10,False
robust_q25_retention,25th percentile validation Sharpe with retention/generalization uplift and turnover/max-drawdown penalties.,2.244947461262429,2.2703109676288573,0.25,10.403225806451612,-0.0891404459782079,0.4083929486370846,3.806536258355314,3,1,3,2.285961021111143,0.9949614467416068,4.052145094067394,-0.0862703065198498,11.5,3,3,base_macro_hmm,negative_control_hmm,True,HMM-enhanced feature set treated as a negative control.,fold_10,False
robust_q25_retention,25th percentile validation Sharpe with retention/generalization uplift and turnover/max-drawdown penalties.,2.2281246423572787,2.240738507154405,0.25,11.290322580645162,-0.0777561227527244,0.5787947827006473,3.7514387604361232,3,1,3,2.2587389280645445,1.3525327581055029,5.875951525836154,-0.0956047610804915,11.11111111111111,3,3,base_macro_xsec_dispersion_correlation_regime,market_internal_dispersion_correlation,False,Macro baseline plus causal cross-sectional dispersion/correlation regime features.,fold_10,False
robust_q25_retention,25th percentile validation Sharpe with retention/generalization uplift and turnover/max-drawdown penalties.,2.202204931521376,2.1713380535852402,0.25,9.67741935483871,-0.0954698839559239,0.6361393251207481,3.6442852153982126,3,1,3,2.471780839854615,1.5743782204209908,7.080996663700834,-0.1030446444637206,9.523809523809524,3,3,base_macro_credit_stress_proxies,credit_stress_proxies,False,Macro baseline plus lag-clean credit and financial-stress proxy features.,fold_10,False
robust_q25_retention,25th percentile validation Sharpe with retention/generalization uplift and turnover/max-drawdown penalties.,2.173469214772041,2.1785289914153285,0.25,11.709677419354838,-0.0594923028262213,0.6891653088229541,3.514115818474388,3,1,3,2.507313422217781,1.638323638777425,7.983434384337995,-0.1016976066634183,10.492063492063492,3,3,base_macro_rates_credit_vol_risk_state_context,rates_credit_vol_risk_state_context,False,"Macro baseline plus lag-clean rates, credit, vol proxy, and narrow risk-state gates.",fold_10,False
robust_q25_retention,25th percentile validation Sharpe with retention/generalization uplift and turnover/max-drawdown penalties.,2.1555929396096514,2.204666911232443,0.25,11.290322580645162,-0.078965606636331,0.5337948270832547,3.5994977594087647,3,1,3,2.388170248129639,1.274792924645734,4.968574659411607,-0.0909623483466558,11.11111111111111,3,3,base_macro_vol_term_or_implied_vol_proxy,vol_term_or_implied_vol_proxy,False,Macro baseline plus lag-clean implied-volatility term-structure proxy features.,fold_10,False
robust_q25_retention,25th percentile validation Sharpe with retention/generalization uplift and turnover/max-drawdown penalties.,2.146381782220097,2.213372029673165,0.25,9.67741935483871,-0.0648548229039494,0.4658177704335244,2.867572823255903,3,1,3,2.354144946437935,1.0966025502270678,4.413280081478099,-0.0898296953648896,9.523809523809524,3,3,base_macro_xsec_sector_gated_context,xsec_sector_gated_context,False,Macro baseline plus causal xsec-sector gated interaction context features.,fold_10,False
robust_q25_retention,25th percentile validation Sharpe with retention/generalization uplift and turnover/max-drawdown penalties.,2.1337033507769947,2.1720749966053186,0.25,11.306451612903226,-0.0844471191484032,0.5976936016213198,3.642811818055425,3,1,3,2.1756880032453285,1.509933253164233,7.244364230492395,-0.1018563801765802,11.11111111111111,3,3,base_macro_sector_relative_context,sector_relative_context,False,Macro baseline plus causal sector-relative return context features.,fold_10,False
robust_q25_retention,25th percentile validation Sharpe with retention/generalization uplift and turnover/max-drawdown penalties.,2.1273330917734583,2.021092230269669,0.25,8.870967741935484,-0.0789005046622387,0.4114387547892883,4.031537128184793,3,1,3,2.067308170295865,1.1659277638506251,5.003385238825975,-0.0851471497329868,8.73015873015873,3,3,base_macro_exogenous_plus,calendar_exogenous,False,Baseline technical and macro features plus event/calendar exogenous features.,fold_10,False
robust_q25_retention,25th percentile validation Sharpe with retention/generalization uplift and turnover/max-drawdown penalties.,1.8996031944300378,2.0397774872298173,0.25,12.53225806451613,-0.0657484333822411,0.5498288377167591,3.2031884517421294,3,1,3,2.0911714400674057,1.370530834360551,5.319004774796676,-0.0870535832032851,12.571428571428571,3,3,base_macro_breadth_internal_structure,market_internal_breadth,False,Macro baseline plus causal breadth and participation structure features.,fold_10,False
sharpe_only,Baseline rule: median validation Sharpe only.,3.189022924992049,3.189022924992049,0.5,12.096774193548388,-0.0881737714703612,0.8437010118766566,5.211004015109776,3,1,3,3.189022924992049,2.631767369556407,10.799787371604918,-0.0531208461563658,12.295081967213116,3,3,base_macro,macro_context,False,Baseline technical features plus macro context.,fold_11,True
sharpe_only,Baseline rule: median validation Sharpe only.,3.1228184455738424,3.1228184455738424,0.5,11.290322580645162,-0.0839185564297532,1.0211729939737453,3.9797729282197305,3,1,3,3.1228184455738424,2.531494295186559,9.722435013165253,-0.0414394215943619,11.475409836065571,3,3,base_macro_hmm,negative_control_hmm,True,HMM-enhanced feature set treated as a negative control.,fold_11,False
sharpe_only,Baseline rule: median validation Sharpe only.,3.0666525616141405,3.0666525616141405,0.5,9.67741935483871,-0.0780796436844886,0.7863830542960154,4.638745694255588,3,1,3,3.0666525616141405,2.297641076528674,8.502916910119618,-0.0530887488437692,9.836065573770492,3,3,base,technical_base,False,"Prices, returns, and baseline technical risk features.",fold_11,False
sharpe_only,Baseline rule: median validation Sharpe only.,3.027975052931994,3.027975052931994,0.5,14.85483870967742,-0.0796381525174921,0.98277747991976,4.385507697586752,3,1,3,3.027975052931994,2.904458416927742,10.77063142522201,-0.0417209581141889,15.385245901639344,3,3,base_macro_sector_relative_context,sector_relative_context,False,Macro baseline plus causal sector-relative return context features.,fold_11,False
sharpe_only,Baseline rule: median validation Sharpe only.,3.004769698331467,3.004769698331467,0.5,11.290322580645162,-0.0865167007732687,0.7150087383384232,4.006452960615474,3,1,3,3.004769698331467,2.148436591001506,7.869988821410367,-0.0454242816128851,11.475409836065571,3,3,base_macro_xsec_sector_gated_context,xsec_sector_gated_context,False,Macro baseline plus causal xsec-sector gated interaction context features.,fold_11,False
sharpe_only,Baseline rule: median validation Sharpe only.,2.999409399190311,2.999409399190311,0.5,9.064516129032258,-0.0866342229853247,0.6183591253581754,3.973274569343757,3,1,3,2.999409399190311,1.745956284387743,6.655887324498733,-0.0535328084014713,9.524590163934429,3,3,base_macro_rates_credit_vol_risk_state_context,rates_credit_vol_risk_state_context,False,"Macro baseline plus lag-clean rates, credit, vol proxy, and narrow risk-state gates.",fold_11,False
sharpe_only,Baseline rule: median validation Sharpe only.,2.986740930766065,2.986740930766065,0.5,11.290322580645162,-0.0841122686496267,0.9168490916971656,3.984351771547441,3,1,3,2.986740930766065,2.738390709507613,9.6807031355987,-0.0471991101052219,11.475409836065571,3,3,base_macro_vol_term_or_implied_vol_proxy,vol_term_or_implied_vol_proxy,False,Macro baseline plus lag-clean implied-volatility term-structure proxy features.,fold_11,False
sharpe_only,Baseline rule: median validation Sharpe only.,2.9742526314405,2.9742526314405,0.5,12.096774193548388,-0.0902084714257736,0.7952360891883244,4.643944528091811,3,1,3,2.9742526314405,2.264553462349049,10.281300517077252,-0.0476131918579798,12.295081967213116,3,3,base_macro_gru,negative_control_gru,True,GRU-enhanced feature set treated as a negative control.,fold_11,False
sharpe_only,Baseline rule: median validation Sharpe only.,2.909452203966505,2.909452203966505,0.5,12.919354838709678,-0.0743926909965414,0.7928356192569062,3.872030722384475,3,1,3,2.909452203966505,2.1974021129158814,7.837983799176773,-0.0458661052776074,13.114754098360656,3,3,base_macro_breadth_internal_structure,market_internal_breadth,False,Macro baseline plus causal breadth and participation structure features.,fold_11,False
sharpe_only,Baseline rule: median validation Sharpe only.,2.801942889250679,2.801942889250679,0.5,10.483870967741936,-0.0745802614413596,0.7993220771019696,4.096580692579899,3,1,3,2.801942889250679,2.417919701678798,8.197711946701048,-0.0478641149995001,10.655737704918034,3,3,base_macro_xsec_dispersion_correlation_regime,market_internal_dispersion_correlation,False,Macro baseline plus causal cross-sectional dispersion/correlation regime features.,fold_11,False
sharpe_only,Baseline rule: median validation Sharpe only.,2.799266241762684,2.799266241762684,0.5,16.93548387096774,-0.0857651519035075,0.8368960098347559,3.756711831715213,3,1,3,2.799266241762684,2.570962355054477,9.82273808099665,-0.0566494414289684,17.21311475409836,3,3,base_macro_exogenous_plus,calendar_exogenous,False,Baseline technical and macro features plus event/calendar exogenous features.,fold_11,False
sharpe_only,Baseline rule: median validation Sharpe only.,2.7170763735339305,2.7170763735339305,0.5,11.290322580645162,-0.0755471805131999,0.8857440919046184,3.2158242889550195,3,1,3,2.7170763735339305,2.3525322836179114,7.6314753165924065,-0.0456427321815292,11.475409836065571,3,3,base_macro_xsec_sector_complementarity_v2,xsec_sector_complementarity_v2,False,Macro baseline plus redesigned causal xsec-sector complementarity v2 features.,fold_11,False
sharpe_only,Baseline rule: median validation Sharpe only.,2.6577823726067087,2.6577823726067087,0.5,8.790322580645162,-0.0744010006837125,1.1006840765178898,3.69403915952454,3,1,3,2.6577823726067087,2.8936802614351937,9.082606190401066,-0.0431939769793913,8.745901639344263,3,3,base_macro_credit_stress_proxies,credit_stress_proxies,False,Macro baseline plus lag-clean credit and financial-stress proxy features.,fold_11,False
sharpe_only,Baseline rule: median validation Sharpe only.,2.630126301355929,2.630126301355929,0.5,11.290322580645162,-0.089478420144428,1.039703967856945,3.517425227497326,3,1,3,2.630126301355929,2.5624496756152046,9.59835602526624,-0.0414833784678753,11.475409836065571,3,3,base_macro_rates_term_structure_lsc,rates_term_structure_lsc,False,"Macro baseline plus lag-clean Treasury level, slope, and curvature features.",fold_11,False
sharpe_only,Baseline rule: median validation Sharpe only.,2.6093706045733174,2.6093706045733174,0.5,11.935483870967742,-0.0866295454264746,0.8575634958262484,3.5634673317942624,3,1,3,2.6093706045733174,2.238414040360351,8.664560493052642,-0.0495223151188213,11.81967213114754,3,3,base_macro_analyst_or_fund_revision_features,analyst_or_fund_revision_features,False,Macro baseline plus lagged point-in-time fundamental revision proxy features.,fold_11,False
robust_q25,25th percentile validation Sharpe with turnover and drawdown penalties.,2.3682816685786268,3.1494679211967687,0.25,12.096774193548388,-0.0881737714703612,0.8437010118766566,5.211004015109776,3,1,3,3.189022924992049,2.631767369556407,10.799787371604918,-0.0531208461563658,12.295081967213116,3,3,base_macro,macro_context,False,Baseline technical features plus macro context.,fold_11,True
robust_q25,25th percentile validation Sharpe with turnover and drawdown penalties.,2.309191764527219,2.949222019638132,0.25,9.67741935483871,-0.0780796436844886,0.7863830542960154,4.638745694255588,3,1,3,3.0666525616141405,2.297641076528674,8.502916910119618,-0.0530887488437692,9.836065573770492,3,3,base,technical_base,False,"Prices, returns, and baseline technical risk features.",fold_11,False
robust_q25,25th percentile validation Sharpe with turnover and drawdown penalties.,2.2849760480900168,2.911470300512279,0.25,9.064516129032258,-0.0866342229853247,0.6183591253581754,3.973274569343757,3,1,3,2.999409399190311,1.745956284387743,6.655887324498733,-0.0535328084014713,9.524590163934429,3,3,base_macro_rates_credit_vol_risk_state_context,rates_credit_vol_risk_state_context,False,"Macro baseline plus lag-clean rates, credit, vol proxy, and narrow risk-state gates.",fold_11,False
robust_q25,25th percentile validation Sharpe with turnover and drawdown penalties.,2.2159403775572777,2.9534899081360733,0.25,11.290322580645162,-0.0865167007732687,0.7150087383384232,4.006452960615474,3,1,3,3.004769698331467,2.148436591001506,7.869988821410367,-0.0454242816128851,11.475409836065571,3,3,base_macro_xsec_sector_gated_context,xsec_sector_gated_context,False,Macro baseline plus causal xsec-sector gated interaction context features.,fold_11,False
robust_q25,25th percentile validation Sharpe with turnover and drawdown penalties.,2.1868722845289565,2.919612950860468,0.25,11.290322580645162,-0.0841122686496267,0.9168490916971656,3.984351771547441,3,1,3,2.986740930766065,2.738390709507613,9.6807031355987,-0.0471991101052219,11.475409836065571,3,3,base_macro_vol_term_or_implied_vol_proxy,vol_term_or_implied_vol_proxy,False,Macro baseline plus lag-clean implied-volatility term-structure proxy features.,fold_11,False
robust_q25,25th percentile validation Sharpe with turnover and drawdown penalties.,2.085529130605391,2.987547371124246,0.25,14.85483870967742,-0.0796381525174921,0.98277747991976,4.385507697586752,3,1,3,3.027975052931994,2.904458416927742,10.77063142522201,-0.0417209581141889,15.385245901639344,3,3,base_macro_sector_relative_context,sector_relative_context,False,Macro baseline plus causal sector-relative return context features.,fold_11,False
robust_q25,25th percentile validation Sharpe with turnover and drawdown penalties.,2.0457596780615677,2.8405128019901342,0.25,12.919354838709678,-0.0743926909965414,0.7928356192569062,3.872030722384475,3,1,3,2.909452203966505,2.1974021129158814,7.837983799176773,-0.0458661052776074,13.114754098360656,3,3,base_macro_breadth_internal_structure,market_internal_breadth,False,Macro baseline plus causal breadth and participation structure features.,fold_11,False
robust_q25,25th percentile validation Sharpe with turnover and drawdown penalties.,2.0058208375781335,2.7910764901071,0.25,12.096774193548388,-0.0902084714257736,0.7952360891883244,4.643944528091811,3,1,3,2.9742526314405,2.264553462349049,10.281300517077252,-0.0476131918579798,12.295081967213116,3,3,base_macro_gru,negative_control_gru,True,GRU-enhanced feature set treated as a negative control.,fold_11,False
robust_q25,25th percentile validation Sharpe with turnover and drawdown penalties.,1.9744839549730924,2.6478380262429084,0.25,10.483870967741936,-0.0745802614413596,0.7993220771019696,4.096580692579899,3,1,3,2.801942889250679,2.417919701678798,8.197711946701048,-0.0478641149995001,10.655737704918034,3,3,base_macro_xsec_dispersion_correlation_regime,market_internal_dispersion_correlation,False,Macro baseline plus causal cross-sectional dispersion/correlation regime features.,fold_11,False
robust_q25,25th percentile validation Sharpe with turnover and drawdown penalties.,1.9463531180335247,2.5346712484332077,0.25,8.790322580645162,-0.0744010006837125,1.1006840765178898,3.69403915952454,3,1,3,2.6577823726067087,2.8936802614351937,9.082606190401066,-0.0431939769793913,8.745901639344263,3,3,base_macro_credit_stress_proxies,credit_stress_proxies,False,Macro baseline plus lag-clean credit and financial-stress proxy features.,fold_11,False
robust_q25,25th percentile validation Sharpe with turnover and drawdown penalties.,1.9277400445062163,2.643350534564874,0.25,11.290322580645162,-0.0755471805131999,0.8857440919046184,3.2158242889550195,3,1,3,2.7170763735339305,2.3525322836179114,7.6314753165924065,-0.0456427321815292,11.475409836065571,3,3,base_macro_xsec_sector_complementarity_v2,xsec_sector_complementarity_v2,False,Macro baseline plus redesigned causal xsec-sector complementarity v2 features.,fold_11,False
robust_q25,25th percentile validation Sharpe with turnover and drawdown penalties.,1.8639260744061488,2.596279316297913,0.25,11.290322580645162,-0.0839185564297532,1.0211729939737453,3.9797729282197305,3,1,3,3.1228184455738424,2.531494295186559,9.722435013165253,-0.0414394215943619,11.475409836065571,3,3,base_macro_hmm,negative_control_hmm,True,HMM-enhanced feature set treated as a negative control.,fold_11,False
robust_q25,25th percentile validation Sharpe with turnover and drawdown penalties.,1.8283008955137088,2.598334179915045,0.25,11.935483870967742,-0.0866295454264746,0.8575634958262484,3.5634673317942624,3,1,3,2.6093706045733174,2.238414040360351,8.664560493052642,-0.0495223151188213,11.81967213114754,3,3,base_macro_analyst_or_fund_revision_features,analyst_or_fund_revision_features,False,Macro baseline plus lagged point-in-time fundamental revision proxy features.,fold_11,False
robust_q25,25th percentile validation Sharpe with turnover and drawdown penalties.,1.7393085505434358,2.4827815198645498,0.25,11.290322580645162,-0.089478420144428,1.039703967856945,3.517425227497326,3,1,3,2.630126301355929,2.5624496756152046,9.59835602526624,-0.0414833784678753,11.475409836065571,3,3,base_macro_rates_term_structure_lsc,rates_term_structure_lsc,False,"Macro baseline plus lag-clean Treasury level, slope, and curvature features.",fold_11,False
robust_q25,25th percentile validation Sharpe with turnover and drawdown penalties.,1.7275804147326503,2.7458849120880524,0.25,16.93548387096774,-0.0857651519035075,0.8368960098347559,3.756711831715213,3,1,3,2.799266241762684,2.570962355054477,9.82273808099665,-0.0566494414289684,17.21311475409836,3,3,base_macro_exogenous_plus,calendar_exogenous,False,Baseline technical and macro features plus event/calendar exogenous features.,fold_11,False
robust_q25_retention,25th percentile validation Sharpe with retention/generalization uplift and turnover/max-drawdown penalties.,3.3608575238142575,3.1494679211967687,0.25,12.096774193548388,-0.0881737714703612,0.8437010118766566,5.211004015109776,3,1,3,3.189022924992049,2.631767369556407,10.799787371604918,-0.0531208461563658,12.295081967213116,3,3,base_macro,macro_context,False,Baseline technical features plus macro context.,fold_11,True
robust_q25_retention,25th percentile validation Sharpe with retention/generalization uplift and turnover/max-drawdown penalties.,3.201599382239561,2.949222019638132,0.25,9.67741935483871,-0.0780796436844886,0.7863830542960154,4.638745694255588,3,1,3,3.0666525616141405,2.297641076528674,8.502916910119618,-0.0530887488437692,9.836065573770492,3,3,base,technical_base,False,"Prices, returns, and baseline technical risk features.",fold_11,False
robust_q25_retention,25th percentile validation Sharpe with retention/generalization uplift and turnover/max-drawdown penalties.,3.035557014831124,2.911470300512279,0.25,9.064516129032258,-0.0866342229853247,0.6183591253581754,3.973274569343757,3,1,3,2.999409399190311,1.745956284387743,6.655887324498733,-0.0535328084014713,9.524590163934429,3,3,base_macro_rates_credit_vol_risk_state_context,rates_credit_vol_risk_state_context,False,"Macro baseline plus lag-clean rates, credit, vol proxy, and narrow risk-state gates.",fold_11,False
robust_q25_retention,25th percentile validation Sharpe with retention/generalization uplift and turnover/max-drawdown penalties.,3.013737323185364,2.919612950860468,0.25,11.290322580645162,-0.0841122686496267,0.9168490916971656,3.984351771547441,3,1,3,2.986740930766065,2.738390709507613,9.6807031355987,-0.0471991101052219,11.475409836065571,3,3,base_macro_vol_term_or_implied_vol_proxy,vol_term_or_implied_vol_proxy,False,Macro baseline plus lag-clean implied-volatility term-structure proxy features.,fold_11,False
robust_q25_retention,25th percentile validation Sharpe with retention/generalization uplift and turnover/max-drawdown penalties.,2.9956605062342043,2.9534899081360733,0.25,11.290322580645162,-0.0865167007732687,0.7150087383384232,4.006452960615474,3,1,3,3.004769698331467,2.148436591001506,7.869988821410367,-0.0454242816128851,11.475409836065571,3,3,base_macro_xsec_sector_gated_context,xsec_sector_gated_context,False,Macro baseline plus causal xsec-sector gated interaction context features.,fold_11,False
robust_q25_retention,25th percentile validation Sharpe with retention/generalization uplift and turnover/max-drawdown penalties.,2.989049655223344,2.987547371124246,0.25,14.85483870967742,-0.0796381525174921,0.98277747991976,4.385507697586752,3,1,3,3.027975052931994,2.904458416927742,10.77063142522201,-0.0417209581141889,15.385245901639344,3,3,base_macro_sector_relative_context,sector_relative_context,False,Macro baseline plus causal sector-relative return context features.,fold_11,False
robust_q25_retention,25th percentile validation Sharpe with retention/generalization uplift and turnover/max-drawdown penalties.,2.9012215390889864,2.7910764901071,0.25,12.096774193548388,-0.0902084714257736,0.7952360891883244,4.643944528091811,3,1,3,2.9742526314405,2.264553462349049,10.281300517077252,-0.0476131918579798,12.295081967213116,3,3,base_macro_gru,negative_control_gru,True,GRU-enhanced feature set treated as a negative control.,fold_11,False
robust_q25_retention,25th percentile validation Sharpe with retention/generalization uplift and turnover/max-drawdown penalties.,2.8247731912334655,2.8405128019901342,0.25,12.919354838709678,-0.0743926909965414,0.7928356192569062,3.872030722384475,3,1,3,2.909452203966505,2.1974021129158814,7.837983799176773,-0.0458661052776074,13.114754098360656,3,3,base_macro_breadth_internal_structure,market_internal_breadth,False,Macro baseline plus causal breadth and participation structure features.,fold_11,False
robust_q25_retention,25th percentile validation Sharpe with retention/generalization uplift and turnover/max-drawdown penalties.,2.7888015781355695,2.6478380262429084,0.25,10.483870967741936,-0.0745802614413596,0.7993220771019696,4.096580692579899,3,1,3,2.801942889250679,2.417919701678798,8.197711946701048,-0.0478641149995001,10.655737704918034,3,3,base_macro_xsec_dispersion_correlation_regime,market_internal_dispersion_correlation,False,Macro baseline plus causal cross-sectional dispersion/correlation regime features.,fold_11,False
robust_q25_retention,25th percentile validation Sharpe with retention/generalization uplift and turnover/max-drawdown penalties.,2.775630011091678,2.5346712484332077,0.25,8.790322580645162,-0.0744010006837125,1.1006840765178898,3.69403915952454,3,1,3,2.6577823726067087,2.8936802614351937,9.082606190401066,-0.0431939769793913,8.745901639344263,3,3,base_macro_credit_stress_proxies,credit_stress_proxies,False,Macro baseline plus lag-clean credit and financial-stress proxy features.,fold_11,False
robust_q25_retention,25th percentile validation Sharpe with retention/generalization uplift and turnover/max-drawdown penalties.,2.7161852621325453,2.596279316297913,0.25,11.290322580645162,-0.0839185564297532,1.0211729939737453,3.9797729282197305,3,1,3,3.1228184455738424,2.531494295186559,9.722435013165253,-0.0414394215943619,11.475409836065571,3,3,base_macro_hmm,negative_control_hmm,True,HMM-enhanced feature set treated as a negative control.,fold_11,False
robust_q25_retention,25th percentile validation Sharpe with retention/generalization uplift and turnover/max-drawdown penalties.,2.6315497108256234,2.643350534564874,0.25,11.290322580645162,-0.0755471805131999,0.8857440919046184,3.2158242889550195,3,1,3,2.7170763735339305,2.3525322836179114,7.6314753165924065,-0.0456427321815292,11.475409836065571,3,3,base_macro_xsec_sector_complementarity_v2,xsec_sector_complementarity_v2,False,Macro baseline plus redesigned causal xsec-sector complementarity v2 features.,fold_11,False
robust_q25_retention,25th percentile validation Sharpe with retention/generalization uplift and turnover/max-drawdown penalties.,2.5772118692394104,2.598334179915045,0.25,11.935483870967742,-0.0866295454264746,0.8575634958262484,3.5634673317942624,3,1,3,2.6093706045733174,2.238414040360351,8.664560493052642,-0.0495223151188213,11.81967213114754,3,3,base_macro_analyst_or_fund_revision_features,analyst_or_fund_revision_features,False,Macro baseline plus lagged point-in-time fundamental revision proxy features.,fold_11,False
robust_q25_retention,25th percentile validation Sharpe with retention/generalization uplift and turnover/max-drawdown penalties.,2.5268483266322703,2.4827815198645498,0.25,11.290322580645162,-0.089478420144428,1.039703967856945,3.517425227497326,3,1,3,2.630126301355929,2.5624496756152046,9.59835602526624,-0.0414833784678753,11.475409836065571,3,3,base_macro_rates_term_structure_lsc,rates_term_structure_lsc,False,"Macro baseline plus lag-clean Treasury level, slope, and curvature features.",fold_11,False
robust_q25_retention,25th percentile validation Sharpe with retention/generalization uplift and turnover/max-drawdown penalties.,2.5003111919486214,2.7458849120880524,0.25,16.93548387096774,-0.0857651519035075,0.8368960098347559,3.756711831715213,3,1,3,2.799266241762684,2.570962355054477,9.82273808099665,-0.0566494414289684,17.21311475409836,3,3,base_macro_exogenous_plus,calendar_exogenous,False,Baseline technical and macro features plus event/calendar exogenous features.,fold_11,False
sharpe_only,Baseline rule: median validation Sharpe only.,2.757543092743716,2.757543092743716,0.5,11.904761904761903,-0.0361710206476366,0.0296497619363071,3.2522579559888487,3,1,3,2.757543092743716,0.0632261340002504,0.0035661479690141,-0.0438086171474015,12.096774193548388,3,3,base_macro_rates_credit_vol_risk_state_context,rates_credit_vol_risk_state_context,False,"Macro baseline plus lag-clean rates, credit, vol proxy, and narrow risk-state gates.",fold_12,True
sharpe_only,Baseline rule: median validation Sharpe only.,2.4853056351659126,2.4853056351659126,0.5,10.317460317460318,-0.0372232719342139,-0.20175482704309,3.021397135058724,3,1,3,2.4853056351659126,-0.5014224085721157,-1.898209461038613,-0.0612752319781257,11.5,3,3,base_macro_analyst_or_fund_revision_features,analyst_or_fund_revision_features,False,Macro baseline plus lagged point-in-time fundamental revision proxy features.,fold_12,False
sharpe_only,Baseline rule: median validation Sharpe only.,2.4473135469218854,2.4473135469218854,0.5,9.523809523809524,-0.0330688538971456,-0.0758376462438628,2.8381937798212906,3,1,3,2.4473135469218854,-0.1855984990192751,-0.7728589798778773,-0.0498555816976451,9.67741935483871,3,3,base_macro,macro_context,False,Baseline technical features plus macro context.,fold_12,False
sharpe_only,Baseline rule: median validation Sharpe only.,2.4405101090494243,2.4405101090494243,0.5,12.698412698412698,-0.0362846778795897,0.0976546388409463,2.557931920684953,3,1,3,2.4405101090494243,0.2484277154786023,0.5567738331298644,-0.0483551757051634,12.903225806451612,3,3,base_macro_breadth_internal_structure,market_internal_breadth,False,Macro baseline plus causal breadth and participation structure features.,fold_12,False
sharpe_only,Baseline rule: median validation Sharpe only.,2.4149191746277348,2.4149191746277348,0.5,11.11111111111111,-0.0358458104940647,-0.0312988007887845,2.815068674643892,3,1,3,2.4149191746277348,-0.0755840741676893,-0.3966693465393023,-0.0462091394769281,11.290322580645162,3,3,base_macro_rates_term_structure_lsc,rates_term_structure_lsc,False,"Macro baseline plus lag-clean Treasury level, slope, and curvature features.",fold_12,False
sharpe_only,Baseline rule: median validation Sharpe only.,2.3741658675640465,2.3741658675640465,0.5,10.317460317460318,-0.0436504800378749,-0.0405301067032945,2.6410221252502946,3,1,3,2.3741658675640465,-0.0956829012777525,-0.4134906875690403,-0.0422308258528999,10.709677419354838,3,3,base_macro_xsec_sector_complementarity_v2,xsec_sector_complementarity_v2,False,Macro baseline plus redesigned causal xsec-sector complementarity v2 features.,fold_12,False
sharpe_only,Baseline rule: median validation Sharpe only.,2.346689231274268,2.346689231274268,0.5,11.11111111111111,-0.0361701714300572,-0.1103207029219944,2.5758154017347863,3,1,3,2.346689231274268,-0.258888405533652,-0.947898032886496,-0.0439773307531337,11.290322580645162,3,3,base_macro_exogenous_plus,calendar_exogenous,False,Baseline technical and macro features plus event/calendar exogenous features.,fold_12,False
sharpe_only,Baseline rule: median validation Sharpe only.,2.266013346606079,2.266013346606079,0.5,9.523809523809524,-0.0379265851161266,-0.125184155989436,2.5064390709390096,3,1,3,2.266013346606079,-0.2560013549235417,-0.959334802553935,-0.0554992717053741,9.67741935483871,3,3,base_macro_xsec_dispersion_correlation_regime,market_internal_dispersion_correlation,False,Macro baseline plus causal cross-sectional dispersion/correlation regime features.,fold_12,False
sharpe_only,Baseline rule: median validation Sharpe only.,2.2162495207617785,2.2162495207617785,0.5,10.65079365079365,-0.0414204967147088,0.1795482577344754,2.786707631273293,3,1,3,2.2162495207617785,0.3973912011691085,0.952115817175314,-0.0403574956353758,10.838709677419354,3,3,base,technical_base,False,"Prices, returns, and baseline technical risk features.",fold_12,False
sharpe_only,Baseline rule: median validation Sharpe only.,2.2031562359252894,2.2031562359252894,0.5,8.746031746031745,-0.0391054160966285,0.1015121354936462,2.2106422291974885,3,1,3,2.2031562359252894,0.1683603391807547,0.3367510488677894,-0.0474408969280211,9.016129032258064,3,3,base_macro_gru,negative_control_gru,True,GRU-enhanced feature set treated as a negative control.,fold_12,False
sharpe_only,Baseline rule: median validation Sharpe only.,2.166560318017877,2.166560318017877,0.5,11.904761904761903,-0.0437350209830227,0.2089192304306321,2.8492474068440035,3,1,3,2.166560318017877,0.5645730549985191,1.6052848256420171,-0.0491197531349419,12.096774193548388,3,3,base_macro_sector_relative_context,sector_relative_context,False,Macro baseline plus causal sector-relative return context features.,fold_12,False
sharpe_only,Baseline rule: median validation Sharpe only.,2.0158395188438063,2.0158395188438063,0.5,15.07936507936508,-0.0377996267293505,-0.0154986045894729,2.2272955696972034,3,1,3,2.0158395188438063,-0.0310549124638822,-0.2164549309337626,-0.0392419919557049,15.14516129032258,3,3,base_macro_credit_stress_proxies,credit_stress_proxies,False,Macro baseline plus lag-clean credit and financial-stress proxy features.,fold_12,False
sharpe_only,Baseline rule: median validation Sharpe only.,1.9434970706438852,1.9434970706438852,0.5,12.698412698412698,-0.0386548392263768,-0.1310002167134485,2.0253057264425705,3,1,3,1.9434970706438852,-0.2545985374363013,-0.8454614512542702,-0.0482158352355337,12.903225806451612,3,3,base_macro_xsec_sector_gated_context,xsec_sector_gated_context,False,Macro baseline plus causal xsec-sector gated interaction context features.,fold_12,False
sharpe_only,Baseline rule: median validation Sharpe only.,1.854851612020182,1.854851612020182,0.5,13.492063492063492,-0.0374287716448366,-0.1522865063169512,2.1876288325717224,3,1,3,1.854851612020182,-0.2987548600273361,-1.1424018384773027,-0.0482335573486502,13.709677419354838,3,3,base_macro_hmm,negative_control_hmm,True,HMM-enhanced feature set treated as a negative control.,fold_12,False
sharpe_only,Baseline rule: median validation Sharpe only.,1.813497871274149,1.813497871274149,0.5,10.206349206349206,-0.0418778447920413,-0.0678648295054135,2.588089535061089,3,1,3,1.813497871274149,-0.1146990822992313,-0.5745738834060821,-0.0567190207021498,9.85483870967742,3,3,base_macro_vol_term_or_implied_vol_proxy,vol_term_or_implied_vol_proxy,False,Macro baseline plus lag-clean implied-volatility term-structure proxy features.,fold_12,False
robust_q25,25th percentile validation Sharpe with turnover and drawdown penalties.,1.7774079638882514,2.44498810042162,0.25,11.904761904761903,-0.0361710206476366,0.0296497619363071,3.2522579559888487,3,1,3,2.757543092743716,0.0632261340002504,0.0035661479690141,-0.0438086171474015,12.096774193548388,3,3,base_macro_rates_credit_vol_risk_state_context,rates_credit_vol_risk_state_context,False,"Macro baseline plus lag-clean rates, credit, vol proxy, and narrow risk-state gates.",fold_12,True
robust_q25,25th percentile validation Sharpe with turnover and drawdown penalties.,1.7643018689377177,2.367475844886483,0.25,10.317460317460318,-0.0436504800378749,-0.0405301067032945,2.6410221252502946,3,1,3,2.3741658675640465,-0.0956829012777525,-0.4134906875690403,-0.0422308258528999,10.709677419354838,3,3,base_macro_xsec_sector_complementarity_v2,xsec_sector_complementarity_v2,False,Macro baseline plus redesigned causal xsec-sector complementarity v2 features.,fold_12,False
robust_q25,25th percentile validation Sharpe with turnover and drawdown penalties.,1.7000040527842148,2.2903236125256585,0.25,10.317460317460318,-0.0372232719342139,-0.20175482704309,3.021397135058724,3,1,3,2.4853056351659126,-0.5014224085721157,-1.898209461038613,-0.0612752319781257,11.5,3,3,base_macro_analyst_or_fund_revision_features,analyst_or_fund_revision_features,False,Macro baseline plus lagged point-in-time fundamental revision proxy features.,fold_12,False
robust_q25,25th percentile validation Sharpe with turnover and drawdown penalties.,1.6255692343614723,2.3330592250412865,0.25,12.698412698412698,-0.0362846778795897,0.0976546388409463,2.557931920684953,3,1,3,2.4405101090494243,0.2484277154786023,0.5567738331298644,-0.0483551757051634,12.903225806451612,3,3,base_macro_breadth_internal_structure,market_internal_breadth,False,Macro baseline plus causal breadth and participation structure features.,fold_12,False
robust_q25,25th percentile validation Sharpe with turnover and drawdown penalties.,1.5993858479781882,2.2147665239472882,0.25,10.65079365079365,-0.0414204967147088,0.1795482577344754,2.786707631273293,3,1,3,2.2162495207617785,0.3973912011691085,0.952115817175314,-0.0403574956353758,10.838709677419354,3,3,base,technical_base,False,"Prices, returns, and baseline technical risk features.",fold_12,False
robust_q25,25th percentile validation Sharpe with turnover and drawdown penalties.,1.5723339437071135,2.1995811202507984,0.25,11.11111111111111,-0.0358458104940647,-0.0312988007887845,2.815068674643892,3,1,3,2.4149191746277348,-0.0755840741676893,-0.3966693465393023,-0.0462091394769281,11.290322580645162,3,3,base_macro_rates_term_structure_lsc,rates_term_structure_lsc,False,"Macro baseline plus lag-clean Treasury level, slope, and curvature features.",fold_12,False
robust_q25,25th percentile validation Sharpe with turnover and drawdown penalties.,1.5251227571711214,2.077166403593851,0.25,9.523809523809524,-0.0379265851161266,-0.125184155989436,2.5064390709390096,3,1,3,2.266013346606079,-0.2560013549235417,-0.959334802553935,-0.0554992717053741,9.67741935483871,3,3,base_macro_xsec_dispersion_correlation_regime,market_internal_dispersion_correlation,False,Macro baseline plus causal cross-sectional dispersion/correlation regime features.,fold_12,False
robust_q25,25th percentile validation Sharpe with turnover and drawdown penalties.,1.4810127158979758,2.1089086143136457,0.25,11.11111111111111,-0.0361701714300572,-0.1103207029219944,2.5758154017347863,3,1,3,2.346689231274268,-0.258888405533652,-0.947898032886496,-0.0439773307531337,11.290322580645162,3,3,base_macro_exogenous_plus,calendar_exogenous,False,Baseline technical and macro features plus event/calendar exogenous features.,fold_12,False
robust_q25,25th percentile validation Sharpe with turnover and drawdown penalties.,1.479645233942859,2.1623533711469998,0.25,11.904761904761903,-0.0437350209830227,0.2089192304306321,2.8492474068440035,3,1,3,2.166560318017877,0.5645730549985191,1.6052848256420171,-0.0491197531349419,12.096774193548388,3,3,base_macro_sector_relative_context,sector_relative_context,False,Macro baseline plus causal sector-relative return context features.,fold_12,False
robust_q25,25th percentile validation Sharpe with turnover and drawdown penalties.,1.4310696877215496,1.9733978717063172,0.25,9.523809523809524,-0.0330688538971456,-0.0758376462438628,2.8381937798212906,3,1,3,2.4473135469218854,-0.1855984990192751,-0.7728589798778773,-0.0498555816976451,9.67741935483871,3,3,base_macro,macro_context,False,Baseline technical features plus macro context.,fold_12,False
robust_q25,25th percentile validation Sharpe with turnover and drawdown penalties.,1.4153278273848526,1.930840246879697,0.25,8.746031746031745,-0.0391054160966285,0.1015121354936462,2.2106422291974885,3,1,3,2.2031562359252894,0.1683603391807547,0.3367510488677894,-0.0474408969280211,9.016129032258064,3,3,base_macro_gru,negative_control_gru,True,GRU-enhanced feature set treated as a negative control.,fold_12,False
robust_q25,25th percentile validation Sharpe with turnover and drawdown penalties.,1.18021381587327,2.009781323300225,0.25,15.07936507936508,-0.0377996267293505,-0.0154986045894729,2.2272955696972034,3,1,3,2.0158395188438063,-0.0310549124638822,-0.2164549309337626,-0.0392419919557049,15.14516129032258,3,3,base_macro_credit_stress_proxies,credit_stress_proxies,False,Macro baseline plus lag-clean credit and financial-stress proxy features.,fold_12,False
robust_q25,25th percentile validation Sharpe with turnover and drawdown penalties.,1.157731193191332,1.751804343092875,0.25,10.206349206349206,-0.0418778447920413,-0.0678648295054135,2.588089535061089,3,1,3,1.813497871274149,-0.1146990822992313,-0.5745738834060821,-0.0567190207021498,9.85483870967742,3,3,base_macro_vol_term_or_implied_vol_proxy,vol_term_or_implied_vol_proxy,False,Macro baseline plus lag-clean implied-volatility term-structure proxy features.,fold_12,False
robust_q25,25th percentile validation Sharpe with turnover and drawdown penalties.,1.115839977977925,1.8280702913513134,0.25,12.698412698412698,-0.0386548392263768,-0.1310002167134485,2.0253057264425705,3,1,3,1.9434970706438852,-0.2545985374363013,-0.8454614512542702,-0.0482158352355337,12.903225806451612,3,3,base_macro_xsec_sector_gated_context,xsec_sector_gated_context,False,Macro baseline plus causal xsec-sector gated interaction context features.,fold_12,False
robust_q25,25th percentile validation Sharpe with turnover and drawdown penalties.,1.0184595393958444,1.7679202572886923,0.25,13.492063492063492,-0.0374287716448366,-0.1522865063169512,2.1876288325717224,3,1,3,1.854851612020182,-0.2987548600273361,-1.1424018384773027,-0.0482335573486502,13.709677419354838,3,3,base_macro_hmm,negative_control_hmm,True,HMM-enhanced feature set treated as a negative control.,fold_12,False
robust_q25_retention,25th percentile validation Sharpe with retention/generalization uplift and turnover/max-drawdown penalties.,2.272659097770655,2.44498810042162,0.25,11.904761904761903,-0.0361710206476366,0.0296497619363071,3.2522579559888487,3,1,3,2.757543092743716,0.0632261340002504,0.0035661479690141,-0.0438086171474015,12.096774193548388,3,3,base_macro_rates_credit_vol_risk_state_context,rates_credit_vol_risk_state_context,False,"Macro baseline plus lag-clean rates, credit, vol proxy, and narrow risk-state gates.",fold_12,True
robust_q25_retention,25th percentile validation Sharpe with retention/generalization uplift and turnover/max-drawdown penalties.,2.1503226610494384,2.367475844886483,0.25,10.317460317460318,-0.0436504800378749,-0.0405301067032945,2.6410221252502946,3,1,3,2.3741658675640465,-0.0956829012777525,-0.4134906875690403,-0.0422308258528999,10.709677419354838,3,3,base_macro_xsec_sector_complementarity_v2,xsec_sector_complementarity_v2,False,Macro baseline plus redesigned causal xsec-sector complementarity v2 features.,fold_12,False
robust_q25_retention,25th percentile validation Sharpe with retention/generalization uplift and turnover/max-drawdown penalties.,2.102774916282251,2.2903236125256585,0.25,10.317460317460318,-0.0372232719342139,-0.20175482704309,3.021397135058724,3,1,3,2.4853056351659126,-0.5014224085721157,-1.898209461038613,-0.0612752319781257,11.5,3,3,base_macro_analyst_or_fund_revision_features,analyst_or_fund_revision_features,False,Macro baseline plus lagged point-in-time fundamental revision proxy features.,fold_12,False
robust_q25_retention,25th percentile validation Sharpe with retention/generalization uplift and turnover/max-drawdown penalties.,2.0622790571028013,2.2147665239472882,0.25,10.65079365079365,-0.0414204967147088,0.1795482577344754,2.786707631273293,3,1,3,2.2162495207617785,0.3973912011691085,0.952115817175314,-0.0403574956353758,10.838709677419354,3,3,base,technical_base,False,"Prices, returns, and baseline technical risk features.",fold_12,False
robust_q25_retention,25th percentile validation Sharpe with retention/generalization uplift and turnover/max-drawdown penalties.,2.0336726821744517,2.3330592250412865,0.25,12.698412698412698,-0.0362846778795897,0.0976546388409463,2.557931920684953,3,1,3,2.4405101090494243,0.2484277154786023,0.5567738331298644,-0.0483551757051634,12.903225806451612,3,3,base_macro_breadth_internal_structure,market_internal_breadth,False,Macro baseline plus causal breadth and participation structure features.,fold_12,False
robust_q25_retention,25th percentile validation Sharpe with retention/generalization uplift and turnover/max-drawdown penalties.,1.9867695447065015,2.1995811202507984,0.25,11.11111111111111,-0.0358458104940647,-0.0312988007887845,2.815068674643892,3,1,3,2.4149191746277348,-0.0755840741676893,-0.3966693465393023,-0.0462091394769281,11.290322580645162,3,3,base_macro_rates_term_structure_lsc,rates_term_structure_lsc,False,"Macro baseline plus lag-clean Treasury level, slope, and curvature features.",fold_12,False
robust_q25_retention,25th percentile validation Sharpe with retention/generalization uplift and turnover/max-drawdown penalties.,1.9592621525771174,2.1623533711469998,0.25,11.904761904761903,-0.0437350209830227,0.2089192304306321,2.8492474068440035,3,1,3,2.166560318017877,0.5645730549985191,1.6052848256420171,-0.0491197531349419,12.096774193548388,3,3,base_macro_sector_relative_context,sector_relative_context,False,Macro baseline plus causal sector-relative return context features.,fold_12,False
robust_q25_retention,25th percentile validation Sharpe with retention/generalization uplift and turnover/max-drawdown penalties.,1.869792578814614,2.077166403593851,0.25,9.523809523809524,-0.0379265851161266,-0.125184155989436,2.5064390709390096,3,1,3,2.266013346606079,-0.2560013549235417,-0.959334802553935,-0.0554992717053741,9.67741935483871,3,3,base_macro_xsec_dispersion_correlation_regime,market_internal_dispersion_correlation,False,Macro baseline plus causal cross-sectional dispersion/correlation regime features.,fold_12,False
robust_q25_retention,25th percentile validation Sharpe with retention/generalization uplift and turnover/max-drawdown penalties.,1.8398048504276954,2.1089086143136457,0.25,11.11111111111111,-0.0361701714300572,-0.1103207029219944,2.5758154017347863,3,1,3,2.346689231274268,-0.258888405533652,-0.947898032886496,-0.0439773307531337,11.290322580645162,3,3,base_macro_exogenous_plus,calendar_exogenous,False,Baseline technical and macro features plus event/calendar exogenous features.,fold_12,False
robust_q25_retention,25th percentile validation Sharpe with retention/generalization uplift and turnover/max-drawdown penalties.,1.8378393431337774,1.9733978717063172,0.25,9.523809523809524,-0.0330688538971456,-0.0758376462438628,2.8381937798212906,3,1,3,2.4473135469218854,-0.1855984990192751,-0.7728589798778773,-0.0498555816976451,9.67741935483871,3,3,base_macro,macro_context,False,Baseline technical features plus macro context.,fold_12,False
robust_q25_retention,25th percentile validation Sharpe with retention/generalization uplift and turnover/max-drawdown penalties.,1.7723021956378875,1.930840246879697,0.25,8.746031746031745,-0.0391054160966285,0.1015121354936462,2.2106422291974885,3,1,3,2.2031562359252894,0.1683603391807547,0.3367510488677894,-0.0474408969280211,9.016129032258064,3,3,base_macro_gru,negative_control_gru,True,GRU-enhanced feature set treated as a negative control.,fold_12,False
robust_q25_retention,25th percentile validation Sharpe with retention/generalization uplift and turnover/max-drawdown penalties.,1.528978416074142,1.751804343092875,0.25,10.206349206349206,-0.0418778447920413,-0.0678648295054135,2.588089535061089,3,1,3,1.813497871274149,-0.1146990822992313,-0.5745738834060821,-0.0567190207021498,9.85483870967742,3,3,base_macro_vol_term_or_implied_vol_proxy,vol_term_or_implied_vol_proxy,False,Macro baseline plus lag-clean implied-volatility term-structure proxy features.,fold_12,False
robust_q25_retention,25th percentile validation Sharpe with retention/generalization uplift and turnover/max-drawdown penalties.,1.5104335001804823,2.009781323300225,0.25,15.07936507936508,-0.0377996267293505,-0.0154986045894729,2.2272955696972034,3,1,3,2.0158395188438063,-0.0310549124638822,-0.2164549309337626,-0.0392419919557049,15.14516129032258,3,3,base_macro_credit_stress_proxies,credit_stress_proxies,False,Macro baseline plus lag-clean credit and financial-stress proxy features.,fold_12,False
robust_q25_retention,25th percentile validation Sharpe with retention/generalization uplift and turnover/max-drawdown penalties.,1.3868857827659484,1.8280702913513134,0.25,12.698412698412698,-0.0386548392263768,-0.1310002167134485,2.0253057264425705,3,1,3,1.9434970706438852,-0.2545985374363013,-0.8454614512542702,-0.0482158352355337,12.903225806451612,3,3,base_macro_xsec_sector_gated_context,xsec_sector_gated_context,False,Macro baseline plus causal xsec-sector gated interaction context features.,fold_12,False
robust_q25_retention,25th percentile validation Sharpe with retention/generalization uplift and turnover/max-drawdown penalties.,1.308532237702365,1.7679202572886923,0.25,13.492063492063492,-0.0374287716448366,-0.1522865063169512,2.1876288325717224,3,1,3,1.854851612020182,-0.2987548600273361,-1.1424018384773027,-0.0482335573486502,13.709677419354838,3,3,base_macro_hmm,negative_control_hmm,True,HMM-enhanced feature set treated as a negative control.,fold_12,False
sharpe_only,Baseline rule: median validation Sharpe only.,4.278784179621199,4.278784179621199,0.5,10.483870967741936,-0.0362860063931902,-0.1702436995722464,4.256364967101718,3,1,3,4.278784179621199,-0.7855663707665202,-3.428742274102769,-0.0926739748574216,10.655737704918034,3,3,base_macro_rates_credit_vol_risk_state_context,rates_credit_vol_risk_state_context,False,"Macro baseline plus lag-clean rates, credit, vol proxy, and narrow risk-state gates.",fold_13,True
sharpe_only,Baseline rule: median validation Sharpe only.,4.251266296170514,4.251266296170514,0.5,9.67741935483871,-0.034512693714376,-0.2609163534794725,4.172558668375947,3,1,3,4.251266296170514,-1.1092248996669938,-4.837034360780324,-0.1224013026799162,10.704918032786884,3,3,base_macro_gru,negative_control_gru,True,GRU-enhanced feature set treated as a negative control.,fold_13,False
sharpe_only,Baseline rule: median validation Sharpe only.,4.019149344502746,4.019149344502746,0.5,13.709677419354838,-0.0402806392324106,-0.065234842597936,4.237750602325398,3,1,3,4.019149344502746,-0.2621885748662343,-1.5325469737849984,-0.0870225944344366,13.934426229508198,3,3,base_macro_vol_term_or_implied_vol_proxy,vol_term_or_implied_vol_proxy,False,Macro baseline plus lag-clean implied-volatility term-structure proxy features.,fold_13,False
sharpe_only,Baseline rule: median validation Sharpe only.,3.801828359041349,3.801828359041349,0.5,11.403225806451612,-0.0442496690568428,0.0269342796142582,4.061975554350979,3,1,3,3.801828359041349,0.0946454931112976,0.0310998621189328,-0.0807916973855855,11.62295081967213,3,3,base_macro_breadth_internal_structure,market_internal_breadth,False,Macro baseline plus causal breadth and participation structure features.,fold_13,False
sharpe_only,Baseline rule: median validation Sharpe only.,3.778879182631662,3.778879182631662,0.5,11.951612903225806,-0.0392490155586258,-0.0906137336116137,3.759533151868126,3,1,3,3.778879182631662,-0.3628302929130647,-1.877395111019109,-0.082879737387962,11.557377049180328,3,3,base_macro_xsec_sector_gated_context,xsec_sector_gated_context,False,Macro baseline plus causal xsec-sector gated interaction context features.,fold_13,False
sharpe_only,Baseline rule: median validation Sharpe only.,3.671156007985256,3.671156007985256,0.5,12.903225806451612,-0.0508279519728348,-0.1256230527259663,3.442790214610818,3,1,3,3.671156007985256,-0.4611818247563799,-2.2109092732292,-0.088378411785896,13.049180327868852,3,3,base,technical_base,False,"Prices, returns, and baseline technical risk features.",fold_13,False
sharpe_only,Baseline rule: median validation Sharpe only.,3.58464831715216,3.58464831715216,0.5,9.67741935483871,-0.0350965004399669,-0.3023111119568851,4.15345643981997,3,1,3,3.58464831715216,-1.0067562251694402,-4.609892938905302,-0.1081751740670166,10.975409836065571,3,3,base_macro_rates_term_structure_lsc,rates_term_structure_lsc,False,"Macro baseline plus lag-clean Treasury level, slope, and curvature features.",fold_13,False
sharpe_only,Baseline rule: median validation Sharpe only.,3.528566213142287,3.528566213142287,0.5,13.709677419354838,-0.0385672980769348,0.0375494848772038,4.225824326390724,3,1,3,3.528566213142287,0.1106836883770007,0.0703371934200669,-0.0971621138776593,14.754098360655735,3,3,base_macro_sector_relative_context,sector_relative_context,False,Macro baseline plus causal sector-relative return context features.,fold_13,False
sharpe_only,Baseline rule: median validation Sharpe only.,3.4386231240745624,3.4386231240745624,0.5,11.290322580645162,-0.0516783361834244,-0.1056120090431422,3.6221637549401935,3,1,3,3.4386231240745624,-0.4834668893964685,-2.2875866358741503,-0.0856182857573392,11.475409836065571,3,3,base_macro_xsec_sector_complementarity_v2,xsec_sector_complementarity_v2,False,Macro baseline plus redesigned causal xsec-sector complementarity v2 features.,fold_13,False
sharpe_only,Baseline rule: median validation Sharpe only.,3.422251043267565,3.422251043267565,0.5,10.629032258064516,-0.0384987054278546,-0.1932209081985462,3.717312783350263,3,1,3,3.422251043267565,-0.7379007759204933,-3.198279641584756,-0.1048294878896597,9.852459016393444,3,3,base_macro_analyst_or_fund_revision_features,analyst_or_fund_revision_features,False,Macro baseline plus lagged point-in-time fundamental revision proxy features.,fold_13,False
sharpe_only,Baseline rule: median validation Sharpe only.,3.3631403481649893,3.3631403481649893,0.5,9.67741935483871,-0.0444633916815107,-0.0272777399375949,3.5099216979496317,3,1,3,3.3631403481649893,-0.0983525046531334,-0.7272242903816117,-0.0936098352975219,9.836065573770492,3,3,base_macro,macro_context,False,Baseline technical features plus macro context.,fold_13,False
sharpe_only,Baseline rule: median validation Sharpe only.,3.1248793554309624,3.1248793554309624,0.5,16.129032258064516,-0.0481255099383454,-0.3793315805638895,3.4324536143419917,3,1,3,3.1248793554309624,-1.0255953603852024,-4.77735937020034,-0.111453524850441,16.39344262295082,3,3,base_macro_xsec_dispersion_correlation_regime,market_internal_dispersion_correlation,False,Macro baseline plus causal cross-sectional dispersion/correlation regime features.,fold_13,False
sharpe_only,Baseline rule: median validation Sharpe only.,3.044541241172177,3.044541241172177,0.5,12.903225806451612,-0.0443758929134737,-0.2682449587460797,3.685231555381165,3,1,3,3.044541241172177,-1.03862892822861,-4.601874243170134,-0.1039749782284393,13.114754098360656,3,3,base_macro_credit_stress_proxies,credit_stress_proxies,False,Macro baseline plus lag-clean credit and financial-stress proxy features.,fold_13,False
sharpe_only,Baseline rule: median validation Sharpe only.,2.912361553458459,2.912361553458459,0.5,9.693548387096774,-0.05206944094676,-0.2464133675147243,3.691190520731229,3,1,3,2.912361553458459,-1.0459532548803037,-5.1249412712859765,-0.112080691704559,9.836065573770492,3,3,base_macro_hmm,negative_control_hmm,True,HMM-enhanced feature set treated as a negative control.,fold_13,False
sharpe_only,Baseline rule: median validation Sharpe only.,2.835357770235813,2.835357770235813,0.5,16.725806451612904,-0.0432014691489668,-0.3001804143962798,2.759191162264651,3,1,3,2.835357770235813,-1.0713063667794531,-5.355616396319551,-0.1165135292237317,16.21311475409836,3,3,base_macro_exogenous_plus,calendar_exogenous,False,Baseline technical and macro features plus event/calendar exogenous features.,fold_13,False
robust_q25,25th percentile validation Sharpe with turnover and drawdown penalties.,3.252748663063797,4.0187938124963605,0.25,13.709677419354838,-0.0402806392324106,-0.065234842597936,4.237750602325398,3,1,3,4.019149344502746,-0.2621885748662343,-1.5325469737849984,-0.0870225944344366,13.934426229508198,3,3,base_macro_vol_term_or_implied_vol_proxy,vol_term_or_implied_vol_proxy,False,Macro baseline plus lag-clean implied-volatility term-structure proxy features.,fold_13,True
robust_q25,25th percentile validation Sharpe with turnover and drawdown penalties.,3.2236751036873614,3.776571458858049,0.25,9.67741935483871,-0.034512693714376,-0.2609163534794725,4.172558668375947,3,1,3,4.251266296170514,-1.1092248996669938,-4.837034360780324,-0.1224013026799162,10.704918032786884,3,3,base_macro_gru,negative_control_gru,True,GRU-enhanced feature set treated as a negative control.,fold_13,False
robust_q25,25th percentile validation Sharpe with turnover and drawdown penalties.,3.0386105398214402,3.7146892160999823,0.25,11.951612903225806,-0.0392490155586258,-0.0906137336116137,3.759533151868126,3,1,3,3.778879182631662,-0.3628302929130647,-1.877395111019109,-0.082879737387962,11.557377049180328,3,3,base_macro_xsec_sector_gated_context,xsec_sector_gated_context,False,Macro baseline plus causal xsec-sector gated interaction context features.,fold_13,False
robust_q25,25th percentile validation Sharpe with turnover and drawdown penalties.,2.999224490474132,3.6578851189103982,0.25,11.403225806451612,-0.0442496690568428,0.0269342796142582,4.061975554350979,3,1,3,3.801828359041349,0.0946454931112976,0.0310998621189328,-0.0807916973855855,11.62295081967213,3,3,base_macro_breadth_internal_structure,market_internal_breadth,False,Macro baseline plus causal breadth and participation structure features.,fold_13,False
robust_q25,25th percentile validation Sharpe with turnover and drawdown penalties.,2.9033597932281743,3.4574237618500434,0.25,9.67741935483871,-0.0350965004399669,-0.3023111119568851,4.15345643981997,3,1,3,3.58464831715216,-1.0067562251694402,-4.609892938905302,-0.1081751740670166,10.975409836065571,3,3,base_macro_rates_term_structure_lsc,rates_term_structure_lsc,False,"Macro baseline plus lag-clean Treasury level, slope, and curvature features.",fold_13,False
robust_q25,25th percentile validation Sharpe with turnover and drawdown penalties.,2.8394457808509235,3.436211342024401,0.25,10.483870967741936,-0.0362860063931902,-0.1702436995722464,4.256364967101718,3,1,3,4.278784179621199,-0.7855663707665202,-3.428742274102769,-0.0926739748574216,10.655737704918034,3,3,base_macro_rates_credit_vol_risk_state_context,rates_credit_vol_risk_state_context,False,"Macro baseline plus lag-clean rates, credit, vol proxy, and narrow risk-state gates.",fold_13,False
robust_q25,25th percentile validation Sharpe with turnover and drawdown penalties.,2.7679378977452087,3.3763869215041433,0.25,10.629032258064516,-0.0384987054278546,-0.1932209081985462,3.717312783350263,3,1,3,3.422251043267565,-0.7379007759204933,-3.198279641584756,-0.1048294878896597,9.852459016393444,3,3,base_macro_analyst_or_fund_revision_features,analyst_or_fund_revision_features,False,Macro baseline plus lagged point-in-time fundamental revision proxy features.,fold_13,False
robust_q25,25th percentile validation Sharpe with turnover and drawdown penalties.,2.589493996520682,3.336311190788932,0.25,12.903225806451612,-0.0508279519728348,-0.1256230527259663,3.442790214610818,3,1,3,3.671156007985256,-0.4611818247563799,-2.2109092732292,-0.088378411785896,13.049180327868852,3,3,base,technical_base,False,"Prices, returns, and baseline technical risk features.",fold_13,False
robust_q25,25th percentile validation Sharpe with turnover and drawdown penalties.,2.47550227981882,3.2381207469404316,0.25,13.709677419354838,-0.0385672980769348,0.0375494848772038,4.225824326390724,3,1,3,3.528566213142287,0.1106836883770007,0.0703371934200669,-0.0971621138776593,14.754098360655735,3,3,base_macro_sector_relative_context,sector_relative_context,False,Macro baseline plus causal sector-relative return context features.,fold_13,False
robust_q25,25th percentile validation Sharpe with turnover and drawdown penalties.,2.4624939905882717,3.0352917416932286,0.25,9.67741935483871,-0.0444633916815107,-0.0272777399375949,3.5099216979496317,3,1,3,3.3631403481649893,-0.0983525046531334,-0.7272242903816117,-0.0936098352975219,9.836065573770492,3,3,base_macro,macro_context,False,Baseline technical features plus macro context.,fold_13,False
robust_q25,25th percentile validation Sharpe with turnover and drawdown penalties.,2.4612635177996944,3.129136319198801,0.25,11.290322580645162,-0.0516783361834244,-0.1056120090431422,3.6221637549401935,3,1,3,3.4386231240745624,-0.4834668893964685,-2.2875866358741503,-0.0856182857573392,11.475409836065571,3,3,base_macro_xsec_sector_complementarity_v2,xsec_sector_complementarity_v2,False,Macro baseline plus redesigned causal xsec-sector complementarity v2 features.,fold_13,False
robust_q25,25th percentile validation Sharpe with turnover and drawdown penalties.,2.2915487094776408,2.8803650107259995,0.25,9.693548387096774,-0.05206944094676,-0.2464133675147243,3.691190520731229,3,1,3,2.912361553458459,-1.0459532548803037,-5.1249412712859765,-0.112080691704559,9.836065573770492,3,3,base_macro_hmm,negative_control_hmm,True,HMM-enhanced feature set treated as a negative control.,fold_13,False
robust_q25,25th percentile validation Sharpe with turnover and drawdown penalties.,2.199893310659829,2.9338063868093567,0.25,12.903225806451612,-0.0443758929134737,-0.2682449587460797,3.685231555381165,3,1,3,3.044541241172177,-1.03862892822861,-4.601874243170134,-0.1039749782284393,13.114754098360656,3,3,base_macro_credit_stress_proxies,credit_stress_proxies,False,Macro baseline plus lag-clean credit and financial-stress proxy features.,fold_13,False
robust_q25,25th percentile validation Sharpe with turnover and drawdown penalties.,2.0115825185718745,2.914285151351791,0.25,16.129032258064516,-0.0481255099383454,-0.3793315805638895,3.4324536143419917,3,1,3,3.1248793554309624,-1.0255953603852024,-4.77735937020034,-0.111453524850441,16.39344262295082,3,3,base_macro_xsec_dispersion_correlation_regime,market_internal_dispersion_correlation,False,Macro baseline plus causal cross-sectional dispersion/correlation regime features.,fold_13,False
robust_q25,25th percentile validation Sharpe with turnover and drawdown penalties.,1.6287916282800428,2.5514848891586217,0.25,16.725806451612904,-0.0432014691489668,-0.3001804143962798,2.759191162264651,3,1,3,2.835357770235813,-1.0713063667794531,-5.355616396319551,-0.1165135292237317,16.21311475409836,3,3,base_macro_exogenous_plus,calendar_exogenous,False,Baseline technical and macro features plus event/calendar exogenous features.,fold_13,False
robust_q25_retention,25th percentile validation Sharpe with retention/generalization uplift and turnover/max-drawdown penalties.,3.8721025427631233,4.0187938124963605,0.25,13.709677419354838,-0.0402806392324106,-0.065234842597936,4.237750602325398,3,1,3,4.019149344502746,-0.2621885748662343,-1.5325469737849984,-0.0870225944344366,13.934426229508198,3,3,base_macro_vol_term_or_implied_vol_proxy,vol_term_or_implied_vol_proxy,False,Macro baseline plus lag-clean implied-volatility term-structure proxy features.,fold_13,True
robust_q25_retention,25th percentile validation Sharpe with retention/generalization uplift and turnover/max-drawdown penalties.,3.784329815573885,3.776571458858049,0.25,9.67741935483871,-0.034512693714376,-0.2609163534794725,4.172558668375947,3,1,3,4.251266296170514,-1.1092248996669938,-4.837034360780324,-0.1224013026799162,10.704918032786884,3,3,base_macro_gru,negative_control_gru,True,GRU-enhanced feature set treated as a negative control.,fold_13,False
robust_q25_retention,25th percentile validation Sharpe with retention/generalization uplift and turnover/max-drawdown penalties.,3.615254393530343,3.6578851189103982,0.25,11.403225806451612,-0.0442496690568428,0.0269342796142582,4.061975554350979,3,1,3,3.801828359041349,0.0946454931112976,0.0310998621189328,-0.0807916973855855,11.62295081967213,3,3,base_macro_breadth_internal_structure,market_internal_breadth,False,Macro baseline plus causal breadth and participation structure features.,fold_13,False
robust_q25_retention,25th percentile validation Sharpe with retention/generalization uplift and turnover/max-drawdown penalties.,3.5798870791987554,3.7146892160999823,0.25,11.951612903225806,-0.0392490155586258,-0.0906137336116137,3.759533151868126,3,1,3,3.778879182631662,-0.3628302929130647,-1.877395111019109,-0.082879737387962,11.557377049180328,3,3,base_macro_xsec_sector_gated_context,xsec_sector_gated_context,False,Macro baseline plus causal xsec-sector gated interaction context features.,fold_13,False
robust_q25_retention,25th percentile validation Sharpe with retention/generalization uplift and turnover/max-drawdown penalties.,3.4508004812119486,3.4574237618500434,0.25,9.67741935483871,-0.0350965004399669,-0.3023111119568851,4.15345643981997,3,1,3,3.58464831715216,-1.0067562251694402,-4.609892938905302,-0.1081751740670166,10.975409836065571,3,3,base_macro_rates_term_structure_lsc,rates_term_structure_lsc,False,"Macro baseline plus lag-clean Treasury level, slope, and curvature features.",fold_13,False
robust_q25_retention,25th percentile validation Sharpe with retention/generalization uplift and turnover/max-drawdown penalties.,3.4353396010231196,3.436211342024401,0.25,10.483870967741936,-0.0362860063931902,-0.1702436995722464,4.256364967101718,3,1,3,4.278784179621199,-0.7855663707665202,-3.428742274102769,-0.0926739748574216,10.655737704918034,3,3,base_macro_rates_credit_vol_risk_state_context,rates_credit_vol_risk_state_context,False,"Macro baseline plus lag-clean rates, credit, vol proxy, and narrow risk-state gates.",fold_13,False
robust_q25_retention,25th percentile validation Sharpe with retention/generalization uplift and turnover/max-drawdown penalties.,3.2772295881981117,3.3763869215041433,0.25,10.629032258064516,-0.0384987054278546,-0.1932209081985462,3.717312783350263,3,1,3,3.422251043267565,-0.7379007759204933,-3.198279641584756,-0.1048294878896597,9.852459016393444,3,3,base_macro_analyst_or_fund_revision_features,analyst_or_fund_revision_features,False,Macro baseline plus lagged point-in-time fundamental revision proxy features.,fold_13,False
robust_q25_retention,25th percentile validation Sharpe with retention/generalization uplift and turnover/max-drawdown penalties.,3.1187632999967296,3.2381207469404316,0.25,13.709677419354838,-0.0385672980769348,0.0375494848772038,4.225824326390724,3,1,3,3.528566213142287,0.1106836883770007,0.0703371934200669,-0.0971621138776593,14.754098360655735,3,3,base_macro_sector_relative_context,sector_relative_context,False,Macro baseline plus causal sector-relative return context features.,fold_13,False
robust_q25_retention,25th percentile validation Sharpe with retention/generalization uplift and turnover/max-drawdown penalties.,3.074506765530813,3.336311190788932,0.25,12.903225806451612,-0.0508279519728348,-0.1256230527259663,3.442790214610818,3,1,3,3.671156007985256,-0.4611818247563799,-2.2109092732292,-0.088378411785896,13.049180327868852,3,3,base,technical_base,False,"Prices, returns, and baseline technical risk features.",fold_13,False
robust_q25_retention,25th percentile validation Sharpe with retention/generalization uplift and turnover/max-drawdown penalties.,2.9821628102963174,3.0352917416932286,0.25,9.67741935483871,-0.0444633916815107,-0.0272777399375949,3.5099216979496317,3,1,3,3.3631403481649893,-0.0983525046531334,-0.7272242903816117,-0.0936098352975219,9.836065573770492,3,3,base_macro,macro_context,False,Baseline technical features plus macro context.,fold_13,False
robust_q25_retention,25th percentile validation Sharpe with retention/generalization uplift and turnover/max-drawdown penalties.,2.978185078779938,3.129136319198801,0.25,11.290322580645162,-0.0516783361834244,-0.1056120090431422,3.6221637549401935,3,1,3,3.4386231240745624,-0.4834668893964685,-2.2875866358741503,-0.0856182857573392,11.475409836065571,3,3,base_macro_xsec_sector_complementarity_v2,xsec_sector_complementarity_v2,False,Macro baseline plus redesigned causal xsec-sector complementarity v2 features.,fold_13,False
robust_q25_retention,25th percentile validation Sharpe with retention/generalization uplift and turnover/max-drawdown penalties.,2.783623945708644,2.8803650107259995,0.25,9.693548387096774,-0.05206944094676,-0.2464133675147243,3.691190520731229,3,1,3,2.912361553458459,-1.0459532548803037,-5.1249412712859765,-0.112080691704559,9.836065573770492,3,3,base_macro_hmm,negative_control_hmm,True,HMM-enhanced feature set treated as a negative control.,fold_13,False
robust_q25_retention,25th percentile validation Sharpe with retention/generalization uplift and turnover/max-drawdown penalties.,2.6856168042804835,2.9338063868093567,0.25,12.903225806451612,-0.0443758929134737,-0.2682449587460797,3.685231555381165,3,1,3,3.044541241172177,-1.03862892822861,-4.601874243170134,-0.1039749782284393,13.114754098360656,3,3,base_macro_credit_stress_proxies,credit_stress_proxies,False,Macro baseline plus lag-clean credit and financial-stress proxy features.,fold_13,False
robust_q25_retention,25th percentile validation Sharpe with retention/generalization uplift and turnover/max-drawdown penalties.,2.431617665582201,2.914285151351791,0.25,16.129032258064516,-0.0481255099383454,-0.3793315805638895,3.4324536143419917,3,1,3,3.1248793554309624,-1.0255953603852024,-4.77735937020034,-0.111453524850441,16.39344262295082,3,3,base_macro_xsec_dispersion_correlation_regime,market_internal_dispersion_correlation,False,Macro baseline plus causal cross-sectional dispersion/correlation regime features.,fold_13,False
robust_q25_retention,25th percentile validation Sharpe with retention/generalization uplift and turnover/max-drawdown penalties.,1.9676251990206706,2.5514848891586217,0.25,16.725806451612904,-0.0432014691489668,-0.3001804143962798,2.759191162264651,3,1,3,2.835357770235813,-1.0713063667794531,-5.355616396319551,-0.1165135292237317,16.21311475409836,3,3,base_macro_exogenous_plus,calendar_exogenous,False,Baseline technical and macro features plus event/calendar exogenous features.,fold_13,False
sharpe_only,Baseline rule: median validation Sharpe only.,-1.150732715255342,-1.150732715255342,0.5,9.080645161290322,-0.1313977014771327,0.916946115058034,-1.3381298205887149,3,1,3,-1.150732715255342,-1.0551598927235686,-4.649674248763624,-0.1297262412144336,11.26984126984127,3,3,base,technical_base,False,"Prices, returns, and baseline technical risk features.",fold_14,True
sharpe_only,Baseline rule: median validation Sharpe only.,-1.1903014442206663,-1.1903014442206663,0.5,9.201612903225806,-0.1293121190664945,0.6894481150358319,-1.4216941317428573,3,1,3,-1.1903014442206663,-0.8545501810749252,-4.143502338485328,-0.1259591277403584,8.912698412698413,3,3,base_macro_sector_relative_context,sector_relative_context,False,Macro baseline plus causal sector-relative return context features.,fold_14,False
sharpe_only,Baseline rule: median validation Sharpe only.,-1.4537590289653903,-1.4537590289653903,0.5,9.67741935483871,-0.1346363184535273,0.6526727182393521,-1.784952141635736,3,1,3,-1.4537590289653903,-0.9488288570998424,-4.765348705372596,-0.1324337902575406,9.523809523809524,3,3,base_macro_xsec_dispersion_correlation_regime,market_internal_dispersion_correlation,False,Macro baseline plus causal cross-sectional dispersion/correlation regime features.,fold_14,False
sharpe_only,Baseline rule: median validation Sharpe only.,-1.473627728125821,-1.473627728125821,0.5,12.096774193548388,-0.1337972044447146,0.5134020993359835,-1.7311886444321885,3,1,3,-1.473627728125821,-0.7580351660371158,-3.549973860696753,-0.1289891037167739,11.904761904761903,3,3,base_macro_breadth_internal_structure,market_internal_breadth,False,Macro baseline plus causal breadth and participation structure features.,fold_14,False
sharpe_only,Baseline rule: median validation Sharpe only.,-1.4838961294876674,-1.4838961294876674,0.5,8.064516129032258,-0.1405460830540973,0.4758770117469704,-1.6669173126386272,3,1,3,-1.4838961294876674,-0.6926572211018772,-3.4474263521239723,-0.1391392523297228,7.952380952380952,3,3,base_macro_rates_term_structure_lsc,rates_term_structure_lsc,False,"Macro baseline plus lag-clean Treasury level, slope, and curvature features.",fold_14,False
sharpe_only,Baseline rule: median validation Sharpe only.,-1.532370639300239,-1.532370639300239,0.5,12.580645161290322,-0.1437939770402784,0.5197394090392499,-1.7518192661919092,3,1,3,-1.532370639300239,-0.7964334104990037,-3.84656382537838,-0.1281214752867181,12.07936507936508,3,3,base_macro_vol_term_or_implied_vol_proxy,vol_term_or_implied_vol_proxy,False,Macro baseline plus lag-clean implied-volatility term-structure proxy features.,fold_14,False
sharpe_only,Baseline rule: median validation Sharpe only.,-1.5441858699118507,-1.5441858699118507,0.5,8.887096774193548,-0.1339331215303346,0.7563373326020487,-1.5660393355235114,3,1,3,-1.5441858699118507,-1.1679254218909034,-5.778750872610439,-0.151586148978798,8.73015873015873,3,3,base_macro_xsec_sector_complementarity_v2,xsec_sector_complementarity_v2,False,Macro baseline plus redesigned causal xsec-sector complementarity v2 features.,fold_14,False
sharpe_only,Baseline rule: median validation Sharpe only.,-1.584546256638307,-1.584546256638307,0.5,10.701612903225806,-0.1494270359883462,0.5639794682682613,-1.5544544499305193,3,1,3,-1.584546256638307,-0.609800905264566,-3.7602977300731135,-0.153119114464228,11.174603174603174,3,3,base_macro_analyst_or_fund_revision_features,analyst_or_fund_revision_features,False,Macro baseline plus lagged point-in-time fundamental revision proxy features.,fold_14,False
sharpe_only,Baseline rule: median validation Sharpe only.,-1.611188547581493,-1.611188547581493,0.5,11.306451612903226,-0.1477439917605477,0.8100608815754105,-1.8489676770862848,3,1,3,-1.611188547581493,-1.2951760017931735,-5.648259628674279,-0.1525374904487698,11.11111111111111,3,3,base_macro_hmm,negative_control_hmm,True,HMM-enhanced feature set treated as a negative control.,fold_14,False
sharpe_only,Baseline rule: median validation Sharpe only.,-1.6548666654592488,-1.6548666654592488,0.5,10.879032258064516,-0.1378338092285599,0.4520942933805799,-1.6220908549209403,3,1,3,-1.6548666654592488,-0.753326261663642,-4.019408790785928,-0.1469924250849602,10.682539682539682,3,3,base_macro,macro_context,False,Baseline technical features plus macro context.,fold_14,False
sharpe_only,Baseline rule: median validation Sharpe only.,-1.6621872958873425,-1.6621872958873425,0.5,8.064516129032258,-0.1492146912357584,0.4327042837371483,-1.5798112132079454,3,1,3,-1.6621872958873425,-0.7754964194048269,-4.02838136645599,-0.1411695280457466,7.936507936507937,3,3,base_macro_exogenous_plus,calendar_exogenous,False,Baseline technical and macro features plus event/calendar exogenous features.,fold_14,False
sharpe_only,Baseline rule: median validation Sharpe only.,-1.720699709298139,-1.720699709298139,0.5,12.516129032258064,-0.1393672010428948,0.6589928591328515,-1.8826026090942765,3,1,3,-1.720699709298139,-1.1339288211394472,-5.41930953051909,-0.1571881388781568,12.492063492063492,3,3,base_macro_gru,negative_control_gru,True,GRU-enhanced feature set treated as a negative control.,fold_14,False
sharpe_only,Baseline rule: median validation Sharpe only.,-1.7738026490274847,-1.7738026490274847,0.5,9.67741935483871,-0.15399341148255,0.4080694250142502,-2.086149411244972,3,1,3,-1.7738026490274847,-0.7238346270773997,-3.8924820837249454,-0.1497478466087682,9.523809523809524,3,3,base_macro_rates_credit_vol_risk_state_context,rates_credit_vol_risk_state_context,False,"Macro baseline plus lag-clean rates, credit, vol proxy, and narrow risk-state gates.",fold_14,False
sharpe_only,Baseline rule: median validation Sharpe only.,-1.8089527016164808,-1.8089527016164808,0.5,14.53225806451613,-0.1484925296925698,0.5101800717587077,-1.9545322613197007,3,1,3,-1.8089527016164808,-0.9110481076898892,-4.530366546706155,-0.1515304906277649,14.92063492063492,3,3,base_macro_credit_stress_proxies,credit_stress_proxies,False,Macro baseline plus lag-clean credit and financial-stress proxy features.,fold_14,False
sharpe_only,Baseline rule: median validation Sharpe only.,-1.8369950729345963,-1.8369950729345963,0.5,12.903225806451612,-0.1420187695232577,0.3914902197538858,-2.148966491511238,3,1,3,-1.8369950729345963,-0.7514076072371912,-3.9253935696288544,-0.1497486647106626,12.698412698412698,3,3,base_macro_xsec_sector_gated_context,xsec_sector_gated_context,False,Macro baseline plus causal xsec-sector gated interaction context features.,fold_14,False
robust_q25,25th percentile validation Sharpe with turnover and drawdown penalties.,-1.9335905516887957,-1.2148856683945164,0.25,9.201612903225806,-0.1293121190664945,0.6894481150358319,-1.4216941317428573,3,1,3,-1.1903014442206663,-0.8545501810749252,-4.143502338485328,-0.1259591277403584,8.912698412698413,3,3,base_macro_sector_relative_context,sector_relative_context,False,Macro baseline plus causal sector-relative return context features.,fold_14,True
robust_q25,25th percentile validation Sharpe with turnover and drawdown penalties.,-2.1254099344238195,-1.4085822734050377,0.25,9.080645161290322,-0.1313977014771327,0.916946115058034,-1.3381298205887149,3,1,3,-1.150732715255342,-1.0551598927235686,-4.649674248763624,-0.1297262412144336,11.26984126984127,3,3,base,technical_base,False,"Prices, returns, and baseline technical risk features.",fold_14,False
robust_q25,25th percentile validation Sharpe with turnover and drawdown penalties.,-2.2241136295081034,-1.539795656948296,0.25,8.064516129032258,-0.1405460830540973,0.4758770117469704,-1.6669173126386272,3,1,3,-1.4838961294876674,-0.6926572211018772,-3.4474263521239723,-0.1391392523297228,7.952380952380952,3,3,base_macro_rates_term_structure_lsc,rates_term_structure_lsc,False,"Macro baseline plus lag-clean Treasury level, slope, and curvature features.",fold_14,False
robust_q25,25th percentile validation Sharpe with turnover and drawdown penalties.,-2.34749402818872,-1.4750609096218712,0.25,12.096774193548388,-0.1337972044447146,0.5134020993359835,-1.7311886444321885,3,1,3,-1.473627728125821,-0.7580351660371158,-3.549973860696753,-0.1289891037167739,11.904761904761903,3,3,base_macro_breadth_internal_structure,market_internal_breadth,False,Macro baseline plus causal breadth and participation structure features.,fold_14,False
robust_q25,25th percentile validation Sharpe with turnover and drawdown penalties.,-2.397485080720816,-1.6443414760718256,0.25,9.67741935483871,-0.1346363184535273,0.6526727182393521,-1.784952141635736,3,1,3,-1.4537590289653903,-0.9488288570998424,-4.765348705372596,-0.1324337902575406,9.523809523809524,3,3,base_macro_xsec_dispersion_correlation_regime,market_internal_dispersion_correlation,False,Macro baseline plus causal cross-sectional dispersion/correlation regime features.,fold_14,False
robust_q25,25th percentile validation Sharpe with turnover and drawdown penalties.,-2.427549212777627,-1.7153281310072805,0.25,8.887096774193548,-0.1339331215303346,0.7563373326020487,-1.5660393355235114,3,1,3,-1.5441858699118507,-1.1679254218909034,-5.778750872610439,-0.151586148978798,8.73015873015873,3,3,base_macro_xsec_sector_complementarity_v2,xsec_sector_complementarity_v2,False,Macro baseline plus redesigned causal xsec-sector complementarity v2 features.,fold_14,False
robust_q25,25th percentile validation Sharpe with turnover and drawdown penalties.,-2.428853230272705,-1.7271980413495753,0.25,8.064516129032258,-0.1492146912357584,0.4327042837371483,-1.5798112132079454,3,1,3,-1.6621872958873425,-0.7754964194048269,-4.02838136645599,-0.1411695280457466,7.936507936507937,3,3,base_macro_exogenous_plus,calendar_exogenous,False,Baseline technical and macro features plus event/calendar exogenous features.,fold_14,False
robust_q25,25th percentile validation Sharpe with turnover and drawdown penalties.,-2.489568119017061,-1.655633401879078,0.25,10.701612903225806,-0.1494270359883462,0.5639794682682613,-1.5544544499305193,3,1,3,-1.584546256638307,-0.609800905264566,-3.7602977300731135,-0.153119114464228,11.174603174603174,3,3,base_macro_analyst_or_fund_revision_features,analyst_or_fund_revision_features,False,Macro baseline plus lagged point-in-time fundamental revision proxy features.,fold_14,False
robust_q25,25th percentile validation Sharpe with turnover and drawdown penalties.,-2.5140299320788295,-1.694410700718484,0.25,10.879032258064516,-0.1378338092285599,0.4520942933805799,-1.6220908549209403,3,1,3,-1.6548666654592488,-0.753326261663642,-4.019408790785928,-0.1469924250849602,10.682539682539682,3,3,base_macro,macro_context,False,Baseline technical features plus macro context.,fold_14,False
robust_q25,25th percentile validation Sharpe with turnover and drawdown penalties.,-2.58271693282788,-1.7219063686616234,0.25,11.306451612903226,-0.1477439917605477,0.8100608815754105,-1.8489676770862848,3,1,3,-1.611188547581493,-1.2951760017931735,-5.648259628674279,-0.1525374904487698,11.11111111111111,3,3,base_macro_hmm,negative_control_hmm,True,HMM-enhanced feature set treated as a negative control.,fold_14,False
robust_q25,25th percentile validation Sharpe with turnover and drawdown penalties.,-2.6317384408075597,-1.839880650100524,0.25,9.67741935483871,-0.15399341148255,0.4080694250142502,-2.086149411244972,3,1,3,-1.7738026490274847,-0.7238346270773997,-3.8924820837249454,-0.1497478466087682,9.523809523809524,3,3,base_macro_rates_credit_vol_risk_state_context,rates_credit_vol_risk_state_context,False,"Macro baseline plus lag-clean rates, credit, vol proxy, and narrow risk-state gates.",fold_14,False
robust_q25,25th percentile validation Sharpe with turnover and drawdown penalties.,-2.648424452204286,-1.7318042400592129,0.25,12.580645161290322,-0.1437939770402784,0.5197394090392499,-1.7518192661919092,3,1,3,-1.532370639300239,-0.7964334104990037,-3.84656382537838,-0.1281214752867181,12.07936507936508,3,3,base_macro_vol_term_or_implied_vol_proxy,vol_term_or_implied_vol_proxy,False,Macro baseline plus lag-clean implied-volatility term-structure proxy features.,fold_14,False
robust_q25,25th percentile validation Sharpe with turnover and drawdown penalties.,-2.6979541338197253,-1.7934132801210325,0.25,12.516129032258064,-0.1393672010428948,0.6589928591328515,-1.8826026090942765,3,1,3,-1.720699709298139,-1.1339288211394472,-5.41930953051909,-0.1571881388781568,12.492063492063492,3,3,base_macro_gru,negative_control_gru,True,GRU-enhanced feature set treated as a negative control.,fold_14,False
robust_q25,25th percentile validation Sharpe with turnover and drawdown penalties.,-2.80737245647995,-1.8781736271108538,0.25,12.903225806451612,-0.1420187695232577,0.3914902197538858,-2.148966491511238,3,1,3,-1.8369950729345963,-0.7514076072371912,-3.9253935696288544,-0.1497486647106626,12.698412698412698,3,3,base_macro_xsec_sector_gated_context,xsec_sector_gated_context,False,Macro baseline plus causal xsec-sector gated interaction context features.,fold_14,False
robust_q25,25th percentile validation Sharpe with turnover and drawdown penalties.,-2.8973803314284012,-1.8737823688174549,0.25,14.53225806451613,-0.1484925296925698,0.5101800717587077,-1.9545322613197007,3,1,3,-1.8089527016164808,-0.9110481076898892,-4.530366546706155,-0.1515304906277649,14.92063492063492,3,3,base_macro_credit_stress_proxies,credit_stress_proxies,False,Macro baseline plus lag-clean credit and financial-stress proxy features.,fold_14,False
robust_q25_retention,25th percentile validation Sharpe with retention/generalization uplift and turnover/max-drawdown penalties.,-1.9744826426912665,-1.2148856683945164,0.25,9.201612903225806,-0.1293121190664945,0.6894481150358319,-1.4216941317428573,3,1,3,-1.1903014442206663,-0.8545501810749252,-4.143502338485328,-0.1259591277403584,8.912698412698413,3,3,base_macro_sector_relative_context,sector_relative_context,False,Macro baseline plus causal sector-relative return context features.,fold_14,True
robust_q25_retention,25th percentile validation Sharpe with retention/generalization uplift and turnover/max-drawdown penalties.,-2.096892878747618,-1.4085822734050377,0.25,9.080645161290322,-0.1313977014771327,0.916946115058034,-1.3381298205887149,3,1,3,-1.150732715255342,-1.0551598927235686,-4.649674248763624,-0.1297262412144336,11.26984126984127,3,3,base,technical_base,False,"Prices, returns, and baseline technical risk features.",fold_14,False
robust_q25_retention,25th percentile validation Sharpe with retention/generalization uplift and turnover/max-drawdown penalties.,-2.355181973467155,-1.539795656948296,0.25,8.064516129032258,-0.1405460830540973,0.4758770117469704,-1.6669173126386272,3,1,3,-1.4838961294876674,-0.6926572211018772,-3.4474263521239723,-0.1391392523297228,7.952380952380952,3,3,base_macro_rates_term_structure_lsc,rates_term_structure_lsc,False,"Macro baseline plus lag-clean Treasury level, slope, and curvature features.",fold_14,False
robust_q25_retention,25th percentile validation Sharpe with retention/generalization uplift and turnover/max-drawdown penalties.,-2.4733707799556415,-1.7153281310072805,0.25,8.887096774193548,-0.1339331215303346,0.7563373326020487,-1.5660393355235114,3,1,3,-1.5441858699118507,-1.1679254218909034,-5.778750872610439,-0.151586148978798,8.73015873015873,3,3,base_macro_xsec_sector_complementarity_v2,xsec_sector_complementarity_v2,False,Macro baseline plus redesigned causal xsec-sector complementarity v2 features.,fold_14,False
robust_q25_retention,25th percentile validation Sharpe with retention/generalization uplift and turnover/max-drawdown penalties.,-2.4788218000195523,-1.4750609096218712,0.25,12.096774193548388,-0.1337972044447146,0.5134020993359835,-1.7311886444321885,3,1,3,-1.473627728125821,-0.7580351660371158,-3.549973860696753,-0.1289891037167739,11.904761904761903,3,3,base_macro_breadth_internal_structure,market_internal_breadth,False,Macro baseline plus causal breadth and participation structure features.,fold_14,False
robust_q25_retention,25th percentile validation Sharpe with retention/generalization uplift and turnover/max-drawdown penalties.,-2.502059722406338,-1.6443414760718256,0.25,9.67741935483871,-0.1346363184535273,0.6526727182393521,-1.784952141635736,3,1,3,-1.4537590289653903,-0.9488288570998424,-4.765348705372596,-0.1324337902575406,9.523809523809524,3,3,base_macro_xsec_dispersion_correlation_regime,market_internal_dispersion_correlation,False,Macro baseline plus causal cross-sectional dispersion/correlation regime features.,fold_14,False
robust_q25_retention,25th percentile validation Sharpe with retention/generalization uplift and turnover/max-drawdown penalties.,-2.5576488413196095,-1.7271980413495753,0.25,8.064516129032258,-0.1492146912357584,0.4327042837371483,-1.5798112132079454,3,1,3,-1.6621872958873425,-0.7754964194048269,-4.02838136645599,-0.1411695280457466,7.936507936507937,3,3,base_macro_exogenous_plus,calendar_exogenous,False,Baseline technical and macro features plus event/calendar exogenous features.,fold_14,False
robust_q25_retention,25th percentile validation Sharpe with retention/generalization uplift and turnover/max-drawdown penalties.,-2.5817414194395734,-1.655633401879078,0.25,10.701612903225806,-0.1494270359883462,0.5639794682682613,-1.5544544499305193,3,1,3,-1.584546256638307,-0.609800905264566,-3.7602977300731135,-0.153119114464228,11.174603174603174,3,3,base_macro_analyst_or_fund_revision_features,analyst_or_fund_revision_features,False,Macro baseline plus lagged point-in-time fundamental revision proxy features.,fold_14,False
robust_q25_retention,25th percentile validation Sharpe with retention/generalization uplift and turnover/max-drawdown penalties.,-2.6443199869718255,-1.694410700718484,0.25,10.879032258064516,-0.1378338092285599,0.4520942933805799,-1.6220908549209403,3,1,3,-1.6548666654592488,-0.753326261663642,-4.019408790785928,-0.1469924250849602,10.682539682539682,3,3,base_macro,macro_context,False,Baseline technical features plus macro context.,fold_14,False
robust_q25_retention,25th percentile validation Sharpe with retention/generalization uplift and turnover/max-drawdown penalties.,-2.65754686399697,-1.7219063686616234,0.25,11.306451612903226,-0.1477439917605477,0.8100608815754105,-1.8489676770862848,3,1,3,-1.611188547581493,-1.2951760017931735,-5.648259628674279,-0.1525374904487698,11.11111111111111,3,3,base_macro_hmm,negative_control_hmm,True,HMM-enhanced feature set treated as a negative control.,fold_14,False
robust_q25_retention,25th percentile validation Sharpe with retention/generalization uplift and turnover/max-drawdown penalties.,-2.78126248987326,-1.7318042400592129,0.25,12.580645161290322,-0.1437939770402784,0.5197394090392499,-1.7518192661919092,3,1,3,-1.532370639300239,-0.7964334104990037,-3.84656382537838,-0.1281214752867181,12.07936507936508,3,3,base_macro_vol_term_or_implied_vol_proxy,vol_term_or_implied_vol_proxy,False,Macro baseline plus lag-clean implied-volatility term-structure proxy features.,fold_14,False
robust_q25_retention,25th percentile validation Sharpe with retention/generalization uplift and turnover/max-drawdown penalties.,-2.815596310400654,-1.7934132801210325,0.25,12.516129032258064,-0.1393672010428948,0.6589928591328515,-1.8826026090942765,3,1,3,-1.720699709298139,-1.1339288211394472,-5.41930953051909,-0.1571881388781568,12.492063492063492,3,3,base_macro_gru,negative_control_gru,True,GRU-enhanced feature set treated as a negative control.,fold_14,False
robust_q25_retention,25th percentile validation Sharpe with retention/generalization uplift and turnover/max-drawdown penalties.,-2.842643496240743,-1.839880650100524,0.25,9.67741935483871,-0.15399341148255,0.4080694250142502,-2.086149411244972,3,1,3,-1.7738026490274847,-0.7238346270773997,-3.8924820837249454,-0.1497478466087682,9.523809523809524,3,3,base_macro_rates_credit_vol_risk_state_context,rates_credit_vol_risk_state_context,False,"Macro baseline plus lag-clean rates, credit, vol proxy, and narrow risk-state gates.",fold_14,False
robust_q25_retention,25th percentile validation Sharpe with retention/generalization uplift and turnover/max-drawdown penalties.,-3.031844875268164,-1.8781736271108538,0.25,12.903225806451612,-0.1420187695232577,0.3914902197538858,-2.148966491511238,3,1,3,-1.8369950729345963,-0.7514076072371912,-3.9253935696288544,-0.1497486647106626,12.698412698412698,3,3,base_macro_xsec_sector_gated_context,xsec_sector_gated_context,False,Macro baseline plus causal xsec-sector gated interaction context features.,fold_14,False
robust_q25_retention,25th percentile validation Sharpe with retention/generalization uplift and turnover/max-drawdown penalties.,-3.0630151526866793,-1.8737823688174549,0.25,14.53225806451613,-0.1484925296925698,0.5101800717587077,-1.9545322613197007,3,1,3,-1.8089527016164808,-0.9110481076898892,-4.530366546706155,-0.1515304906277649,14.92063492063492,3,3,base_macro_credit_stress_proxies,credit_stress_proxies,False,Macro baseline plus lag-clean credit and financial-stress proxy features.,fold_14,False
