fold_id,feature_set,benchmark_id,runs,excess_return_pct_median,excess_sharpe_median,benchmark_win_rate_return,benchmark_win_rate_sharpe,benchmark_relative_regret_return_pct_median
fold_01,base,dow30_equal_weight_rebalance_matched,3,3.6134665585538563,1.4206536684056008,1.0,1.0,-3.6134665585538563
fold_01,base,dow30_equal_weight_vol_target,3,3.4128853772476644,1.077812946976389,1.0,1.0,-3.4128853772476644
fold_01,base,dow30_market_proxy_buy_hold,3,4.8660760072838585,1.7421165627438504,1.0,1.0,-4.8660760072838585
fold_01,base,dow30_trend_filter_overlay,3,0.7577851856275677,-0.5436222784028697,0.6666666666666666,0.0,-0.7577851856275677
fold_01,base_macro,dow30_equal_weight_rebalance_matched,3,3.1141287624780745,1.368772476766646,1.0,1.0,-3.1141287624780745
fold_01,base_macro,dow30_equal_weight_vol_target,3,2.9135475811718825,1.0259317553374343,1.0,1.0,-2.9135475811718825
fold_01,base_macro,dow30_market_proxy_buy_hold,3,4.366738211208077,1.6902353711048956,1.0,1.0,-4.366738211208077
fold_01,base_macro,dow30_trend_filter_overlay,3,0.2584473895517858,-0.5955034700418245,0.6666666666666666,0.3333333333333333,-0.2584473895517858
fold_01,base_macro_analyst_or_fund_revision_features,dow30_equal_weight_rebalance_matched,3,1.3359975890814058,0.7508590257717972,1.0,1.0,-1.3359975890814058
fold_01,base_macro_analyst_or_fund_revision_features,dow30_equal_weight_vol_target,3,1.1354164077752138,0.40801830434258535,0.6666666666666666,1.0,-1.1354164077752138
fold_01,base_macro_analyst_or_fund_revision_features,dow30_market_proxy_buy_hold,3,2.588607037811408,1.0723219201100467,1.0,1.0,-2.588607037811408
fold_01,base_macro_analyst_or_fund_revision_features,dow30_trend_filter_overlay,3,-1.519683783844883,-1.2134169210366734,0.3333333333333333,0.3333333333333333,1.519683783844883
fold_01,base_macro_breadth_internal_structure,dow30_equal_weight_rebalance_matched,3,0.9321815888886364,0.6993060805735932,1.0,1.0,-0.9321815888886364
fold_01,base_macro_breadth_internal_structure,dow30_equal_weight_vol_target,3,0.7316004075824445,0.3564653591443814,0.6666666666666666,1.0,-0.7316004075824445
fold_01,base_macro_breadth_internal_structure,dow30_market_proxy_buy_hold,3,2.1847910376186386,1.0207689749118427,1.0,1.0,-2.1847910376186386
fold_01,base_macro_breadth_internal_structure,dow30_trend_filter_overlay,3,-1.9234997840376522,-1.2649698662348774,0.0,0.0,1.9234997840376522
fold_01,base_macro_credit_stress_proxies,dow30_equal_weight_rebalance_matched,3,5.0438233269098465,1.838927053497231,1.0,1.0,-5.0438233269098465
fold_01,base_macro_credit_stress_proxies,dow30_equal_weight_vol_target,3,4.8432421456036545,1.4960863320680193,1.0,1.0,-4.8432421456036545
fold_01,base_macro_credit_stress_proxies,dow30_market_proxy_buy_hold,3,6.296432775639849,2.1603899478354807,1.0,1.0,-6.296432775639849
fold_01,base_macro_credit_stress_proxies,dow30_trend_filter_overlay,3,2.188141953983558,-0.12534889331123944,1.0,0.3333333333333333,-2.188141953983558
fold_01,base_macro_exogenous_plus,dow30_equal_weight_rebalance_matched,3,5.08180431056353,1.343684328443576,1.0,1.0,-5.08180431056353
fold_01,base_macro_exogenous_plus,dow30_equal_weight_vol_target,3,4.8812231292573385,1.0008436070143643,1.0,1.0,-4.8812231292573385
fold_01,base_macro_exogenous_plus,dow30_market_proxy_buy_hold,3,6.334413759293533,1.6651472227818256,1.0,1.0,-6.334413759293533
fold_01,base_macro_exogenous_plus,dow30_trend_filter_overlay,3,2.226122937637242,-0.6205916183648945,0.6666666666666666,0.0,-2.226122937637242
fold_01,base_macro_gru,dow30_equal_weight_rebalance_matched,3,2.3714125353815563,0.9148919598701365,1.0,1.0,-2.3714125353815563
fold_01,base_macro_gru,dow30_equal_weight_vol_target,3,2.1708313540753643,0.5720512384409246,1.0,1.0,-2.1708313540753643
fold_01,base_macro_gru,dow30_market_proxy_buy_hold,3,3.6240219841115584,1.236354854208386,1.0,1.0,-3.6240219841115584
fold_01,base_macro_gru,dow30_trend_filter_overlay,3,-0.4842688375447324,-1.0493839869383341,0.3333333333333333,0.0,0.4842688375447324
fold_01,base_macro_hmm,dow30_equal_weight_rebalance_matched,3,3.483000496674716,1.205206038184457,1.0,1.0,-3.483000496674716
fold_01,base_macro_hmm,dow30_equal_weight_vol_target,3,3.282419315368524,0.8623653167552452,1.0,1.0,-3.282419315368524
fold_01,base_macro_hmm,dow30_market_proxy_buy_hold,3,4.735609945404718,1.5266689325227065,1.0,1.0,-4.735609945404718
fold_01,base_macro_hmm,dow30_trend_filter_overlay,3,0.6273191237484275,-0.7590699086240136,1.0,0.0,-0.6273191237484275
fold_01,base_macro_rates_credit_vol_risk_state_context,dow30_equal_weight_rebalance_matched,3,1.7338652889085981,0.7835313674553394,1.0,1.0,-1.7338652889085981
fold_01,base_macro_rates_credit_vol_risk_state_context,dow30_equal_weight_vol_target,3,1.5332841076024062,0.4406906460261275,1.0,1.0,-1.5332841076024062
fold_01,base_macro_rates_credit_vol_risk_state_context,dow30_market_proxy_buy_hold,3,2.9864747376386003,1.1049942617935888,1.0,1.0,-2.9864747376386003
fold_01,base_macro_rates_credit_vol_risk_state_context,dow30_trend_filter_overlay,3,-1.1218160840176905,-1.1807445793531313,0.3333333333333333,0.0,1.1218160840176905
fold_01,base_macro_rates_term_structure_lsc,dow30_equal_weight_rebalance_matched,3,2.6049039500561477,1.1140459364227007,1.0,1.0,-2.6049039500561477
fold_01,base_macro_rates_term_structure_lsc,dow30_equal_weight_vol_target,3,2.4043227687499558,0.7712052149934889,1.0,1.0,-2.4043227687499558
fold_01,base_macro_rates_term_structure_lsc,dow30_market_proxy_buy_hold,3,3.85751339878615,1.4355088307609503,1.0,1.0,-3.85751339878615
fold_01,base_macro_rates_term_structure_lsc,dow30_trend_filter_overlay,3,-0.25077742287014093,-0.8502300103857698,0.0,0.0,0.25077742287014093
fold_01,base_macro_sector_relative_context,dow30_equal_weight_rebalance_matched,3,3.347353034865419,1.109489063347461,1.0,1.0,-3.347353034865419
fold_01,base_macro_sector_relative_context,dow30_equal_weight_vol_target,3,3.146771853559227,0.766648341918249,1.0,1.0,-3.146771853559227
fold_01,base_macro_sector_relative_context,dow30_market_proxy_buy_hold,3,4.599962483595421,1.4309519576857104,1.0,1.0,-4.599962483595421
fold_01,base_macro_sector_relative_context,dow30_trend_filter_overlay,3,0.49167166193913037,-0.8547868834610097,1.0,0.0,-0.49167166193913037
fold_01,base_macro_vol_term_or_implied_vol_proxy,dow30_equal_weight_rebalance_matched,3,1.442328368549961,0.9195339475415342,1.0,1.0,-1.442328368549961
fold_01,base_macro_vol_term_or_implied_vol_proxy,dow30_equal_weight_vol_target,3,1.241747187243769,0.5766932261123223,1.0,1.0,-1.241747187243769
fold_01,base_macro_vol_term_or_implied_vol_proxy,dow30_market_proxy_buy_hold,3,2.694937817279963,1.2409968418797837,1.0,1.0,-2.694937817279963
fold_01,base_macro_vol_term_or_implied_vol_proxy,dow30_trend_filter_overlay,3,-1.4133530043763276,-1.0447419992669364,0.3333333333333333,0.0,1.4133530043763276
fold_01,base_macro_xsec_dispersion_correlation_regime,dow30_equal_weight_rebalance_matched,3,2.919533899338167,1.2851110015644838,1.0,1.0,-2.919533899338167
fold_01,base_macro_xsec_dispersion_correlation_regime,dow30_equal_weight_vol_target,3,2.718952718031975,0.942270280135272,1.0,1.0,-2.718952718031975
fold_01,base_macro_xsec_dispersion_correlation_regime,dow30_market_proxy_buy_hold,3,4.172143348068169,1.6065738959027334,1.0,1.0,-4.172143348068169
fold_01,base_macro_xsec_dispersion_correlation_regime,dow30_trend_filter_overlay,3,0.06385252641187833,-0.6791649452439867,0.6666666666666666,0.3333333333333333,-0.06385252641187833
fold_01,base_macro_xsec_sector_gated_context,dow30_equal_weight_rebalance_matched,3,2.5091775319753706,0.9923537570146382,1.0,1.0,-2.5091775319753706
fold_01,base_macro_xsec_sector_gated_context,dow30_equal_weight_vol_target,3,2.3085963506691787,0.6495130355854264,1.0,1.0,-2.3085963506691787
fold_01,base_macro_xsec_sector_gated_context,dow30_market_proxy_buy_hold,3,3.7617869807053728,1.3138166513528877,1.0,1.0,-3.7617869807053728
fold_01,base_macro_xsec_sector_gated_context,dow30_trend_filter_overlay,3,-0.346503840950918,-0.9719221897938324,0.0,0.0,0.346503840950918
fold_02,base,dow30_equal_weight_rebalance_matched,3,-5.873107432661929,-2.242237415716302,0.0,0.0,5.873107432661929
fold_02,base,dow30_equal_weight_vol_target,3,-5.381664150544896,-2.0898104803011424,0.0,0.0,5.381664150544896
fold_02,base,dow30_market_proxy_buy_hold,3,-5.177507026244898,-2.0361748683591814,0.0,0.0,5.177507026244898
fold_02,base,dow30_trend_filter_overlay,3,1.9376972268472459,1.683940901300745,1.0,1.0,-1.9376972268472459
fold_02,base_macro,dow30_equal_weight_rebalance_matched,3,-2.124054812249132,-0.6196196410761002,0.0,0.0,2.124054812249132
fold_02,base_macro,dow30_equal_weight_vol_target,3,-1.6326115301320998,-0.4671927056609405,0.0,0.0,1.6326115301320998
fold_02,base_macro,dow30_market_proxy_buy_hold,3,-1.4284544058321025,-0.41355709371897953,0.0,0.0,1.4284544058321025
fold_02,base_macro,dow30_trend_filter_overlay,3,5.686749847260042,3.3065586759409467,1.0,1.0,-5.686749847260042
fold_02,base_macro_analyst_or_fund_revision_features,dow30_equal_weight_rebalance_matched,3,-2.4531357768655226,-0.7436032131776913,0.0,0.0,2.4531357768655226
fold_02,base_macro_analyst_or_fund_revision_features,dow30_equal_weight_vol_target,3,-1.9616924947484904,-0.5911762777625316,0.0,0.0,1.9616924947484904
fold_02,base_macro_analyst_or_fund_revision_features,dow30_market_proxy_buy_hold,3,-1.757535370448493,-0.5375406658205706,0.0,0.0,1.757535370448493
fold_02,base_macro_analyst_or_fund_revision_features,dow30_trend_filter_overlay,3,5.357668882643651,3.1825751038393557,1.0,1.0,-5.357668882643651
fold_02,base_macro_breadth_internal_structure,dow30_equal_weight_rebalance_matched,3,-5.4083250973794295,-2.026533338605617,0.0,0.0,5.4083250973794295
fold_02,base_macro_breadth_internal_structure,dow30_equal_weight_vol_target,3,-4.916881815262397,-1.874106403190457,0.0,0.0,4.916881815262397
fold_02,base_macro_breadth_internal_structure,dow30_market_proxy_buy_hold,3,-4.7127246909624,-1.820470791248496,0.0,0.0,4.7127246909624
fold_02,base_macro_breadth_internal_structure,dow30_trend_filter_overlay,3,2.4024795621297446,1.8996449784114302,1.0,1.0,-2.4024795621297446
fold_02,base_macro_credit_stress_proxies,dow30_equal_weight_rebalance_matched,3,-3.641594750468391,-1.2516091488554453,0.0,0.0,3.641594750468391
fold_02,base_macro_credit_stress_proxies,dow30_equal_weight_vol_target,3,-3.1501514683513587,-1.0991822134402855,0.0,0.0,3.1501514683513587
fold_02,base_macro_credit_stress_proxies,dow30_market_proxy_buy_hold,3,-2.9459943440513614,-1.0455466014983246,0.0,0.0,2.9459943440513614
fold_02,base_macro_credit_stress_proxies,dow30_trend_filter_overlay,3,4.169209909040783,2.674569168161602,1.0,1.0,-4.169209909040783
fold_02,base_macro_exogenous_plus,dow30_equal_weight_rebalance_matched,3,-4.15985538255973,-1.500562038507012,0.0,0.0,4.15985538255973
fold_02,base_macro_exogenous_plus,dow30_equal_weight_vol_target,3,-3.6684121004426973,-1.3481351030918522,0.0,0.0,3.6684121004426973
fold_02,base_macro_exogenous_plus,dow30_market_proxy_buy_hold,3,-3.4642549761427,-1.2944994911498913,0.0,0.0,3.4642549761427
fold_02,base_macro_exogenous_plus,dow30_trend_filter_overlay,3,3.6509492769494445,2.4256162785100353,1.0,1.0,-3.6509492769494445
fold_02,base_macro_gru,dow30_equal_weight_rebalance_matched,3,-3.7249658128404084,-1.2783516153289303,0.0,0.0,3.7249658128404084
fold_02,base_macro_gru,dow30_equal_weight_vol_target,3,-3.233522530723376,-1.1259246799137705,0.0,0.0,3.233522530723376
fold_02,base_macro_gru,dow30_market_proxy_buy_hold,3,-3.029365406423379,-1.0722890679718096,0.0,0.0,3.029365406423379
fold_02,base_macro_gru,dow30_trend_filter_overlay,3,4.085838846668766,2.6478267016881167,1.0,1.0,-4.085838846668766
fold_02,base_macro_hmm,dow30_equal_weight_rebalance_matched,3,-4.929888550027406,-1.8377501900642828,0.0,0.0,4.929888550027406
fold_02,base_macro_hmm,dow30_equal_weight_vol_target,3,-4.438445267910374,-1.685323254649123,0.0,0.0,4.438445267910374
fold_02,base_macro_hmm,dow30_market_proxy_buy_hold,3,-4.234288143610376,-1.631687642707162,0.0,0.0,4.234288143610376
fold_02,base_macro_hmm,dow30_trend_filter_overlay,3,2.880916109481768,2.0884281269527643,1.0,1.0,-2.880916109481768
fold_02,base_macro_rates_credit_vol_risk_state_context,dow30_equal_weight_rebalance_matched,3,-4.187631775603484,-2.043121492120775,0.0,0.0,4.187631775603484
fold_02,base_macro_rates_credit_vol_risk_state_context,dow30_equal_weight_vol_target,3,-3.696188493486452,-1.8906945567056153,0.0,0.0,3.696188493486452
fold_02,base_macro_rates_credit_vol_risk_state_context,dow30_market_proxy_buy_hold,3,-3.4920313691864546,-1.8370589447636543,0.0,0.0,3.4920313691864546
fold_02,base_macro_rates_credit_vol_risk_state_context,dow30_trend_filter_overlay,3,3.62317288390569,1.883056824896272,1.0,1.0,-3.62317288390569
fold_02,base_macro_rates_term_structure_lsc,dow30_equal_weight_rebalance_matched,3,-3.2136258526940464,-1.0525784399072644,0.0,0.0,3.2136258526940464
fold_02,base_macro_rates_term_structure_lsc,dow30_equal_weight_vol_target,3,-2.722182570577014,-0.9001515044921047,0.0,0.0,2.722182570577014
fold_02,base_macro_rates_term_structure_lsc,dow30_market_proxy_buy_hold,3,-2.518025446277017,-0.8465158925501437,0.0,0.0,2.518025446277017
fold_02,base_macro_rates_term_structure_lsc,dow30_trend_filter_overlay,3,4.597178806815128,2.8735998771097826,1.0,1.0,-4.597178806815128
fold_02,base_macro_sector_relative_context,dow30_equal_weight_rebalance_matched,3,-3.1849816885682447,-1.0513189444968658,0.0,0.0,3.1849816885682447
fold_02,base_macro_sector_relative_context,dow30_equal_weight_vol_target,3,-2.6935384064512125,-0.8988920090817061,0.0,0.0,2.6935384064512125
fold_02,base_macro_sector_relative_context,dow30_market_proxy_buy_hold,3,-2.489381282151215,-0.8452563971397451,0.0,0.0,2.489381282151215
fold_02,base_macro_sector_relative_context,dow30_trend_filter_overlay,3,4.625822970940929,2.874859372520181,1.0,1.0,-4.625822970940929
fold_02,base_macro_vol_term_or_implied_vol_proxy,dow30_equal_weight_rebalance_matched,3,-2.655688792175037,-0.8242813809936406,0.0,0.0,2.655688792175037
fold_02,base_macro_vol_term_or_implied_vol_proxy,dow30_equal_weight_vol_target,3,-2.164245510058005,-0.6718544455784808,0.0,0.0,2.164245510058005
fold_02,base_macro_vol_term_or_implied_vol_proxy,dow30_market_proxy_buy_hold,3,-1.9600883857580076,-0.6182188336365199,0.0,0.0,1.9600883857580076
fold_02,base_macro_vol_term_or_implied_vol_proxy,dow30_trend_filter_overlay,3,5.155115867334137,3.1018969360234063,1.0,1.0,-5.155115867334137
fold_02,base_macro_xsec_dispersion_correlation_regime,dow30_equal_weight_rebalance_matched,3,-7.262274827538439,-2.8071673037533453,0.0,0.0,7.262274827538439
fold_02,base_macro_xsec_dispersion_correlation_regime,dow30_equal_weight_vol_target,3,-6.770831545421407,-2.6547403683381856,0.0,0.0,6.770831545421407
fold_02,base_macro_xsec_dispersion_correlation_regime,dow30_market_proxy_buy_hold,3,-6.5666744211214105,-2.6011047563962246,0.0,0.0,6.5666744211214105
fold_02,base_macro_xsec_dispersion_correlation_regime,dow30_trend_filter_overlay,3,0.5485298319707343,1.1190110132637017,1.0,1.0,-0.5485298319707343
fold_02,base_macro_xsec_sector_gated_context,dow30_equal_weight_rebalance_matched,3,-4.239643401744964,-1.5192435433290072,0.0,0.0,4.239643401744964
fold_02,base_macro_xsec_sector_gated_context,dow30_equal_weight_vol_target,3,-3.7482001196279313,-1.3668166079138475,0.0,0.0,3.7482001196279313
fold_02,base_macro_xsec_sector_gated_context,dow30_market_proxy_buy_hold,3,-3.544042995327934,-1.3131809959718865,0.0,0.0,3.544042995327934
fold_02,base_macro_xsec_sector_gated_context,dow30_trend_filter_overlay,3,3.5711612577642105,2.4069347736880395,1.0,1.0,-3.5711612577642105
fold_03,base,dow30_equal_weight_rebalance_matched,3,-1.927450672226838,-2.2634761471832583,0.0,0.0,1.927450672226838
fold_03,base,dow30_equal_weight_vol_target,3,-1.9274506722267715,-2.2634761471832583,0.0,0.0,1.9274506722267715
fold_03,base,dow30_market_proxy_buy_hold,3,-3.3484856243501726,-3.2884682152621956,0.0,0.0,3.3484856243501726
fold_03,base,dow30_trend_filter_overlay,3,-1.6881581342769625,-2.234469097843398,0.0,0.0,1.6881581342769625
fold_03,base_macro,dow30_equal_weight_rebalance_matched,3,-1.6494220498293855,-2.1143636974532143,0.0,0.0,1.6494220498293855
fold_03,base_macro,dow30_equal_weight_vol_target,3,-1.6494220498293188,-2.1143636974532143,0.0,0.0,1.6494220498293188
fold_03,base_macro,dow30_market_proxy_buy_hold,3,-3.07045700195272,-3.1393557655321516,0.0,0.0,3.07045700195272
fold_03,base_macro,dow30_trend_filter_overlay,3,-1.4101295118795099,-2.085356648113354,0.0,0.0,1.4101295118795099
fold_03,base_macro_analyst_or_fund_revision_features,dow30_equal_weight_rebalance_matched,3,-2.6791465675314763,-2.5275773109251682,0.0,0.0,2.6791465675314763
fold_03,base_macro_analyst_or_fund_revision_features,dow30_equal_weight_vol_target,3,-2.6791465675314097,-2.5275773109251682,0.0,0.0,2.6791465675314097
fold_03,base_macro_analyst_or_fund_revision_features,dow30_market_proxy_buy_hold,3,-4.100181519654811,-3.5525693790041055,0.0,0.0,4.100181519654811
fold_03,base_macro_analyst_or_fund_revision_features,dow30_trend_filter_overlay,3,-2.4398540295816007,-2.498570261585308,0.0,0.0,2.4398540295816007
fold_03,base_macro_breadth_internal_structure,dow30_equal_weight_rebalance_matched,3,-1.8317187952199054,-2.2968699069256537,0.0,0.0,1.8317187952199054
fold_03,base_macro_breadth_internal_structure,dow30_equal_weight_vol_target,3,-1.8317187952198388,-2.2968699069256537,0.0,0.0,1.8317187952198388
fold_03,base_macro_breadth_internal_structure,dow30_market_proxy_buy_hold,3,-3.25275374734324,-3.321861975004591,0.0,0.0,3.25275374734324
fold_03,base_macro_breadth_internal_structure,dow30_trend_filter_overlay,3,-1.5924262572700298,-2.2678628575857935,0.0,0.0,1.5924262572700298
fold_03,base_macro_credit_stress_proxies,dow30_equal_weight_rebalance_matched,3,-1.0107868775015572,-1.639164433828959,0.3333333333333333,0.0,1.0107868775015572
fold_03,base_macro_credit_stress_proxies,dow30_equal_weight_vol_target,3,-1.0107868775014905,-1.639164433828959,0.3333333333333333,0.0,1.0107868775014905
fold_03,base_macro_credit_stress_proxies,dow30_market_proxy_buy_hold,3,-2.4318218296248917,-2.6641565019078963,0.0,0.0,2.4318218296248917
fold_03,base_macro_credit_stress_proxies,dow30_trend_filter_overlay,3,-0.7714943395516816,-1.6101573844890988,0.3333333333333333,0.0,0.7714943395516816
fold_03,base_macro_exogenous_plus,dow30_equal_weight_rebalance_matched,3,-1.6946525202576446,-1.9477139572017599,0.0,0.0,1.6946525202576446
fold_03,base_macro_exogenous_plus,dow30_equal_weight_vol_target,3,-1.694652520257578,-1.9477139572017599,0.0,0.0,1.694652520257578
fold_03,base_macro_exogenous_plus,dow30_market_proxy_buy_hold,3,-3.115687472380979,-2.972706025280697,0.0,0.0,3.115687472380979
fold_03,base_macro_exogenous_plus,dow30_trend_filter_overlay,3,-1.455359982307769,-1.9187069078618997,0.0,0.0,1.455359982307769
fold_03,base_macro_gru,dow30_equal_weight_rebalance_matched,3,-2.226664718456184,-2.3881848330658144,0.0,0.0,2.226664718456184
fold_03,base_macro_gru,dow30_equal_weight_vol_target,3,-2.2266647184561172,-2.3881848330658144,0.0,0.0,2.2266647184561172
fold_03,base_macro_gru,dow30_market_proxy_buy_hold,3,-3.6476996705795184,-3.4131769011447517,0.0,0.0,3.6476996705795184
fold_03,base_macro_gru,dow30_trend_filter_overlay,3,-1.9873721805063083,-2.359177783725954,0.0,0.0,1.9873721805063083
fold_03,base_macro_hmm,dow30_equal_weight_rebalance_matched,3,-1.952241286257439,-2.0454887639383013,0.0,0.0,1.952241286257439
fold_03,base_macro_hmm,dow30_equal_weight_vol_target,3,-1.9522412862573724,-2.0454887639383013,0.0,0.0,1.9522412862573724
fold_03,base_macro_hmm,dow30_market_proxy_buy_hold,3,-3.3732762383807735,-3.0704808320172385,0.0,0.0,3.3732762383807735
fold_03,base_macro_hmm,dow30_trend_filter_overlay,3,-1.7129487483075634,-2.016481714598441,0.0,0.0,1.7129487483075634
fold_03,base_macro_rates_credit_vol_risk_state_context,dow30_equal_weight_rebalance_matched,3,-2.606383898035136,-2.4725103722879838,0.0,0.0,2.606383898035136
fold_03,base_macro_rates_credit_vol_risk_state_context,dow30_equal_weight_vol_target,3,-2.6063838980350695,-2.4725103722879838,0.0,0.0,2.6063838980350695
fold_03,base_macro_rates_credit_vol_risk_state_context,dow30_market_proxy_buy_hold,3,-4.027418850158471,-3.497502440366921,0.0,0.0,4.027418850158471
fold_03,base_macro_rates_credit_vol_risk_state_context,dow30_trend_filter_overlay,3,-2.3670913600852606,-2.4435033229481236,0.0,0.0,2.3670913600852606
fold_03,base_macro_rates_term_structure_lsc,dow30_equal_weight_rebalance_matched,3,-1.9012734139832288,-2.1732107545479797,0.0,0.0,1.9012734139832288
fold_03,base_macro_rates_term_structure_lsc,dow30_equal_weight_vol_target,3,-1.9012734139831622,-2.1732107545479797,0.0,0.0,1.9012734139831622
fold_03,base_macro_rates_term_structure_lsc,dow30_market_proxy_buy_hold,3,-3.3223083661065633,-3.198202822626917,0.0,0.0,3.3223083661065633
fold_03,base_macro_rates_term_structure_lsc,dow30_trend_filter_overlay,3,-1.6619808760333532,-2.1442037052081195,0.0,0.0,1.6619808760333532
fold_03,base_macro_sector_relative_context,dow30_equal_weight_rebalance_matched,3,-2.0750126553267023,-2.2318078184851196,0.0,0.0,2.0750126553267023
fold_03,base_macro_sector_relative_context,dow30_equal_weight_vol_target,3,-2.0750126553266357,-2.2318078184851196,0.0,0.0,2.0750126553266357
fold_03,base_macro_sector_relative_context,dow30_market_proxy_buy_hold,3,-3.496047607450037,-3.256799886564057,0.0,0.0,3.496047607450037
fold_03,base_macro_sector_relative_context,dow30_trend_filter_overlay,3,-1.8357201173768267,-2.2028007691452594,0.0,0.0,1.8357201173768267
fold_03,base_macro_vol_term_or_implied_vol_proxy,dow30_equal_weight_rebalance_matched,3,-2.2726828691762124,-2.1899007705518265,0.0,0.0,2.2726828691762124
fold_03,base_macro_vol_term_or_implied_vol_proxy,dow30_equal_weight_vol_target,3,-2.272682869176146,-2.1899007705518265,0.0,0.0,2.272682869176146
fold_03,base_macro_vol_term_or_implied_vol_proxy,dow30_market_proxy_buy_hold,3,-3.693717821299547,-3.214892838630764,0.0,0.0,3.693717821299547
fold_03,base_macro_vol_term_or_implied_vol_proxy,dow30_trend_filter_overlay,3,-2.033390331226337,-2.1608937212119663,0.0,0.0,2.033390331226337
fold_03,base_macro_xsec_dispersion_correlation_regime,dow30_equal_weight_rebalance_matched,3,-0.797623734919628,-1.654076329454948,0.0,0.0,0.797623734919628
fold_03,base_macro_xsec_dispersion_correlation_regime,dow30_equal_weight_vol_target,3,-0.7976237349195614,-1.654076329454948,0.0,0.0,0.7976237349195614
fold_03,base_macro_xsec_dispersion_correlation_regime,dow30_market_proxy_buy_hold,3,-2.2186586870429625,-2.6790683975338854,0.0,0.0,2.2186586870429625
fold_03,base_macro_xsec_dispersion_correlation_regime,dow30_trend_filter_overlay,3,-0.5583311969697524,-1.6250692801150879,0.0,0.0,0.5583311969697524
fold_03,base_macro_xsec_sector_gated_context,dow30_equal_weight_rebalance_matched,3,-3.150770506420808,-2.6908486093651494,0.3333333333333333,0.0,3.150770506420808
fold_03,base_macro_xsec_sector_gated_context,dow30_equal_weight_vol_target,3,-3.1507705064207414,-2.6908486093651494,0.3333333333333333,0.0,3.1507705064207414
fold_03,base_macro_xsec_sector_gated_context,dow30_market_proxy_buy_hold,3,-4.5718054585441426,-3.7158406774440866,0.0,0.0,4.5718054585441426
fold_03,base_macro_xsec_sector_gated_context,dow30_trend_filter_overlay,3,-2.9114779684709324,-2.661841560025289,0.3333333333333333,0.0,2.9114779684709324
fold_04,base,dow30_equal_weight_rebalance_matched,3,1.7524639642416684,0.8356959439753755,0.6666666666666666,0.6666666666666666,-1.7524639642416684
fold_04,base,dow30_equal_weight_vol_target,3,1.7524639642416462,0.8356959439753755,0.6666666666666666,0.6666666666666666,-1.7524639642416462
fold_04,base,dow30_market_proxy_buy_hold,3,1.7352629158479793,0.8830509190007461,0.6666666666666666,0.6666666666666666,-1.7352629158479793
fold_04,base,dow30_trend_filter_overlay,3,2.805524897574996,1.2901762131468746,0.6666666666666666,0.6666666666666666,-2.805524897574996
fold_04,base_macro,dow30_equal_weight_rebalance_matched,3,1.4951531360899661,0.6648460438530552,0.6666666666666666,0.6666666666666666,-1.4951531360899661
fold_04,base_macro,dow30_equal_weight_vol_target,3,1.495153136089944,0.6648460438530552,0.6666666666666666,0.6666666666666666,-1.495153136089944
fold_04,base_macro,dow30_market_proxy_buy_hold,3,1.477952087696277,0.7122010188784258,0.6666666666666666,0.6666666666666666,-1.477952087696277
fold_04,base_macro,dow30_trend_filter_overlay,3,2.5482140694232935,1.1193263130245543,0.6666666666666666,0.6666666666666666,-2.5482140694232935
fold_04,base_macro_analyst_or_fund_revision_features,dow30_equal_weight_rebalance_matched,3,3.7535419279175475,1.7802371352218938,1.0,1.0,-3.7535419279175475
fold_04,base_macro_analyst_or_fund_revision_features,dow30_equal_weight_vol_target,3,3.7535419279175253,1.7802371352218938,1.0,1.0,-3.7535419279175253
fold_04,base_macro_analyst_or_fund_revision_features,dow30_market_proxy_buy_hold,3,3.7363408795238584,1.8275921102472643,1.0,1.0,-3.7363408795238584
fold_04,base_macro_analyst_or_fund_revision_features,dow30_trend_filter_overlay,3,4.806602861250875,2.234717404393393,1.0,1.0,-4.806602861250875
fold_04,base_macro_breadth_internal_structure,dow30_equal_weight_rebalance_matched,3,1.6345716680754352,0.8878427355771281,0.6666666666666666,0.6666666666666666,-1.6345716680754352
fold_04,base_macro_breadth_internal_structure,dow30_equal_weight_vol_target,3,1.634571668075413,0.8878427355771281,0.6666666666666666,0.6666666666666666,-1.634571668075413
fold_04,base_macro_breadth_internal_structure,dow30_market_proxy_buy_hold,3,1.6173706196817461,0.9351977106024987,0.6666666666666666,0.6666666666666666,-1.6173706196817461
fold_04,base_macro_breadth_internal_structure,dow30_trend_filter_overlay,3,2.6876326014087626,1.3423230047486272,0.6666666666666666,0.6666666666666666,-2.6876326014087626
fold_04,base_macro_credit_stress_proxies,dow30_equal_weight_rebalance_matched,3,1.3828589106951616,0.836822521818342,0.6666666666666666,1.0,-1.3828589106951616
fold_04,base_macro_credit_stress_proxies,dow30_equal_weight_vol_target,3,1.3828589106951394,0.836822521818342,0.6666666666666666,1.0,-1.3828589106951394
fold_04,base_macro_credit_stress_proxies,dow30_market_proxy_buy_hold,3,1.3656578623014726,0.8841774968437126,0.6666666666666666,1.0,-1.3656578623014726
fold_04,base_macro_credit_stress_proxies,dow30_trend_filter_overlay,3,2.435919844028489,1.2913027909898411,0.6666666666666666,1.0,-2.435919844028489
fold_04,base_macro_exogenous_plus,dow30_equal_weight_rebalance_matched,3,1.0051093666777478,0.6728478671937674,0.6666666666666666,0.6666666666666666,-1.0051093666777478
fold_04,base_macro_exogenous_plus,dow30_equal_weight_vol_target,3,1.0051093666777255,0.6728478671937674,0.6666666666666666,0.6666666666666666,-1.0051093666777255
fold_04,base_macro_exogenous_plus,dow30_market_proxy_buy_hold,3,0.9879083182840587,0.720202842219138,0.6666666666666666,0.6666666666666666,-0.9879083182840587
fold_04,base_macro_exogenous_plus,dow30_trend_filter_overlay,3,2.058170300011075,1.1273281363652665,1.0,0.6666666666666666,-2.058170300011075
fold_04,base_macro_gru,dow30_equal_weight_rebalance_matched,3,0.36791122344290716,0.08560313153289867,1.0,0.6666666666666666,-0.36791122344290716
fold_04,base_macro_gru,dow30_equal_weight_vol_target,3,0.36791122344288496,0.08560313153289867,1.0,0.6666666666666666,-0.36791122344288496
fold_04,base_macro_gru,dow30_market_proxy_buy_hold,3,0.3507101750492181,0.13295810655826923,1.0,0.6666666666666666,-0.3507101750492181
fold_04,base_macro_gru,dow30_trend_filter_overlay,3,1.4209721567762346,0.5400834007043978,1.0,1.0,-1.4209721567762346
fold_04,base_macro_hmm,dow30_equal_weight_rebalance_matched,3,1.6021992965957965,0.6276341344839897,1.0,1.0,-1.6021992965957965
fold_04,base_macro_hmm,dow30_equal_weight_vol_target,3,1.6021992965957743,0.6276341344839897,1.0,1.0,-1.6021992965957743
fold_04,base_macro_hmm,dow30_market_proxy_buy_hold,3,1.5849982482021074,0.6749891095093603,1.0,1.0,-1.5849982482021074
fold_04,base_macro_hmm,dow30_trend_filter_overlay,3,2.655260229929124,1.0821144036554888,1.0,1.0,-2.655260229929124
fold_04,base_macro_rates_credit_vol_risk_state_context,dow30_equal_weight_rebalance_matched,3,1.6159119606646177,0.2929634996565529,0.6666666666666666,0.6666666666666666,-1.6159119606646177
fold_04,base_macro_rates_credit_vol_risk_state_context,dow30_equal_weight_vol_target,3,1.6159119606645955,0.2929634996565529,0.6666666666666666,0.6666666666666666,-1.6159119606645955
fold_04,base_macro_rates_credit_vol_risk_state_context,dow30_market_proxy_buy_hold,3,1.5987109122709287,0.34031847468192344,0.6666666666666666,0.6666666666666666,-1.5987109122709287
fold_04,base_macro_rates_credit_vol_risk_state_context,dow30_trend_filter_overlay,3,2.668972893997945,0.747443768828052,0.6666666666666666,0.6666666666666666,-2.668972893997945
fold_04,base_macro_rates_term_structure_lsc,dow30_equal_weight_rebalance_matched,3,2.962484389435849,1.4088717914751747,0.6666666666666666,0.6666666666666666,-2.962484389435849
fold_04,base_macro_rates_term_structure_lsc,dow30_equal_weight_vol_target,3,2.9624843894358266,1.4088717914751747,0.6666666666666666,0.6666666666666666,-2.9624843894358266
fold_04,base_macro_rates_term_structure_lsc,dow30_market_proxy_buy_hold,3,2.9452833410421597,1.4562267665005453,0.6666666666666666,0.6666666666666666,-2.9452833410421597
fold_04,base_macro_rates_term_structure_lsc,dow30_trend_filter_overlay,3,4.015545322769176,1.8633520606466738,1.0,0.6666666666666666,-4.015545322769176
fold_04,base_macro_sector_relative_context,dow30_equal_weight_rebalance_matched,3,1.4832838137936566,-0.24584077943574734,0.6666666666666666,0.3333333333333333,-1.4832838137936566
fold_04,base_macro_sector_relative_context,dow30_equal_weight_vol_target,3,1.4832838137936344,-0.24584077943574734,0.6666666666666666,0.3333333333333333,-1.4832838137936344
fold_04,base_macro_sector_relative_context,dow30_market_proxy_buy_hold,3,1.4660827653999675,-0.19848580441037678,0.6666666666666666,0.3333333333333333,-1.4660827653999675
fold_04,base_macro_sector_relative_context,dow30_trend_filter_overlay,3,2.536344747126984,0.20863948973575175,1.0,1.0,-2.536344747126984
fold_04,base_macro_vol_term_or_implied_vol_proxy,dow30_equal_weight_rebalance_matched,3,0.8828187878519911,0.07373105469827612,0.6666666666666666,0.6666666666666666,-0.8828187878519911
fold_04,base_macro_vol_term_or_implied_vol_proxy,dow30_equal_weight_vol_target,3,0.8828187878519689,0.07373105469827612,0.6666666666666666,0.6666666666666666,-0.8828187878519689
fold_04,base_macro_vol_term_or_implied_vol_proxy,dow30_market_proxy_buy_hold,3,0.865617739458302,0.12108602972364668,0.6666666666666666,0.6666666666666666,-0.865617739458302
fold_04,base_macro_vol_term_or_implied_vol_proxy,dow30_trend_filter_overlay,3,1.9358797211853185,0.5282113238697752,0.6666666666666666,0.6666666666666666,-1.9358797211853185
fold_04,base_macro_xsec_dispersion_correlation_regime,dow30_equal_weight_rebalance_matched,3,1.0410885558337135,0.5742669330991736,0.6666666666666666,0.6666666666666666,-1.0410885558337135
fold_04,base_macro_xsec_dispersion_correlation_regime,dow30_equal_weight_vol_target,3,1.0410885558336913,0.5742669330991736,0.6666666666666666,0.6666666666666666,-1.0410885558336913
fold_04,base_macro_xsec_dispersion_correlation_regime,dow30_market_proxy_buy_hold,3,1.0238875074400244,0.6216219081245442,0.6666666666666666,0.6666666666666666,-1.0238875074400244
fold_04,base_macro_xsec_dispersion_correlation_regime,dow30_trend_filter_overlay,3,2.094149489167041,1.0287472022706727,0.6666666666666666,0.6666666666666666,-2.094149489167041
fold_04,base_macro_xsec_sector_gated_context,dow30_equal_weight_rebalance_matched,3,0.6223940437321662,0.009391711020908744,1.0,0.6666666666666666,-0.6223940437321662
fold_04,base_macro_xsec_sector_gated_context,dow30_equal_weight_vol_target,3,0.622394043732144,0.009391711020908744,1.0,0.6666666666666666,-0.622394043732144
fold_04,base_macro_xsec_sector_gated_context,dow30_market_proxy_buy_hold,3,0.6051929953384771,0.056746686046279304,1.0,0.6666666666666666,-0.6051929953384771
fold_04,base_macro_xsec_sector_gated_context,dow30_trend_filter_overlay,3,1.6754549770654936,0.46387198019240783,1.0,1.0,-1.6754549770654936
fold_05,base,dow30_equal_weight_rebalance_matched,3,-3.199113174800283,-0.8096048968011755,0.0,0.0,3.199113174800283
fold_05,base,dow30_equal_weight_vol_target,3,-1.3111593282499001,-0.2717386508112922,0.0,0.0,1.3111593282499001
fold_05,base,dow30_market_proxy_buy_hold,3,-4.92238555035801,-1.1421670963316668,0.0,0.0,4.92238555035801
fold_05,base,dow30_trend_filter_overlay,3,0.3553398425118157,0.5570155009559852,0.6666666666666666,1.0,-0.3553398425118157
fold_05,base_macro,dow30_equal_weight_rebalance_matched,3,-0.3830502676282932,-0.16230690857014646,0.3333333333333333,0.3333333333333333,0.3830502676282932
fold_05,base_macro,dow30_equal_weight_vol_target,3,1.5049035789220895,0.3755593374197368,0.6666666666666666,0.6666666666666666,-1.5049035789220895
fold_05,base_macro,dow30_market_proxy_buy_hold,3,-2.1063226431860205,-0.4948691081006379,0.0,0.0,2.1063226431860205
fold_05,base_macro,dow30_trend_filter_overlay,3,3.1714027496838053,1.2043134891870142,1.0,1.0,-3.1714027496838053
fold_05,base_macro_analyst_or_fund_revision_features,dow30_equal_weight_rebalance_matched,3,-2.1664251031690447,-0.49696065618571733,0.0,0.0,2.1664251031690447
fold_05,base_macro_analyst_or_fund_revision_features,dow30_equal_weight_vol_target,3,-0.278471256618662,0.04090558980416592,0.0,0.6666666666666666,0.278471256618662
fold_05,base_macro_analyst_or_fund_revision_features,dow30_market_proxy_buy_hold,3,-3.889697478726772,-0.8295228557162088,0.0,0.0,3.889697478726772
fold_05,base_macro_analyst_or_fund_revision_features,dow30_trend_filter_overlay,3,1.3880279141430538,0.8696597415714433,0.6666666666666666,1.0,-1.3880279141430538
fold_05,base_macro_breadth_internal_structure,dow30_equal_weight_rebalance_matched,3,-0.08661319678936463,-0.08259178288731067,0.3333333333333333,0.0,0.08661319678936463
fold_05,base_macro_breadth_internal_structure,dow30_equal_weight_vol_target,3,1.801340649761018,0.4552744631025726,0.6666666666666666,0.6666666666666666,-1.801340649761018
fold_05,base_macro_breadth_internal_structure,dow30_market_proxy_buy_hold,3,-1.809885572347092,-0.4151539824178021,0.0,0.0,1.809885572347092
fold_05,base_macro_breadth_internal_structure,dow30_trend_filter_overlay,3,3.467839820522734,1.2840286148698499,0.6666666666666666,1.0,-3.467839820522734
fold_05,base_macro_credit_stress_proxies,dow30_equal_weight_rebalance_matched,3,-0.5865014020694614,-0.19172585866307912,0.3333333333333333,0.3333333333333333,0.5865014020694614
fold_05,base_macro_credit_stress_proxies,dow30_equal_weight_vol_target,3,1.3014524444809212,0.34614038732680413,1.0,1.0,-1.3014524444809212
fold_05,base_macro_credit_stress_proxies,dow30_market_proxy_buy_hold,3,-2.3097737776271887,-0.5242880581935705,0.0,0.0,2.3097737776271887
fold_05,base_macro_credit_stress_proxies,dow30_trend_filter_overlay,3,2.967951615242637,1.1748945390940815,1.0,1.0,-2.967951615242637
fold_05,base_macro_exogenous_plus,dow30_equal_weight_rebalance_matched,3,-0.003949665143387904,-0.05809799852793801,0.3333333333333333,0.0,0.003949665143387904
fold_05,base_macro_exogenous_plus,dow30_equal_weight_vol_target,3,1.8840041814069948,0.47976824746194524,1.0,1.0,-1.8840041814069948
fold_05,base_macro_exogenous_plus,dow30_market_proxy_buy_hold,3,-1.7272220407011152,-0.39066019805842944,0.0,0.0,1.7272220407011152
fold_05,base_macro_exogenous_plus,dow30_trend_filter_overlay,3,3.5505033521687106,1.3085223992292225,1.0,1.0,-3.5505033521687106
fold_05,base_macro_gru,dow30_equal_weight_rebalance_matched,3,-0.2163392038496137,-0.12644788532498263,0.3333333333333333,0.3333333333333333,0.2163392038496137
fold_05,base_macro_gru,dow30_equal_weight_vol_target,3,1.671614642700769,0.4114183606649006,1.0,1.0,-1.671614642700769
fold_05,base_macro_gru,dow30_market_proxy_buy_hold,3,-1.939611579407341,-0.45901008485547407,0.0,0.0,1.939611579407341
fold_05,base_macro_gru,dow30_trend_filter_overlay,3,3.338113813462485,1.240172512432178,1.0,1.0,-3.338113813462485
fold_05,base_macro_hmm,dow30_equal_weight_rebalance_matched,3,-2.671605650563602,-0.6557778406202728,0.0,0.0,2.671605650563602
fold_05,base_macro_hmm,dow30_equal_weight_vol_target,3,-0.7836518040132194,-0.11791159463038947,0.0,0.0,0.7836518040132194
fold_05,base_macro_hmm,dow30_market_proxy_buy_hold,3,-4.394878026121329,-0.9883400401507642,0.0,0.0,4.394878026121329
fold_05,base_macro_hmm,dow30_trend_filter_overlay,3,0.8828473667484964,0.7108425571368879,1.0,1.0,-0.8828473667484964
fold_05,base_macro_rates_credit_vol_risk_state_context,dow30_equal_weight_rebalance_matched,3,-1.72997363579237,-0.4011208699142134,0.0,0.0,1.72997363579237
fold_05,base_macro_rates_credit_vol_risk_state_context,dow30_equal_weight_vol_target,3,0.1579802107580126,0.13674537607566983,0.6666666666666666,0.6666666666666666,-0.1579802107580126
fold_05,base_macro_rates_credit_vol_risk_state_context,dow30_market_proxy_buy_hold,3,-3.4532460113500973,-0.7336830694447048,0.0,0.0,3.4532460113500973
fold_05,base_macro_rates_credit_vol_risk_state_context,dow30_trend_filter_overlay,3,1.8244793815197284,0.9654995278429472,1.0,1.0,-1.8244793815197284
fold_05,base_macro_rates_term_structure_lsc,dow30_equal_weight_rebalance_matched,3,-1.9717973667344846,-0.4309236786682972,0.3333333333333333,0.3333333333333333,1.9717973667344846
fold_05,base_macro_rates_term_structure_lsc,dow30_equal_weight_vol_target,3,-0.0838435201841019,0.10694256732158602,0.3333333333333333,1.0,0.0838435201841019
fold_05,base_macro_rates_term_structure_lsc,dow30_market_proxy_buy_hold,3,-3.695069742292212,-0.7634858781987887,0.3333333333333333,0.0,3.695069742292212
fold_05,base_macro_rates_term_structure_lsc,dow30_trend_filter_overlay,3,1.582655650577614,0.9356967190888634,1.0,1.0,-1.582655650577614
fold_05,base_macro_sector_relative_context,dow30_equal_weight_rebalance_matched,3,-2.0366616490674843,-0.4294418190835331,0.0,0.0,2.0366616490674843
fold_05,base_macro_sector_relative_context,dow30_equal_weight_vol_target,3,-0.14870780251710158,0.10842442690635012,0.3333333333333333,0.6666666666666666,0.14870780251710158
fold_05,base_macro_sector_relative_context,dow30_market_proxy_buy_hold,3,-3.7599340246252115,-0.7620040186140246,0.0,0.0,3.7599340246252115
fold_05,base_macro_sector_relative_context,dow30_trend_filter_overlay,3,1.5177913682446142,0.9371785786736275,1.0,1.0,-1.5177913682446142
fold_05,base_macro_vol_term_or_implied_vol_proxy,dow30_equal_weight_rebalance_matched,3,-0.6738854201654654,-0.2110490114634586,0.3333333333333333,0.3333333333333333,0.6738854201654654
fold_05,base_macro_vol_term_or_implied_vol_proxy,dow30_equal_weight_vol_target,3,1.2140684263849173,0.32681723452642464,1.0,1.0,-1.2140684263849173
fold_05,base_macro_vol_term_or_implied_vol_proxy,dow30_market_proxy_buy_hold,3,-2.3971577957231927,-0.54361121099395,0.3333333333333333,0.0,2.3971577957231927
fold_05,base_macro_vol_term_or_implied_vol_proxy,dow30_trend_filter_overlay,3,2.880567597146633,1.155571386293702,1.0,1.0,-2.880567597146633
fold_05,base_macro_xsec_dispersion_correlation_regime,dow30_equal_weight_rebalance_matched,3,-0.49147503439351814,-0.20502264501430112,0.0,0.0,0.49147503439351814
fold_05,base_macro_xsec_dispersion_correlation_regime,dow30_equal_weight_vol_target,3,1.3964788121568645,0.33284360097558213,0.6666666666666666,0.6666666666666666,-1.3964788121568645
fold_05,base_macro_xsec_dispersion_correlation_regime,dow30_market_proxy_buy_hold,3,-2.2147474099512454,-0.5375848445447925,0.0,0.0,2.2147474099512454
fold_05,base_macro_xsec_dispersion_correlation_regime,dow30_trend_filter_overlay,3,3.0629779829185804,1.1615977527428596,1.0,1.0,-3.0629779829185804
fold_05,base_macro_xsec_sector_gated_context,dow30_equal_weight_rebalance_matched,3,-1.0195112627900849,-0.27410346971845784,0.3333333333333333,0.3333333333333333,1.0195112627900849
fold_05,base_macro_xsec_sector_gated_context,dow30_equal_weight_vol_target,3,0.8684425837602978,0.2637627762714254,1.0,1.0,-0.8684425837602978
fold_05,base_macro_xsec_sector_gated_context,dow30_market_proxy_buy_hold,3,-2.742783638347812,-0.6066656692489493,0.0,0.0,2.742783638347812
fold_05,base_macro_xsec_sector_gated_context,dow30_trend_filter_overlay,3,2.5349417545220136,1.0925169280387028,1.0,1.0,-2.5349417545220136
fold_06,base,dow30_equal_weight_rebalance_matched,3,-1.8898935393518936,-1.5516028403118582,0.0,0.0,1.8898935393518936
fold_06,base,dow30_equal_weight_vol_target,3,-1.8898935393518936,-1.5516028403118582,0.0,0.0,1.8898935393518936
fold_06,base,dow30_market_proxy_buy_hold,3,-3.003336087316976,-1.4601582716136443,0.0,0.0,3.003336087316976
fold_06,base,dow30_trend_filter_overlay,3,0.8271967234838149,-0.46390999540318756,1.0,0.3333333333333333,-0.8271967234838149
fold_06,base_macro,dow30_equal_weight_rebalance_matched,3,-2.8032822187273654,-1.051433770656291,0.0,0.0,2.8032822187273654
fold_06,base_macro,dow30_equal_weight_vol_target,3,-2.8032822187273654,-1.051433770656291,0.0,0.0,2.8032822187273654
fold_06,base_macro,dow30_market_proxy_buy_hold,3,-3.9167247666924476,-0.9599892019580771,0.0,0.0,3.9167247666924476
fold_06,base_macro,dow30_trend_filter_overlay,3,-0.08619195589165685,0.03625907425237962,0.3333333333333333,0.6666666666666666,0.08619195589165685
fold_06,base_macro_analyst_or_fund_revision_features,dow30_equal_weight_rebalance_matched,3,-1.7803656851217422,-1.2541142508006855,0.0,0.0,1.7803656851217422
fold_06,base_macro_analyst_or_fund_revision_features,dow30_equal_weight_vol_target,3,-1.7803656851217422,-1.2541142508006855,0.0,0.0,1.7803656851217422
fold_06,base_macro_analyst_or_fund_revision_features,dow30_market_proxy_buy_hold,3,-2.8938082330868244,-1.1626696821024716,0.0,0.0,2.8938082330868244
fold_06,base_macro_analyst_or_fund_revision_features,dow30_trend_filter_overlay,3,0.9367245777139663,-0.16642140589201482,0.6666666666666666,0.3333333333333333,-0.9367245777139663
fold_06,base_macro_breadth_internal_structure,dow30_equal_weight_rebalance_matched,3,-2.087406030703919,-1.7756628580101568,0.0,0.0,2.087406030703919
fold_06,base_macro_breadth_internal_structure,dow30_equal_weight_vol_target,3,-2.087406030703919,-1.7756628580101568,0.0,0.0,2.087406030703919
fold_06,base_macro_breadth_internal_structure,dow30_market_proxy_buy_hold,3,-3.2008485786690013,-1.6842182893119428,0.0,0.0,3.2008485786690013
fold_06,base_macro_breadth_internal_structure,dow30_trend_filter_overlay,3,0.6296842321317895,-0.6879700131014861,1.0,0.0,-0.6296842321317895
fold_06,base_macro_credit_stress_proxies,dow30_equal_weight_rebalance_matched,3,-2.671926122869306,-1.5617926534142974,0.0,0.0,2.671926122869306
fold_06,base_macro_credit_stress_proxies,dow30_equal_weight_vol_target,3,-2.671926122869306,-1.5617926534142974,0.0,0.0,2.671926122869306
fold_06,base_macro_credit_stress_proxies,dow30_market_proxy_buy_hold,3,-3.785368670834388,-1.4703480847160835,0.0,0.0,3.785368670834388
fold_06,base_macro_credit_stress_proxies,dow30_trend_filter_overlay,3,0.04516413996640267,-0.4740998085056267,0.6666666666666666,0.3333333333333333,-0.04516413996640267
fold_06,base_macro_exogenous_plus,dow30_equal_weight_rebalance_matched,3,-2.365321576465428,-1.362488904111645,0.0,0.0,2.365321576465428
fold_06,base_macro_exogenous_plus,dow30_equal_weight_vol_target,3,-2.365321576465428,-1.362488904111645,0.0,0.0,2.365321576465428
fold_06,base_macro_exogenous_plus,dow30_market_proxy_buy_hold,3,-3.4787641244305103,-1.271044335413431,0.0,0.0,3.4787641244305103
fold_06,base_macro_exogenous_plus,dow30_trend_filter_overlay,3,0.35176868637028047,-0.27479605920297434,1.0,0.0,-0.35176868637028047
fold_06,base_macro_gru,dow30_equal_weight_rebalance_matched,3,-2.2204231230211313,-1.3800392710880685,0.3333333333333333,0.0,2.2204231230211313
fold_06,base_macro_gru,dow30_equal_weight_vol_target,3,-2.2204231230211313,-1.3800392710880685,0.3333333333333333,0.0,2.2204231230211313
fold_06,base_macro_gru,dow30_market_proxy_buy_hold,3,-3.3338656709862136,-1.2885947023898545,0.0,0.0,3.3338656709862136
fold_06,base_macro_gru,dow30_trend_filter_overlay,3,0.4966671398145772,-0.29234642617939777,1.0,0.0,-0.4966671398145772
fold_06,base_macro_hmm,dow30_equal_weight_rebalance_matched,3,-2.6799849665102293,-1.809285143330201,0.3333333333333333,0.0,2.6799849665102293
fold_06,base_macro_hmm,dow30_equal_weight_vol_target,3,-2.6799849665102293,-1.809285143330201,0.3333333333333333,0.0,2.6799849665102293
fold_06,base_macro_hmm,dow30_market_proxy_buy_hold,3,-3.7934275144753116,-1.7178405746319871,0.0,0.0,3.7934275144753116
fold_06,base_macro_hmm,dow30_trend_filter_overlay,3,0.03710529632547921,-0.7215922984215304,0.6666666666666666,0.3333333333333333,-0.03710529632547921
fold_06,base_macro_rates_credit_vol_risk_state_context,dow30_equal_weight_rebalance_matched,3,-2.8685630215398827,-1.5185728354886008,0.0,0.0,2.8685630215398827
fold_06,base_macro_rates_credit_vol_risk_state_context,dow30_equal_weight_vol_target,3,-2.8685630215398827,-1.5185728354886008,0.0,0.0,2.8685630215398827
fold_06,base_macro_rates_credit_vol_risk_state_context,dow30_market_proxy_buy_hold,3,-3.982005569504965,-1.4271282667903868,0.0,0.0,3.982005569504965
fold_06,base_macro_rates_credit_vol_risk_state_context,dow30_trend_filter_overlay,3,-0.1514727587041742,-0.4308799905799301,0.0,0.0,0.1514727587041742
fold_06,base_macro_rates_term_structure_lsc,dow30_equal_weight_rebalance_matched,3,-1.807353579152137,-1.4296079571492664,0.0,0.0,1.807353579152137
fold_06,base_macro_rates_term_structure_lsc,dow30_equal_weight_vol_target,3,-1.807353579152137,-1.4296079571492664,0.0,0.0,1.807353579152137
fold_06,base_macro_rates_term_structure_lsc,dow30_market_proxy_buy_hold,3,-2.920796127117219,-1.3381633884510524,0.0,0.0,2.920796127117219
fold_06,base_macro_rates_term_structure_lsc,dow30_trend_filter_overlay,3,0.9097366836835716,-0.3419151122405957,1.0,0.0,-0.9097366836835716
fold_06,base_macro_sector_relative_context,dow30_equal_weight_rebalance_matched,3,-0.656252554797577,-1.4953657969513419,0.0,0.0,0.656252554797577
fold_06,base_macro_sector_relative_context,dow30_equal_weight_vol_target,3,-0.656252554797577,-1.4953657969513419,0.0,0.0,0.656252554797577
fold_06,base_macro_sector_relative_context,dow30_market_proxy_buy_hold,3,-1.7696951027626593,-1.403921228253128,0.0,0.0,1.7696951027626593
fold_06,base_macro_sector_relative_context,dow30_trend_filter_overlay,3,2.0608377080381315,-0.4076729520426712,1.0,0.0,-2.0608377080381315
fold_06,base_macro_vol_term_or_implied_vol_proxy,dow30_equal_weight_rebalance_matched,3,-2.1943645468082362,-1.3529913506705897,0.0,0.0,2.1943645468082362
fold_06,base_macro_vol_term_or_implied_vol_proxy,dow30_equal_weight_vol_target,3,-2.1943645468082362,-1.3529913506705897,0.0,0.0,2.1943645468082362
fold_06,base_macro_vol_term_or_implied_vol_proxy,dow30_market_proxy_buy_hold,3,-3.3078070947733185,-1.2615467819723758,0.0,0.0,3.3078070947733185
fold_06,base_macro_vol_term_or_implied_vol_proxy,dow30_trend_filter_overlay,3,0.5227257160274723,-0.26529850576191905,1.0,0.0,-0.5227257160274723
fold_06,base_macro_xsec_dispersion_correlation_regime,dow30_equal_weight_rebalance_matched,3,-1.303306757367162,-1.67980418794557,0.0,0.0,1.303306757367162
fold_06,base_macro_xsec_dispersion_correlation_regime,dow30_equal_weight_vol_target,3,-1.303306757367162,-1.67980418794557,0.0,0.0,1.303306757367162
fold_06,base_macro_xsec_dispersion_correlation_regime,dow30_market_proxy_buy_hold,3,-2.416749305332244,-1.5883596192473561,0.0,0.0,2.416749305332244
fold_06,base_macro_xsec_dispersion_correlation_regime,dow30_trend_filter_overlay,3,1.4137835054685466,-0.5921113430368994,1.0,0.0,-1.4137835054685466
fold_06,base_macro_xsec_sector_gated_context,dow30_equal_weight_rebalance_matched,3,-2.930058324842677,-1.8157333140174092,0.0,0.0,2.930058324842677
fold_06,base_macro_xsec_sector_gated_context,dow30_equal_weight_vol_target,3,-2.930058324842677,-1.8157333140174092,0.0,0.0,2.930058324842677
fold_06,base_macro_xsec_sector_gated_context,dow30_market_proxy_buy_hold,3,-4.043500872807759,-1.7242887453191953,0.0,0.0,4.043500872807759
fold_06,base_macro_xsec_sector_gated_context,dow30_trend_filter_overlay,3,-0.2129680620069685,-0.7280404691087385,0.0,0.0,0.2129680620069685
fold_07,base,dow30_equal_weight_rebalance_matched,3,-4.657987607605273,-2.4937703469893946,0.0,0.0,4.657987607605273
fold_07,base,dow30_equal_weight_vol_target,3,-2.0539442062605495,-2.2116642484428444,0.0,0.0,2.0539442062605495
fold_07,base,dow30_market_proxy_buy_hold,3,-5.2062376804461685,-2.1572976869414675,0.0,0.0,5.2062376804461685
fold_07,base,dow30_trend_filter_overlay,3,-2.098324742492629,-1.2257056047898174,0.0,0.0,2.098324742492629
fold_07,base_macro,dow30_equal_weight_rebalance_matched,3,-3.2364924476594226,-2.0649510488915572,0.0,0.0,3.2364924476594226
fold_07,base_macro,dow30_equal_weight_vol_target,3,-0.632449046314699,-1.782844950345007,0.3333333333333333,0.0,0.632449046314699
fold_07,base_macro,dow30_market_proxy_buy_hold,3,-3.784742520500318,-1.7284783888436301,0.0,0.0,3.784742520500318
fold_07,base_macro,dow30_trend_filter_overlay,3,-0.6768295825467785,-0.79688630669198,0.3333333333333333,0.0,0.6768295825467785
fold_07,base_macro_analyst_or_fund_revision_features,dow30_equal_weight_rebalance_matched,3,-3.5500257615654895,-1.9949751938017841,0.0,0.0,3.5500257615654895
fold_07,base_macro_analyst_or_fund_revision_features,dow30_equal_weight_vol_target,3,-0.945982360220766,-1.712869095255234,0.3333333333333333,0.0,0.945982360220766
fold_07,base_macro_analyst_or_fund_revision_features,dow30_market_proxy_buy_hold,3,-4.098275834406385,-1.658502533753857,0.0,0.0,4.098275834406385
fold_07,base_macro_analyst_or_fund_revision_features,dow30_trend_filter_overlay,3,-0.9903628964528455,-0.7269104516022069,0.3333333333333333,0.0,0.9903628964528455
fold_07,base_macro_breadth_internal_structure,dow30_equal_weight_rebalance_matched,3,-1.3779199058625569,-0.9754702793755188,0.0,0.0,1.3779199058625569
fold_07,base_macro_breadth_internal_structure,dow30_equal_weight_vol_target,3,1.2261234954821667,-0.6933641808289686,0.6666666666666666,0.0,-1.2261234954821667
fold_07,base_macro_breadth_internal_structure,dow30_market_proxy_buy_hold,3,-1.9261699787034523,-0.6389976193275917,0.0,0.0,1.9261699787034523
fold_07,base_macro_breadth_internal_structure,dow30_trend_filter_overlay,3,1.1817429592500872,0.29259446282405843,0.6666666666666666,0.6666666666666666,-1.1817429592500872
fold_07,base_macro_credit_stress_proxies,dow30_equal_weight_rebalance_matched,3,-3.489038528260947,-1.866453921000725,0.3333333333333333,0.0,3.489038528260947
fold_07,base_macro_credit_stress_proxies,dow30_equal_weight_vol_target,3,-0.8849951269162233,-1.5843478224541747,0.3333333333333333,0.0,0.8849951269162233
fold_07,base_macro_credit_stress_proxies,dow30_market_proxy_buy_hold,3,-4.037288601101842,-1.5299812609527979,0.0,0.0,4.037288601101842
fold_07,base_macro_credit_stress_proxies,dow30_trend_filter_overlay,3,-0.9293756631483028,-0.5983891788011477,0.3333333333333333,0.3333333333333333,0.9293756631483028
fold_07,base_macro_exogenous_plus,dow30_equal_weight_rebalance_matched,3,-2.867136169497009,-1.8230629482516085,0.0,0.0,2.867136169497009
fold_07,base_macro_exogenous_plus,dow30_equal_weight_vol_target,3,-0.2630927681522852,-1.5409568497050583,0.3333333333333333,0.0,0.2630927681522852
fold_07,base_macro_exogenous_plus,dow30_market_proxy_buy_hold,3,-3.415386242337904,-1.4865902882036814,0.0,0.0,3.415386242337904
fold_07,base_macro_exogenous_plus,dow30_trend_filter_overlay,3,-0.3074733043843647,-0.5549982060520313,0.3333333333333333,0.0,0.3074733043843647
fold_07,base_macro_gru,dow30_equal_weight_rebalance_matched,3,-2.4604994053609044,-1.6388202360935482,0.0,0.0,2.4604994053609044
fold_07,base_macro_gru,dow30_equal_weight_vol_target,3,0.14354399598381917,-1.356714137546998,0.6666666666666666,0.0,-0.14354399598381917
fold_07,base_macro_gru,dow30_market_proxy_buy_hold,3,-3.0087494782018,-1.3023475760456211,0.0,0.0,3.0087494782018
fold_07,base_macro_gru,dow30_trend_filter_overlay,3,0.09916345975173968,-0.370755493893971,0.6666666666666666,0.3333333333333333,-0.09916345975173968
fold_07,base_macro_hmm,dow30_equal_weight_rebalance_matched,3,-4.4748251594119335,-1.9341145859641227,0.0,0.0,4.4748251594119335
fold_07,base_macro_hmm,dow30_equal_weight_vol_target,3,-1.87078175806721,-1.6520084874175724,0.0,0.0,1.87078175806721
fold_07,base_macro_hmm,dow30_market_proxy_buy_hold,3,-5.023075232252829,-1.5976419259161956,0.0,0.0,5.023075232252829
fold_07,base_macro_hmm,dow30_trend_filter_overlay,3,-1.9151622942992894,-0.6660498437645455,0.0,0.0,1.9151622942992894
fold_07,base_macro_rates_credit_vol_risk_state_context,dow30_equal_weight_rebalance_matched,3,-1.227559586373216,-1.3191839228993265,0.0,0.0,1.227559586373216
fold_07,base_macro_rates_credit_vol_risk_state_context,dow30_equal_weight_vol_target,3,1.3764838149715075,-1.0370778243527763,0.6666666666666666,0.0,-1.3764838149715075
fold_07,base_macro_rates_credit_vol_risk_state_context,dow30_market_proxy_buy_hold,3,-1.7758096592141115,-0.9827112628513994,0.0,0.3333333333333333,1.7758096592141115
fold_07,base_macro_rates_credit_vol_risk_state_context,dow30_trend_filter_overlay,3,1.332103278739428,-0.0511191806997493,0.6666666666666666,0.3333333333333333,-1.332103278739428
fold_07,base_macro_rates_term_structure_lsc,dow30_equal_weight_rebalance_matched,3,-0.7382054672150584,-1.4036423097400106,0.0,0.0,0.7382054672150584
fold_07,base_macro_rates_term_structure_lsc,dow30_equal_weight_vol_target,3,1.8658379341296651,-1.1215362111934604,1.0,0.3333333333333333,-1.8658379341296651
fold_07,base_macro_rates_term_structure_lsc,dow30_market_proxy_buy_hold,3,-1.2864555400559539,-1.0671696496920835,0.0,0.3333333333333333,1.2864555400559539
fold_07,base_macro_rates_term_structure_lsc,dow30_trend_filter_overlay,3,1.8214573978975857,-0.13557756754043337,1.0,0.3333333333333333,-1.8214573978975857
fold_07,base_macro_sector_relative_context,dow30_equal_weight_rebalance_matched,3,-1.163744402864575,-1.0879861438518894,0.0,0.0,1.163744402864575
fold_07,base_macro_sector_relative_context,dow30_equal_weight_vol_target,3,1.4402989984801486,-0.8058800453053392,0.6666666666666666,0.0,-1.4402989984801486
fold_07,base_macro_sector_relative_context,dow30_market_proxy_buy_hold,3,-1.7119944757054704,-0.7515134838039623,0.0,0.0,1.7119944757054704
fold_07,base_macro_sector_relative_context,dow30_trend_filter_overlay,3,1.3959184622480691,0.1800785983476878,0.6666666666666666,0.6666666666666666,-1.3959184622480691
fold_07,base_macro_vol_term_or_implied_vol_proxy,dow30_equal_weight_rebalance_matched,3,-3.6259772431792126,-2.2267867567134147,0.0,0.0,3.6259772431792126
fold_07,base_macro_vol_term_or_implied_vol_proxy,dow30_equal_weight_vol_target,3,-1.021933841834489,-1.9446806581668645,0.3333333333333333,0.0,1.021933841834489
fold_07,base_macro_vol_term_or_implied_vol_proxy,dow30_market_proxy_buy_hold,3,-4.174227316020108,-1.8903140966654877,0.0,0.0,4.174227316020108
fold_07,base_macro_vol_term_or_implied_vol_proxy,dow30_trend_filter_overlay,3,-1.0663143780665685,-0.9587220145138375,0.3333333333333333,0.3333333333333333,1.0663143780665685
fold_07,base_macro_xsec_dispersion_correlation_regime,dow30_equal_weight_rebalance_matched,3,-3.9271982254471816,-1.653271966335279,0.0,0.0,3.9271982254471816
fold_07,base_macro_xsec_dispersion_correlation_regime,dow30_equal_weight_vol_target,3,-1.323154824102458,-1.3711658677887288,0.0,0.0,1.323154824102458
fold_07,base_macro_xsec_dispersion_correlation_regime,dow30_market_proxy_buy_hold,3,-4.475448298288077,-1.316799306287352,0.0,0.0,4.475448298288077
fold_07,base_macro_xsec_dispersion_correlation_regime,dow30_trend_filter_overlay,3,-1.3675353603345375,-0.38520722413570185,0.0,0.3333333333333333,1.3675353603345375
fold_07,base_macro_xsec_sector_gated_context,dow30_equal_weight_rebalance_matched,3,-3.8904950099106994,-1.8278782913329508,0.0,0.0,3.8904950099106994
fold_07,base_macro_xsec_sector_gated_context,dow30_equal_weight_vol_target,3,-1.2864516085659758,-1.5457721927864005,0.3333333333333333,0.0,1.2864516085659758
fold_07,base_macro_xsec_sector_gated_context,dow30_market_proxy_buy_hold,3,-4.438745082751595,-1.4914056312850237,0.0,0.0,4.438745082751595
fold_07,base_macro_xsec_sector_gated_context,dow30_trend_filter_overlay,3,-1.3308321447980553,-0.5598135491333736,0.3333333333333333,0.0,1.3308321447980553
fold_08,base,dow30_equal_weight_rebalance_matched,3,-1.894004520952075,-0.57665978125172,0.3333333333333333,0.3333333333333333,1.894004520952075
fold_08,base,dow30_equal_weight_vol_target,3,-0.6969816819840546,-0.15324535527978744,0.3333333333333333,0.3333333333333333,0.6969816819840546
fold_08,base,dow30_market_proxy_buy_hold,3,-1.588387580523476,-0.5324459239497351,0.3333333333333333,0.3333333333333333,1.588387580523476
fold_08,base,dow30_trend_filter_overlay,3,-1.7146320415502347,0.15727176155875,0.3333333333333333,1.0,1.7146320415502347
fold_08,base_macro,dow30_equal_weight_rebalance_matched,3,-1.5467366788107229,-0.22978083661188786,0.0,0.0,1.5467366788107229
fold_08,base_macro,dow30_equal_weight_vol_target,3,-0.34971383984270243,0.1936335893600447,0.3333333333333333,0.6666666666666666,0.34971383984270243
fold_08,base_macro,dow30_market_proxy_buy_hold,3,-1.2411197383821237,-0.18556697930990296,0.0,0.0,1.2411197383821237
fold_08,base_macro,dow30_trend_filter_overlay,3,-1.3673641994088825,0.5041507061985822,0.0,1.0,1.3673641994088825
fold_08,base_macro_analyst_or_fund_revision_features,dow30_equal_weight_rebalance_matched,3,-1.307871867839283,-0.2554021662688364,0.3333333333333333,0.3333333333333333,1.307871867839283
fold_08,base_macro_analyst_or_fund_revision_features,dow30_equal_weight_vol_target,3,-0.11084902887126269,0.1680122597030962,0.3333333333333333,1.0,0.11084902887126269
fold_08,base_macro_analyst_or_fund_revision_features,dow30_market_proxy_buy_hold,3,-1.002254927410684,-0.21118830896685148,0.3333333333333333,0.3333333333333333,1.002254927410684
fold_08,base_macro_analyst_or_fund_revision_features,dow30_trend_filter_overlay,3,-1.1284993884374428,0.47852937654163363,0.3333333333333333,1.0,1.1284993884374428
fold_08,base_macro_breadth_internal_structure,dow30_equal_weight_rebalance_matched,3,-1.2196157007971276,-0.1757716425470942,0.0,0.0,1.2196157007971276
fold_08,base_macro_breadth_internal_structure,dow30_equal_weight_vol_target,3,-0.022592861829107136,0.24764278342483836,0.3333333333333333,0.6666666666666666,0.022592861829107136
fold_08,base_macro_breadth_internal_structure,dow30_market_proxy_buy_hold,3,-0.9139987603685285,-0.1315577852451093,0.0,0.0,0.9139987603685285
fold_08,base_macro_breadth_internal_structure,dow30_trend_filter_overlay,3,-1.0402432213952872,0.5581599002633758,0.0,0.6666666666666666,1.0402432213952872
fold_08,base_macro_credit_stress_proxies,dow30_equal_weight_rebalance_matched,3,0.29148605492912427,0.11668910290109652,0.6666666666666666,0.6666666666666666,-0.29148605492912427
fold_08,base_macro_credit_stress_proxies,dow30_equal_weight_vol_target,3,1.4885088938971447,0.5401035288730291,0.6666666666666666,0.6666666666666666,-1.4885088938971447
fold_08,base_macro_credit_stress_proxies,dow30_market_proxy_buy_hold,3,0.5971029953577234,0.16090296020308142,0.6666666666666666,0.6666666666666666,-0.5971029953577234
fold_08,base_macro_credit_stress_proxies,dow30_trend_filter_overlay,3,0.4708585343309646,0.8506206457115666,0.6666666666666666,0.6666666666666666,-0.4708585343309646
fold_08,base_macro_exogenous_plus,dow30_equal_weight_rebalance_matched,3,0.24142404009376284,0.11995460444490158,0.6666666666666666,0.6666666666666666,-0.24142404009376284
fold_08,base_macro_exogenous_plus,dow30_equal_weight_vol_target,3,1.4384468790617833,0.5433690304168342,0.6666666666666666,1.0,-1.4384468790617833
fold_08,base_macro_exogenous_plus,dow30_market_proxy_buy_hold,3,0.5470409805223619,0.16416846174688648,0.6666666666666666,0.6666666666666666,-0.5470409805223619
fold_08,base_macro_exogenous_plus,dow30_trend_filter_overlay,3,0.42079651949560315,0.8538861472553716,0.6666666666666666,1.0,-0.42079651949560315
fold_08,base_macro_gru,dow30_equal_weight_rebalance_matched,3,0.12052724855168284,-0.25662999192432445,0.6666666666666666,0.3333333333333333,-0.12052724855168284
fold_08,base_macro_gru,dow30_equal_weight_vol_target,3,1.3175500875197033,0.16678443404760812,0.6666666666666666,0.6666666666666666,-1.3175500875197033
fold_08,base_macro_gru,dow30_market_proxy_buy_hold,3,0.42614418898028195,-0.21241613462233955,0.6666666666666666,0.3333333333333333,-0.42614418898028195
fold_08,base_macro_gru,dow30_trend_filter_overlay,3,0.29989972795352315,0.47730155088614556,0.6666666666666666,1.0,-0.29989972795352315
fold_08,base_macro_hmm,dow30_equal_weight_rebalance_matched,3,-3.2501199779303214,-0.7757242311966206,0.3333333333333333,0.3333333333333333,3.2501199779303214
fold_08,base_macro_hmm,dow30_equal_weight_vol_target,3,-2.053097138962301,-0.352309805224688,0.3333333333333333,0.3333333333333333,2.053097138962301
fold_08,base_macro_hmm,dow30_market_proxy_buy_hold,3,-2.9445030375017223,-0.7315103738946357,0.3333333333333333,0.3333333333333333,2.9445030375017223
fold_08,base_macro_hmm,dow30_trend_filter_overlay,3,-3.070747498528481,-0.04179268838615058,0.3333333333333333,0.3333333333333333,3.070747498528481
fold_08,base_macro_rates_credit_vol_risk_state_context,dow30_equal_weight_rebalance_matched,3,-1.0560086034631988,-0.1697095410715761,0.3333333333333333,0.3333333333333333,1.0560086034631988
fold_08,base_macro_rates_credit_vol_risk_state_context,dow30_equal_weight_vol_target,3,0.14101423550482162,0.2537048849003565,0.6666666666666666,0.6666666666666666,-0.14101423550482162
fold_08,base_macro_rates_credit_vol_risk_state_context,dow30_market_proxy_buy_hold,3,-0.7503916630345997,-0.1254956837695912,0.3333333333333333,0.3333333333333333,0.7503916630345997
fold_08,base_macro_rates_credit_vol_risk_state_context,dow30_trend_filter_overlay,3,-0.8766361240613585,0.5642220017388939,0.3333333333333333,0.6666666666666666,0.8766361240613585
fold_08,base_macro_rates_term_structure_lsc,dow30_equal_weight_rebalance_matched,3,0.7542852984979143,0.30001203482064287,0.6666666666666666,1.0,-0.7542852984979143
fold_08,base_macro_rates_term_structure_lsc,dow30_equal_weight_vol_target,3,1.9513081374659347,0.7234264607925754,1.0,1.0,-1.9513081374659347
fold_08,base_macro_rates_term_structure_lsc,dow30_market_proxy_buy_hold,3,1.0599022389265134,0.3442258921226278,0.6666666666666666,1.0,-1.0599022389265134
fold_08,base_macro_rates_term_structure_lsc,dow30_trend_filter_overlay,3,0.9336577778997546,1.033943577631113,0.6666666666666666,1.0,-0.9336577778997546
fold_08,base_macro_sector_relative_context,dow30_equal_weight_rebalance_matched,3,-0.6338616216047588,-0.10552782786217585,0.0,0.3333333333333333,0.6338616216047588
fold_08,base_macro_sector_relative_context,dow30_equal_weight_vol_target,3,0.5631612173632616,0.3178865981097567,0.6666666666666666,0.6666666666666666,-0.5631612173632616
fold_08,base_macro_sector_relative_context,dow30_market_proxy_buy_hold,3,-0.3282446811761597,-0.061313970560190945,0.3333333333333333,0.3333333333333333,0.3282446811761597
fold_08,base_macro_sector_relative_context,dow30_trend_filter_overlay,3,-0.4544891422029185,0.6284037149482942,0.0,0.6666666666666666,0.4544891422029185
fold_08,base_macro_vol_term_or_implied_vol_proxy,dow30_equal_weight_rebalance_matched,3,-0.09501258206011665,0.025104326136297428,0.3333333333333333,0.6666666666666666,0.09501258206011665
fold_08,base_macro_vol_term_or_implied_vol_proxy,dow30_equal_weight_vol_target,3,1.1020102569079038,0.44851875210823,0.6666666666666666,0.6666666666666666,-1.1020102569079038
fold_08,base_macro_vol_term_or_implied_vol_proxy,dow30_market_proxy_buy_hold,3,0.21060435836848246,0.06931818343828233,0.6666666666666666,0.6666666666666666,-0.21060435836848246
fold_08,base_macro_vol_term_or_implied_vol_proxy,dow30_trend_filter_overlay,3,0.08435989734172367,0.7590358689467674,0.6666666666666666,0.6666666666666666,-0.08435989734172367
fold_08,base_macro_xsec_dispersion_correlation_regime,dow30_equal_weight_rebalance_matched,3,0.12296758070924341,0.14371764533368325,0.6666666666666666,0.6666666666666666,-0.12296758070924341
fold_08,base_macro_xsec_dispersion_correlation_regime,dow30_equal_weight_vol_target,3,1.3199904196772638,0.5671320713056158,1.0,1.0,-1.3199904196772638
fold_08,base_macro_xsec_dispersion_correlation_regime,dow30_market_proxy_buy_hold,3,0.4285845211378425,0.18793150263566816,0.6666666666666666,0.6666666666666666,-0.4285845211378425
fold_08,base_macro_xsec_dispersion_correlation_regime,dow30_trend_filter_overlay,3,0.3023400601110837,0.8776491881441533,0.6666666666666666,1.0,-0.3023400601110837
fold_08,base_macro_xsec_sector_gated_context,dow30_equal_weight_rebalance_matched,3,-1.2182033064478515,-0.8177315292633531,0.3333333333333333,0.0,1.2182033064478515
fold_08,base_macro_xsec_sector_gated_context,dow30_equal_weight_vol_target,3,-0.021180467479831044,-0.39431710329142056,0.3333333333333333,0.3333333333333333,0.021180467479831044
fold_08,base_macro_xsec_sector_gated_context,dow30_market_proxy_buy_hold,3,-0.9125863660192524,-0.7735176719613682,0.3333333333333333,0.0,0.9125863660192524
fold_08,base_macro_xsec_sector_gated_context,dow30_trend_filter_overlay,3,-1.0388308270460112,-0.08379998645288311,0.3333333333333333,0.3333333333333333,1.0388308270460112
fold_09,base,dow30_equal_weight_rebalance_matched,3,1.2523760268983715,0.0737236070787024,0.6666666666666666,0.6666666666666666,-1.2523760268983715
fold_09,base,dow30_equal_weight_vol_target,3,-8.917092358233415,0.8318157816021432,0.0,1.0,8.917092358233415
fold_09,base,dow30_market_proxy_buy_hold,3,0.3915595314657665,0.006934446991216481,0.6666666666666666,0.6666666666666666,-0.3915595314657665
fold_09,base,dow30_trend_filter_overlay,3,-17.89030223411565,-0.5711252519404418,0.0,0.0,17.89030223411565
fold_09,base_macro,dow30_equal_weight_rebalance_matched,3,1.1866519863616993,0.08174930080385656,0.6666666666666666,0.6666666666666666,-1.1866519863616993
fold_09,base_macro,dow30_equal_weight_vol_target,3,-8.982816398770087,0.8398414753272974,0.0,1.0,8.982816398770087
fold_09,base_macro,dow30_market_proxy_buy_hold,3,0.32583549092909436,0.01496014071637064,0.6666666666666666,0.6666666666666666,-0.32583549092909436
fold_09,base_macro,dow30_trend_filter_overlay,3,-17.956026274652324,-0.5630995582152877,0.0,0.0,17.956026274652324
fold_09,base_macro_analyst_or_fund_revision_features,dow30_equal_weight_rebalance_matched,3,-1.9031140291795623,-0.06826193686528992,0.3333333333333333,0.3333333333333333,1.9031140291795623
fold_09,base_macro_analyst_or_fund_revision_features,dow30_equal_weight_vol_target,3,-12.072582414311348,0.6898302376581509,0.0,1.0,12.072582414311348
fold_09,base_macro_analyst_or_fund_revision_features,dow30_market_proxy_buy_hold,3,-2.7639305246121673,-0.13505109695277584,0.3333333333333333,0.3333333333333333,2.7639305246121673
fold_09,base_macro_analyst_or_fund_revision_features,dow30_trend_filter_overlay,3,-21.045792290193585,-0.7131107958844342,0.0,0.0,21.045792290193585
fold_09,base_macro_breadth_internal_structure,dow30_equal_weight_rebalance_matched,3,-2.9710701823369767,-0.269177933727496,0.3333333333333333,0.3333333333333333,2.9710701823369767
fold_09,base_macro_breadth_internal_structure,dow30_equal_weight_vol_target,3,-13.140538567468763,0.4889142407959448,0.0,1.0,13.140538567468763
fold_09,base_macro_breadth_internal_structure,dow30_market_proxy_buy_hold,3,-3.8318866777695817,-0.3359670938149819,0.3333333333333333,0.3333333333333333,3.8318866777695817
fold_09,base_macro_breadth_internal_structure,dow30_trend_filter_overlay,3,-22.113748443351,-0.9140267927466402,0.0,0.0,22.113748443351
fold_09,base_macro_credit_stress_proxies,dow30_equal_weight_rebalance_matched,3,-1.2515248827428813,-0.06860241805413625,0.3333333333333333,0.3333333333333333,1.2515248827428813
fold_09,base_macro_credit_stress_proxies,dow30_equal_weight_vol_target,3,-11.420993267874668,0.6894897564693045,0.0,1.0,11.420993267874668
fold_09,base_macro_credit_stress_proxies,dow30_market_proxy_buy_hold,3,-2.1123413781754863,-0.13539157814162217,0.3333333333333333,0.3333333333333333,2.1123413781754863
fold_09,base_macro_credit_stress_proxies,dow30_trend_filter_overlay,3,-20.394203143756904,-0.7134512770732805,0.0,0.0,20.394203143756904
fold_09,base_macro_exogenous_plus,dow30_equal_weight_rebalance_matched,3,0.24197413964749614,0.10253009909459831,0.6666666666666666,0.6666666666666666,-0.24197413964749614
fold_09,base_macro_exogenous_plus,dow30_equal_weight_vol_target,3,-9.92749424548429,0.8606222736180391,0.0,1.0,9.92749424548429
fold_09,base_macro_exogenous_plus,dow30_market_proxy_buy_hold,3,-0.6188423557851088,0.03574093900711239,0.3333333333333333,0.6666666666666666,0.6188423557851088
fold_09,base_macro_exogenous_plus,dow30_trend_filter_overlay,3,-18.900704121366527,-0.5423187599245459,0.0,0.0,18.900704121366527
fold_09,base_macro_gru,dow30_equal_weight_rebalance_matched,3,0.6201886475866516,-0.0004442815652738741,0.6666666666666666,0.3333333333333333,-0.6201886475866516
fold_09,base_macro_gru,dow30_equal_weight_vol_target,3,-9.549279737545135,0.7576478929581669,0.0,1.0,9.549279737545135
fold_09,base_macro_gru,dow30_market_proxy_buy_hold,3,-0.24062784784595337,-0.0672334416527598,0.3333333333333333,0.3333333333333333,0.24062784784595337
fold_09,base_macro_gru,dow30_trend_filter_overlay,3,-18.52248961342737,-0.6452931405844181,0.0,0.0,18.52248961342737
fold_09,base_macro_hmm,dow30_equal_weight_rebalance_matched,3,-0.23749752106606437,-0.11696371211122636,0.3333333333333333,0.3333333333333333,0.23749752106606437
fold_09,base_macro_hmm,dow30_equal_weight_vol_target,3,-10.40696590619785,0.6411284624122144,0.0,1.0,10.40696590619785
fold_09,base_macro_hmm,dow30_market_proxy_buy_hold,3,-1.0983140164986693,-0.18375287219871228,0.3333333333333333,0.3333333333333333,1.0983140164986693
fold_09,base_macro_hmm,dow30_trend_filter_overlay,3,-19.380175782080087,-0.7618125711303706,0.0,0.0,19.380175782080087
fold_09,base_macro_rates_credit_vol_risk_state_context,dow30_equal_weight_rebalance_matched,3,1.596542804858803,0.15485923630904774,0.6666666666666666,0.6666666666666666,-1.596542804858803
fold_09,base_macro_rates_credit_vol_risk_state_context,dow30_equal_weight_vol_target,3,-8.572925580272983,0.9129514108324885,0.0,1.0,8.572925580272983
fold_09,base_macro_rates_credit_vol_risk_state_context,dow30_market_proxy_buy_hold,3,0.7357263094261981,0.08807007622156182,0.6666666666666666,0.6666666666666666,-0.7357263094261981
fold_09,base_macro_rates_credit_vol_risk_state_context,dow30_trend_filter_overlay,3,-17.54613545615522,-0.4899896227100965,0.0,0.0,17.54613545615522
fold_09,base_macro_rates_term_structure_lsc,dow30_equal_weight_rebalance_matched,3,-4.036450304710957,-0.30734353851352747,0.3333333333333333,0.3333333333333333,4.036450304710957
fold_09,base_macro_rates_term_structure_lsc,dow30_equal_weight_vol_target,3,-14.205918689842743,0.45074863600991333,0.0,1.0,14.205918689842743
fold_09,base_macro_rates_term_structure_lsc,dow30_market_proxy_buy_hold,3,-4.897266800143562,-0.3741326986010134,0.3333333333333333,0.3333333333333333,4.897266800143562
fold_09,base_macro_rates_term_structure_lsc,dow30_trend_filter_overlay,3,-23.17912856572498,-0.9521923975326717,0.0,0.0,23.17912856572498
fold_09,base_macro_sector_relative_context,dow30_equal_weight_rebalance_matched,3,-1.2359142601406035,-0.05600670262708718,0.0,0.0,1.2359142601406035
fold_09,base_macro_sector_relative_context,dow30_equal_weight_vol_target,3,-11.40538264527239,0.7020854718963536,0.0,1.0,11.40538264527239
fold_09,base_macro_sector_relative_context,dow30_market_proxy_buy_hold,3,-2.0967307555732084,-0.1227958627145731,0.0,0.0,2.0967307555732084
fold_09,base_macro_sector_relative_context,dow30_trend_filter_overlay,3,-20.378592521154626,-0.7008555616462314,0.0,0.0,20.378592521154626
fold_09,base_macro_vol_term_or_implied_vol_proxy,dow30_equal_weight_rebalance_matched,3,5.4400954860586275,0.34520856081890017,1.0,1.0,-5.4400954860586275
fold_09,base_macro_vol_term_or_implied_vol_proxy,dow30_equal_weight_vol_target,3,-4.729372899073159,1.103300735342341,0.0,1.0,4.729372899073159
fold_09,base_macro_vol_term_or_implied_vol_proxy,dow30_market_proxy_buy_hold,3,4.5792789906260225,0.27841940073141425,1.0,1.0,-4.5792789906260225
fold_09,base_macro_vol_term_or_implied_vol_proxy,dow30_trend_filter_overlay,3,-13.702582774955395,-0.29964029820024407,0.0,0.0,13.702582774955395
fold_09,base_macro_xsec_dispersion_correlation_regime,dow30_equal_weight_rebalance_matched,3,1.38948241393717,0.054664321227759105,1.0,1.0,-1.38948241393717
fold_09,base_macro_xsec_dispersion_correlation_regime,dow30_equal_weight_vol_target,3,-8.779985971194616,0.8127564957511999,0.0,1.0,8.779985971194616
fold_09,base_macro_xsec_dispersion_correlation_regime,dow30_market_proxy_buy_hold,3,0.528665918504565,-0.012124838859726816,1.0,0.3333333333333333,-0.528665918504565
fold_09,base_macro_xsec_dispersion_correlation_regime,dow30_trend_filter_overlay,3,-17.753195847076853,-0.5901845377913851,0.0,0.0,17.753195847076853
fold_09,base_macro_xsec_sector_gated_context,dow30_equal_weight_rebalance_matched,3,0.2978845398387904,0.042947257678721984,0.6666666666666666,0.6666666666666666,-0.2978845398387904
fold_09,base_macro_xsec_sector_gated_context,dow30_equal_weight_vol_target,3,-9.871583845292996,0.8010394322021628,0.0,1.0,9.871583845292996
fold_09,base_macro_xsec_sector_gated_context,dow30_market_proxy_buy_hold,3,-0.5629319555938146,-0.023841902408763938,0.3333333333333333,0.3333333333333333,0.5629319555938146
fold_09,base_macro_xsec_sector_gated_context,dow30_trend_filter_overlay,3,-18.844793721175233,-0.6019016013404223,0.0,0.0,18.844793721175233
fold_10,base,dow30_equal_weight_rebalance_matched,3,0.7722438519363051,-0.4192174390476191,1.0,0.3333333333333333,-0.7722438519363051
fold_10,base,dow30_equal_weight_vol_target,3,1.4783011328074025,-0.25531563478930375,1.0,0.3333333333333333,-1.4783011328074025
fold_10,base,dow30_market_proxy_buy_hold,3,-1.546957592683773,-0.6456903190805992,0.3333333333333333,0.0,1.546957592683773
fold_10,base,dow30_trend_filter_overlay,3,6.180613209009678,1.3955115212170286,1.0,1.0,-6.180613209009678
fold_10,base_macro,dow30_equal_weight_rebalance_matched,3,2.5945374879871252,0.06272232466238825,1.0,0.6666666666666666,-2.5945374879871252
fold_10,base_macro,dow30_equal_weight_vol_target,3,3.3005947688582227,0.2266241289207036,1.0,0.6666666666666666,-3.3005947688582227
fold_10,base_macro,dow30_market_proxy_buy_hold,3,0.2753360433670471,-0.1637505553705918,0.6666666666666666,0.0,-0.2753360433670471
fold_10,base_macro,dow30_trend_filter_overlay,3,8.002906845060497,1.877451284927036,1.0,1.0,-8.002906845060497
fold_10,base_macro_analyst_or_fund_revision_features,dow30_equal_weight_rebalance_matched,3,1.6512535233268677,-0.02407702908955711,0.6666666666666666,0.3333333333333333,-1.6512535233268677
fold_10,base_macro_analyst_or_fund_revision_features,dow30_equal_weight_vol_target,3,2.357310804197965,0.13982477516875824,1.0,0.6666666666666666,-2.357310804197965
fold_10,base_macro_analyst_or_fund_revision_features,dow30_market_proxy_buy_hold,3,-0.6679479212932105,-0.25054990912253716,0.3333333333333333,0.3333333333333333,0.6679479212932105
fold_10,base_macro_analyst_or_fund_revision_features,dow30_trend_filter_overlay,3,7.059622880400241,1.7906519311750906,1.0,1.0,-7.059622880400241
fold_10,base_macro_breadth_internal_structure,dow30_equal_weight_rebalance_matched,3,0.17882241859932257,-0.39265479024204364,0.6666666666666666,0.3333333333333333,-0.17882241859932257
fold_10,base_macro_breadth_internal_structure,dow30_equal_weight_vol_target,3,0.88487969947042,-0.22875298598372829,0.6666666666666666,0.3333333333333333,-0.88487969947042
fold_10,base_macro_breadth_internal_structure,dow30_market_proxy_buy_hold,3,-2.1403790260207556,-0.6191276702750237,0.3333333333333333,0.3333333333333333,2.1403790260207556
fold_10,base_macro_breadth_internal_structure,dow30_trend_filter_overlay,3,5.587191775672695,1.422074170022604,1.0,1.0,-5.587191775672695
fold_10,base_macro_credit_stress_proxies,dow30_equal_weight_rebalance_matched,3,1.94081430750348,-0.1888074041815957,1.0,0.0,-1.94081430750348
fold_10,base_macro_credit_stress_proxies,dow30_equal_weight_vol_target,3,2.6468715883745775,-0.02490559992328034,1.0,0.3333333333333333,-2.6468715883745775
fold_10,base_macro_credit_stress_proxies,dow30_market_proxy_buy_hold,3,-0.3783871371165981,-0.41528028421457575,0.0,0.0,0.3783871371165981
fold_10,base_macro_credit_stress_proxies,dow30_trend_filter_overlay,3,7.349183664576852,1.625921556083052,1.0,1.0,-7.349183664576852
fold_10,base_macro_exogenous_plus,dow30_equal_weight_rebalance_matched,3,-0.1367971173714011,-0.5972578607519705,0.3333333333333333,0.0,0.1367971173714011
fold_10,base_macro_exogenous_plus,dow30_equal_weight_vol_target,3,0.5692601634996963,-0.43335605649365516,0.6666666666666666,0.0,-0.5692601634996963
fold_10,base_macro_exogenous_plus,dow30_market_proxy_buy_hold,3,-2.4559985619914793,-0.8237307407849506,0.0,0.0,2.4559985619914793
fold_10,base_macro_exogenous_plus,dow30_trend_filter_overlay,3,5.271572239701971,1.2174710995126772,1.0,1.0,-5.271572239701971
fold_10,base_macro_gru,dow30_equal_weight_rebalance_matched,3,2.477092305454631,-0.12169611793884227,1.0,0.0,-2.477092305454631
fold_10,base_macro_gru,dow30_equal_weight_vol_target,3,3.1831495863257286,0.04220568631947308,1.0,1.0,-3.1831495863257286
fold_10,base_macro_gru,dow30_market_proxy_buy_hold,3,0.15789086083455306,-0.3481689979718223,0.6666666666666666,0.0,-0.15789086083455306
fold_10,base_macro_gru,dow30_trend_filter_overlay,3,7.885461662528003,1.6930328423258054,1.0,1.0,-7.885461662528003
fold_10,base_macro_hmm,dow30_equal_weight_rebalance_matched,3,-1.0880372621299372,-0.7682241778609866,0.0,0.0,1.0880372621299372
fold_10,base_macro_hmm,dow30_equal_weight_vol_target,3,-0.3819799812588398,-0.6043223736026713,0.3333333333333333,0.0,0.3819799812588398
fold_10,base_macro_hmm,dow30_market_proxy_buy_hold,3,-3.4072387067500154,-0.9946970578939667,0.0,0.0,3.4072387067500154
fold_10,base_macro_hmm,dow30_trend_filter_overlay,3,4.320332094943435,1.046504782403661,1.0,1.0,-4.320332094943435
fold_10,base_macro_rates_credit_vol_risk_state_context,dow30_equal_weight_rebalance_matched,3,2.8432520281406415,-0.12486198582517938,1.0,0.0,-2.8432520281406415
fold_10,base_macro_rates_credit_vol_risk_state_context,dow30_equal_weight_vol_target,3,3.549309309011739,0.039039818433135975,1.0,0.6666666666666666,-3.549309309011739
fold_10,base_macro_rates_credit_vol_risk_state_context,dow30_market_proxy_buy_hold,3,0.5240505835205633,-0.35133486585815943,0.6666666666666666,0.0,-0.5240505835205633
fold_10,base_macro_rates_credit_vol_risk_state_context,dow30_trend_filter_overlay,3,8.251621385214014,1.6898669744394683,1.0,1.0,-8.251621385214014
fold_10,base_macro_rates_term_structure_lsc,dow30_equal_weight_rebalance_matched,3,4.125130656300357,0.2769992568499908,1.0,0.6666666666666666,-4.125130656300357
fold_10,base_macro_rates_term_structure_lsc,dow30_equal_weight_vol_target,3,4.831187937171454,0.4409010611083062,1.0,0.6666666666666666,-4.831187937171454
fold_10,base_macro_rates_term_structure_lsc,dow30_market_proxy_buy_hold,3,1.8059292116802785,0.050526376817010776,0.6666666666666666,0.6666666666666666,-1.8059292116802785
fold_10,base_macro_rates_term_structure_lsc,dow30_trend_filter_overlay,3,9.533500013373729,2.0917282171146385,1.0,1.0,-9.533500013373729
fold_10,base_macro_sector_relative_context,dow30_equal_weight_rebalance_matched,3,2.1041818742950635,-0.2532523714383639,0.6666666666666666,0.3333333333333333,-2.1041818742950635
fold_10,base_macro_sector_relative_context,dow30_equal_weight_vol_target,3,2.810239155166161,-0.08935056718004852,0.6666666666666666,0.3333333333333333,-2.810239155166161
fold_10,base_macro_sector_relative_context,dow30_market_proxy_buy_hold,3,-0.21501957032501462,-0.4797252514713439,0.3333333333333333,0.3333333333333333,0.21501957032501462
fold_10,base_macro_sector_relative_context,dow30_trend_filter_overlay,3,7.512551231368436,1.5614765888262838,1.0,1.0,-7.512551231368436
fold_10,base_macro_vol_term_or_implied_vol_proxy,dow30_equal_weight_rebalance_matched,3,-0.17160769678574717,-0.48839269995685286,0.3333333333333333,0.0,0.17160769678574717
fold_10,base_macro_vol_term_or_implied_vol_proxy,dow30_equal_weight_vol_target,3,0.5344495840853503,-0.3244908956985375,0.6666666666666666,0.0,-0.5344495840853503
fold_10,base_macro_vol_term_or_implied_vol_proxy,dow30_market_proxy_buy_hold,3,-2.4908091414058253,-0.7148655799898329,0.0,0.0,2.4908091414058253
fold_10,base_macro_vol_term_or_implied_vol_proxy,dow30_trend_filter_overlay,3,5.236761660287625,1.3263362603077948,1.0,1.0,-5.236761660287625
fold_10,base_macro_xsec_dispersion_correlation_regime,dow30_equal_weight_rebalance_matched,3,0.7357691696388002,-0.41065286649709254,1.0,0.0,-0.7357691696388002
fold_10,base_macro_xsec_dispersion_correlation_regime,dow30_equal_weight_vol_target,3,1.4418264505098977,-0.24675106223877719,1.0,0.0,-1.4418264505098977
fold_10,base_macro_xsec_dispersion_correlation_regime,dow30_market_proxy_buy_hold,3,-1.583432274981278,-0.6371257465300726,0.0,0.0,1.583432274981278
fold_10,base_macro_xsec_dispersion_correlation_regime,dow30_trend_filter_overlay,3,6.144138526712172,1.4040760937675552,1.0,1.0,-6.144138526712172
fold_10,base_macro_xsec_sector_gated_context,dow30_equal_weight_rebalance_matched,3,-0.7269022747192544,-0.6665830743755312,0.3333333333333333,0.0,0.7269022747192544
fold_10,base_macro_xsec_sector_gated_context,dow30_equal_weight_vol_target,3,-0.020844993848156967,-0.5026812701172159,0.3333333333333333,0.0,0.020844993848156967
fold_10,base_macro_xsec_sector_gated_context,dow30_market_proxy_buy_hold,3,-3.0461037193393325,-0.8930559544085113,0.0,0.0,3.0461037193393325
fold_10,base_macro_xsec_sector_gated_context,dow30_trend_filter_overlay,3,4.681467082354118,1.1481458858891165,1.0,1.0,-4.681467082354118
fold_11,base,dow30_equal_weight_rebalance_matched,3,-1.1232150024906193,-0.14786108045118418,0.3333333333333333,0.3333333333333333,1.1232150024906193
fold_11,base,dow30_equal_weight_vol_target,3,-1.1363859338733295,-0.15718797220408254,0.3333333333333333,0.3333333333333333,1.1363859338733295
fold_11,base,dow30_market_proxy_buy_hold,3,2.7855695575123463,1.0728556461119818,1.0,1.0,-2.7855695575123463
fold_11,base,dow30_trend_filter_overlay,3,2.9847012218103597,0.9662391843680653,1.0,1.0,-2.9847012218103597
fold_11,base_macro,dow30_equal_weight_rebalance_matched,3,1.1736554589946806,0.18626521257655027,0.6666666666666666,0.6666666666666666,-1.1736554589946806
fold_11,base_macro,dow30_equal_weight_vol_target,3,1.1604845276119704,0.1769383208236519,0.6666666666666666,0.6666666666666666,-1.1604845276119704
fold_11,base_macro,dow30_market_proxy_buy_hold,3,5.082440018997646,1.4069819391397163,1.0,1.0,-5.082440018997646
fold_11,base_macro,dow30_trend_filter_overlay,3,5.28157168329566,1.3003654773957998,1.0,1.0,-5.28157168329566
fold_11,base_macro_analyst_or_fund_revision_features,dow30_equal_weight_rebalance_matched,3,-0.9615714195575951,-0.20708811661951065,0.3333333333333333,0.3333333333333333,0.9615714195575951
fold_11,base_macro_analyst_or_fund_revision_features,dow30_equal_weight_vol_target,3,-0.9747423509403053,-0.216415008372409,0.3333333333333333,0.3333333333333333,0.9747423509403053
fold_11,base_macro_analyst_or_fund_revision_features,dow30_market_proxy_buy_hold,3,2.9472131404453705,1.0136286099436553,1.0,1.0,-2.9472131404453705
fold_11,base_macro_analyst_or_fund_revision_features,dow30_trend_filter_overlay,3,3.146344804743384,0.9070121481997389,1.0,1.0,-3.146344804743384
fold_11,base_macro_breadth_internal_structure,dow30_equal_weight_rebalance_matched,3,-1.788148113433464,-0.24810004406398445,0.0,0.3333333333333333,1.788148113433464
fold_11,base_macro_breadth_internal_structure,dow30_equal_weight_vol_target,3,-1.8013190448161742,-0.2574269358168828,0.0,0.3333333333333333,1.8013190448161742
fold_11,base_macro_breadth_internal_structure,dow30_market_proxy_buy_hold,3,2.1206364465695016,0.9726166824991815,1.0,1.0,-2.1206364465695016
fold_11,base_macro_breadth_internal_structure,dow30_trend_filter_overlay,3,2.319768110867515,0.8660002207552651,1.0,1.0,-2.319768110867515
fold_11,base_macro_credit_stress_proxies,dow30_equal_weight_rebalance_matched,3,-0.5435257222091714,0.4481781044553381,0.3333333333333333,0.6666666666666666,0.5435257222091714
fold_11,base_macro_credit_stress_proxies,dow30_equal_weight_vol_target,3,-0.5566966535918816,0.43885121270243976,0.3333333333333333,0.6666666666666666,0.5566966535918816
fold_11,base_macro_credit_stress_proxies,dow30_market_proxy_buy_hold,3,3.365258837793794,1.668894831018504,1.0,1.0,-3.365258837793794
fold_11,base_macro_credit_stress_proxies,dow30_trend_filter_overlay,3,3.5643905020918076,1.5622783692745876,1.0,1.0,-3.5643905020918076
fold_11,base_macro_exogenous_plus,dow30_equal_weight_rebalance_matched,3,0.19660616838641332,0.12546019807460818,0.6666666666666666,0.6666666666666666,-0.19660616838641332
fold_11,base_macro_exogenous_plus,dow30_equal_weight_vol_target,3,0.18343523700370312,0.11613330632170982,0.6666666666666666,0.6666666666666666,-0.18343523700370312
fold_11,base_macro_exogenous_plus,dow30_market_proxy_buy_hold,3,4.105390728389379,1.3461769246377742,1.0,1.0,-4.105390728389379
fold_11,base_macro_exogenous_plus,dow30_trend_filter_overlay,3,4.304522392687392,1.2395604628938577,1.0,1.0,-4.304522392687392
fold_11,base_macro_gru,dow30_equal_weight_rebalance_matched,3,0.6551686044670149,-0.18094869463082297,0.6666666666666666,0.3333333333333333,-0.6551686044670149
fold_11,base_macro_gru,dow30_equal_weight_vol_target,3,0.6419976730843047,-0.19027558638372133,0.6666666666666666,0.3333333333333333,-0.6419976730843047
fold_11,base_macro_gru,dow30_market_proxy_buy_hold,3,4.5639531644699805,1.039768031932343,1.0,1.0,-4.5639531644699805
fold_11,base_macro_gru,dow30_trend_filter_overlay,3,4.763084828767994,0.9331515701884265,1.0,1.0,-4.763084828767994
fold_11,base_macro_hmm,dow30_equal_weight_rebalance_matched,3,0.09630310055501567,0.08599213820670126,0.6666666666666666,0.6666666666666666,-0.09630310055501567
fold_11,base_macro_hmm,dow30_equal_weight_vol_target,3,0.08313216917230548,0.0766652464538029,0.6666666666666666,0.6666666666666666,-0.08313216917230548
fold_11,base_macro_hmm,dow30_market_proxy_buy_hold,3,4.005087660557981,1.3067088647698673,1.0,1.0,-4.005087660557981
fold_11,base_macro_hmm,dow30_trend_filter_overlay,3,4.204219324855995,1.2000924030259508,1.0,1.0,-4.204219324855995
fold_11,base_macro_rates_credit_vol_risk_state_context,dow30_equal_weight_rebalance_matched,3,-2.9702445881115267,-0.6995458725921082,0.3333333333333333,0.3333333333333333,2.9702445881115267
fold_11,base_macro_rates_credit_vol_risk_state_context,dow30_equal_weight_vol_target,3,-2.983415519494237,-0.7088727643450066,0.3333333333333333,0.3333333333333333,2.983415519494237
fold_11,base_macro_rates_credit_vol_risk_state_context,dow30_market_proxy_buy_hold,3,0.9385399718914389,0.5211708539710578,0.6666666666666666,1.0,-0.9385399718914389
fold_11,base_macro_rates_credit_vol_risk_state_context,dow30_trend_filter_overlay,3,1.1376716361894523,0.4145543922271413,0.6666666666666666,1.0,-1.1376716361894523
fold_11,base_macro_rates_term_structure_lsc,dow30_equal_weight_rebalance_matched,3,-0.02777588734399572,0.11694751863533792,0.3333333333333333,0.6666666666666666,0.02777588734399572
fold_11,base_macro_rates_term_structure_lsc,dow30_equal_weight_vol_target,3,-0.040946818726705914,0.10762062688243956,0.3333333333333333,0.6666666666666666,0.040946818726705914
fold_11,base_macro_rates_term_structure_lsc,dow30_market_proxy_buy_hold,3,3.88100867265897,1.337664245198504,1.0,1.0,-3.88100867265897
fold_11,base_macro_rates_term_structure_lsc,dow30_trend_filter_overlay,3,4.080140336956983,1.2310477834545874,1.0,1.0,-4.080140336956983
fold_11,base_macro_sector_relative_context,dow30_equal_weight_rebalance_matched,3,1.1444995126117732,0.45895625994787626,1.0,1.0,-1.1444995126117732
fold_11,base_macro_sector_relative_context,dow30_equal_weight_vol_target,3,1.131328581229063,0.4496293681949779,1.0,1.0,-1.131328581229063
fold_11,base_macro_sector_relative_context,dow30_market_proxy_buy_hold,3,5.053284072614739,1.6796729865110422,1.0,1.0,-5.053284072614739
fold_11,base_macro_sector_relative_context,dow30_trend_filter_overlay,3,5.252415736912752,1.5730565247671258,1.0,1.0,-5.252415736912752
fold_11,base_macro_vol_term_or_implied_vol_proxy,dow30_equal_weight_rebalance_matched,3,0.054571222988464285,0.29288855252775425,0.6666666666666666,0.6666666666666666,-0.054571222988464285
fold_11,base_macro_vol_term_or_implied_vol_proxy,dow30_equal_weight_vol_target,3,0.04140029160575409,0.2835616607748559,0.6666666666666666,0.6666666666666666,-0.04140029160575409
fold_11,base_macro_vol_term_or_implied_vol_proxy,dow30_market_proxy_buy_hold,3,3.96335578299143,1.5136052790909202,1.0,1.0,-3.96335578299143
fold_11,base_macro_vol_term_or_implied_vol_proxy,dow30_trend_filter_overlay,3,4.162487447289443,1.4069888173470038,1.0,1.0,-4.162487447289443
fold_11,base_macro_xsec_dispersion_correlation_regime,dow30_equal_weight_rebalance_matched,3,-1.428419965909189,-0.02758245530106862,0.3333333333333333,0.3333333333333333,1.428419965909189
fold_11,base_macro_xsec_dispersion_correlation_regime,dow30_equal_weight_vol_target,3,-1.4415908972918992,-0.03690934705396698,0.3333333333333333,0.0,1.4415908972918992
fold_11,base_macro_xsec_dispersion_correlation_regime,dow30_market_proxy_buy_hold,3,2.4803645940937766,1.1931342712620974,1.0,1.0,-2.4803645940937766
fold_11,base_macro_xsec_dispersion_correlation_regime,dow30_trend_filter_overlay,3,2.67949625839179,1.0865178095181809,1.0,1.0,-2.67949625839179
fold_11,base_macro_xsec_sector_gated_context,dow30_equal_weight_rebalance_matched,3,-1.7561430911998697,-0.297065565978353,0.0,0.0,1.7561430911998697
fold_11,base_macro_xsec_sector_gated_context,dow30_equal_weight_vol_target,3,-1.7693140225825799,-0.30639245773125134,0.0,0.0,1.7693140225825799
fold_11,base_macro_xsec_sector_gated_context,dow30_market_proxy_buy_hold,3,2.152641468803096,0.923651160584813,1.0,1.0,-2.152641468803096
fold_11,base_macro_xsec_sector_gated_context,dow30_trend_filter_overlay,3,2.3517731331011094,0.8170346988408965,1.0,1.0,-2.3517731331011094
fold_12,base,dow30_equal_weight_rebalance_matched,3,1.3038620447344051,0.6114758352407792,1.0,1.0,-1.3038620447344051
fold_12,base,dow30_equal_weight_vol_target,3,1.303862044734494,0.6114758352407792,1.0,1.0,-1.303862044734494
fold_12,base,dow30_market_proxy_buy_hold,3,2.359290531170999,0.685617587693621,1.0,1.0,-2.359290531170999
fold_12,base,dow30_trend_filter_overlay,3,2.791191620122968,1.9502702024227176,1.0,1.0,-2.791191620122968
fold_12,base_macro,dow30_equal_weight_rebalance_matched,3,-0.4211127523187863,0.028486135052387812,0.3333333333333333,0.6666666666666666,0.4211127523187863
fold_12,base_macro,dow30_equal_weight_vol_target,3,-0.4211127523186975,0.028486135052387812,0.3333333333333333,0.6666666666666666,0.4211127523186975
fold_12,base_macro,dow30_market_proxy_buy_hold,3,0.6343157341178074,0.10262788750522964,1.0,0.6666666666666666,-0.6343157341178074
fold_12,base_macro,dow30_trend_filter_overlay,3,1.0662168230697766,1.3672805022343262,1.0,1.0,-1.0662168230697766
fold_12,base_macro_analyst_or_fund_revision_features,dow30_equal_weight_rebalance_matched,3,-1.5464632334795225,-0.2873377745004455,0.3333333333333333,0.3333333333333333,1.5464632334795225
fold_12,base_macro_analyst_or_fund_revision_features,dow30_equal_weight_vol_target,3,-1.5464632334794337,-0.2873377745004455,0.3333333333333333,0.3333333333333333,1.5464632334794337
fold_12,base_macro_analyst_or_fund_revision_features,dow30_market_proxy_buy_hold,3,-0.4910347470429288,-0.21319602204760368,0.3333333333333333,0.3333333333333333,0.4910347470429288
fold_12,base_macro_analyst_or_fund_revision_features,dow30_trend_filter_overlay,3,-0.05913365809095961,1.051456592681493,0.3333333333333333,1.0,0.05913365809095961
fold_12,base_macro_breadth_internal_structure,dow30_equal_weight_rebalance_matched,3,0.9085200606889776,0.46251234955026455,1.0,1.0,-0.9085200606889776
fold_12,base_macro_breadth_internal_structure,dow30_equal_weight_vol_target,3,0.9085200606890664,0.46251234955026455,1.0,1.0,-0.9085200606890664
fold_12,base_macro_breadth_internal_structure,dow30_market_proxy_buy_hold,3,1.9639485471255713,0.5366541020031064,1.0,1.0,-1.9639485471255713
fold_12,base_macro_breadth_internal_structure,dow30_trend_filter_overlay,3,2.3958496360775405,1.801306716732203,1.0,1.0,-2.3958496360775405
fold_12,base_macro_credit_stress_proxies,dow30_equal_weight_rebalance_matched,3,0.13529129662532835,0.18302972160777167,0.6666666666666666,1.0,-0.13529129662532835
fold_12,base_macro_credit_stress_proxies,dow30_equal_weight_vol_target,3,0.13529129662541717,0.18302972160777167,0.6666666666666666,1.0,-0.13529129662541717
fold_12,base_macro_credit_stress_proxies,dow30_market_proxy_buy_hold,3,1.190719783061922,0.25717147406061347,1.0,1.0,-1.190719783061922
fold_12,base_macro_credit_stress_proxies,dow30_trend_filter_overlay,3,1.6226208720138913,1.52182408878971,1.0,1.0,-1.6226208720138913
fold_12,base_macro_exogenous_plus,dow30_equal_weight_rebalance_matched,3,-0.5961518053274051,-0.044803771461976116,0.3333333333333333,0.3333333333333333,0.5961518053274051
fold_12,base_macro_exogenous_plus,dow30_equal_weight_vol_target,3,-0.5961518053273163,-0.044803771461976116,0.3333333333333333,0.3333333333333333,0.5961518053273163
fold_12,base_macro_exogenous_plus,dow30_market_proxy_buy_hold,3,0.4592766811091886,0.02933798099086571,0.6666666666666666,0.6666666666666666,-0.4592766811091886
fold_12,base_macro_exogenous_plus,dow30_trend_filter_overlay,3,0.8911777700611578,1.2939905957199622,1.0,1.0,-0.8911777700611578
fold_12,base_macro_gru,dow30_equal_weight_rebalance_matched,3,0.6884972764268804,0.38244497325243443,0.6666666666666666,0.6666666666666666,-0.6884972764268804
fold_12,base_macro_gru,dow30_equal_weight_vol_target,3,0.6884972764269692,0.38244497325243443,0.6666666666666666,0.6666666666666666,-0.6884972764269692
fold_12,base_macro_gru,dow30_market_proxy_buy_hold,3,1.7439257628634741,0.45658672570527625,1.0,1.0,-1.7439257628634741
fold_12,base_macro_gru,dow30_trend_filter_overlay,3,2.1758268518154433,1.7212393404343729,1.0,1.0,-2.1758268518154433
fold_12,base_macro_hmm,dow30_equal_weight_rebalance_matched,3,-0.7906556109182117,-0.08467022595567048,0.3333333333333333,0.3333333333333333,0.7906556109182117
fold_12,base_macro_hmm,dow30_equal_weight_vol_target,3,-0.7906556109181229,-0.08467022595567048,0.3333333333333333,0.3333333333333333,0.7906556109181229
fold_12,base_macro_hmm,dow30_market_proxy_buy_hold,3,0.264772875518382,-0.01052847350282865,0.6666666666666666,0.3333333333333333,-0.264772875518382
fold_12,base_macro_hmm,dow30_trend_filter_overlay,3,0.6966739644703512,1.254124141226268,0.6666666666666666,1.0,-0.6966739644703512
fold_12,base_macro_rates_credit_vol_risk_state_context,dow30_equal_weight_rebalance_matched,3,0.35531237552810513,0.27731076807191035,0.6666666666666666,1.0,-0.35531237552810513
fold_12,base_macro_rates_credit_vol_risk_state_context,dow30_equal_weight_vol_target,3,0.35531237552819395,0.27731076807191035,0.6666666666666666,1.0,-0.35531237552819395
fold_12,base_macro_rates_credit_vol_risk_state_context,dow30_market_proxy_buy_hold,3,1.4107408619646988,0.3514525205247522,1.0,1.0,-1.4107408619646988
fold_12,base_macro_rates_credit_vol_risk_state_context,dow30_trend_filter_overlay,3,1.842641950916668,1.6161051352538487,1.0,1.0,-1.842641950916668
fold_12,base_macro_rates_term_structure_lsc,dow30_equal_weight_rebalance_matched,3,-0.044923118980211285,0.13850055990395238,0.3333333333333333,0.6666666666666666,0.044923118980211285
fold_12,base_macro_rates_term_structure_lsc,dow30_equal_weight_vol_target,3,-0.04492311898012247,0.13850055990395238,0.3333333333333333,0.6666666666666666,0.04492311898012247
fold_12,base_macro_rates_term_structure_lsc,dow30_market_proxy_buy_hold,3,1.0105053674563824,0.2126423123567942,0.6666666666666666,0.6666666666666666,-1.0105053674563824
fold_12,base_macro_rates_term_structure_lsc,dow30_trend_filter_overlay,3,1.4424064564083516,1.4772949270858908,1.0,1.0,-1.4424064564083516
fold_12,base_macro_sector_relative_context,dow30_equal_weight_rebalance_matched,3,1.957031053201086,0.7786576890701851,0.6666666666666666,0.6666666666666666,-1.957031053201086
fold_12,base_macro_sector_relative_context,dow30_equal_weight_vol_target,3,1.9570310532011748,0.7786576890701851,0.6666666666666666,0.6666666666666666,-1.9570310532011748
fold_12,base_macro_sector_relative_context,dow30_market_proxy_buy_hold,3,3.0124595396376797,0.8527994415230269,1.0,1.0,-3.0124595396376797
fold_12,base_macro_sector_relative_context,dow30_trend_filter_overlay,3,3.444360628589649,2.1174520562521235,1.0,1.0,-3.444360628589649
fold_12,base_macro_vol_term_or_implied_vol_proxy,dow30_equal_weight_rebalance_matched,3,-0.22282765584699105,0.09938555177244976,0.3333333333333333,0.6666666666666666,0.22282765584699105
fold_12,base_macro_vol_term_or_implied_vol_proxy,dow30_equal_weight_vol_target,3,-0.22282765584690223,0.09938555177244976,0.3333333333333333,0.6666666666666666,0.22282765584690223
fold_12,base_macro_vol_term_or_implied_vol_proxy,dow30_market_proxy_buy_hold,3,0.8326008305896027,0.17352730422529158,0.6666666666666666,0.6666666666666666,-0.8326008305896027
fold_12,base_macro_vol_term_or_implied_vol_proxy,dow30_trend_filter_overlay,3,1.2645019195415719,1.4381799189543882,0.6666666666666666,1.0,-1.2645019195415719
fold_12,base_macro_xsec_dispersion_correlation_regime,dow30_equal_weight_rebalance_matched,3,-0.6075885749948329,-0.04191672085186848,0.0,0.0,0.6075885749948329
fold_12,base_macro_xsec_dispersion_correlation_regime,dow30_equal_weight_vol_target,3,-0.6075885749947441,-0.04191672085186848,0.0,0.0,0.6075885749947441
fold_12,base_macro_xsec_dispersion_correlation_regime,dow30_market_proxy_buy_hold,3,0.44783991144176083,0.03222503160097334,0.6666666666666666,0.6666666666666666,-0.44783991144176083
fold_12,base_macro_xsec_dispersion_correlation_regime,dow30_trend_filter_overlay,3,0.87974100039373,1.29687764633007,1.0,1.0,-0.87974100039373
fold_12,base_macro_xsec_sector_gated_context,dow30_equal_weight_rebalance_matched,3,-0.4937152236951903,-0.040513903364635395,0.3333333333333333,0.3333333333333333,0.4937152236951903
fold_12,base_macro_xsec_sector_gated_context,dow30_equal_weight_vol_target,3,-0.49371522369510146,-0.040513903364635395,0.3333333333333333,0.3333333333333333,0.49371522369510146
fold_12,base_macro_xsec_sector_gated_context,dow30_market_proxy_buy_hold,3,0.5617132627414034,0.03362784908820643,0.6666666666666666,0.6666666666666666,-0.5617132627414034
fold_12,base_macro_xsec_sector_gated_context,dow30_trend_filter_overlay,3,0.9936143516933726,1.298280463817303,0.6666666666666666,1.0,-0.9936143516933726
fold_13,base,dow30_equal_weight_rebalance_matched,3,0.8352460863063849,0.06970634009557325,0.6666666666666666,0.6666666666666666,-0.8352460863063849
fold_13,base,dow30_equal_weight_vol_target,3,2.089496152310188,0.5034387618222542,1.0,1.0,-2.089496152310188
fold_13,base,dow30_market_proxy_buy_hold,3,3.092040645702321,0.5452947579199647,1.0,1.0,-3.092040645702321
fold_13,base,dow30_trend_filter_overlay,3,2.5071784424181676,1.8402142440748308,1.0,1.0,-2.5071784424181676
fold_13,base_macro,dow30_equal_weight_rebalance_matched,3,2.3189310691539733,0.43253566019881867,0.6666666666666666,0.6666666666666666,-2.3189310691539733
fold_13,base_macro,dow30_equal_weight_vol_target,3,3.5731811351577765,0.8662680819254998,0.6666666666666666,0.6666666666666666,-3.5731811351577765
fold_13,base_macro,dow30_market_proxy_buy_hold,3,4.575725628549909,0.9081240780232103,0.6666666666666666,0.6666666666666666,-4.575725628549909
fold_13,base_macro,dow30_trend_filter_overlay,3,3.990863425265756,2.2030435641780763,0.6666666666666666,1.0,-3.990863425265756
fold_13,base_macro_analyst_or_fund_revision_features,dow30_equal_weight_rebalance_matched,3,-0.15212428204917083,-0.20701261106852853,0.0,0.0,0.15212428204917083
fold_13,base_macro_analyst_or_fund_revision_features,dow30_equal_weight_vol_target,3,1.1021257839546323,0.2267198106581525,0.6666666666666666,0.6666666666666666,-1.1021257839546323
fold_13,base_macro_analyst_or_fund_revision_features,dow30_market_proxy_buy_hold,3,2.104670277346765,0.268575806755863,0.6666666666666666,0.6666666666666666,-2.104670277346765
fold_13,base_macro_analyst_or_fund_revision_features,dow30_trend_filter_overlay,3,1.5198080740626119,1.563495292910729,0.6666666666666666,1.0,-1.5198080740626119
fold_13,base_macro_breadth_internal_structure,dow30_equal_weight_rebalance_matched,3,3.077255221654518,0.6255336579632539,1.0,0.6666666666666666,-3.077255221654518
fold_13,base_macro_breadth_internal_structure,dow30_equal_weight_vol_target,3,4.331505287658321,1.059266079689935,1.0,1.0,-4.331505287658321
fold_13,base_macro_breadth_internal_structure,dow30_market_proxy_buy_hold,3,5.334049781050454,1.1011220757876454,1.0,1.0,-5.334049781050454
fold_13,base_macro_breadth_internal_structure,dow30_trend_filter_overlay,3,4.749187577766301,2.3960415619425115,1.0,1.0,-4.749187577766301
fold_13,base_macro_credit_stress_proxies,dow30_equal_weight_rebalance_matched,3,-1.5557188836345492,-0.507740763376649,0.3333333333333333,0.3333333333333333,1.5557188836345492
fold_13,base_macro_credit_stress_proxies,dow30_equal_weight_vol_target,3,-0.30146881763074607,-0.07400834164996795,0.3333333333333333,0.3333333333333333,0.30146881763074607
fold_13,base_macro_credit_stress_proxies,dow30_market_proxy_buy_hold,3,0.7010756757613867,-0.03215234555225743,1.0,0.3333333333333333,-0.7010756757613867
fold_13,base_macro_credit_stress_proxies,dow30_trend_filter_overlay,3,0.11621347247723346,1.2627671406026086,0.6666666666666666,1.0,-0.11621347247723346
fold_13,base_macro_exogenous_plus,dow30_equal_weight_rebalance_matched,3,-2.3094610367839774,-0.5404182019274898,0.3333333333333333,0.3333333333333333,2.3094610367839774
fold_13,base_macro_exogenous_plus,dow30_equal_weight_vol_target,3,-1.0552109707801742,-0.10668578020080877,0.3333333333333333,0.3333333333333333,1.0552109707801742
fold_13,base_macro_exogenous_plus,dow30_market_proxy_buy_hold,3,-0.05266647738804142,-0.06482978410309825,0.3333333333333333,0.3333333333333333,0.05266647738804142
fold_13,base_macro_exogenous_plus,dow30_trend_filter_overlay,3,-0.6375286806721947,1.2300897020517678,0.3333333333333333,1.0,0.6375286806721947
fold_13,base_macro_gru,dow30_equal_weight_rebalance_matched,3,-1.7908790012447389,-0.5783367348150391,0.0,0.0,1.7908790012447389
fold_13,base_macro_gru,dow30_equal_weight_vol_target,3,-0.5366289352409357,-0.14460431308835808,0.3333333333333333,0.3333333333333333,0.5366289352409357
fold_13,base_macro_gru,dow30_market_proxy_buy_hold,3,0.4659155581511971,-0.10274831699064757,0.6666666666666666,0.3333333333333333,-0.4659155581511971
fold_13,base_macro_gru,dow30_trend_filter_overlay,3,-0.11894664513295616,1.1921711691642185,0.3333333333333333,1.0,0.11894664513295616
fold_13,base_macro_hmm,dow30_equal_weight_rebalance_matched,3,-2.0787859117503915,-0.5150650900283512,0.3333333333333333,0.3333333333333333,2.0787859117503915
fold_13,base_macro_hmm,dow30_equal_weight_vol_target,3,-0.8245358457465883,-0.08133266830167019,0.3333333333333333,0.3333333333333333,0.8245358457465883
fold_13,base_macro_hmm,dow30_market_proxy_buy_hold,3,0.17800864764554447,-0.03947667220395967,1.0,0.3333333333333333,-0.17800864764554447
fold_13,base_macro_hmm,dow30_trend_filter_overlay,3,-0.4068535556386088,1.2554428139509064,0.3333333333333333,1.0,0.4068535556386088
fold_13,base_macro_rates_credit_vol_risk_state_context,dow30_equal_weight_rebalance_matched,3,-0.3825869145671734,-0.25467820591457135,0.3333333333333333,0.3333333333333333,0.3825869145671734
fold_13,base_macro_rates_credit_vol_risk_state_context,dow30_equal_weight_vol_target,3,0.8716631514366298,0.17905421581210967,0.6666666666666666,0.6666666666666666,-0.8716631514366298
fold_13,base_macro_rates_credit_vol_risk_state_context,dow30_market_proxy_buy_hold,3,1.8742076448287626,0.2209102119098202,0.6666666666666666,0.6666666666666666,-1.8742076448287626
fold_13,base_macro_rates_credit_vol_risk_state_context,dow30_trend_filter_overlay,3,1.2893454415446093,1.5158296980646861,0.6666666666666666,1.0,-1.2893454415446093
fold_13,base_macro_rates_term_structure_lsc,dow30_equal_weight_rebalance_matched,3,-1.5637375793697172,-0.4758680603174784,0.0,0.0,1.5637375793697172
fold_13,base_macro_rates_term_structure_lsc,dow30_equal_weight_vol_target,3,-0.30948751336591407,-0.042135638590797386,0.3333333333333333,0.3333333333333333,0.30948751336591407
fold_13,base_macro_rates_term_structure_lsc,dow30_market_proxy_buy_hold,3,0.6930569800262187,-0.0002796424930868735,1.0,0.3333333333333333,-0.6930569800262187
fold_13,base_macro_rates_term_structure_lsc,dow30_trend_filter_overlay,3,0.10819477674206546,1.2946398436617792,0.6666666666666666,1.0,-0.10819477674206546
fold_13,base_macro_sector_relative_context,dow30_equal_weight_rebalance_matched,3,3.116492552955652,0.6415718532289628,0.6666666666666666,0.6666666666666666,-3.116492552955652
fold_13,base_macro_sector_relative_context,dow30_equal_weight_vol_target,3,4.370742618959455,1.0753042749556438,0.6666666666666666,0.6666666666666666,-4.370742618959455
fold_13,base_macro_sector_relative_context,dow30_market_proxy_buy_hold,3,5.373287112351588,1.1171602710533544,0.6666666666666666,0.6666666666666666,-5.373287112351588
fold_13,base_macro_sector_relative_context,dow30_trend_filter_overlay,3,4.788424909067435,2.4120797572082204,0.6666666666666666,1.0,-4.788424909067435
fold_13,base_macro_vol_term_or_implied_vol_proxy,dow30_equal_weight_rebalance_matched,3,1.5136083857505866,0.2686995899857219,1.0,0.6666666666666666,-1.5136083857505866
fold_13,base_macro_vol_term_or_implied_vol_proxy,dow30_equal_weight_vol_target,3,2.76785845175439,0.702432011712403,1.0,1.0,-2.76785845175439
fold_13,base_macro_vol_term_or_implied_vol_proxy,dow30_market_proxy_buy_hold,3,3.7704029451465226,0.7442880078101135,1.0,1.0,-3.7704029451465226
fold_13,base_macro_vol_term_or_implied_vol_proxy,dow30_trend_filter_overlay,3,3.1855407418623694,2.0392074939649794,1.0,1.0,-3.1855407418623694
fold_13,base_macro_xsec_dispersion_correlation_regime,dow30_equal_weight_rebalance_matched,3,-1.7312040106647553,-0.4947071955332413,0.3333333333333333,0.3333333333333333,1.7312040106647553
fold_13,base_macro_xsec_dispersion_correlation_regime,dow30_equal_weight_vol_target,3,-0.4769539446609521,-0.060974773806560245,0.3333333333333333,0.3333333333333333,0.4769539446609521
fold_13,base_macro_xsec_dispersion_correlation_regime,dow30_market_proxy_buy_hold,3,0.5255905487311807,-0.019118777708849732,1.0,0.3333333333333333,-0.5255905487311807
fold_13,base_macro_xsec_dispersion_correlation_regime,dow30_trend_filter_overlay,3,-0.059271654552972564,1.2758007084460163,0.3333333333333333,1.0,0.059271654552972564
fold_13,base_macro_xsec_sector_gated_context,dow30_equal_weight_rebalance_matched,3,1.168760248516465,0.1680578719388811,0.6666666666666666,0.6666666666666666,-1.168760248516465
fold_13,base_macro_xsec_sector_gated_context,dow30_equal_weight_vol_target,3,2.423010314520268,0.6017902936655621,0.6666666666666666,1.0,-2.423010314520268
fold_13,base_macro_xsec_sector_gated_context,dow30_market_proxy_buy_hold,3,3.425554807912401,0.6436462897632726,1.0,1.0,-3.425554807912401
fold_13,base_macro_xsec_sector_gated_context,dow30_trend_filter_overlay,3,2.8406926046282477,1.9385657759181387,1.0,1.0,-2.8406926046282477
fold_14,base,dow30_equal_weight_rebalance_matched,3,0.8203834994202186,-0.007733156410872466,0.6666666666666666,0.3333333333333333,-0.8203834994202186
fold_14,base,dow30_equal_weight_vol_target,3,-0.3196881584514033,-0.055508060221996836,0.3333333333333333,0.3333333333333333,0.3196881584514033
fold_14,base,dow30_market_proxy_buy_hold,3,-0.685115101349143,-0.5149767777729907,0.3333333333333333,0.3333333333333333,0.685115101349143
fold_14,base,dow30_trend_filter_overlay,3,-8.489581479252895,-2.3450048183110788,0.0,0.0,8.489581479252895
fold_14,base_macro,dow30_equal_weight_rebalance_matched,3,1.4506489573979264,0.2941004746490482,0.6666666666666666,0.6666666666666666,-1.4506489573979264
fold_14,base_macro,dow30_equal_weight_vol_target,3,0.31057729952630453,0.24632557083792384,0.6666666666666666,0.6666666666666666,-0.31057729952630453
fold_14,base_macro,dow30_market_proxy_buy_hold,3,-0.054849643371435164,-0.21314314671307,0.3333333333333333,0.0,0.054849643371435164
fold_14,base_macro,dow30_trend_filter_overlay,3,-7.859316021275187,-2.0431711872511578,0.0,0.0,7.859316021275187
fold_14,base_macro_analyst_or_fund_revision_features,dow30_equal_weight_rebalance_matched,3,1.7097600181107286,0.43762583104813413,0.6666666666666666,0.6666666666666666,-1.7097600181107286
fold_14,base_macro_analyst_or_fund_revision_features,dow30_equal_weight_vol_target,3,0.5696883602391067,0.38985092723700976,0.6666666666666666,0.6666666666666666,-0.5696883602391067
fold_14,base_macro_analyst_or_fund_revision_features,dow30_market_proxy_buy_hold,3,0.20426141734136705,-0.06961779031398407,0.6666666666666666,0.3333333333333333,-0.20426141734136705
fold_14,base_macro_analyst_or_fund_revision_features,dow30_trend_filter_overlay,3,-7.600204960562385,-1.899645830852072,0.0,0.0,7.600204960562385
fold_14,base_macro_breadth_internal_structure,dow30_equal_weight_rebalance_matched,3,1.9200838874870896,0.2893915702755717,1.0,1.0,-1.9200838874870896
fold_14,base_macro_breadth_internal_structure,dow30_equal_weight_vol_target,3,0.7800122296154677,0.24161666646444735,0.6666666666666666,1.0,-0.7800122296154677
fold_14,base_macro_breadth_internal_structure,dow30_market_proxy_buy_hold,3,0.414585286717728,-0.21785205108654648,0.6666666666666666,0.3333333333333333,-0.414585286717728
fold_14,base_macro_breadth_internal_structure,dow30_trend_filter_overlay,3,-7.389881091186023,-2.0478800916246342,0.0,0.0,7.389881091186023
fold_14,base_macro_credit_stress_proxies,dow30_equal_weight_rebalance_matched,3,0.9396912014776992,0.13637862862280348,0.6666666666666666,0.6666666666666666,-0.9396912014776992
fold_14,base_macro_credit_stress_proxies,dow30_equal_weight_vol_target,3,-0.20038045639392266,0.08860372481167911,0.3333333333333333,0.6666666666666666,0.20038045639392266
fold_14,base_macro_credit_stress_proxies,dow30_market_proxy_buy_hold,3,-0.5658073992916623,-0.3708649927393147,0.0,0.0,0.5658073992916623
fold_14,base_macro_credit_stress_proxies,dow30_trend_filter_overlay,3,-8.370273777195415,-2.200893033277403,0.0,0.0,8.370273777195415
fold_14,base_macro_exogenous_plus,dow30_equal_weight_rebalance_matched,3,1.4416763817278522,0.2719303169078856,1.0,1.0,-1.4416763817278522
fold_14,base_macro_exogenous_plus,dow30_equal_weight_vol_target,3,0.3016047238562303,0.22415541309676124,1.0,1.0,-0.3016047238562303
fold_14,base_macro_exogenous_plus,dow30_market_proxy_buy_hold,3,-0.06382221904150942,-0.2353133044542326,0.3333333333333333,0.0,0.06382221904150942
fold_14,base_macro_exogenous_plus,dow30_trend_filter_overlay,3,-7.868288596945261,-2.0653413449923206,0.0,0.0,7.868288596945261
fold_14,base_macro_gru,dow30_equal_weight_rebalance_matched,3,0.05074821766477555,-0.08650208482675481,0.6666666666666666,0.3333333333333333,-0.05074821766477555
fold_14,base_macro_gru,dow30_equal_weight_vol_target,3,-1.0893234402068463,-0.13427698863787918,0.0,0.3333333333333333,1.0893234402068463
fold_14,base_macro_gru,dow30_market_proxy_buy_hold,3,-1.454750383104586,-0.593745706188873,0.0,0.0,1.454750383104586
fold_14,base_macro_gru,dow30_trend_filter_overlay,3,-9.259216761008338,-2.423773746726961,0.0,0.0,9.259216761008338
fold_14,base_macro_hmm,dow30_equal_weight_rebalance_matched,3,-0.17820188049042507,-0.24774926548047183,0.3333333333333333,0.3333333333333333,0.17820188049042507
fold_14,base_macro_hmm,dow30_equal_weight_vol_target,3,-1.318273538362047,-0.2955241692915962,0.0,0.3333333333333333,1.318273538362047
fold_14,base_macro_hmm,dow30_market_proxy_buy_hold,3,-1.6837004812597867,-0.75499288684259,0.0,0.0,1.6837004812597867
fold_14,base_macro_hmm,dow30_trend_filter_overlay,3,-9.488166859163538,-2.585020927380678,0.0,0.0,9.488166859163538
fold_14,base_macro_rates_credit_vol_risk_state_context,dow30_equal_weight_rebalance_matched,3,1.5775756644588856,0.32359210923529247,0.6666666666666666,0.6666666666666666,-1.5775756644588856
fold_14,base_macro_rates_credit_vol_risk_state_context,dow30_equal_weight_vol_target,3,0.43750400658726374,0.2758172054241681,0.6666666666666666,0.6666666666666666,-0.43750400658726374
fold_14,base_macro_rates_credit_vol_risk_state_context,dow30_market_proxy_buy_hold,3,0.07207706368952405,-0.18365151212682573,0.6666666666666666,0.0,-0.07207706368952405
fold_14,base_macro_rates_credit_vol_risk_state_context,dow30_trend_filter_overlay,3,-7.7323893142142275,-2.0136795526649136,0.0,0.0,7.7323893142142275
fold_14,base_macro_rates_term_structure_lsc,dow30_equal_weight_rebalance_matched,3,2.022631396059893,0.35476951521080613,0.6666666666666666,0.6666666666666666,-2.022631396059893
fold_14,base_macro_rates_term_structure_lsc,dow30_equal_weight_vol_target,3,0.882559738188271,0.30699461139968176,0.6666666666666666,0.6666666666666666,-0.882559738188271
fold_14,base_macro_rates_term_structure_lsc,dow30_market_proxy_buy_hold,3,0.5171327952905314,-0.15247410615131207,0.6666666666666666,0.0,-0.5171327952905314
fold_14,base_macro_rates_term_structure_lsc,dow30_trend_filter_overlay,3,-7.28733358261322,-1.9825021466894,0.0,0.0,7.28733358261322
fold_14,base_macro_sector_relative_context,dow30_equal_weight_rebalance_matched,3,1.3265554096985381,0.19287655523777258,0.6666666666666666,0.6666666666666666,-1.3265554096985381
fold_14,base_macro_sector_relative_context,dow30_equal_weight_vol_target,3,0.18648375182691623,0.14510165142664821,0.6666666666666666,0.6666666666666666,-0.18648375182691623
fold_14,base_macro_sector_relative_context,dow30_market_proxy_buy_hold,3,-0.17894319107082346,-0.3143670661243456,0.3333333333333333,0.0,0.17894319107082346
fold_14,base_macro_sector_relative_context,dow30_trend_filter_overlay,3,-7.983409568974575,-2.1443951066624334,0.0,0.0,7.983409568974575
fold_14,base_macro_vol_term_or_implied_vol_proxy,dow30_equal_weight_rebalance_matched,3,1.6234939228054746,0.2509933258136928,0.6666666666666666,0.6666666666666666,-1.6234939228054746
fold_14,base_macro_vol_term_or_implied_vol_proxy,dow30_equal_weight_vol_target,3,0.48342226493385265,0.20321842200256846,0.6666666666666666,0.6666666666666666,-0.48342226493385265
fold_14,base_macro_vol_term_or_implied_vol_proxy,dow30_market_proxy_buy_hold,3,0.11799532203611296,-0.2562502955484254,0.6666666666666666,0.3333333333333333,-0.11799532203611296
fold_14,base_macro_vol_term_or_implied_vol_proxy,dow30_trend_filter_overlay,3,-7.686471055867639,-2.0862783360865134,0.0,0.0,7.686471055867639
fold_14,base_macro_xsec_dispersion_correlation_regime,dow30_equal_weight_rebalance_matched,3,0.7047090428112579,0.09859787921285978,1.0,1.0,-0.7047090428112579
fold_14,base_macro_xsec_dispersion_correlation_regime,dow30_equal_weight_vol_target,3,-0.435362615060364,0.050822975401735415,0.3333333333333333,0.6666666666666666,0.435362615060364
fold_14,base_macro_xsec_dispersion_correlation_regime,dow30_market_proxy_buy_hold,3,-0.8007895579581037,-0.4086457421492584,0.3333333333333333,0.0,0.8007895579581037
fold_14,base_macro_xsec_dispersion_correlation_regime,dow30_trend_filter_overlay,3,-8.605255935861855,-2.2386737826873464,0.0,0.0,8.605255935861855
fold_14,base_macro_xsec_sector_gated_context,dow30_equal_weight_rebalance_matched,3,1.5446641785549997,0.2960191290755084,1.0,1.0,-1.5446641785549997
fold_14,base_macro_xsec_sector_gated_context,dow30_equal_weight_vol_target,3,0.4045925206833778,0.24824422526438406,0.6666666666666666,1.0,-0.4045925206833778
fold_14,base_macro_xsec_sector_gated_context,dow30_market_proxy_buy_hold,3,0.03916557778563812,-0.21122449228660978,0.6666666666666666,0.0,-0.03916557778563812
fold_14,base_macro_xsec_sector_gated_context,dow30_trend_filter_overlay,3,-7.765300800118114,-2.0412525328246978,0.0,0.0,7.765300800118114
