run_key,regime_label_exogenous,fold_id,seed,feature_set,feature_family,is_negative_control,selection_rule,selected_model_type,benchmark_id,n_days,mean_daily_return,daily_volatility,volatility,sharpe,max_drawdown,turnover,hit_rate,excess_return_vs_benchmark,insufficient_days_for_sharpe
base__fold_01__seed123,bull_low_vol,fold_01,123,base,technical_base,False,checkpoint_robust_score,best_model,,3,0.0022095716440448665,0.0026691443402654487,0.04237135282606766,,-0.0012203283738072557,0.0,0.6666666666666666,-0.0018290519712488666,True
base__fold_01__seed123,unknown,fold_01,123,base,technical_base,False,checkpoint_robust_score,best_model,,59,0.001487386986168752,0.011553869084972032,0.1834119856766004,2.04360428862826,-0.06353920530439905,11.016949152542374,0.576271186440678,0.0011381776967047585,False
base__fold_01__seed42,bull_low_vol,fold_01,42,base,technical_base,False,checkpoint_robust_score,checkpoint,,3,0.005099809602299367,0.004553433784118695,0.07228352042506703,,-0.0005215928162669581,0.0,0.6666666666666666,0.0010611859870056333,True
base__fold_01__seed42,unknown,fold_01,42,base,technical_base,False,checkpoint_robust_score,checkpoint,,59,0.0006464205465076558,0.010823767328560939,0.1718219796011891,0.9480625127124419,-0.08183670689578282,13.542372881355933,0.5423728813559322,0.00029721125704366226,False
base__fold_01__seed999,bull_low_vol,fold_01,999,base,technical_base,False,checkpoint_robust_score,checkpoint,,3,0.0037498230469574004,0.0044761373104722085,0.07105647694612185,,-0.002382553257316067,0.0,0.6666666666666666,-0.0002888005683363332,True
base__fold_01__seed999,unknown,fold_01,999,base,technical_base,False,checkpoint_robust_score,checkpoint,,59,0.0011945333709813045,0.009946448575086808,0.1578949761478347,1.906472370631007,-0.048194871759243085,13.559322033898304,0.6101694915254238,0.000845324081517311,False
base__fold_02__seed123,bear_high_vol,fold_02,123,base,technical_base,False,checkpoint_robust_score,checkpoint,,4,0.00323187993932935,0.007661167802783066,0.12161726855099475,,-0.009956800637341057,0.25,0.75,0.0003951685205415751,True
base__fold_02__seed123,bull_high_vol,fold_02,123,base,technical_base,False,checkpoint_robust_score,checkpoint,,1,-0.0037337397502916,0.0,0.0,,0.0,,0.0,-0.0005789872369019,True
base__fold_02__seed123,unknown,fold_02,123,base,technical_base,False,checkpoint_robust_score,checkpoint,,59,-0.0004327232263228779,0.005431015357340173,0.08621469601256813,-1.264822101993711,-0.04875948647317774,14.542372881355933,0.4576271186440678,-0.0009220941901070827,False
base__fold_02__seed42,bear_high_vol,fold_02,42,base,technical_base,False,checkpoint_robust_score,checkpoint,,4,0.00246012771363445,0.00807221682960387,0.12814246956073255,,-0.011355004009343861,0.0,0.75,-0.00037658370515332483,True
base__fold_02__seed42,bull_high_vol,fold_02,42,base,technical_base,False,checkpoint_robust_score,checkpoint,,1,-0.0040637088235681,0.0,0.0,,0.0,,0.0,-0.0009089563101784002,True
base__fold_02__seed42,unknown,fold_02,42,base,technical_base,False,checkpoint_robust_score,checkpoint,,59,-0.0004765600479973798,0.005208511583849232,0.08268255810998527,-1.4524602871574253,-0.04616130279599073,8.474576271186441,0.5254237288135594,-0.0009659310117815846,False
base__fold_02__seed999,bear_high_vol,fold_02,999,base,technical_base,False,checkpoint_robust_score,checkpoint,,4,0.003359906479454675,0.008342819030265791,0.13243814632380202,,-0.010570298819554402,28.25,0.75,0.0005231950606669001,True
base__fold_02__seed999,bull_high_vol,fold_02,999,base,technical_base,False,checkpoint_robust_score,checkpoint,,1,-0.0035026350724852,0.0,0.0,,0.0,,0.0,-0.00034788255909550024,True
base__fold_02__seed999,unknown,fold_02,999,base,technical_base,False,checkpoint_robust_score,checkpoint,,59,-0.00017854896119779624,0.005143083753538737,0.08164392350304066,-0.5511045561176263,-0.04006918075960009,29.305084745762713,0.4576271186440678,-0.0006679199249820011,False
base__fold_03__seed123,bear_low_vol,fold_03,123,base,technical_base,False,checkpoint_robust_score,checkpoint,,3,0.00030011025115229994,0.0030419438279231073,0.048289361225474406,,-0.003325941003098465,1.75,0.6666666666666666,8.89807532190999e-05,True
base__fold_03__seed123,unknown,fold_03,123,base,technical_base,False,checkpoint_robust_score,checkpoint,,59,0.0006225982635294212,0.005432034804735585,0.08623087923826597,1.8194730680629574,-0.03965789965104827,12.90677966101695,0.5254237288135594,-0.0003916091698863232,False
base__fold_03__seed42,bear_low_vol,fold_03,42,base,technical_base,False,checkpoint_robust_score,checkpoint,,3,-0.0003837640874528667,0.0030527950059308267,0.04846161833611752,,-0.005029386282594417,0.0,0.3333333333333333,-0.0005948935853860668,True
base__fold_03__seed42,unknown,fold_03,42,base,technical_base,False,checkpoint_robust_score,checkpoint,,59,0.0006571095675742851,0.00516489272465333,0.08199013018655708,2.0196529832546832,-0.037599051175479015,7.627118644067797,0.5254237288135594,-0.0003570978658414588,False
base__fold_03__seed999,bear_low_vol,fold_03,999,base,technical_base,False,checkpoint_robust_score,best_model,,3,0.0006705117530809001,0.0025678811361668705,0.04076384929602917,,-0.00277409509900739,0.0,0.6666666666666666,0.00045938225514770005,True
base__fold_03__seed999,unknown,fold_03,999,base,technical_base,False,checkpoint_robust_score,best_model,,59,0.0004771020198972681,0.004358765318374128,0.0691932543342673,1.7375929224732092,-0.02730332835418592,9.322033898305085,0.423728813559322,-0.000537105413518476,False
base__fold_04__seed123,bull_low_vol,fold_04,123,base,technical_base,False,checkpoint_robust_score,checkpoint,,5,0.00301735693385774,0.001523078705000235,0.024178124883653587,,0.0,0.0,1.0,0.00029736678358616007,True
base__fold_04__seed123,unknown,fold_04,123,base,technical_base,False,checkpoint_robust_score,checkpoint,,59,0.001470913670889168,0.0048595259315537985,0.07714258262736504,4.805001757000826,-0.01798802878582817,11.864406779661017,0.6610169491525424,0.0006326435863406758,False
base__fold_04__seed42,bull_low_vol,fold_04,42,base,technical_base,False,checkpoint_robust_score,checkpoint,,5,0.0023141023254997003,0.0022520952744181253,0.035750904149604745,,0.0,0.0,0.8,-0.0004058878247718799,True
base__fold_04__seed42,unknown,fold_04,42,base,technical_base,False,checkpoint_robust_score,checkpoint,,59,0.0003224863320968102,0.003820655800274495,0.06065103055621667,1.3399039545267286,-0.015607824612897003,11.016949152542374,0.4915254237288136,-0.0005157837524516818,False
base__fold_04__seed999,bull_low_vol,fold_04,999,base,technical_base,False,checkpoint_robust_score,best_model,,5,0.00278108304740924,0.0018701714614874044,0.02968805157687529,,0.0,0.0,1.0,6.109289713766013e-05,True
base__fold_04__seed999,unknown,fold_04,999,base,technical_base,False,checkpoint_robust_score,best_model,,59,0.0010689455006346444,0.004253726017149056,0.06752580712069005,3.9892046855282026,-0.014201587005171379,15.35593220338983,0.559322033898305,0.00023067541608615233,False
base__fold_05__seed123,bear_high_vol,fold_05,123,base,technical_base,False,checkpoint_robust_score,checkpoint,,1,0.0147095141825754,0.0,0.0,,0.0,,1.0,-0.0006104269288852004,True
base__fold_05__seed123,bear_low_vol,fold_05,123,base,technical_base,False,checkpoint_robust_score,checkpoint,,1,-0.017257336714387,0.0,0.0,,0.0,1.5,0.0,0.0053308849119049,True
base__fold_05__seed123,unknown,fold_05,123,base,technical_base,False,checkpoint_robust_score,checkpoint,,59,-0.0009547224254324083,0.013004117062029943,0.2064339585966188,-1.1654577223851559,-0.12408027225315954,15.491525423728813,0.5423728813559322,-0.00090308286965806,False
base__fold_05__seed42,bear_high_vol,fold_05,42,base,technical_base,False,checkpoint_robust_score,checkpoint,,1,0.0127769796826813,0.0,0.0,,0.0,,1.0,-0.0025429614287793,True
base__fold_05__seed42,bear_low_vol,fold_05,42,base,technical_base,False,checkpoint_robust_score,checkpoint,,1,-0.0198141896714721,0.0,0.0,,0.0,1.0,0.0,0.0027740319548197993,True
base__fold_05__seed42,unknown,fold_05,42,base,technical_base,False,checkpoint_robust_score,checkpoint,,59,-0.0006756044539249691,0.013528527681509485,0.21475871910076397,-0.7927609323708552,-0.10485503641514848,12.847457627118644,0.5084745762711864,-0.000623964898150621,False
base__fold_05__seed999,bear_high_vol,fold_05,999,base,technical_base,False,checkpoint_robust_score,checkpoint,,1,0.0157380541694722,0.0,0.0,,0.0,,1.0,0.00041811305801160194,True
base__fold_05__seed999,bear_low_vol,fold_05,999,base,technical_base,False,checkpoint_robust_score,checkpoint,,1,-0.0167333642626122,0.0,0.0,,0.0,0.0,0.0,0.005854857363679699,True
base__fold_05__seed999,unknown,fold_05,999,base,technical_base,False,checkpoint_robust_score,checkpoint,,59,-0.0008369597995352975,0.012713758010601643,0.20182465155064344,-1.0450352217254828,-0.11600832900524527,17.76271186440678,0.559322033898305,-0.0007853202437609497,False
base__fold_06__seed123,bull_low_vol,fold_06,123,base,technical_base,False,checkpoint_robust_score,checkpoint,,5,0.004491815999906461,0.0038184650718869595,0.06061625382119562,,0.0,0.0,1.0,0.002044622742186389,True
base__fold_06__seed123,unknown,fold_06,123,base,technical_base,False,checkpoint_robust_score,checkpoint,,59,0.00100765380297379,0.005513134508835223,0.08751829712895738,2.901436233102587,-0.023676916137288062,19.033898305084747,0.5423728813559322,-0.0006707939359984577,False
base__fold_06__seed42,bull_low_vol,fold_06,42,base,technical_base,False,checkpoint_robust_score,checkpoint,,5,0.004068001113965621,0.00301644851113257,0.04788463561852698,,0.0,0.0,1.0,0.001620807856245549,True
base__fold_06__seed42,unknown,fold_06,42,base,technical_base,False,checkpoint_robust_score,checkpoint,,59,0.001178072375196225,0.0050935297420574436,0.0808572779579698,3.671583388000844,-0.020667841611363813,11.016949152542374,0.576271186440678,-0.0005003753637760218,False
base__fold_06__seed999,bull_low_vol,fold_06,999,base,technical_base,False,checkpoint_robust_score,checkpoint,,5,0.00146891257055968,0.00399190183365721,0.06336947706023824,,-0.004837174512853593,0.0,0.8,-0.000978280687160391,True
base__fold_06__seed999,unknown,fold_06,999,base,technical_base,False,checkpoint_robust_score,checkpoint,,59,0.001311750404464157,0.004127986225587744,0.06552974981043207,5.04444321672572,-0.014202997373559456,9.322033898305085,0.576271186440678,-0.0003666973345080903,False
base__fold_07__seed123,bull_high_vol,fold_07,123,base,technical_base,False,checkpoint_robust_score,checkpoint,,3,0.0032286716795819335,0.005812742665692412,0.0922744291718207,,-0.0024103475701138244,0.0,0.6666666666666666,-0.0010193090830937668,True
base__fold_07__seed123,unknown,fold_07,123,base,technical_base,False,checkpoint_robust_score,checkpoint,,59,0.0012196339846268212,0.007607040850662177,0.12075802982376813,2.5451538467006807,-0.04871447467001677,10.864406779661017,0.5932203389830508,-0.0012357668093342569,False
base__fold_07__seed42,bull_high_vol,fold_07,42,base,technical_base,False,checkpoint_robust_score,checkpoint,,3,0.002328703589230732,0.0018178514525936857,0.028857497184122487,,0.0,0.0,1.0,-0.001919277173444968,True
base__fold_07__seed42,unknown,fold_07,42,base,technical_base,False,checkpoint_robust_score,checkpoint,,59,0.0013114602664823847,0.006034086344409922,0.09578815114079696,3.450196952520607,-0.022861779035203256,10.169491525423728,0.6271186440677966,-0.0011439405274786933,False
base__fold_07__seed999,bull_high_vol,fold_07,999,base,technical_base,False,checkpoint_robust_score,best_model,,3,0.0044931949560376334,0.006803242774062854,0.10799813093380499,,-0.0034378586802524813,0.0,0.6666666666666666,0.0002452141933619329,True
base__fold_07__seed999,unknown,fold_07,999,base,technical_base,False,checkpoint_robust_score,best_model,,59,0.00099579444279679,0.006492824460352062,0.10307039297093228,2.4346487129001324,-0.03115469353300504,8.966101694915254,0.6271186440677966,-0.001459606351164288,False
base__fold_08__seed123,bear_low_vol,fold_08,123,base,technical_base,False,checkpoint_robust_score,checkpoint,,1,0.0078267765746158,0.0,0.0,,0.0,,1.0,0.0017747255232291002,True
base__fold_08__seed123,bull_low_vol,fold_08,123,base,technical_base,False,checkpoint_robust_score,checkpoint,,4,-0.009142381078623099,0.008965113801097461,0.1423167695585812,,-0.03460032520568368,0.0,0.25,-0.0017999353575112993,True
base__fold_08__seed123,unknown,fold_08,123,base,technical_base,False,checkpoint_robust_score,checkpoint,,59,0.00030640641996851884,0.00927247125481672,0.14719591787544042,0.5245690162237167,-0.07014506218568684,15.254237288135593,0.576271186440678,0.00027490697334142574,False
base__fold_08__seed42,bear_low_vol,fold_08,42,base,technical_base,False,checkpoint_robust_score,checkpoint,,1,0.0025778723071963,0.0,0.0,,0.0,,1.0,-0.0034741787441904,True
base__fold_08__seed42,bull_low_vol,fold_08,42,base,technical_base,False,checkpoint_robust_score,checkpoint,,4,-0.00713182827083465,0.008466783669813219,0.13440602396945156,,-0.030050404904031436,0.0,0.25,0.00021061745027715038,True
base__fold_08__seed42,unknown,fold_08,42,base,technical_base,False,checkpoint_robust_score,checkpoint,,59,-0.0003425814776073783,0.009285051975296728,0.1473956306216651,-0.5857061840500036,-0.06998482614434476,10.169491525423728,0.5084745762711864,-0.0003740809242344713,False
base__fold_08__seed999,bear_low_vol,fold_08,999,base,technical_base,False,checkpoint_robust_score,best_model,,1,0.0044913510145372,0.0,0.0,,0.0,,1.0,-0.0015607000368495,True
base__fold_08__seed999,bull_low_vol,fold_08,999,base,technical_base,False,checkpoint_robust_score,best_model,,4,-0.006078047907875125,0.007681449869989509,0.12193923638641005,,-0.026497441648081543,0.0,0.25,0.001264397813236675,True
base__fold_08__seed999,unknown,fold_08,999,base,technical_base,False,checkpoint_robust_score,best_model,,59,-0.0003328356905189899,0.0082842419213678,0.1315082635478106,-0.6377895331291662,-0.050403574309667354,23.52542372881356,0.5084745762711864,-0.00036433513714608266,False
base__fold_09__seed123,bear_high_vol,fold_09,123,base,technical_base,False,checkpoint_robust_score,best_model,,4,-0.011444461890700424,0.0254838589646908,0.40454371960089486,,-0.038838016075146475,0.0,0.25,0.0005331159907981746,True
base__fold_09__seed123,unknown,fold_09,123,base,technical_base,False,checkpoint_robust_score,best_model,,59,-0.0022330557909973634,0.038485388737643136,0.6109366062566985,-0.9210940277081582,-0.3336319001035817,11.779661016949152,0.4576271186440678,0.00021409401067326624,False
base__fold_09__seed42,bear_high_vol,fold_09,42,base,technical_base,False,checkpoint_robust_score,best_model,,4,-0.014930764989754175,0.02628463494451509,0.4172556441918297,,-0.04246131313959989,0.0,0.25,-0.002953187108255575,True
base__fold_09__seed42,unknown,fold_09,42,base,technical_base,False,checkpoint_robust_score,best_model,,59,-0.0025366573603518364,0.03889528413275259,0.6174434939307596,-1.0352974176457146,-0.32788112871085706,11.864406779661017,0.4576271186440678,-8.95075586812074e-05,False
base__fold_09__seed999,bear_high_vol,fold_09,999,base,technical_base,False,checkpoint_robust_score,best_model,,4,-0.011290652025697274,0.02296429663845102,0.36454690763314773,,-0.03478098001978769,20.333333333333332,0.25,0.0006869258558013249,True
base__fold_09__seed999,unknown,fold_09,999,base,technical_base,False,checkpoint_robust_score,best_model,,59,-0.0022467928860280292,0.03620283046747674,0.5747021170414542,-0.9851917897811102,-0.2949880949066894,19.449152542372882,0.423728813559322,0.0002003569156426001,False
base__fold_10__seed123,bear_high_vol,fold_10,123,base,technical_base,False,checkpoint_robust_score,checkpoint,,5,0.0035993602464540198,0.008036236709981812,0.12757130286875862,,-0.00795049216258592,0.0,0.6,0.0003354044604605002,True
base__fold_10__seed123,unknown,fold_10,123,base,technical_base,False,checkpoint_robust_score,checkpoint,,59,0.001366399238409119,0.012872697250589546,0.20434773376610907,1.685032673145335,-0.09234773879131986,9.322033898305085,0.559322033898305,0.000447151879213256,False
base__fold_10__seed42,bear_high_vol,fold_10,42,base,technical_base,False,checkpoint_robust_score,checkpoint,,5,0.002899037809044839,0.010731078762109138,0.17035059422392582,,-0.013317808426139832,0.0,0.6,-0.0003649179769486798,True
base__fold_10__seed42,unknown,fold_10,42,base,technical_base,False,checkpoint_robust_score,checkpoint,,59,0.0007442486402684137,0.011605107354706877,0.18422536799256625,1.0180501165030007,-0.0986440406935053,16.10169491525424,0.576271186440678,-0.0001749987189274492,False
base__fold_10__seed999,bear_high_vol,fold_10,999,base,technical_base,False,checkpoint_robust_score,checkpoint,,5,0.0035154064185647198,0.010100596709025198,0.16034200191262865,,-0.0108145282485409,0.0,0.6,0.00025145063257120024,True
base__fold_10__seed999,unknown,fold_10,999,base,technical_base,False,checkpoint_robust_score,checkpoint,,59,0.0007464329595940831,0.011446912997981673,0.1817141104323139,1.035148593415227,-0.0981568896604067,12.711864406779661,0.576271186440678,-0.00017281439960177962,False
base__fold_11__seed123,bull_low_vol,fold_11,123,base,technical_base,False,checkpoint_robust_score,checkpoint,,3,-0.0019586393833643,0.0023221904764789305,0.036863630986115024,,-0.0009463588050023786,0.0,0.3333333333333333,-0.0014513734973934332,True
base__fold_11__seed123,unknown,fold_11,123,base,technical_base,False,checkpoint_robust_score,checkpoint,,59,0.0014464579178527141,0.009321419242736082,0.14797294309471015,2.463338145985113,-0.04513821888475378,10.169491525423728,0.559322033898305,3.591499000969009e-05,False
base__fold_11__seed42,bull_low_vol,fold_11,42,base,technical_base,False,checkpoint_robust_score,last_model,,3,-0.002616984727994808,0.003679228223160496,0.05840593737079636,,-0.00782014236447337,0.0,0.3333333333333333,-0.002109718842023941,True
base__fold_11__seed42,unknown,fold_11,42,base,technical_base,False,checkpoint_robust_score,last_model,,59,0.0017520455753397886,0.009093899453395464,0.14436117840906368,3.058408706906942,-0.053436817621724586,11.864406779661017,0.6610169491525424,0.00034150264749676447,False
base__fold_11__seed999,bull_low_vol,fold_11,999,base,technical_base,False,checkpoint_robust_score,best_model,,3,-0.000929749103034235,0.0032736094665232547,0.05196693922780414,,-0.005329297559591328,0.0,0.6666666666666666,-0.0004224832170633683,True
base__fold_11__seed999,unknown,fold_11,999,base,technical_base,False,checkpoint_robust_score,best_model,,59,0.0014778197840912795,0.009598712262351188,0.15237483331588453,2.444042611806946,-0.05308874884376935,8.474576271186441,0.559322033898305,6.727685624825531e-05,False
base__fold_12__seed123,bear_high_vol,fold_12,123,base,technical_base,False,checkpoint_robust_score,checkpoint,,4,-0.005787809094099151,0.012472006639562466,0.19798696750937206,,-0.017119748164917237,0.5,0.25,-0.003312807217113475,True
base__fold_12__seed123,unknown,fold_12,123,base,technical_base,False,checkpoint_robust_score,checkpoint,,59,0.00041054288942851675,0.006982580748148683,0.11084503301417249,0.9333463604341963,-0.04035749563537594,11.364406779661017,0.576271186440678,0.00033739433889566433,False
base__fold_12__seed42,bear_high_vol,fold_12,42,base,technical_base,False,checkpoint_robust_score,best_model,,4,-0.004441715318541774,0.014048670412142151,0.2230157289698365,,-0.015415875395660694,0.0,0.5,-0.0019667134415561,True
base__fold_12__seed42,unknown,fold_12,42,base,technical_base,False,checkpoint_robust_score,best_model,,59,0.0004878766065650151,0.0060985059491121,0.09681078066239127,1.2699505572951655,-0.025888350936445925,11.864406779661017,0.5254237288135594,0.00041472805603216264,False
base__fold_12__seed999,bear_high_vol,fold_12,999,base,technical_base,False,checkpoint_robust_score,checkpoint,,4,-0.0038498440338087998,0.011675737241888926,0.18534658269223978,,-0.013227936924145478,0.0,0.25,-0.001374842156823125,True
base__fold_12__seed999,unknown,fold_12,999,base,technical_base,False,checkpoint_robust_score,checkpoint,,59,0.000589507859669354,0.007282381917505705,0.11560422903548273,1.285039326641593,-0.05635585729642867,10.169491525423728,0.5254237288135594,0.0005163593091365013,False
base__fold_13__seed123,bull_high_vol,fold_13,123,base,technical_base,False,checkpoint_robust_score,best_model,,1,0.0071745065298711,0.0,0.0,,0.0,,1.0,0.0032135546506639,True
base__fold_13__seed123,bull_low_vol,fold_13,123,base,technical_base,False,checkpoint_robust_score,best_model,,2,-0.00731884345617795,0.00920545611270015,0.14613208547474385,,-0.01652429956887813,0.75,0.5,0.0012976510438641505,True
base__fold_13__seed123,unknown,fold_13,123,base,technical_base,False,checkpoint_robust_score,best_model,,59,-0.00019437592441618823,0.010515912877141919,0.16693494169043546,-0.2934240875928368,-0.088378411785896,16.35593220338983,0.4745762711864407,-6.815929329076579e-05,False
base__fold_13__seed42,bull_high_vol,fold_13,42,base,technical_base,False,checkpoint_robust_score,checkpoint,,1,0.0063224072199379,0.0,0.0,,0.0,,1.0,0.0023614553407307,True
base__fold_13__seed42,bull_low_vol,fold_13,42,base,technical_base,False,checkpoint_robust_score,checkpoint,,2,-0.00963864174384675,0.00587139301542515,0.09320547461001942,,-0.015510034759271818,0.0,0.0,-0.0010221472438046494,True
base__fold_13__seed42,unknown,fold_13,42,base,technical_base,False,checkpoint_robust_score,checkpoint,,59,-0.00039029815488476427,0.012402495915430406,0.19688351897233938,-0.4995600218054755,-0.11883493053274496,13.491525423728813,0.4067796610169492,-0.00026408152375934204,False
base__fold_13__seed999,bull_high_vol,fold_13,999,base,technical_base,False,checkpoint_robust_score,best_model,,1,0.0048164059803765,0.0,0.0,,0.0,,1.0,0.0008554541011692998,True
base__fold_13__seed999,bull_low_vol,fold_13,999,base,technical_base,False,checkpoint_robust_score,best_model,,2,-0.0118733981415495,0.0041703976507546,0.06620301031286803,,-0.016043795792304305,0.0,0.0,-0.0032569036415074,True
base__fold_13__seed999,unknown,fold_13,999,base,technical_base,False,checkpoint_robust_score,best_model,,59,0.00013851018566355585,0.012613048139761765,0.20022593191377291,0.17432590500938555,-0.08695605023845043,10.169491525423728,0.4576271186440678,0.00026472681678897826,False
base__fold_14__seed123,bear_high_vol,fold_14,123,base,technical_base,False,checkpoint_robust_score,checkpoint,,5,0.0018119505154818,0.013948630765257071,0.22142764880840868,,-0.024796247849525388,0.0,0.4,0.0009594434402585203,True
base__fold_14__seed123,unknown,fold_14,123,base,technical_base,False,checkpoint_robust_score,checkpoint,,59,-0.0010842657446278876,0.010264250217162393,0.16293992081491446,-1.6769062258020782,-0.11915320149745323,6.796610169491525,0.4576271186440678,-0.00013662649183122832,False
base__fold_14__seed42,bear_high_vol,fold_14,42,base,technical_base,False,checkpoint_robust_score,checkpoint,,5,0.0026229830785938196,0.014117168376064812,0.22410310043695833,,-0.021945905091074525,1.375,0.4,0.00177047600337054,True
base__fold_14__seed42,unknown,fold_14,42,base,technical_base,False,checkpoint_robust_score,checkpoint,,59,-0.000970405247415552,0.00994404920967048,0.15785688740265888,-1.5491381236027093,-0.10967269222517773,11.940677966101696,0.4915254237288136,-2.2765994618892757e-05,False
base__fold_14__seed999,bear_high_vol,fold_14,999,base,technical_base,False,checkpoint_robust_score,best_model,,5,0.002518636109008039,0.01892703259899135,0.3004573278800617,,-0.03250329901721405,0.0,0.4,0.0016661290337847598,True
base__fold_14__seed999,unknown,fold_14,999,base,technical_base,False,checkpoint_robust_score,best_model,,59,-0.0006412348603252947,0.01099988077476275,0.1746176938882964,-0.9253998332227705,-0.1349656188946866,12.711864406779661,0.4745762711864407,0.0003064043924713645,False
base_macro__fold_01__seed123,bull_low_vol,fold_01,123,base_macro,macro_context,False,checkpoint_robust_score,checkpoint,,3,0.0036408524359349335,0.00434810766100718,0.06902406926855842,,-0.00132528838538426,0.0,0.6666666666666666,-0.0003977711793587997,True
base_macro__fold_01__seed123,unknown,fold_01,123,base_macro,macro_context,False,checkpoint_robust_score,checkpoint,,59,0.0008121224784822825,0.010335176428215239,0.16406583951020592,1.2473947360919357,-0.06566845380361241,12.711864406779661,0.559322033898305,0.00046291318901828883,False
base_macro__fold_01__seed42,bull_low_vol,fold_01,42,base_macro,macro_context,False,checkpoint_robust_score,best_model,,3,0.004401724551107634,0.004667384091742468,0.0740924254798179,,-0.0021989229857031223,0.0,0.6666666666666666,0.0003631009358139002,True
base_macro__fold_01__seed42,unknown,fold_01,42,base_macro,macro_context,False,checkpoint_robust_score,best_model,,59,0.0016917690476588756,0.00818680909259626,0.1299615653410324,3.2803990848472337,-0.0502774424423873,9.322033898305085,0.6101694915254238,0.0013425597581948824,False
base_macro__fold_01__seed999,bull_low_vol,fold_01,999,base_macro,macro_context,False,checkpoint_robust_score,checkpoint,,3,0.0020767102532193668,0.003242498898375326,0.051473074269012056,,-0.002467129459559736,0.0,0.6666666666666666,-0.0019619133620743666,True
base_macro__fold_01__seed999,unknown,fold_01,999,base_macro,macro_context,False,checkpoint_robust_score,checkpoint,,59,0.00119765640885431,0.00963062882406161,0.15288149302582466,1.9741396362495278,-0.0547980898720456,8.474576271186441,0.5084745762711864,0.0008484471193903164,False
base_macro__fold_02__seed123,bear_high_vol,fold_02,123,base_macro,macro_context,False,checkpoint_robust_score,checkpoint,,4,0.0023168567412934003,0.007869246684063148,0.12492041838870455,,-0.011098838433862612,0.5,0.75,-0.0005198546774943748,True
base_macro__fold_02__seed123,bull_high_vol,fold_02,123,base_macro,macro_context,False,checkpoint_robust_score,checkpoint,,1,-0.00140654088747,0.0,0.0,,0.0,,0.0,0.0017482116259197,True
base_macro__fold_02__seed123,unknown,fold_02,123,base_macro,macro_context,False,checkpoint_robust_score,checkpoint,,59,0.00022542352964695153,0.005657050319446187,0.08980288979659866,0.632571285842779,-0.029021198127727965,14.254237288135593,0.5084745762711864,-0.00026394743413725344,False
base_macro__fold_02__seed42,bear_high_vol,fold_02,42,base_macro,macro_context,False,checkpoint_robust_score,checkpoint,,4,0.00323901363464395,0.008117930478728668,0.12886815124336545,,-0.010596442012875906,0.0,0.75,0.00040230221585617516,True
base_macro__fold_02__seed42,bull_high_vol,fold_02,42,base_macro,macro_context,False,checkpoint_robust_score,checkpoint,,1,-0.0035774845264366,0.0,0.0,,0.0,,0.0,-0.00042273201304690025,True
base_macro__fold_02__seed42,unknown,fold_02,42,base_macro,macro_context,False,checkpoint_robust_score,checkpoint,,59,0.0003280125096984003,0.005357650917321807,0.08505007163238347,0.9718880990633262,-0.026506317928225998,15.457627118644067,0.559322033898305,-0.0001613584540858046,False
base_macro__fold_02__seed999,bear_high_vol,fold_02,999,base_macro,macro_context,False,checkpoint_robust_score,checkpoint,,4,0.0027312548486914997,0.00943338014665082,0.14975026734463254,,-0.013528129444904446,0.0,0.75,-0.00010545657009627496,True
base_macro__fold_02__seed999,bull_high_vol,fold_02,999,base_macro,macro_context,False,checkpoint_robust_score,checkpoint,,1,-0.0038633147573855,0.0,0.0,,0.0,,0.0,-0.0007085622439958,True
base_macro__fold_02__seed999,unknown,fold_02,999,base_macro,macro_context,False,checkpoint_robust_score,checkpoint,,59,-0.0001064846706829288,0.0056965860920018905,0.0904305007290379,-0.29673768027120323,-0.029613075234888098,13.559322033898304,0.5084745762711864,-0.0005958556344671337,False
base_macro__fold_03__seed123,bear_low_vol,fold_03,123,base_macro,macro_context,False,checkpoint_robust_score,checkpoint,,3,0.00041939236942149994,0.003278199290343658,0.05203980042214646,,-0.003495920312253653,0.0,0.3333333333333333,0.00020826287148829992,True
base_macro__fold_03__seed123,unknown,fold_03,123,base_macro,macro_context,False,checkpoint_robust_score,checkpoint,,59,0.0008291570534457634,0.005364781006890796,0.08516325829533443,2.45349440181975,-0.03705858601303724,12.711864406779661,0.4406779661016949,-0.00018505037996998074,False
base_macro__fold_03__seed42,bear_low_vol,fold_03,42,base_macro,macro_context,False,checkpoint_robust_score,best_model,,3,0.0006238617442276334,0.0038440598939169348,0.06102255902484925,,-0.0038584801824949055,0.0,0.6666666666666666,0.0004127322462944333,True
base_macro__fold_03__seed42,unknown,fold_03,42,base_macro,macro_context,False,checkpoint_robust_score,best_model,,59,0.0006023630795282896,0.005577695238229244,0.08854316693558248,1.714367141979056,-0.04165951645238719,9.322033898305085,0.4067796610169492,-0.0004118443538874542,False
base_macro__fold_03__seed999,bear_low_vol,fold_03,999,base_macro,macro_context,False,checkpoint_robust_score,best_model,,3,0.0006893677721064819,0.0031846137738835104,0.05055417640491991,,-0.0028264056825977324,0.0,0.3333333333333333,0.0004782382741732819,True
base_macro__fold_03__seed999,unknown,fold_03,999,base_macro,macro_context,False,checkpoint_robust_score,best_model,,59,0.0006478660199394592,0.005367022942521347,0.08519884792013756,1.9162493509041354,-0.043174259575350926,8.474576271186441,0.4576271186440678,-0.0003663414134762848,False
base_macro__fold_04__seed123,bull_low_vol,fold_04,123,base_macro,macro_context,False,checkpoint_robust_score,checkpoint,,5,0.0025422824002484454,0.0020633397108387767,0.03275450247073996,,0.0,0.0,0.8,-0.00017770775002313478,True
base_macro__fold_04__seed123,unknown,fold_04,123,base_macro,macro_context,False,checkpoint_robust_score,checkpoint,,59,0.0010488004899080498,0.004280425306301093,0.06794964519636101,3.8896115306130077,-0.01410616837165668,11.864406779661017,0.6779661016949152,0.00021053040535955786,False
base_macro__fold_04__seed42,bull_low_vol,fold_04,42,base_macro,macro_context,False,checkpoint_robust_score,checkpoint,,5,0.0032767014921171672,0.0026373816789318247,0.041867136208869636,,0.0,0.75,1.0,0.0005567113418455876,True
base_macro__fold_04__seed42,unknown,fold_04,42,base_macro,macro_context,False,checkpoint_robust_score,checkpoint,,59,0.00040058117933856614,0.004232445028462561,0.06718798189838178,1.5024481215404681,-0.01867107846836058,13.88135593220339,0.5084745762711864,-0.00043768890520992583,False
base_macro__fold_04__seed999,bull_low_vol,fold_04,999,base_macro,macro_context,False,checkpoint_robust_score,checkpoint,,5,0.00244997299228032,0.0017846900467368295,0.028331076185987354,,0.0,0.0,1.0,-0.00027001715799125994,True
base_macro__fold_04__seed999,unknown,fold_04,999,base_macro,macro_context,False,checkpoint_robust_score,checkpoint,,59,0.0011219042477700978,0.0041561286891916025,0.06597649757029105,4.285160335115641,-0.01868279553474217,13.559322033898304,0.6440677966101694,0.0002836341632216058,False
base_macro__fold_05__seed123,bear_high_vol,fold_05,123,base_macro,macro_context,False,checkpoint_robust_score,checkpoint,,1,0.0184844855750301,0.0,0.0,,0.0,,1.0,0.003164544463569499,True
base_macro__fold_05__seed123,bear_low_vol,fold_05,123,base_macro,macro_context,False,checkpoint_robust_score,checkpoint,,1,-0.0189818761918737,0.0,0.0,,0.0,0.0,0.0,0.0036063454344181997,True
base_macro__fold_05__seed123,unknown,fold_05,123,base_macro,macro_context,False,checkpoint_robust_score,checkpoint,,59,-0.000133995296451976,0.014233841246581022,0.22595522483776193,-0.14944029167788825,-0.10145425575114353,15.508474576271187,0.5423728813559322,-8.235574067762781e-05,False
base_macro__fold_05__seed42,bear_high_vol,fold_05,42,base_macro,macro_context,False,checkpoint_robust_score,checkpoint,,1,0.0151785636109309,0.0,0.0,,0.0,,1.0,-0.0001413775005296991,True
base_macro__fold_05__seed42,bear_low_vol,fold_05,42,base_macro,macro_context,False,checkpoint_robust_score,checkpoint,,1,-0.0207772120142275,0.0,0.0,,0.0,0.0,0.0,0.001811009612064398,True
base_macro__fold_05__seed42,unknown,fold_05,42,base_macro,macro_context,False,checkpoint_robust_score,checkpoint,,59,-0.0006220333391406543,0.013730952006374243,0.21797210563817776,-0.7191397312261856,-0.10909089223949053,11.864406779661017,0.5423728813559322,-0.0005703937833663058,False
base_macro__fold_05__seed999,bear_high_vol,fold_05,999,base_macro,macro_context,False,checkpoint_robust_score,checkpoint,,1,0.0161759290326388,0.0,0.0,,0.0,,1.0,0.0008559879211782005,True
base_macro__fold_05__seed999,bear_low_vol,fold_05,999,base_macro,macro_context,False,checkpoint_robust_score,checkpoint,,1,-0.0231337848058162,0.0,0.0,,0.0,0.0,0.0,-0.0005455631795243006,True
base_macro__fold_05__seed999,unknown,fold_05,999,base_macro,macro_context,False,checkpoint_robust_score,checkpoint,,59,-0.0002227626654166811,0.013767176981637588,0.21854715929295543,-0.2568607703097842,-0.09143352116969083,14.40677966101695,0.5423728813559322,-0.00017112310964233297,False
base_macro__fold_06__seed123,bull_low_vol,fold_06,123,base_macro,macro_context,False,checkpoint_robust_score,checkpoint,,5,0.002308743965541175,0.0019311574298876476,0.030656173811984214,,0.0,0.0,1.0,-0.00013844929217889587,True
base_macro__fold_06__seed123,unknown,fold_06,123,base_macro,macro_context,False,checkpoint_robust_score,checkpoint,,59,0.0010962481860690746,0.00393411355898628,0.062452116639389606,4.423461649579518,-0.011721371859370833,11.016949152542374,0.5932203389830508,-0.0005821995529031728,False
base_macro__fold_06__seed42,bull_low_vol,fold_06,42,base_macro,macro_context,False,checkpoint_robust_score,checkpoint,,5,0.0013947515607405402,0.0034455409422230426,0.05469626679128004,,-0.003114574043873608,0.0,0.4,-0.0010524416969795313,True
base_macro__fold_06__seed42,unknown,fold_06,42,base_macro,macro_context,False,checkpoint_robust_score,checkpoint,,59,0.0010682372403908807,0.004583730118229031,0.07276445981922426,3.6995503745549807,-0.020852643821855033,10.169491525423728,0.6101694915254238,-0.0006102104985813672,False
base_macro__fold_06__seed999,bull_low_vol,fold_06,999,base_macro,macro_context,False,checkpoint_robust_score,best_model,,5,0.0023739348481481796,0.002992207871470374,0.04749982739352318,,-0.0015526762397003457,0.0,0.6,-7.325840957189121e-05,True
base_macro__fold_06__seed999,unknown,fold_06,999,base_macro,macro_context,False,checkpoint_robust_score,best_model,,59,0.0013145973308025221,0.004034761801326184,0.06404985795415248,5.172197690108353,-0.01149870359251004,23.89830508474576,0.5932203389830508,-0.00036385040816972543,False
base_macro__fold_07__seed123,bull_high_vol,fold_07,123,base_macro,macro_context,False,checkpoint_robust_score,checkpoint,,3,0.0022994087463522,0.004255454887489858,0.06755325208651508,,-0.0030782422519549657,0.0,0.6666666666666666,-0.0019485720163235,True
base_macro__fold_07__seed123,unknown,fold_07,123,base_macro,macro_context,False,checkpoint_robust_score,checkpoint,,59,0.001293500618350653,0.006983283680460473,0.11085619171868555,2.940405499870888,-0.03300055757603437,10.169491525423728,0.576271186440678,-0.001161900175610425,False
base_macro__fold_07__seed42,bull_high_vol,fold_07,42,base_macro,macro_context,False,checkpoint_robust_score,checkpoint,,3,0.005110731691727599,0.005183544750054786,0.08228622191051656,,-0.0006043902759317321,1.25,0.6666666666666666,0.0008627509290518994,True
base_macro__fold_07__seed42,unknown,fold_07,42,base_macro,macro_context,False,checkpoint_robust_score,checkpoint,,59,0.0015584252506430356,0.006837028321082529,0.10853445986573902,3.6184191053040435,-0.020471791468343437,8.73728813559322,0.559322033898305,-0.0008969755433180424,False
base_macro__fold_07__seed999,bull_high_vol,fold_07,999,base_macro,macro_context,False,checkpoint_robust_score,best_model,,3,0.0047250424615781,0.006813961029021913,0.10816827795646652,,-0.001997217312706745,0.0,0.6666666666666666,0.0004770616989023999,True
base_macro__fold_07__seed999,unknown,fold_07,999,base_macro,macro_context,False,checkpoint_robust_score,best_model,,59,0.0013641663666011663,0.007447893467273726,0.11823164343425317,2.9075965993372934,-0.031950270661996405,13.728813559322035,0.6440677966101694,-0.0010912344273599115,False
base_macro__fold_08__seed123,bear_low_vol,fold_08,123,base_macro,macro_context,False,checkpoint_robust_score,best_model,,1,0.0047115313592185,0.0,0.0,,0.0,,1.0,-0.0013405196921681996,True
base_macro__fold_08__seed123,bull_low_vol,fold_08,123,base_macro,macro_context,False,checkpoint_robust_score,best_model,,4,-0.006439816500763975,0.006965234473724717,0.11056966944437673,,-0.02551079942554657,0.0,0.25,0.0009026292203478256,True
base_macro__fold_08__seed123,unknown,fold_08,123,base_macro,macro_context,False,checkpoint_robust_score,best_model,,59,-0.0003801594464974643,0.00883079747609129,0.14018456400068643,-0.6833860860521841,-0.058691716311097486,16.271186440677965,0.5084745762711864,-0.00041165889312455697,False
base_macro__fold_08__seed42,bear_low_vol,fold_08,42,base_macro,macro_context,False,checkpoint_robust_score,best_model,,1,0.0030356000880373,0.0,0.0,,0.0,,1.0,-0.0030164509633493998,True
base_macro__fold_08__seed42,bull_low_vol,fold_08,42,base_macro,macro_context,False,checkpoint_robust_score,best_model,,4,-0.008917510965016175,0.00927283313986238,0.14720166262244447,,-0.035263052939926376,0.0,0.25,-0.0015750652439043746,True
base_macro__fold_08__seed42,unknown,fold_08,42,base_macro,macro_context,False,checkpoint_robust_score,best_model,,59,-3.359142954512234e-05,0.010264562629814322,0.16294488021201506,-0.05195032967195151,-0.06983005593805092,12.898305084745763,0.576271186440678,-6.509087617221538e-05,False
base_macro__fold_08__seed999,bear_low_vol,fold_08,999,base_macro,macro_context,False,checkpoint_robust_score,checkpoint,,1,0.0068257100098967,0.0,0.0,,0.0,,1.0,0.0007736589585100005,True
base_macro__fold_08__seed999,bull_low_vol,fold_08,999,base_macro,macro_context,False,checkpoint_robust_score,checkpoint,,4,-0.007629907047524949,0.00794998998706126,0.12620217858730617,,-0.03046929486222194,0.0,0.25,-0.00028746132641314915,True
base_macro__fold_08__seed999,unknown,fold_08,999,base_macro,macro_context,False,checkpoint_robust_score,checkpoint,,59,-0.00012993850929638286,0.009681557183260338,0.15368995566454707,-0.21305559105084657,-0.06886591962979016,9.322033898305085,0.5254237288135594,-0.00016143795592347596,False
base_macro__fold_09__seed123,bear_high_vol,fold_09,123,base_macro,macro_context,False,checkpoint_robust_score,checkpoint,,4,-0.012391740531185701,0.025954998603678118,0.41202282950616603,,-0.040932731239433084,0.0,0.25,-0.00041416264968710103,True
base_macro__fold_09__seed123,unknown,fold_09,123,base_macro,macro_context,False,checkpoint_robust_score,checkpoint,,59,-0.002650782371727373,0.03868595686280318,0.6141205265372982,-1.0877297351413764,-0.34146707316881897,11.864406779661017,0.4576271186440678,-0.0002036325700567436,False
base_macro__fold_09__seed42,bear_high_vol,fold_09,42,base_macro,macro_context,False,checkpoint_robust_score,checkpoint,,4,-0.013359448212705424,0.024495238920492834,0.3888498629324058,,-0.036953048429055335,1.3333333333333333,0.25,-0.0013818703312068253,True
base_macro__fold_09__seed42,unknown,fold_09,42,base_macro,macro_context,False,checkpoint_robust_score,checkpoint,,59,-0.0020005312689878305,0.036152238669520664,0.5738989971468258,-0.8784365930089894,-0.2935573319342156,23.88135593220339,0.4576271186440678,0.0004466185326827987,False
base_macro__fold_09__seed999,bear_high_vol,fold_09,999,base_macro,macro_context,False,checkpoint_robust_score,checkpoint,,4,-0.012194788221338574,0.026852373738178694,0.426268218137896,,-0.04243751720056055,0.5,0.25,-0.0002172103398399754,True
base_macro__fold_09__seed999,unknown,fold_09,999,base_macro,macro_context,False,checkpoint_robust_score,checkpoint,,59,-0.0022462225724940565,0.03700781743601841,0.5874808890059083,-0.9635174502890247,-0.30674434944622253,15.440677966101696,0.4576271186440678,0.00020092722917657306,False
base_macro__fold_10__seed123,bear_high_vol,fold_10,123,base_macro,macro_context,False,checkpoint_robust_score,checkpoint,,5,0.0035707577937455605,0.008400261153120094,0.13335001175491462,,-0.006120525879859562,0.0,0.6,0.0003068020077520401,True
base_macro__fold_10__seed123,unknown,fold_10,123,base_macro,macro_context,False,checkpoint_robust_score,checkpoint,,59,0.001019798322301351,0.010538258785672642,0.167289671991188,1.5361927258335313,-0.08970411366434661,17.796610169491526,0.6101694915254238,0.00010055096310548828,False
base_macro__fold_10__seed42,bear_high_vol,fold_10,42,base_macro,macro_context,False,checkpoint_robust_score,checkpoint,,5,0.0046840509822568595,0.009954828103195203,0.15802799703270803,,-0.00693868318055435,0.0,0.6,0.00142009519626334,True
base_macro__fold_10__seed42,unknown,fold_10,42,base_macro,macro_context,False,checkpoint_robust_score,checkpoint,,59,0.0007155607895072205,0.011685239417106568,0.18549742504748,0.972096075779297,-0.10228396444290677,11.864406779661017,0.6101694915254238,-0.00020368656968864228,False
base_macro__fold_10__seed999,bear_high_vol,fold_10,999,base_macro,macro_context,False,checkpoint_robust_score,checkpoint,,5,0.0028094323119585997,0.009642120314334143,0.1530639147785525,,-0.011893828929334549,0.5,0.6,-0.00045452347403491974,True
base_macro__fold_10__seed999,unknown,fold_10,999,base_macro,macro_context,False,checkpoint_robust_score,checkpoint,,59,0.00121416989223172,0.011784875702291163,0.1870791020404205,1.6355157230564699,-0.09376060487915194,13.686440677966102,0.5423728813559322,0.0002949225330358574,False
base_macro__fold_11__seed123,bull_low_vol,fold_11,123,base_macro,macro_context,False,checkpoint_robust_score,checkpoint,,3,0.002259534027211333,0.004014777343014508,0.0637326145134783,,-0.003164265665824395,0.0,0.6666666666666666,0.0027667999131822003,True
base_macro__fold_11__seed123,unknown,fold_11,123,base_macro,macro_context,False,checkpoint_robust_score,checkpoint,,59,0.0018118771342251513,0.011300743146131914,0.1793937359692962,2.545200563206318,-0.05312084615636592,11.864406779661017,0.576271186440678,0.00040133420638212666,False
base_macro__fold_11__seed42,bull_low_vol,fold_11,42,base_macro,macro_context,False,checkpoint_robust_score,best_model,,3,0.001076100817842733,0.00467889363270436,0.07427513377835596,,0.0,0.0,0.6666666666666666,0.0015833667038135997,True
base_macro__fold_11__seed42,unknown,fold_11,42,base_macro,macro_context,False,checkpoint_robust_score,best_model,,59,0.0012529155660590359,0.009155141571099206,0.14533336688830598,2.17248612212728,-0.03972712443012927,14.0,0.5254237288135594,-0.0001576273617839882,False
base_macro__fold_11__seed999,bull_low_vol,fold_11,999,base_macro,macro_context,False,checkpoint_robust_score,checkpoint,,3,-0.0016256874265345332,0.0037522578897941916,0.05956524738825262,,-0.006895398484060178,0.0,0.6666666666666666,-0.0011184215405636664,True
base_macro__fold_11__seed999,unknown,fold_11,999,base_macro,macro_context,False,checkpoint_robust_score,checkpoint,,59,0.0018745637441672563,0.01016461944520948,0.16135833134181368,2.927583965462932,-0.059099504096957856,12.711864406779661,0.6101694915254238,0.00046402081632423195,False
base_macro__fold_12__seed123,bear_high_vol,fold_12,123,base_macro,macro_context,False,checkpoint_robust_score,checkpoint,,4,-0.003106194819511826,0.013009718956945077,0.20652288592151577,,-0.013010560536940274,0.0,0.5,-0.0006311929425261509,True
base_macro__fold_12__seed123,unknown,fold_12,123,base_macro,macro_context,False,checkpoint_robust_score,checkpoint,,59,0.00033255632500915774,0.007991931847742335,0.12686798498461885,0.6605621892116279,-0.05260710996864193,16.271186440677965,0.4576271186440678,0.0002594077744763051,False
base_macro__fold_12__seed42,bear_high_vol,fold_12,42,base_macro,macro_context,False,checkpoint_robust_score,checkpoint,,4,-0.0040774478577688,0.01338615206140972,0.21249857619950843,,-0.013147588968752455,0.0,0.25,-0.0016024459807831245,True
base_macro__fold_12__seed42,unknown,fold_12,42,base_macro,macro_context,False,checkpoint_robust_score,checkpoint,,59,0.00017814010224822223,0.0072732117102878285,0.11545865650886614,0.388808488890608,-0.04379436133227632,8.474576271186441,0.5254237288135594,0.00010499155171536965,False
base_macro__fold_12__seed999,bear_high_vol,fold_12,999,base_macro,macro_context,False,checkpoint_robust_score,checkpoint,,4,-0.003391109343281251,0.013201276867645533,0.20956377348179894,,-0.011650072420566593,0.0,0.5,-0.0009161074662955753,True
base_macro__fold_12__seed999,unknown,fold_12,999,base_macro,macro_context,False,checkpoint_robust_score,checkpoint,,59,2.9400765754558826e-05,0.006004477641297232,0.09531812755032103,0.0777291073645715,-0.038670536664901944,10.169491525423728,0.5084745762711864,-4.3747784778293856e-05,False
base_macro__fold_13__seed123,bull_high_vol,fold_13,123,base_macro,macro_context,False,checkpoint_robust_score,checkpoint,,1,0.0014657398638209,0.0,0.0,,0.0,,1.0,-0.0024952120153863,True
base_macro__fold_13__seed123,bull_low_vol,fold_13,123,base_macro,macro_context,False,checkpoint_robust_score,checkpoint,,2,-0.006034810147100101,0.0097181104699747,0.15427022110203653,,-0.015752920617075006,0.0,0.5,0.0025816843529419997,True
base_macro__fold_13__seed123,unknown,fold_13,123,base_macro,macro_context,False,checkpoint_robust_score,checkpoint,,59,0.0006212425117936255,0.01158249412950736,0.18386639417125214,0.851450389711678,-0.07623250130573278,10.169491525423728,0.5254237288135594,0.0007474591429190478,False
base_macro__fold_13__seed42,bull_high_vol,fold_13,42,base_macro,macro_context,False,checkpoint_robust_score,checkpoint,,1,0.0034665339888337,0.0,0.0,,0.0,,1.0,-0.0004944178903734998,True
base_macro__fold_13__seed42,bull_low_vol,fold_13,42,base_macro,macro_context,False,checkpoint_robust_score,checkpoint,,2,-0.01082701598393635,0.00427527764946385,0.06786792867740474,,-0.015102293633399988,0.0,0.0,-0.0022105214838942493,True
base_macro__fold_13__seed42,unknown,fold_13,42,base_macro,macro_context,False,checkpoint_robust_score,checkpoint,,59,-0.0012360549929609395,0.010601873099466193,0.16829951791591857,-1.8507828310106818,-0.13551482031953033,14.610169491525424,0.4067796610169492,-0.0011098383618355174,False
base_macro__fold_13__seed999,bull_high_vol,fold_13,999,base_macro,macro_context,False,checkpoint_robust_score,checkpoint,,1,0.0032835975105416,0.0,0.0,,0.0,,1.0,-0.0006773543686656,True
base_macro__fold_13__seed999,bull_low_vol,fold_13,999,base_macro,macro_context,False,checkpoint_robust_score,checkpoint,,2,-0.0043591041648696,0.0091727530929259,0.14561294113008288,,-0.01353185725779571,0.0,0.5,0.004257390335172501,True
base_macro__fold_13__seed999,unknown,fold_13,999,base_macro,macro_context,False,checkpoint_robust_score,checkpoint,,59,2.471491719032747e-05,0.01043712524860203,0.16568422686140497,0.03759053743342983,-0.09360983529752198,8.474576271186441,0.5084745762711864,0.00015093154831575005,False
base_macro__fold_14__seed123,bear_high_vol,fold_14,123,base_macro,macro_context,False,checkpoint_robust_score,checkpoint,,5,0.0030221709269896996,0.018654870111072485,0.29613688232465807,,-0.031029786810704896,1.375,0.4,0.0021696638517664205,True
base_macro__fold_14__seed123,unknown,fold_14,123,base_macro,macro_context,False,checkpoint_robust_score,checkpoint,,59,-0.000873080959298778,0.011186783838619516,0.17758468804574257,-1.2389379071162931,-0.1453450921428936,17.364406779661017,0.4745762711864407,7.45582934978814e-05,False
base_macro__fold_14__seed42,bear_high_vol,fold_14,42,base_macro,macro_context,False,checkpoint_robust_score,checkpoint,,5,0.0027879828062692996,0.016380565756285163,0.26003341995402723,,-0.025748062086440426,0.0,0.4,0.00193547573104602,True
base_macro__fold_14__seed42,unknown,fold_14,42,base_macro,macro_context,False,checkpoint_robust_score,checkpoint,,59,-0.0008128685555906814,0.010688035622056087,0.16966730555855966,-1.2073208526209043,-0.12341513122130865,11.40677966101695,0.4915254237288136,0.00013477069720597797,False
base_macro__fold_14__seed999,bear_high_vol,fold_14,999,base_macro,macro_context,False,checkpoint_robust_score,checkpoint,,5,0.0018606055056631203,0.0188798108255366,0.2997077054658895,,-0.035377922126231365,0.0,0.4,0.0010080984304398403,True
base_macro__fold_14__seed999,unknown,fold_14,999,base_macro,macro_context,False,checkpoint_robust_score,checkpoint,,59,-0.001527336407701463,0.01026340424457947,0.1629264914164921,-2.3623461807501287,-0.1331220326635284,8.474576271186441,0.4576271186440678,-0.0005796971549048038,False
base_macro_analyst_or_fund_revision_features__fold_01__seed123,bull_low_vol,fold_01,123,base_macro_analyst_or_fund_revision_features,analyst_or_fund_revision_features,False,checkpoint_robust_score,checkpoint,dow30_equal_weight_rebalance_matched,3,0.0033873277329906,0.005045866329274317,0.0801006447368052,,-0.003070064773210479,0.0,0.6666666666666666,-0.0006452255265472004,True
base_macro_analyst_or_fund_revision_features__fold_01__seed123,unknown,fold_01,123,base_macro_analyst_or_fund_revision_features,analyst_or_fund_revision_features,False,checkpoint_robust_score,checkpoint,dow30_equal_weight_rebalance_matched,59,0.0006726290135613237,0.010343558463376304,0.1641989001933066,1.0322999192924143,-0.06718967147233523,11.016949152542374,0.5254237288135594,0.0003328026750202212,False
base_macro_analyst_or_fund_revision_features__fold_01__seed42,bull_low_vol,fold_01,42,base_macro_analyst_or_fund_revision_features,analyst_or_fund_revision_features,False,checkpoint_robust_score,checkpoint,dow30_equal_weight_rebalance_matched,3,0.005023098355913433,0.0043690576524423015,0.06935664007239602,,0.0,12.25,1.0,0.0009905450963756332,True
base_macro_analyst_or_fund_revision_features__fold_01__seed42,unknown,fold_01,42,base_macro_analyst_or_fund_revision_features,analyst_or_fund_revision_features,False,checkpoint_robust_score,checkpoint,dow30_equal_weight_rebalance_matched,59,0.0015102743706500632,0.008678794703563928,0.13777159479248813,2.76246451220268,-0.05072606028497706,12.09322033898305,0.5423728813559322,0.00117044803210896,False
base_macro_analyst_or_fund_revision_features__fold_01__seed999,bull_low_vol,fold_01,999,base_macro_analyst_or_fund_revision_features,analyst_or_fund_revision_features,False,checkpoint_robust_score,checkpoint,dow30_equal_weight_rebalance_matched,3,0.006201396958008934,0.0066425899079525855,0.10544784574697984,,-0.002911402124690099,0.0,0.6666666666666666,0.0021688436984711335,True
base_macro_analyst_or_fund_revision_features__fold_01__seed999,unknown,fold_01,999,base_macro_analyst_or_fund_revision_features,analyst_or_fund_revision_features,False,checkpoint_robust_score,checkpoint,dow30_equal_weight_rebalance_matched,59,0.0007180845674103736,0.010705947756239108,0.1699516518735518,1.0647575883643121,-0.07294134985558909,12.05084745762712,0.5423728813559322,0.0003782582288692706,False
base_macro_analyst_or_fund_revision_features__fold_02__seed123,bear_high_vol,fold_02,123,base_macro_analyst_or_fund_revision_features,analyst_or_fund_revision_features,False,checkpoint_robust_score,checkpoint,dow30_equal_weight_rebalance_matched,4,0.0018202000695726,0.008125083908607316,0.12898170842224568,,-0.011813074290238257,0.0,0.75,-0.0010098489537575998,True
base_macro_analyst_or_fund_revision_features__fold_02__seed123,bull_high_vol,fold_02,123,base_macro_analyst_or_fund_revision_features,analyst_or_fund_revision_features,False,checkpoint_robust_score,checkpoint,dow30_equal_weight_rebalance_matched,1,-0.0021528379804878,0.0,0.0,,0.0,,0.0,0.0010058409737337,True
base_macro_analyst_or_fund_revision_features__fold_02__seed123,unknown,fold_02,123,base_macro_analyst_or_fund_revision_features,analyst_or_fund_revision_features,False,checkpoint_robust_score,checkpoint,dow30_equal_weight_rebalance_matched,59,0.0002162200378893726,0.005504856742709205,0.08738689166547378,0.6235197122779648,-0.029849389356136236,6.779661016949152,0.5254237288135594,-0.00026781589372325417,False
base_macro_analyst_or_fund_revision_features__fold_02__seed42,bear_high_vol,fold_02,42,base_macro_analyst_or_fund_revision_features,analyst_or_fund_revision_features,False,checkpoint_robust_score,checkpoint,dow30_equal_weight_rebalance_matched,4,0.0007069106163334498,0.008712321911276199,0.1383038227150546,,-0.014063050777125552,0.0,0.75,-0.00212313840699675,True
base_macro_analyst_or_fund_revision_features__fold_02__seed42,bull_high_vol,fold_02,42,base_macro_analyst_or_fund_revision_features,analyst_or_fund_revision_features,False,checkpoint_robust_score,checkpoint,dow30_equal_weight_rebalance_matched,1,-0.0037214774685228,0.0,0.0,,0.0,,0.0,-0.0005627985143013001,True
base_macro_analyst_or_fund_revision_features__fold_02__seed42,unknown,fold_02,42,base_macro_analyst_or_fund_revision_features,analyst_or_fund_revision_features,False,checkpoint_robust_score,checkpoint,dow30_equal_weight_rebalance_matched,59,0.00041329814540589814,0.00569080234495704,0.09033868659107722,1.1528962460316905,-0.023768940728517984,11.864406779661017,0.5254237288135594,-7.073778620672887e-05,False
base_macro_analyst_or_fund_revision_features__fold_02__seed999,bear_high_vol,fold_02,999,base_macro_analyst_or_fund_revision_features,analyst_or_fund_revision_features,False,checkpoint_robust_score,checkpoint,dow30_equal_weight_rebalance_matched,4,0.00335122302852715,0.0072604374518336675,0.11525587144254829,,-0.009160183070594408,4.875,0.75,0.0005211740051969498,True
base_macro_analyst_or_fund_revision_features__fold_02__seed999,bull_high_vol,fold_02,999,base_macro_analyst_or_fund_revision_features,analyst_or_fund_revision_features,False,checkpoint_robust_score,checkpoint,dow30_equal_weight_rebalance_matched,1,-0.0036340289319237,0.0,0.0,,0.0,,0.0,-0.00047534997770220036,True
base_macro_analyst_or_fund_revision_features__fold_02__seed999,unknown,fold_02,999,base_macro_analyst_or_fund_revision_features,analyst_or_fund_revision_features,False,checkpoint_robust_score,checkpoint,dow30_equal_weight_rebalance_matched,59,-0.00035718400361061054,0.005430152299969519,0.08620099540154855,-1.0441917577700834,-0.037019395512954745,14.932203389830509,0.4406779661016949,-0.0008412199352232375,False
base_macro_analyst_or_fund_revision_features__fold_03__seed123,bear_low_vol,fold_03,123,base_macro_analyst_or_fund_revision_features,analyst_or_fund_revision_features,False,checkpoint_robust_score,best_model,dow30_equal_weight_rebalance_matched,3,0.0002548775145500667,0.003770728846021785,0.059858464728187254,,-0.004536855779072813,0.0,0.3333333333333333,4.784280858483337e-05,True
base_macro_analyst_or_fund_revision_features__fold_03__seed123,unknown,fold_03,123,base_macro_analyst_or_fund_revision_features,analyst_or_fund_revision_features,False,checkpoint_robust_score,best_model,dow30_equal_weight_rebalance_matched,59,0.0004998931118831735,0.005086774629503001,0.08075004387058597,1.5600370991308736,-0.03498285985516758,9.440677966101696,0.5084745762711864,-0.0005087422339481945,False
base_macro_analyst_or_fund_revision_features__fold_03__seed42,bear_low_vol,fold_03,42,base_macro_analyst_or_fund_revision_features,analyst_or_fund_revision_features,False,checkpoint_robust_score,best_model,dow30_equal_weight_rebalance_matched,3,0.000409911588251,0.0038310739312825636,0.06081641325885731,,-0.004202500801215536,0.0,0.3333333333333333,0.00020287688228576666,True
base_macro_analyst_or_fund_revision_features__fold_03__seed42,unknown,fold_03,42,base_macro_analyst_or_fund_revision_features,analyst_or_fund_revision_features,False,checkpoint_robust_score,best_model,dow30_equal_weight_rebalance_matched,59,0.00024287161275287654,0.005144134868248924,0.081660609431776,0.7494879947578393,-0.041262545483680246,10.169491525423728,0.4067796610169492,-0.0007657637330784914,False
base_macro_analyst_or_fund_revision_features__fold_03__seed999,bear_low_vol,fold_03,999,base_macro_analyst_or_fund_revision_features,analyst_or_fund_revision_features,False,checkpoint_robust_score,checkpoint,dow30_equal_weight_rebalance_matched,3,-0.00025564394456926667,0.003469169507004786,0.05507135862877927,,-0.0053437895988361905,0.0,0.3333333333333333,-0.0004626786505345002,True
base_macro_analyst_or_fund_revision_features__fold_03__seed999,unknown,fold_03,999,base_macro_analyst_or_fund_revision_features,analyst_or_fund_revision_features,False,checkpoint_robust_score,checkpoint,dow30_equal_weight_rebalance_matched,59,0.0006673894272484215,0.005208753167148069,0.08268639312596306,2.0339759579353816,-0.040047208828834946,10.169491525423728,0.4915254237288136,-0.0003412459185829465,False
base_macro_analyst_or_fund_revision_features__fold_04__seed123,bull_low_vol,fold_04,123,base_macro_analyst_or_fund_revision_features,analyst_or_fund_revision_features,False,checkpoint_robust_score,checkpoint,dow30_equal_weight_rebalance_matched,5,0.00313536572901882,0.001546599232340985,0.024551501679945905,,0.0,1.625,1.0,0.00042072253358850015,True
base_macro_analyst_or_fund_revision_features__fold_04__seed123,unknown,fold_04,123,base_macro_analyst_or_fund_revision_features,analyst_or_fund_revision_features,False,checkpoint_robust_score,checkpoint,dow30_equal_weight_rebalance_matched,59,0.001350615279382788,0.004242731677837853,0.06735127739480862,5.053431257277043,-0.02171965774653184,15.457627118644067,0.6779661016949152,0.0005183093633046019,False
base_macro_analyst_or_fund_revision_features__fold_04__seed42,bull_low_vol,fold_04,42,base_macro_analyst_or_fund_revision_features,analyst_or_fund_revision_features,False,checkpoint_robust_score,checkpoint,dow30_equal_weight_rebalance_matched,5,0.00152247758319854,0.0024385483244893868,0.03871075455967293,,-0.0001832867507209901,7.875,0.6,-0.00119216561223178,True
base_macro_analyst_or_fund_revision_features__fold_04__seed42,unknown,fold_04,42,base_macro_analyst_or_fund_revision_features,analyst_or_fund_revision_features,False,checkpoint_robust_score,checkpoint,dow30_equal_weight_rebalance_matched,59,0.0016916839668475762,0.0049467160070665005,0.07852668216696235,5.428783540595625,-0.02333605876637901,19.89830508474576,0.6779661016949152,0.0008593780507693898,False
base_macro_analyst_or_fund_revision_features__fold_04__seed999,bull_low_vol,fold_04,999,base_macro_analyst_or_fund_revision_features,analyst_or_fund_revision_features,False,checkpoint_robust_score,checkpoint,dow30_equal_weight_rebalance_matched,5,0.00363085925905934,0.0013896268191484565,0.022059641871915274,,0.0,9.0,1.0,0.00091621606362902,True
base_macro_analyst_or_fund_revision_features__fold_04__seed999,unknown,fold_04,999,base_macro_analyst_or_fund_revision_features,analyst_or_fund_revision_features,False,checkpoint_robust_score,checkpoint,dow30_equal_weight_rebalance_matched,59,0.0011251331203465356,0.00460906216310759,0.07316659356492063,3.8751776256434307,-0.021141346977530784,16.66949152542373,0.6779661016949152,0.00029282720426834926,False
base_macro_analyst_or_fund_revision_features__fold_05__seed123,bear_high_vol,fold_05,123,base_macro_analyst_or_fund_revision_features,analyst_or_fund_revision_features,False,checkpoint_robust_score,checkpoint,dow30_equal_weight_rebalance_matched,1,0.0121269651686344,0.0,0.0,,0.0,,1.0,-0.0031816863685395005,True
base_macro_analyst_or_fund_revision_features__fold_05__seed123,bear_low_vol,fold_05,123,base_macro_analyst_or_fund_revision_features,analyst_or_fund_revision_features,False,checkpoint_robust_score,checkpoint,dow30_equal_weight_rebalance_matched,1,-0.022805874553865,0.0,0.0,,0.0,0.0,0.0,-0.00020737786778799935,True
base_macro_analyst_or_fund_revision_features__fold_05__seed123,unknown,fold_05,123,base_macro_analyst_or_fund_revision_features,analyst_or_fund_revision_features,False,checkpoint_robust_score,checkpoint,dow30_equal_weight_rebalance_matched,59,-0.0004275686129078171,0.013619218177893626,0.2161983860990206,-0.4983723162642888,-0.10238309202255047,15.389830508474576,0.5254237288135594,-0.00036800969541996573,False
base_macro_analyst_or_fund_revision_features__fold_05__seed42,bear_high_vol,fold_05,42,base_macro_analyst_or_fund_revision_features,analyst_or_fund_revision_features,False,checkpoint_robust_score,checkpoint,dow30_equal_weight_rebalance_matched,1,0.0129956378156304,0.0,0.0,,0.0,,1.0,-0.002313013721543501,True
base_macro_analyst_or_fund_revision_features__fold_05__seed42,bear_low_vol,fold_05,42,base_macro_analyst_or_fund_revision_features,analyst_or_fund_revision_features,False,checkpoint_robust_score,checkpoint,dow30_equal_weight_rebalance_matched,1,-0.0233118900851205,0.0,0.0,,0.0,0.0,0.0,-0.0007133933990434993,True
base_macro_analyst_or_fund_revision_features__fold_05__seed42,unknown,fold_05,42,base_macro_analyst_or_fund_revision_features,analyst_or_fund_revision_features,False,checkpoint_robust_score,checkpoint,dow30_equal_weight_rebalance_matched,59,-0.000476990032641305,0.01395425562098111,0.22151694062484725,-0.5426288747332313,-0.10891577194985214,11.016949152542374,0.559322033898305,-0.0004174311151534537,False
base_macro_analyst_or_fund_revision_features__fold_05__seed999,bear_high_vol,fold_05,999,base_macro_analyst_or_fund_revision_features,analyst_or_fund_revision_features,False,checkpoint_robust_score,checkpoint,dow30_equal_weight_rebalance_matched,1,0.0112523315973014,0.0,0.0,,0.0,,1.0,-0.0040563199398725,True
base_macro_analyst_or_fund_revision_features__fold_05__seed999,bear_low_vol,fold_05,999,base_macro_analyst_or_fund_revision_features,analyst_or_fund_revision_features,False,checkpoint_robust_score,checkpoint,dow30_equal_weight_rebalance_matched,1,-0.0240972566596872,0.0,0.0,,0.0,0.0,0.0,-0.0014987599736102017,True
base_macro_analyst_or_fund_revision_features__fold_05__seed999,unknown,fold_05,999,base_macro_analyst_or_fund_revision_features,analyst_or_fund_revision_features,False,checkpoint_robust_score,checkpoint,dow30_equal_weight_rebalance_matched,59,-0.0009429777097535925,0.014006891174807516,0.2223525041381162,-1.06871017162145,-0.11997360965888848,7.627118644067797,0.5423728813559322,-0.0008834187922657415,False
base_macro_analyst_or_fund_revision_features__fold_06__seed123,bull_low_vol,fold_06,123,base_macro_analyst_or_fund_revision_features,analyst_or_fund_revision_features,False,checkpoint_robust_score,checkpoint,dow30_equal_weight_rebalance_matched,5,0.00409309913905464,0.003078115438167687,0.04886356773684189,,0.0,0.0,1.0,0.0016520921758879609,True
base_macro_analyst_or_fund_revision_features__fold_06__seed123,unknown,fold_06,123,base_macro_analyst_or_fund_revision_features,analyst_or_fund_revision_features,False,checkpoint_robust_score,checkpoint,dow30_equal_weight_rebalance_matched,59,0.0012513403055608894,0.005004137479149495,0.0794382197772434,3.9695974794701874,-0.01597722943873936,12.338983050847459,0.6101694915254238,-0.000420058295420275,False
base_macro_analyst_or_fund_revision_features__fold_06__seed42,bull_low_vol,fold_06,42,base_macro_analyst_or_fund_revision_features,analyst_or_fund_revision_features,False,checkpoint_robust_score,checkpoint,dow30_equal_weight_rebalance_matched,5,0.0009743371031084797,0.0028137385038430264,0.04466671401321364,,-0.003829184487530668,0.75,0.6,-0.001466669860058199,True
base_macro_analyst_or_fund_revision_features__fold_06__seed42,unknown,fold_06,42,base_macro_analyst_or_fund_revision_features,analyst_or_fund_revision_features,False,checkpoint_robust_score,checkpoint,dow30_equal_weight_rebalance_matched,59,0.001183778202961172,0.0038241209049677963,0.06070603738792834,4.914043478738674,-0.015065292742668657,28.771186440677965,0.6101694915254238,-0.0004876203980199923,False
base_macro_analyst_or_fund_revision_features__fold_06__seed999,bull_low_vol,fold_06,999,base_macro_analyst_or_fund_revision_features,analyst_or_fund_revision_features,False,checkpoint_robust_score,checkpoint,dow30_equal_weight_rebalance_matched,5,0.0002770922215074599,0.003864323524389967,0.061344234186194974,,-0.007675306764795553,0.0,0.6,-0.0021639147416592187,True
base_macro_analyst_or_fund_revision_features__fold_06__seed999,unknown,fold_06,999,base_macro_analyst_or_fund_revision_features,analyst_or_fund_revision_features,False,checkpoint_robust_score,checkpoint,dow30_equal_weight_rebalance_matched,59,0.0014344298266107457,0.005117886611914001,0.0812439312801083,4.449271602325964,-0.018861578982078187,13.677966101694915,0.5932203389830508,-0.0002369687743704187,False
base_macro_analyst_or_fund_revision_features__fold_07__seed123,bull_high_vol,fold_07,123,base_macro_analyst_or_fund_revision_features,analyst_or_fund_revision_features,False,checkpoint_robust_score,best_model,dow30_equal_weight_rebalance_matched,3,0.0037259615041467333,0.004369514908789693,0.06936389879187964,,-0.0022720987445472574,0.0,0.6666666666666666,-0.0005158351047602332,True
base_macro_analyst_or_fund_revision_features__fold_07__seed123,unknown,fold_07,123,base_macro_analyst_or_fund_revision_features,analyst_or_fund_revision_features,False,checkpoint_robust_score,best_model,dow30_equal_weight_rebalance_matched,59,0.0013589843384712605,0.006508459534230357,0.10331859207420482,3.3146411155970394,-0.029514850326883613,13.559322033898304,0.576271186440678,-0.001089312020664198,False
base_macro_analyst_or_fund_revision_features__fold_07__seed42,bull_high_vol,fold_07,42,base_macro_analyst_or_fund_revision_features,analyst_or_fund_revision_features,False,checkpoint_robust_score,best_model,dow30_equal_weight_rebalance_matched,3,0.0032986685294302998,0.005836834789513155,0.09265687978093107,,-0.0036452190012914443,0.0,0.6666666666666666,-0.0009431280794766664,True
base_macro_analyst_or_fund_revision_features__fold_07__seed42,unknown,fold_07,42,base_macro_analyst_or_fund_revision_features,analyst_or_fund_revision_features,False,checkpoint_robust_score,best_model,dow30_equal_weight_rebalance_matched,59,0.0015611060832976542,0.00794223790167027,0.12607911804678598,3.120252894258229,-0.03482188311054657,10.169491525423728,0.6610169491525424,-0.0008871902758378044,False
base_macro_analyst_or_fund_revision_features__fold_07__seed999,bull_high_vol,fold_07,999,base_macro_analyst_or_fund_revision_features,analyst_or_fund_revision_features,False,checkpoint_robust_score,checkpoint,dow30_equal_weight_rebalance_matched,3,0.0028331856771830663,0.004415952129285726,0.07010106681393709,,-0.003224171003660792,0.25,0.6666666666666666,-0.0014086109317238999,True
base_macro_analyst_or_fund_revision_features__fold_07__seed999,unknown,fold_07,999,base_macro_analyst_or_fund_revision_features,analyst_or_fund_revision_features,False,checkpoint_robust_score,checkpoint,dow30_equal_weight_rebalance_matched,59,0.0008488360309025822,0.005716449674384113,0.09074582532381911,2.357206835952421,-0.0214453790764495,8.296610169491526,0.559322033898305,-0.0015994603282328762,False
base_macro_analyst_or_fund_revision_features__fold_08__seed123,bear_low_vol,fold_08,123,base_macro_analyst_or_fund_revision_features,analyst_or_fund_revision_features,False,checkpoint_robust_score,checkpoint,dow30_equal_weight_rebalance_matched,1,0.0099603631750415,0.0,0.0,,0.0,,1.0,0.0039153311074406,True
base_macro_analyst_or_fund_revision_features__fold_08__seed123,bull_low_vol,fold_08,123,base_macro_analyst_or_fund_revision_features,analyst_or_fund_revision_features,False,checkpoint_robust_score,checkpoint,dow30_equal_weight_rebalance_matched,4,-0.00884262409313425,0.006761639452865709,0.10733769868419307,,-0.02885203491913757,0.0,0.0,-0.0014926145892691996,True
base_macro_analyst_or_fund_revision_features__fold_08__seed123,unknown,fold_08,123,base_macro_analyst_or_fund_revision_features,analyst_or_fund_revision_features,False,checkpoint_robust_score,checkpoint,dow30_equal_weight_rebalance_matched,59,-0.00012353062907131008,0.00937698423201183,0.14885500995406376,-0.20912778505457552,-0.06429030346438513,15.423728813559322,0.5423728813559322,-0.00014726953631655077,False
base_macro_analyst_or_fund_revision_features__fold_08__seed42,bear_low_vol,fold_08,42,base_macro_analyst_or_fund_revision_features,analyst_or_fund_revision_features,False,checkpoint_robust_score,checkpoint,dow30_equal_weight_rebalance_matched,1,0.0015164025915526,0.0,0.0,,0.0,,1.0,-0.004528629476048301,True
base_macro_analyst_or_fund_revision_features__fold_08__seed42,bull_low_vol,fold_08,42,base_macro_analyst_or_fund_revision_features,analyst_or_fund_revision_features,False,checkpoint_robust_score,checkpoint,dow30_equal_weight_rebalance_matched,4,-0.008100298387357712,0.009685668244229208,0.1537552167342366,,-0.0346377731459222,0.0,0.25,-0.0007502888834926618,True
base_macro_analyst_or_fund_revision_features__fold_08__seed42,unknown,fold_08,42,base_macro_analyst_or_fund_revision_features,analyst_or_fund_revision_features,False,checkpoint_robust_score,checkpoint,dow30_equal_weight_rebalance_matched,59,-0.0001797106183314498,0.010226889089368824,0.16234683129785835,-0.2789526315819308,-0.07617915418183352,11.864406779661017,0.559322033898305,-0.00020344952557669046,False
base_macro_analyst_or_fund_revision_features__fold_08__seed999,bear_low_vol,fold_08,999,base_macro_analyst_or_fund_revision_features,analyst_or_fund_revision_features,False,checkpoint_robust_score,checkpoint,dow30_equal_weight_rebalance_matched,1,0.0078217163705134,0.0,0.0,,0.0,,1.0,0.0017766843029125004,True
base_macro_analyst_or_fund_revision_features__fold_08__seed999,bull_low_vol,fold_08,999,base_macro_analyst_or_fund_revision_features,analyst_or_fund_revision_features,False,checkpoint_robust_score,checkpoint,dow30_equal_weight_rebalance_matched,4,-0.007105068601463875,0.0065896470167470505,0.10460740340406827,,-0.02476196945240916,0.0,0.25,0.0002449409024011752,True
base_macro_analyst_or_fund_revision_features__fold_08__seed999,unknown,fold_08,999,base_macro_analyst_or_fund_revision_features,analyst_or_fund_revision_features,False,checkpoint_robust_score,checkpoint,dow30_equal_weight_rebalance_matched,59,6.160448503425588e-05,0.009205540053469614,0.146133417993149,0.10623395005624445,-0.053399644808850955,18.694915254237287,0.559322033898305,3.786557778901526e-05,False
base_macro_analyst_or_fund_revision_features__fold_09__seed123,bear_high_vol,fold_09,123,base_macro_analyst_or_fund_revision_features,analyst_or_fund_revision_features,False,checkpoint_robust_score,checkpoint,dow30_equal_weight_rebalance_matched,4,-0.015319281493463701,0.0230654155407963,0.36615212044386836,,-0.04219706338669438,2.5,0.25,-0.003324831887974225,True
base_macro_analyst_or_fund_revision_features__fold_09__seed123,unknown,fold_09,123,base_macro_analyst_or_fund_revision_features,analyst_or_fund_revision_features,False,checkpoint_robust_score,checkpoint,dow30_equal_weight_rebalance_matched,59,-0.001882828019240131,0.03940813717077573,0.6255847835171587,-0.7584466140319718,-0.32060763070404763,14.271186440677965,0.4745762711864407,0.0005789834223942493,False
base_macro_analyst_or_fund_revision_features__fold_09__seed42,bear_high_vol,fold_09,42,base_macro_analyst_or_fund_revision_features,analyst_or_fund_revision_features,False,checkpoint_robust_score,checkpoint,dow30_equal_weight_rebalance_matched,4,-0.017863464485555647,0.024573254654252138,0.3900883243116699,,-0.04759708235687854,0.0,0.25,-0.005869014880066175,True
base_macro_analyst_or_fund_revision_features__fold_09__seed42,unknown,fold_09,42,base_macro_analyst_or_fund_revision_features,analyst_or_fund_revision_features,False,checkpoint_robust_score,checkpoint,dow30_equal_weight_rebalance_matched,59,-0.0024349865604166355,0.03928156515378012,0.6235755150376974,-0.9840293571948491,-0.3387116223846023,11.177966101694915,0.4915254237288136,2.6824881217744113e-05,False
base_macro_analyst_or_fund_revision_features__fold_09__seed999,bear_high_vol,fold_09,999,base_macro_analyst_or_fund_revision_features,analyst_or_fund_revision_features,False,checkpoint_robust_score,checkpoint,dow30_equal_weight_rebalance_matched,4,-0.014745006579833402,0.027602460864467663,0.43817548212464624,,-0.04982195164933512,0.0,0.25,-0.002750556974343926,True
base_macro_analyst_or_fund_revision_features__fold_09__seed999,unknown,fold_09,999,base_macro_analyst_or_fund_revision_features,analyst_or_fund_revision_features,False,checkpoint_robust_score,checkpoint,dow30_equal_weight_rebalance_matched,59,-0.00372483838878621,0.04131517927823574,0.6558581384535649,-1.4311925383549733,-0.39472989411902637,17.677966101694917,0.4745762711864407,-0.0012630269471518305,False
base_macro_analyst_or_fund_revision_features__fold_10__seed123,bear_high_vol,fold_10,123,base_macro_analyst_or_fund_revision_features,analyst_or_fund_revision_features,False,checkpoint_robust_score,checkpoint,dow30_equal_weight_rebalance_matched,5,0.0031833745926248603,0.009942544148944727,0.15783299530432854,,-0.010707025654056013,0.0,0.6,-7.225370877428049e-05,True
base_macro_analyst_or_fund_revision_features__fold_10__seed123,unknown,fold_10,123,base_macro_analyst_or_fund_revision_features,analyst_or_fund_revision_features,False,checkpoint_robust_score,checkpoint,dow30_equal_weight_rebalance_matched,59,0.0005844397191526932,0.010104468856127065,0.16040347034225705,0.9181771997340586,-0.09258331972062372,11.542372881355933,0.576271186440678,-0.00032390689314333696,False
base_macro_analyst_or_fund_revision_features__fold_10__seed42,bear_high_vol,fold_10,42,base_macro_analyst_or_fund_revision_features,analyst_or_fund_revision_features,False,checkpoint_robust_score,best_model,dow30_equal_weight_rebalance_matched,5,0.00468829585502524,0.008773803334763011,0.13927981005583268,,-0.006571749979499164,0.0,0.6,0.0014326675536261001,True
base_macro_analyst_or_fund_revision_features__fold_10__seed42,unknown,fold_10,42,base_macro_analyst_or_fund_revision_features,analyst_or_fund_revision_features,False,checkpoint_robust_score,best_model,dow30_equal_weight_rebalance_matched,59,0.0012841759627729523,0.011413751641134567,0.18118769021218442,1.78606141642299,-0.09030127756233974,10.169491525423728,0.6101694915254238,0.00037582935047692233,False
base_macro_analyst_or_fund_revision_features__fold_10__seed999,bear_high_vol,fold_10,999,base_macro_analyst_or_fund_revision_features,analyst_or_fund_revision_features,False,checkpoint_robust_score,best_model,dow30_equal_weight_rebalance_matched,5,0.00480139279452152,0.009586811458119508,0.15218591390549238,,-0.0076475631837421565,0.0,0.6,0.00154576449312238,True
base_macro_analyst_or_fund_revision_features__fold_10__seed999,unknown,fold_10,999,base_macro_analyst_or_fund_revision_features,analyst_or_fund_revision_features,False,checkpoint_robust_score,best_model,dow30_equal_weight_rebalance_matched,59,0.0007598243616384137,0.009772019805454545,0.15512600527218307,1.2343239213626254,-0.07534865749286423,15.813559322033898,0.559322033898305,-0.0001485222506576167,False
base_macro_analyst_or_fund_revision_features__fold_11__seed123,bull_low_vol,fold_11,123,base_macro_analyst_or_fund_revision_features,analyst_or_fund_revision_features,False,checkpoint_robust_score,checkpoint,dow30_equal_weight_rebalance_matched,3,0.0013321629479246665,0.0032697366938507027,0.051905460867548985,,-0.002280565195653894,0.0,0.6666666666666666,0.0018467618188385334,True
base_macro_analyst_or_fund_revision_features__fold_11__seed123,unknown,fold_11,123,base_macro_analyst_or_fund_revision_features,analyst_or_fund_revision_features,False,checkpoint_robust_score,checkpoint,dow30_equal_weight_rebalance_matched,59,0.0013832203409259894,0.010537303307373028,0.16727450424340462,2.083829376688127,-0.04474599351616704,10.40677966101695,0.5932203389830508,-1.6533322259246485e-05,False
base_macro_analyst_or_fund_revision_features__fold_11__seed42,bull_low_vol,fold_11,42,base_macro_analyst_or_fund_revision_features,analyst_or_fund_revision_features,False,checkpoint_robust_score,checkpoint,dow30_equal_weight_rebalance_matched,3,0.00044374245475340004,0.0037135714584225128,0.05895111932912044,,-0.0028330918803254335,1.5,0.3333333333333333,0.0009583413256672666,True
base_macro_analyst_or_fund_revision_features__fold_11__seed42,unknown,fold_11,42,base_macro_analyst_or_fund_revision_features,analyst_or_fund_revision_features,False,checkpoint_robust_score,checkpoint,dow30_equal_weight_rebalance_matched,59,0.0014378111277263967,0.010065951594243385,0.15979202776549287,2.2674998825272867,-0.049522315118821436,13.61864406779661,0.6271186440677966,3.805746454116093e-05,False
base_macro_analyst_or_fund_revision_features__fold_11__seed999,bull_low_vol,fold_11,999,base_macro_analyst_or_fund_revision_features,analyst_or_fund_revision_features,False,checkpoint_robust_score,best_model,dow30_equal_weight_rebalance_matched,3,-0.0003977927853662999,0.0026562207584906305,0.042166197325521404,,-0.0034102765834669313,0.0,0.3333333333333333,0.00011680608554756669,True
base_macro_analyst_or_fund_revision_features__fold_11__seed999,unknown,fold_11,999,base_macro_analyst_or_fund_revision_features,analyst_or_fund_revision_features,False,checkpoint_robust_score,best_model,dow30_equal_weight_rebalance_matched,59,0.0016386830250000172,0.010073433340477453,0.1599107968049399,2.582365484700329,-0.06326976297091069,12.220338983050848,0.5932203389830508,0.00023892936181478059,False
base_macro_analyst_or_fund_revision_features__fold_12__seed123,bear_high_vol,fold_12,123,base_macro_analyst_or_fund_revision_features,analyst_or_fund_revision_features,False,checkpoint_robust_score,checkpoint,dow30_equal_weight_rebalance_matched,4,-0.0037614751658117005,0.015052751794243353,0.23895502676849534,,-0.014490664158577804,1.1666666666666667,0.5,-0.0012782354447683003,True
base_macro_analyst_or_fund_revision_features__fold_12__seed123,unknown,fold_12,123,base_macro_analyst_or_fund_revision_features,analyst_or_fund_revision_features,False,checkpoint_robust_score,checkpoint,dow30_equal_weight_rebalance_matched,59,-0.00020213652519937583,0.006580204894107831,0.10445751435395659,-0.48764710385158894,-0.039670804519507774,9.923728813559322,0.4745762711864407,-0.00026801677156041646,False
base_macro_analyst_or_fund_revision_features__fold_12__seed42,bear_high_vol,fold_12,42,base_macro_analyst_or_fund_revision_features,analyst_or_fund_revision_features,False,checkpoint_robust_score,checkpoint,dow30_equal_weight_rebalance_matched,4,-0.0037481229285508512,0.014229002448460044,0.2258784112989266,,-0.012390568554619064,0.0,0.5,-0.001264883207507451,True
base_macro_analyst_or_fund_revision_features__fold_12__seed42,unknown,fold_12,42,base_macro_analyst_or_fund_revision_features,analyst_or_fund_revision_features,False,checkpoint_robust_score,checkpoint,dow30_equal_weight_rebalance_matched,59,0.00027845889228984605,0.006664704709057315,0.10579890733108045,0.6632548731098941,-0.047346044517985075,12.084745762711865,0.5084745762711864,0.00021257864592880542,False
base_macro_analyst_or_fund_revision_features__fold_12__seed999,bear_high_vol,fold_12,999,base_macro_analyst_or_fund_revision_features,analyst_or_fund_revision_features,False,checkpoint_robust_score,checkpoint,dow30_equal_weight_rebalance_matched,4,-0.00282062786132045,0.01538819222351768,0.24427997850171504,,-0.014391911375581823,0.0,0.25,-0.0003373881402770503,True
base_macro_analyst_or_fund_revision_features__fold_12__seed999,unknown,fold_12,999,base_macro_analyst_or_fund_revision_features,analyst_or_fund_revision_features,False,checkpoint_robust_score,checkpoint,dow30_equal_weight_rebalance_matched,59,-9.504276765698128e-05,0.007771633285315716,0.12337085372242361,-0.1941364327707983,-0.05651880999564951,13.610169491525424,0.5084745762711864,-0.000160923014018022,False
base_macro_analyst_or_fund_revision_features__fold_13__seed123,bull_high_vol,fold_13,123,base_macro_analyst_or_fund_revision_features,analyst_or_fund_revision_features,False,checkpoint_robust_score,checkpoint,dow30_equal_weight_rebalance_matched,1,0.0046124797100641,0.0,0.0,,0.0,,1.0,0.0006584352260034995,True
base_macro_analyst_or_fund_revision_features__fold_13__seed123,bull_low_vol,fold_13,123,base_macro_analyst_or_fund_revision_features,analyst_or_fund_revision_features,False,checkpoint_robust_score,checkpoint,dow30_equal_weight_rebalance_matched,2,-0.00692474494484455,0.00901447452305125,0.14310034672752717,,-0.015939219467895893,0.0,0.5,0.0017016230559778003,True
base_macro_analyst_or_fund_revision_features__fold_13__seed123,unknown,fold_13,123,base_macro_analyst_or_fund_revision_features,analyst_or_fund_revision_features,False,checkpoint_robust_score,checkpoint,dow30_equal_weight_rebalance_matched,59,-0.0003390249299643968,0.010175777521634512,0.16153546031379662,-0.5288887169731309,-0.09003463751718876,10.186440677966102,0.4067796610169492,-0.00020155447149909663,False
base_macro_analyst_or_fund_revision_features__fold_13__seed42,bull_high_vol,fold_13,42,base_macro_analyst_or_fund_revision_features,analyst_or_fund_revision_features,False,checkpoint_robust_score,checkpoint,dow30_equal_weight_rebalance_matched,1,0.004142870716207,0.0,0.0,,0.0,,1.0,0.00018882623214639977,True
base_macro_analyst_or_fund_revision_features__fold_13__seed42,bull_low_vol,fold_13,42,base_macro_analyst_or_fund_revision_features,analyst_or_fund_revision_features,False,checkpoint_robust_score,checkpoint,dow30_equal_weight_rebalance_matched,2,-0.0085215306667748,0.0058326394126019,0.0925902802371509,,-0.014354170079377004,1.25,0.0,0.00010483733404754959,True
base_macro_analyst_or_fund_revision_features__fold_13__seed42,unknown,fold_13,42,base_macro_analyst_or_fund_revision_features,analyst_or_fund_revision_features,False,checkpoint_robust_score,checkpoint,dow30_equal_weight_rebalance_matched,59,-0.0002674187507302798,0.01121704525641918,0.17806507316065134,-0.3784544828913826,-0.10482948788965973,15.703389830508474,0.423728813559322,-0.00012994829226497937,False
base_macro_analyst_or_fund_revision_features__fold_13__seed999,bull_high_vol,fold_13,999,base_macro_analyst_or_fund_revision_features,analyst_or_fund_revision_features,False,checkpoint_robust_score,best_model,dow30_equal_weight_rebalance_matched,1,0.0053323451756515,0.0,0.0,,0.0,,1.0,0.0013783006915908998,True
base_macro_analyst_or_fund_revision_features__fold_13__seed999,bull_low_vol,fold_13,999,base_macro_analyst_or_fund_revision_features,analyst_or_fund_revision_features,False,checkpoint_robust_score,best_model,dow30_equal_weight_rebalance_matched,2,-0.011294654436992749,0.0046511794321020495,0.07383518448288394,,-0.015945833869094872,0.0,0.0,-0.0026682864361704,True
base_macro_analyst_or_fund_revision_features__fold_13__seed999,unknown,fold_13,999,base_macro_analyst_or_fund_revision_features,analyst_or_fund_revision_features,False,checkpoint_robust_score,best_model,dow30_equal_weight_rebalance_matched,59,-0.0008562420407214543,0.010850711585759686,0.1722497064240446,-1.2526755414642983,-0.1049601908243295,7.627118644067797,0.4067796610169492,-0.000718771582256154,False
base_macro_analyst_or_fund_revision_features__fold_14__seed123,bear_high_vol,fold_14,123,base_macro_analyst_or_fund_revision_features,analyst_or_fund_revision_features,False,checkpoint_robust_score,checkpoint,dow30_equal_weight_rebalance_matched,5,-0.0007649071799870399,0.01771980622474569,0.2812932033055884,,-0.03661836141921593,1.625,0.4,-0.0016079336173750402,True
base_macro_analyst_or_fund_revision_features__fold_14__seed123,unknown,fold_14,123,base_macro_analyst_or_fund_revision_features,analyst_or_fund_revision_features,False,checkpoint_robust_score,checkpoint,dow30_equal_weight_rebalance_matched,59,-0.001128558401863633,0.011254433925011869,0.17865859987433974,-1.591844542998026,-0.136151408988621,11.822033898305085,0.423728813559322,-0.00017145190031324681,False
base_macro_analyst_or_fund_revision_features__fold_14__seed42,bear_high_vol,fold_14,42,base_macro_analyst_or_fund_revision_features,analyst_or_fund_revision_features,False,checkpoint_robust_score,best_model,dow30_equal_weight_rebalance_matched,5,0.00615306433852472,0.01909782404760979,0.3031685580746668,,-0.025334969149848896,1.25,0.4,0.005310037901136719,True
base_macro_analyst_or_fund_revision_features__fold_14__seed42,unknown,fold_14,42,base_macro_analyst_or_fund_revision_features,analyst_or_fund_revision_features,False,checkpoint_robust_score,best_model,dow30_equal_weight_rebalance_matched,59,-0.0010748703057003339,0.012504099685873883,0.19849642882549898,-1.3645954168505847,-0.15165934490438981,26.338983050847457,0.4576271186440678,-0.00011776380414994736,False
base_macro_analyst_or_fund_revision_features__fold_14__seed999,bear_high_vol,fold_14,999,base_macro_analyst_or_fund_revision_features,analyst_or_fund_revision_features,False,checkpoint_robust_score,best_model,dow30_equal_weight_rebalance_matched,5,0.0009480227052120198,0.016273226830552944,0.25832946733312157,,-0.029232974704849424,0.0,0.4,0.00010499626782401964,True
base_macro_analyst_or_fund_revision_features__fold_14__seed999,unknown,fold_14,999,base_macro_analyst_or_fund_revision_features,analyst_or_fund_revision_features,False,checkpoint_robust_score,best_model,dow30_equal_weight_rebalance_matched,59,-0.0004784884554678763,0.010667888833641934,0.16934748520739673,-0.7120217382043428,-0.11832966786317134,11.033898305084746,0.4406779661016949,0.0004786180460825102,False
base_macro_breadth_internal_structure__fold_01__seed123,bull_low_vol,fold_01,123,base_macro_breadth_internal_structure,market_internal_breadth,False,checkpoint_robust_score,best_model,dow30_equal_weight_rebalance_matched,3,0.004222918314842367,0.0035313211533218535,0.0560579854271485,,-0.0007267719567445319,0.5,0.6666666666666666,0.0001903650553045664,True
base_macro_breadth_internal_structure__fold_01__seed123,unknown,fold_01,123,base_macro_breadth_internal_structure,market_internal_breadth,False,checkpoint_robust_score,best_model,dow30_equal_weight_rebalance_matched,59,0.0007500580523609574,0.01046570402292476,0.16613790083920288,1.1376972276657074,-0.06689270585600104,13.44915254237288,0.559322033898305,0.0004102317138198548,False
base_macro_breadth_internal_structure__fold_01__seed42,bull_low_vol,fold_01,42,base_macro_breadth_internal_structure,market_internal_breadth,False,checkpoint_robust_score,checkpoint,dow30_equal_weight_rebalance_matched,3,0.006888397971456267,0.0044041176094742115,0.06991319963609428,,0.0,2.25,1.0,0.002855844711918466,True
base_macro_breadth_internal_structure__fold_01__seed42,unknown,fold_01,42,base_macro_breadth_internal_structure,market_internal_breadth,False,checkpoint_robust_score,checkpoint,dow30_equal_weight_rebalance_matched,59,0.0008385395301665253,0.010754053975489772,0.17071531442946863,1.2378031947993064,-0.07539835820928653,9.525423728813559,0.576271186440678,0.0004987131916254226,False
base_macro_breadth_internal_structure__fold_01__seed999,bull_low_vol,fold_01,999,base_macro_breadth_internal_structure,market_internal_breadth,False,checkpoint_robust_score,checkpoint,dow30_equal_weight_rebalance_matched,3,0.0035994984288639,0.004913934605309263,0.07800629354689587,,-0.003348575179652924,0.0,0.6666666666666666,-0.0004330548306739003,True
base_macro_breadth_internal_structure__fold_01__seed999,unknown,fold_01,999,base_macro_breadth_internal_structure,market_internal_breadth,False,checkpoint_robust_score,checkpoint,dow30_equal_weight_rebalance_matched,59,0.0006418142985582689,0.011220320464862864,0.1781170654828547,0.9080387822370249,-0.07876263528557004,11.016949152542374,0.5423728813559322,0.00030198796001716633,False
base_macro_breadth_internal_structure__fold_02__seed123,bear_high_vol,fold_02,123,base_macro_breadth_internal_structure,market_internal_breadth,False,checkpoint_robust_score,last_model,dow30_equal_weight_rebalance_matched,4,0.0024060299028728247,0.006788338388130739,0.10776153114208196,,-0.00903969714468067,0.25,0.75,-0.00042401912045737507,True
base_macro_breadth_internal_structure__fold_02__seed123,bull_high_vol,fold_02,123,base_macro_breadth_internal_structure,market_internal_breadth,False,checkpoint_robust_score,last_model,dow30_equal_weight_rebalance_matched,1,-0.005420275606101,0.0,0.0,,0.0,,0.0,-0.0022615966518795,True
base_macro_breadth_internal_structure__fold_02__seed123,unknown,fold_02,123,base_macro_breadth_internal_structure,market_internal_breadth,False,checkpoint_robust_score,last_model,dow30_equal_weight_rebalance_matched,59,-0.00033101832821798093,0.005269220009542278,0.08364627449120554,-0.9972544410175913,-0.04163988909239358,15.5,0.4745762711864407,-0.0008150542598306079,False
base_macro_breadth_internal_structure__fold_02__seed42,bear_high_vol,fold_02,42,base_macro_breadth_internal_structure,market_internal_breadth,False,checkpoint_robust_score,checkpoint,dow30_equal_weight_rebalance_matched,4,0.005894518493292625,0.008033343388300826,0.1275253728109738,,-0.00783563316966951,0.0,0.75,0.0030644694699624255,True
base_macro_breadth_internal_structure__fold_02__seed42,bull_high_vol,fold_02,42,base_macro_breadth_internal_structure,market_internal_breadth,False,checkpoint_robust_score,checkpoint,dow30_equal_weight_rebalance_matched,1,-0.0038940944161748,0.0,0.0,,0.0,,0.0,-0.0007354154619533004,True
base_macro_breadth_internal_structure__fold_02__seed42,unknown,fold_02,42,base_macro_breadth_internal_structure,market_internal_breadth,False,checkpoint_robust_score,checkpoint,dow30_equal_weight_rebalance_matched,59,-0.0005132032677538542,0.005378988575355074,0.08538879645268285,-1.5145689932008393,-0.044461600473947205,7.627118644067797,0.4406779661016949,-0.000997239199366481,False
base_macro_breadth_internal_structure__fold_02__seed999,bear_high_vol,fold_02,999,base_macro_breadth_internal_structure,market_internal_breadth,False,checkpoint_robust_score,checkpoint,dow30_equal_weight_rebalance_matched,4,0.0018768259459881246,0.007981382070167577,0.1267005124575197,,-0.011893819875064993,0.5,0.75,-0.0009532230773420752,True
base_macro_breadth_internal_structure__fold_02__seed999,bull_high_vol,fold_02,999,base_macro_breadth_internal_structure,market_internal_breadth,False,checkpoint_robust_score,checkpoint,dow30_equal_weight_rebalance_matched,1,-0.0062664346029772,0.0,0.0,,0.0,,0.0,-0.0031077556487557,True
base_macro_breadth_internal_structure__fold_02__seed999,unknown,fold_02,999,base_macro_breadth_internal_structure,market_internal_breadth,False,checkpoint_robust_score,checkpoint,dow30_equal_weight_rebalance_matched,59,-0.00021749585540281299,0.005503063661792626,0.08735842738835849,-0.6274031847877884,-0.03683473377629687,8.94915254237288,0.4745762711864407,-0.0007015317870154399,False
base_macro_breadth_internal_structure__fold_03__seed123,bear_low_vol,fold_03,123,base_macro_breadth_internal_structure,market_internal_breadth,False,checkpoint_robust_score,checkpoint,dow30_equal_weight_rebalance_matched,3,0.00016188388601403323,0.003777655499661713,0.05996842194588203,,-0.0047808791376868776,0.0,0.3333333333333333,-4.515081995120024e-05,True
base_macro_breadth_internal_structure__fold_03__seed123,unknown,fold_03,123,base_macro_breadth_internal_structure,market_internal_breadth,False,checkpoint_robust_score,checkpoint,dow30_equal_weight_rebalance_matched,59,0.000600891323339483,0.0060168231893328265,0.09551410704972695,1.585363860468427,-0.042267317008463645,13.389830508474576,0.5254237288135594,-0.0004077440224918847,False
base_macro_breadth_internal_structure__fold_03__seed42,bear_low_vol,fold_03,42,base_macro_breadth_internal_structure,market_internal_breadth,False,checkpoint_robust_score,best_model,dow30_equal_weight_rebalance_matched,3,0.0006325655125776665,0.0024422570854090477,0.03876962931406664,,-0.0020921614168067926,1.75,0.3333333333333333,0.0004255308066124332,True
base_macro_breadth_internal_structure__fold_03__seed42,unknown,fold_03,42,base_macro_breadth_internal_structure,market_internal_breadth,False,checkpoint_robust_score,best_model,dow30_equal_weight_rebalance_matched,59,0.0006259637796664114,0.004301697342690702,0.06828732830536195,2.309987466057442,-0.02448164347751769,16.923728813559322,0.5084745762711864,-0.0003826715661649564,False
base_macro_breadth_internal_structure__fold_03__seed999,bear_low_vol,fold_03,999,base_macro_breadth_internal_structure,market_internal_breadth,False,checkpoint_robust_score,checkpoint,dow30_equal_weight_rebalance_matched,3,0.00042363120900836665,0.003971933021006699,0.0630524819867353,,-0.004457616257250163,2.25,0.3333333333333333,0.0002165965030431332,True
base_macro_breadth_internal_structure__fold_03__seed999,unknown,fold_03,999,base_macro_breadth_internal_structure,market_internal_breadth,False,checkpoint_robust_score,checkpoint,dow30_equal_weight_rebalance_matched,59,0.0006333626840878505,0.005657344637247058,0.0898075619468438,1.7772155588034821,-0.039713887298831185,13.627118644067796,0.4745762711864407,-0.00037527266174351703,False
base_macro_breadth_internal_structure__fold_04__seed123,bull_low_vol,fold_04,123,base_macro_breadth_internal_structure,market_internal_breadth,False,checkpoint_robust_score,best_model,dow30_equal_weight_rebalance_matched,5,0.00431322734419308,0.0012040215586567352,0.019113249704196537,,0.0,0.0,1.0,0.0015985841487627598,True
base_macro_breadth_internal_structure__fold_04__seed123,unknown,fold_04,123,base_macro_breadth_internal_structure,market_internal_breadth,False,checkpoint_robust_score,best_model,dow30_equal_weight_rebalance_matched,59,0.0012074559476000603,0.004443836913951186,0.07054372404746145,4.313337620090739,-0.015620640858044155,15.254237288135593,0.6779661016949152,0.0003751500315218739,False
base_macro_breadth_internal_structure__fold_04__seed42,bull_low_vol,fold_04,42,base_macro_breadth_internal_structure,market_internal_breadth,False,checkpoint_robust_score,best_model,dow30_equal_weight_rebalance_matched,5,0.00402175555907604,0.0023197898669006737,0.03682552249048086,,0.0,0.0,1.0,0.00130711236364572,True
base_macro_breadth_internal_structure__fold_04__seed42,unknown,fold_04,42,base_macro_breadth_internal_structure,market_internal_breadth,False,checkpoint_robust_score,best_model,dow30_equal_weight_rebalance_matched,59,0.00025718959477004827,0.004362497016355085,0.06925249320322098,0.9358764556225064,-0.025934520950574358,9.322033898305085,0.5423728813559322,-0.0005751163213081382,False
base_macro_breadth_internal_structure__fold_04__seed999,bull_low_vol,fold_04,999,base_macro_breadth_internal_structure,market_internal_breadth,False,checkpoint_robust_score,best_model,dow30_equal_weight_rebalance_matched,5,0.00229031035726518,0.0020164938022889534,0.03201084672695772,,0.0,0.0,0.8,-0.0004243328381651401,True
base_macro_breadth_internal_structure__fold_04__seed999,unknown,fold_04,999,base_macro_breadth_internal_structure,market_internal_breadth,False,checkpoint_robust_score,best_model,dow30_equal_weight_rebalance_matched,59,0.0010915229041587205,0.004149892764787327,0.06587750533928118,4.175382331667979,-0.016455970906606,13.559322033898304,0.6101694915254238,0.00025921698808053394,False
base_macro_breadth_internal_structure__fold_05__seed123,bear_high_vol,fold_05,123,base_macro_breadth_internal_structure,market_internal_breadth,False,checkpoint_robust_score,checkpoint,dow30_equal_weight_rebalance_matched,1,0.0154034621740246,0.0,0.0,,0.0,,1.0,9.481063685069964e-05,True
base_macro_breadth_internal_structure__fold_05__seed123,bear_low_vol,fold_05,123,base_macro_breadth_internal_structure,market_internal_breadth,False,checkpoint_robust_score,checkpoint,dow30_equal_weight_rebalance_matched,1,-0.0206325730520692,0.0,0.0,,0.0,0.0,0.0,0.001965923634007799,True
base_macro_breadth_internal_structure__fold_05__seed123,unknown,fold_05,123,base_macro_breadth_internal_structure,market_internal_breadth,False,checkpoint_robust_score,checkpoint,dow30_equal_weight_rebalance_matched,59,-0.0001308704744009748,0.013829579922964321,0.21953777527593235,-0.15022179899379318,-0.08820509892845108,15.11864406779661,0.5423728813559322,-7.131155691312341e-05,False
base_macro_breadth_internal_structure__fold_05__seed42,bear_high_vol,fold_05,42,base_macro_breadth_internal_structure,market_internal_breadth,False,checkpoint_robust_score,checkpoint,dow30_equal_weight_rebalance_matched,1,0.0111345101049351,0.0,0.0,,0.0,,1.0,-0.0041741414322388,True
base_macro_breadth_internal_structure__fold_05__seed42,bear_low_vol,fold_05,42,base_macro_breadth_internal_structure,market_internal_breadth,False,checkpoint_robust_score,checkpoint,dow30_equal_weight_rebalance_matched,1,-0.0192591136806433,0.0,0.0,,0.0,2.0,0.0,0.0033393830054337,True
base_macro_breadth_internal_structure__fold_05__seed42,unknown,fold_05,42,base_macro_breadth_internal_structure,market_internal_breadth,False,checkpoint_robust_score,checkpoint,dow30_equal_weight_rebalance_matched,59,-0.0009717209214644542,0.013740134052131656,0.21811786609578335,-1.1226667333225684,-0.11433398612505064,18.73728813559322,0.5084745762711864,-0.000912162003976603,False
base_macro_breadth_internal_structure__fold_05__seed999,bear_high_vol,fold_05,999,base_macro_breadth_internal_structure,market_internal_breadth,False,checkpoint_robust_score,checkpoint,dow30_equal_weight_rebalance_matched,1,0.0154572864114417,0.0,0.0,,0.0,,1.0,0.00014863487426780043,True
base_macro_breadth_internal_structure__fold_05__seed999,bear_low_vol,fold_05,999,base_macro_breadth_internal_structure,market_internal_breadth,False,checkpoint_robust_score,checkpoint,dow30_equal_weight_rebalance_matched,1,-0.0213371695757771,0.0,0.0,,0.0,2.0,0.0,0.0012613271102999007,True
base_macro_breadth_internal_structure__fold_05__seed999,unknown,fold_05,999,base_macro_breadth_internal_structure,market_internal_breadth,False,checkpoint_robust_score,checkpoint,dow30_equal_weight_rebalance_matched,59,-0.00018016058249697043,0.01447898822523761,0.22984681247886707,-0.1975248919034317,-0.09332321778355879,12.110169491525424,0.5423728813559322,-0.0001206016650091191,False
base_macro_breadth_internal_structure__fold_06__seed123,bull_low_vol,fold_06,123,base_macro_breadth_internal_structure,market_internal_breadth,False,checkpoint_robust_score,checkpoint,dow30_equal_weight_rebalance_matched,5,0.0023825998449763,0.0015813889183519181,0.025103770824195615,,0.0,0.0,1.0,-5.840711819037885e-05,True
base_macro_breadth_internal_structure__fold_06__seed123,unknown,fold_06,123,base_macro_breadth_internal_structure,market_internal_breadth,False,checkpoint_robust_score,checkpoint,dow30_equal_weight_rebalance_matched,59,0.0012058854456460438,0.004783883699751877,0.07594179942359432,4.001526624458543,-0.01322194503861085,15.254237288135593,0.576271186440678,-0.00046551315533512034,False
base_macro_breadth_internal_structure__fold_06__seed42,bull_low_vol,fold_06,42,base_macro_breadth_internal_structure,market_internal_breadth,False,checkpoint_robust_score,best_model,dow30_equal_weight_rebalance_matched,5,0.0034784116355006597,0.0027935930404757057,0.04434691469651709,,0.0,0.0,1.0,0.0010374046723339813,True
base_macro_breadth_internal_structure__fold_06__seed42,unknown,fold_06,42,base_macro_breadth_internal_structure,market_internal_breadth,False,checkpoint_robust_score,best_model,dow30_equal_weight_rebalance_matched,59,0.0010583166629509005,0.00477994220268206,0.07587923009735417,3.514740446383711,-0.021075496963195883,14.627118644067796,0.6101694915254238,-0.0006130819380302638,False
base_macro_breadth_internal_structure__fold_06__seed999,bull_low_vol,fold_06,999,base_macro_breadth_internal_structure,market_internal_breadth,False,checkpoint_robust_score,checkpoint,dow30_equal_weight_rebalance_matched,5,0.00321348110821418,0.00277632349674042,0.04407276918864237,,0.0,0.0,1.0,0.0007724741450475011,True
base_macro_breadth_internal_structure__fold_06__seed999,unknown,fold_06,999,base_macro_breadth_internal_structure,market_internal_breadth,False,checkpoint_robust_score,checkpoint,dow30_equal_weight_rebalance_matched,59,0.0011444311375749968,0.00520846397272892,0.08268180230688137,3.4880304809816276,-0.021531500357391264,11.016949152542374,0.6440677966101694,-0.0005269674634061676,False
base_macro_breadth_internal_structure__fold_07__seed123,bull_high_vol,fold_07,123,base_macro_breadth_internal_structure,market_internal_breadth,False,checkpoint_robust_score,checkpoint,dow30_equal_weight_rebalance_matched,3,0.004593842882963433,0.0052310659773563625,0.08304059800713583,,-0.001679234476773761,0.0,0.6666666666666666,0.0003520462740564667,True
base_macro_breadth_internal_structure__fold_07__seed123,unknown,fold_07,123,base_macro_breadth_internal_structure,market_internal_breadth,False,checkpoint_robust_score,checkpoint,dow30_equal_weight_rebalance_matched,59,0.0016493254381984015,0.006580309753750358,0.10445917894917674,3.978874950072283,-0.022937848261489147,12.271186440677965,0.6440677966101694,-0.0007989709209370568,False
base_macro_breadth_internal_structure__fold_07__seed42,bull_high_vol,fold_07,42,base_macro_breadth_internal_structure,market_internal_breadth,False,checkpoint_robust_score,checkpoint,dow30_equal_weight_rebalance_matched,3,0.0037568015141281,0.006377992516136105,0.10124749236916349,,-0.0026227175066357855,0.0,0.6666666666666666,-0.00048499509477886645,True
base_macro_breadth_internal_structure__fold_07__seed42,unknown,fold_07,42,base_macro_breadth_internal_structure,market_internal_breadth,False,checkpoint_robust_score,checkpoint,dow30_equal_weight_rebalance_matched,59,0.0017548191218219812,0.00652613215264131,0.10359913619418915,4.26851453539381,-0.023685144633492805,5.932203389830509,0.6271186440677966,-0.0006934772373134771,False
base_macro_breadth_internal_structure__fold_07__seed999,bull_high_vol,fold_07,999,base_macro_breadth_internal_structure,market_internal_breadth,False,checkpoint_robust_score,best_model,dow30_equal_weight_rebalance_matched,3,0.003185157513653067,0.004294075324996645,0.06816633252551989,,-0.0028871962944733154,0.5,0.6666666666666666,-0.0010566390952539,True
base_macro_breadth_internal_structure__fold_07__seed999,unknown,fold_07,999,base_macro_breadth_internal_structure,market_internal_breadth,False,checkpoint_robust_score,best_model,dow30_equal_weight_rebalance_matched,59,0.000965207419318939,0.00696592907487195,0.11058069589575248,2.1995906943620116,-0.043844242316058324,12.415254237288135,0.5932203389830508,-0.0014830889398165193,False
base_macro_breadth_internal_structure__fold_08__seed123,bear_low_vol,fold_08,123,base_macro_breadth_internal_structure,market_internal_breadth,False,checkpoint_robust_score,best_model,dow30_equal_weight_rebalance_matched,1,0.0061016902133028,0.0,0.0,,0.0,,1.0,5.665814570189956e-05,True
base_macro_breadth_internal_structure__fold_08__seed123,bull_low_vol,fold_08,123,base_macro_breadth_internal_structure,market_internal_breadth,False,checkpoint_robust_score,best_model,dow30_equal_weight_rebalance_matched,4,-0.0066435190035245995,0.008395007938653862,0.1332666195605466,,-0.028189980862465158,0.0,0.25,0.0007064905003404502,True
base_macro_breadth_internal_structure__fold_08__seed123,unknown,fold_08,123,base_macro_breadth_internal_structure,market_internal_breadth,False,checkpoint_robust_score,best_model,dow30_equal_weight_rebalance_matched,59,-6.516860488276785e-05,0.009153872867460102,0.1453132268424069,-0.11301440885534661,-0.07162239185693853,12.711864406779661,0.5254237288135594,-8.890751212800844e-05,False
base_macro_breadth_internal_structure__fold_08__seed42,bear_low_vol,fold_08,42,base_macro_breadth_internal_structure,market_internal_breadth,False,checkpoint_robust_score,checkpoint,dow30_equal_weight_rebalance_matched,1,0.0029023693469811,0.0,0.0,,0.0,,1.0,-0.0031426627206198004,True
base_macro_breadth_internal_structure__fold_08__seed42,bull_low_vol,fold_08,42,base_macro_breadth_internal_structure,market_internal_breadth,False,checkpoint_robust_score,checkpoint,dow30_equal_weight_rebalance_matched,4,-0.008818702155564,0.01063191501173455,0.16877641848854394,,-0.03830964571946627,0.0,0.5,-0.001468692651698949,True
base_macro_breadth_internal_structure__fold_08__seed42,unknown,fold_08,42,base_macro_breadth_internal_structure,market_internal_breadth,False,checkpoint_robust_score,checkpoint,dow30_equal_weight_rebalance_matched,59,-0.0005068166757121412,0.010040585618945908,0.15938935539109447,-0.8012944275110329,-0.08322328413435298,11.016949152542374,0.5254237288135594,-0.0005305555829573821,False
base_macro_breadth_internal_structure__fold_08__seed999,bear_low_vol,fold_08,999,base_macro_breadth_internal_structure,market_internal_breadth,False,checkpoint_robust_score,best_model,dow30_equal_weight_rebalance_matched,1,0.0040869602672171,0.0,0.0,,0.0,,1.0,-0.0019580718003838005,True
base_macro_breadth_internal_structure__fold_08__seed999,bull_low_vol,fold_08,999,base_macro_breadth_internal_structure,market_internal_breadth,False,checkpoint_robust_score,best_model,dow30_equal_weight_rebalance_matched,4,-0.009129966434400026,0.007519374422619868,0.11936636842219239,,-0.03249742443776149,0.0,0.0,-0.0017799569305349745,True
base_macro_breadth_internal_structure__fold_08__seed999,unknown,fold_08,999,base_macro_breadth_internal_structure,market_internal_breadth,False,checkpoint_robust_score,best_model,dow30_equal_weight_rebalance_matched,59,1.7058226342923237e-05,0.010014577226802162,0.15897648496541647,0.02703967847415788,-0.08428338658110779,13.254237288135593,0.5254237288135594,-6.68068090231733e-06,False
base_macro_breadth_internal_structure__fold_09__seed123,bear_high_vol,fold_09,123,base_macro_breadth_internal_structure,market_internal_breadth,False,checkpoint_robust_score,best_model,dow30_equal_weight_rebalance_matched,4,-0.016534655949527022,0.026843466732021877,0.4261268237985936,,-0.0453696702668166,0.0,0.25,-0.004540206344037549,True
base_macro_breadth_internal_structure__fold_09__seed123,unknown,fold_09,123,base_macro_breadth_internal_structure,market_internal_breadth,False,checkpoint_robust_score,best_model,dow30_equal_weight_rebalance_matched,59,-0.0028442289182542576,0.037226255001434026,0.5909484778564131,-1.212873396340697,-0.31712507135245616,11.864406779661017,0.4745762711864407,-0.00038241747661987776,False
base_macro_breadth_internal_structure__fold_09__seed42,bear_high_vol,fold_09,42,base_macro_breadth_internal_structure,market_internal_breadth,False,checkpoint_robust_score,best_model,dow30_equal_weight_rebalance_matched,4,-0.0125410998816711,0.024119866129242277,0.382891004604871,,-0.036534447559996464,0.0,0.25,-0.0005466502761816254,True
base_macro_breadth_internal_structure__fold_09__seed42,unknown,fold_09,42,base_macro_breadth_internal_structure,market_internal_breadth,False,checkpoint_robust_score,best_model,dow30_equal_weight_rebalance_matched,59,-0.0019034497719297022,0.03748442179041902,0.5950467485789954,-0.8061036274406371,-0.2818485589851557,13.677966101694915,0.4406779661016949,0.0005583616697046777,False
base_macro_breadth_internal_structure__fold_09__seed999,bear_high_vol,fold_09,999,base_macro_breadth_internal_structure,market_internal_breadth,False,checkpoint_robust_score,checkpoint,dow30_equal_weight_rebalance_matched,4,-0.022905231736597222,0.025121986269348702,0.39879916865205584,,-0.06877576329687729,2.6666666666666665,0.25,-0.010910782131107747,True
base_macro_breadth_internal_structure__fold_09__seed999,unknown,fold_09,999,base_macro_breadth_internal_structure,market_internal_breadth,False,checkpoint_robust_score,checkpoint,dow30_equal_weight_rebalance_matched,59,-0.0038544091045167247,0.04402735813156988,0.6989126429958677,-1.3897460635061907,-0.4069517029026961,12.59322033898305,0.4406779661016949,-0.0013925976628823447,False
base_macro_breadth_internal_structure__fold_10__seed123,bear_high_vol,fold_10,123,base_macro_breadth_internal_structure,market_internal_breadth,False,checkpoint_robust_score,checkpoint,dow30_equal_weight_rebalance_matched,5,0.00253075068664616,0.009651721898923915,0.1532163352086526,,-0.010816019017508616,0.0,0.6,-0.0007248776147529799,True
base_macro_breadth_internal_structure__fold_10__seed123,unknown,fold_10,123,base_macro_breadth_internal_structure,market_internal_breadth,False,checkpoint_robust_score,checkpoint,dow30_equal_weight_rebalance_matched,59,0.0002566327443836017,0.010087539382372591,0.16013472327796785,0.4038565169429775,-0.08705358320328527,13.423728813559322,0.5423728813559322,-0.0006517138679124286,False
base_macro_breadth_internal_structure__fold_10__seed42,bear_high_vol,fold_10,42,base_macro_breadth_internal_structure,market_internal_breadth,False,checkpoint_robust_score,checkpoint,dow30_equal_weight_rebalance_matched,5,0.00279438589570092,0.008443043267657584,0.1340291567686807,,-0.008246452912661795,0.0,0.6,-0.00046124240569822024,True
base_macro_breadth_internal_structure__fold_10__seed42,unknown,fold_10,42,base_macro_breadth_internal_structure,market_internal_breadth,False,checkpoint_robust_score,checkpoint,dow30_equal_weight_rebalance_matched,59,0.0015063180510463728,0.010093853716203612,0.16023496022003939,2.3689720916235686,-0.07130378240553603,10.186440677966102,0.5932203389830508,0.0005979714387503426,False
base_macro_breadth_internal_structure__fold_10__seed999,bear_high_vol,fold_10,999,base_macro_breadth_internal_structure,market_internal_breadth,False,checkpoint_robust_score,checkpoint,dow30_equal_weight_rebalance_matched,5,0.0037407391841186395,0.00958707646467991,0.15219012075422014,,-0.011347217963336487,0.0,0.6,0.0004851108827195,True
base_macro_breadth_internal_structure__fold_10__seed999,unknown,fold_10,999,base_macro_breadth_internal_structure,market_internal_breadth,False,checkpoint_robust_score,checkpoint,dow30_equal_weight_rebalance_matched,59,0.0006157474118706202,0.009952552639481324,0.1579918751660824,0.98212865457975,-0.08769034768759898,14.389830508474576,0.559322033898305,-0.00029259920042541004,False
base_macro_breadth_internal_structure__fold_11__seed123,bull_low_vol,fold_11,123,base_macro_breadth_internal_structure,market_internal_breadth,False,checkpoint_robust_score,checkpoint,dow30_equal_weight_rebalance_matched,3,-0.0007702107016100667,0.004062582511770765,0.06449149804095347,,-0.005723078415380001,0.0,0.3333333333333333,-0.00025561183069620013,True
base_macro_breadth_internal_structure__fold_11__seed123,unknown,fold_11,123,base_macro_breadth_internal_structure,market_internal_breadth,False,checkpoint_robust_score,checkpoint,dow30_equal_weight_rebalance_matched,59,0.0014554561188470064,0.010099844710323961,0.16033006430333036,2.2876242427966584,-0.04634176039298499,17.11864406779661,0.6271186440677966,5.5702455661769726e-05,False
base_macro_breadth_internal_structure__fold_11__seed42,bull_low_vol,fold_11,42,base_macro_breadth_internal_structure,market_internal_breadth,False,checkpoint_robust_score,checkpoint,dow30_equal_weight_rebalance_matched,3,-0.0005500537136324665,0.0032247280991595105,0.0511909715770686,,-0.00132040695830693,0.0,0.3333333333333333,-3.5454842718600065e-05,True
base_macro_breadth_internal_structure__fold_11__seed42,unknown,fold_11,42,base_macro_breadth_internal_structure,market_internal_breadth,False,checkpoint_robust_score,checkpoint,dow30_equal_weight_rebalance_matched,59,0.0013198540443408045,0.009065851873926072,0.1439159368881437,2.3110937285034194,-0.04336419327577612,13.559322033898304,0.6271186440677966,-7.989961884443195e-05,False
base_macro_breadth_internal_structure__fold_11__seed999,bull_low_vol,fold_11,999,base_macro_breadth_internal_structure,market_internal_breadth,False,checkpoint_robust_score,checkpoint,dow30_equal_weight_rebalance_matched,3,-0.0027997429134584,0.0025774199764797613,0.04091527369161237,,-0.0067783339587125235,0.5,0.0,-0.0022851440425445332,True
base_macro_breadth_internal_structure__fold_11__seed999,unknown,fold_11,999,base_macro_breadth_internal_structure,market_internal_breadth,False,checkpoint_robust_score,checkpoint,dow30_equal_weight_rebalance_matched,59,0.00145542162422503,0.008088401949339156,0.12839940037128877,2.8564483030616996,-0.04586610527760748,10.76271186440678,0.6101694915254238,5.566796103979359e-05,False
base_macro_breadth_internal_structure__fold_12__seed123,bear_high_vol,fold_12,123,base_macro_breadth_internal_structure,market_internal_breadth,False,checkpoint_robust_score,best_model,dow30_equal_weight_rebalance_matched,4,-0.0028188669784132,0.012818462602488935,0.20348678541820514,,-0.011084295958042834,0.0,0.5,-0.00033562725736980105,True
base_macro_breadth_internal_structure__fold_12__seed123,unknown,fold_12,123,base_macro_breadth_internal_structure,market_internal_breadth,False,checkpoint_robust_score,best_model,dow30_equal_weight_rebalance_matched,59,0.0003141847583231086,0.006794122200007799,0.10785334630922205,0.7340945998135757,-0.03907435941640813,13.559322033898304,0.5254237288135594,0.00024830451196206776,False
base_macro_breadth_internal_structure__fold_12__seed42,bear_high_vol,fold_12,42,base_macro_breadth_internal_structure,market_internal_breadth,False,checkpoint_robust_score,checkpoint,dow30_equal_weight_rebalance_matched,4,-0.0061899869575282,0.010842290400650097,0.17211602425477812,,-0.015457854537272664,0.0,0.5,-0.0037067472364848003,True
base_macro_breadth_internal_structure__fold_12__seed42,unknown,fold_12,42,base_macro_breadth_internal_structure,market_internal_breadth,False,checkpoint_robust_score,checkpoint,dow30_equal_weight_rebalance_matched,59,0.0005497514485019099,0.006527094094865874,0.1036144065536,1.3370473241171879,-0.04229544849605238,11.864406779661017,0.576271186440678,0.00048387120214086923,False
base_macro_breadth_internal_structure__fold_12__seed999,bear_high_vol,fold_12,999,base_macro_breadth_internal_structure,market_internal_breadth,False,checkpoint_robust_score,checkpoint,dow30_equal_weight_rebalance_matched,4,-0.004911168723655801,0.013795109335805094,0.2189905716689142,,-0.015787302858698893,0.0,0.5,-0.0024279290026124,True
base_macro_breadth_internal_structure__fold_12__seed999,unknown,fold_12,999,base_macro_breadth_internal_structure,market_internal_breadth,False,checkpoint_robust_score,checkpoint,dow30_equal_weight_rebalance_matched,59,0.0004430425276182826,0.0059688800748161274,0.0947530337011925,1.1782917401029043,-0.03397581870911137,13.559322033898304,0.4915254237288136,0.000377162281257242,False
base_macro_breadth_internal_structure__fold_13__seed123,bull_high_vol,fold_13,123,base_macro_breadth_internal_structure,market_internal_breadth,False,checkpoint_robust_score,checkpoint,dow30_equal_weight_rebalance_matched,1,0.0030048750094098,0.0,0.0,,0.0,,1.0,-0.0009491694746508001,True
base_macro_breadth_internal_structure__fold_13__seed123,bull_low_vol,fold_13,123,base_macro_breadth_internal_structure,market_internal_breadth,False,checkpoint_robust_score,checkpoint,dow30_equal_weight_rebalance_matched,2,-0.00827103769482155,0.01012531038455965,0.16073431934930765,,-0.018396348079381175,0.0,0.5,0.0003553303060008003,True
base_macro_breadth_internal_structure__fold_13__seed123,unknown,fold_13,123,base_macro_breadth_internal_structure,market_internal_breadth,False,checkpoint_robust_score,checkpoint,dow30_equal_weight_rebalance_matched,59,0.00043943560846295066,0.011304352930671757,0.1794510395223699,0.617091846485845,-0.07656314453162416,11.864406779661017,0.5084745762711864,0.0005769060669282512,False
base_macro_breadth_internal_structure__fold_13__seed42,bull_high_vol,fold_13,42,base_macro_breadth_internal_structure,market_internal_breadth,False,checkpoint_robust_score,checkpoint,dow30_equal_weight_rebalance_matched,1,0.0036511544929496,0.0,0.0,,0.0,,1.0,-0.0003028899911109999,True
base_macro_breadth_internal_structure__fold_13__seed42,bull_low_vol,fold_13,42,base_macro_breadth_internal_structure,market_internal_breadth,False,checkpoint_robust_score,checkpoint,dow30_equal_weight_rebalance_matched,2,-0.00428612996849905,0.01166460433471095,0.18516985326966723,,-0.015950734303209924,0.0,0.5,0.0043402380323233,True
base_macro_breadth_internal_structure__fold_13__seed42,unknown,fold_13,42,base_macro_breadth_internal_structure,market_internal_breadth,False,checkpoint_robust_score,checkpoint,dow30_equal_weight_rebalance_matched,59,0.00015250481331573898,0.011060369795246498,0.1755779273197957,0.2188840792360422,-0.08079169738558567,14.186440677966102,0.4745762711864407,0.0002899752717810393,False
base_macro_breadth_internal_structure__fold_13__seed999,bull_high_vol,fold_13,999,base_macro_breadth_internal_structure,market_internal_breadth,False,checkpoint_robust_score,checkpoint,dow30_equal_weight_rebalance_matched,1,0.0055714660234211,0.0,0.0,,0.0,,1.0,0.0016174215393604998,True
base_macro_breadth_internal_structure__fold_13__seed999,bull_low_vol,fold_13,999,base_macro_breadth_internal_structure,market_internal_breadth,False,checkpoint_robust_score,checkpoint,dow30_equal_weight_rebalance_matched,2,-0.006884643859779551,0.00974720434961015,0.15473207212317322,,-0.016631848209389455,0.0,0.5,0.001741724141042799,True
base_macro_breadth_internal_structure__fold_13__seed999,unknown,fold_13,999,base_macro_breadth_internal_structure,market_internal_breadth,False,checkpoint_robust_score,checkpoint,dow30_equal_weight_rebalance_matched,59,-0.00029373518106290685,0.010152081863188547,0.1611593033973969,-0.459304949000221,-0.08676903599488806,12.016949152542374,0.423728813559322,-0.00015626472259760668,False
base_macro_breadth_internal_structure__fold_14__seed123,bear_high_vol,fold_14,123,base_macro_breadth_internal_structure,market_internal_breadth,False,checkpoint_robust_score,checkpoint,dow30_equal_weight_rebalance_matched,5,0.0007088579218744999,0.016285828895974512,0.258529518919789,,-0.02941310743236425,0.75,0.4,-0.00013416851551350026,True
base_macro_breadth_internal_structure__fold_14__seed123,unknown,fold_14,123,base_macro_breadth_internal_structure,market_internal_breadth,False,checkpoint_robust_score,checkpoint,dow30_equal_weight_rebalance_matched,59,-0.0006110464054757254,0.010005913475127358,0.15883895217130237,-0.9694328253551854,-0.11129102979337013,14.627118644067796,0.4915254237288136,0.0003460600960746612,False
base_macro_breadth_internal_structure__fold_14__seed42,bear_high_vol,fold_14,42,base_macro_breadth_internal_structure,market_internal_breadth,False,checkpoint_robust_score,checkpoint,dow30_equal_weight_rebalance_matched,5,0.0025192531129800207,0.01742082541343819,0.2765470300645886,,-0.02955412750691566,0.0,0.4,0.0016762266755920205,True
base_macro_breadth_internal_structure__fold_14__seed42,unknown,fold_14,42,base_macro_breadth_internal_structure,market_internal_breadth,False,checkpoint_robust_score,checkpoint,dow30_equal_weight_rebalance_matched,59,-0.0009432209973436594,0.010610819163887798,0.16844153228595254,-1.4111228276354553,-0.13416888367555657,12.711864406779661,0.4406779661016949,1.3885504206727097e-05,False
base_macro_breadth_internal_structure__fold_14__seed999,bear_high_vol,fold_14,999,base_macro_breadth_internal_structure,market_internal_breadth,False,checkpoint_robust_score,best_model,dow30_equal_weight_rebalance_matched,5,0.0036130829298196402,0.01536638334666649,0.24393377331458374,,-0.02065130708315266,0.0,0.4,0.0027700564924316396,True
base_macro_breadth_internal_structure__fold_14__seed999,unknown,fold_14,999,base_macro_breadth_internal_structure,market_internal_breadth,False,checkpoint_robust_score,best_model,dow30_equal_weight_rebalance_matched,59,-0.0006633370771700408,0.009773719024131901,0.15515297953244347,-1.0773943494388125,-0.11130003718660497,10.186440677966102,0.4915254237288136,0.00029376942438034574,False
base_macro_credit_stress_proxies__fold_01__seed123,bull_low_vol,fold_01,123,base_macro_credit_stress_proxies,credit_stress_proxies,False,checkpoint_robust_score,best_model,dow30_equal_weight_rebalance_matched,3,0.0033792584147713,0.003610866505932301,0.05732072875289762,,-0.001706642372157674,0.0,0.6666666666666666,-0.0006532948447665003,True
base_macro_credit_stress_proxies__fold_01__seed123,unknown,fold_01,123,base_macro_credit_stress_proxies,credit_stress_proxies,False,checkpoint_robust_score,best_model,dow30_equal_weight_rebalance_matched,59,0.0014186658151446228,0.008002771773972107,0.12704006347882443,2.8141026982093345,-0.034980688354612766,13.813559322033898,0.6271186440677966,0.0010788394766035197,False
base_macro_credit_stress_proxies__fold_01__seed42,bull_low_vol,fold_01,42,base_macro_credit_stress_proxies,credit_stress_proxies,False,checkpoint_robust_score,last_model,dow30_equal_weight_rebalance_matched,3,0.0023208010219146,0.004931262497811821,0.07828136531273563,,-0.004440036064348507,0.0,0.6666666666666666,-0.0017117522376232002,True
base_macro_credit_stress_proxies__fold_01__seed42,unknown,fold_01,42,base_macro_credit_stress_proxies,credit_stress_proxies,False,checkpoint_robust_score,last_model,dow30_equal_weight_rebalance_matched,59,0.0012364948031269374,0.010171560577232279,0.16146851839671125,1.9297674461991892,-0.05109468797594785,12.203389830508474,0.559322033898305,0.0008966684645858344,False
base_macro_credit_stress_proxies__fold_01__seed999,bull_low_vol,fold_01,999,base_macro_credit_stress_proxies,credit_stress_proxies,False,checkpoint_robust_score,best_model,dow30_equal_weight_rebalance_matched,3,0.0054410835773426,0.0059717262090579265,0.09479821468160272,,-0.0029654211692349275,0.0,0.6666666666666666,0.0014085303178047997,True
base_macro_credit_stress_proxies__fold_01__seed999,unknown,fold_01,999,base_macro_credit_stress_proxies,credit_stress_proxies,False,checkpoint_robust_score,best_model,dow30_equal_weight_rebalance_matched,59,0.0013780698582626922,0.00988107816631813,0.15685725307960735,2.213946741155489,-0.05789103526225747,11.016949152542374,0.6271186440677966,0.0010382435197215897,False
base_macro_credit_stress_proxies__fold_02__seed123,bear_high_vol,fold_02,123,base_macro_credit_stress_proxies,credit_stress_proxies,False,checkpoint_robust_score,checkpoint,dow30_equal_weight_rebalance_matched,4,0.002910478186098925,0.008206112879727771,0.13026800346170264,,-0.010590827017331828,0.25,0.75,8.042916276872517e-05,True
base_macro_credit_stress_proxies__fold_02__seed123,bull_high_vol,fold_02,123,base_macro_credit_stress_proxies,credit_stress_proxies,False,checkpoint_robust_score,checkpoint,dow30_equal_weight_rebalance_matched,1,-0.0047288111369317,0.0,0.0,,0.0,,0.0,-0.0015701321827102,True
base_macro_credit_stress_proxies__fold_02__seed123,unknown,fold_02,123,base_macro_credit_stress_proxies,credit_stress_proxies,False,checkpoint_robust_score,checkpoint,dow30_equal_weight_rebalance_matched,59,-9.90607118077969e-05,0.005128841530656211,0.08141783522385716,-0.30660726003004857,-0.0421348400395658,19.084745762711865,0.5254237288135594,-0.0005830966434204237,False
base_macro_credit_stress_proxies__fold_02__seed42,bear_high_vol,fold_02,42,base_macro_credit_stress_proxies,credit_stress_proxies,False,checkpoint_robust_score,checkpoint,dow30_equal_weight_rebalance_matched,4,0.00349304471372345,0.007386196148611429,0.1172522288638135,,-0.008979983093360233,0.0,0.75,0.0006629956903932502,True
base_macro_credit_stress_proxies__fold_02__seed42,bull_high_vol,fold_02,42,base_macro_credit_stress_proxies,credit_stress_proxies,False,checkpoint_robust_score,checkpoint,dow30_equal_weight_rebalance_matched,1,-0.0044266749302184,0.0,0.0,,0.0,,0.0,-0.0012679959759969001,True
base_macro_credit_stress_proxies__fold_02__seed42,unknown,fold_02,42,base_macro_credit_stress_proxies,credit_stress_proxies,False,checkpoint_robust_score,checkpoint,dow30_equal_weight_rebalance_matched,59,0.00012756679096647644,0.005193539438891253,0.08244488267707314,0.3899190620413326,-0.028325312438254757,15.101694915254237,0.559322033898305,-0.00035646914064615053,False
base_macro_credit_stress_proxies__fold_02__seed999,bear_high_vol,fold_02,999,base_macro_credit_stress_proxies,credit_stress_proxies,False,checkpoint_robust_score,best_model,dow30_equal_weight_rebalance_matched,4,0.0014803826429318247,0.009435665407873252,0.14978654474188477,,-0.0144315109880635,0.125,0.75,-0.0013496663803983754,True
base_macro_credit_stress_proxies__fold_02__seed999,bull_high_vol,fold_02,999,base_macro_credit_stress_proxies,credit_stress_proxies,False,checkpoint_robust_score,best_model,dow30_equal_weight_rebalance_matched,1,-0.0050732173789839,0.0,0.0,,0.0,,0.0,-0.0019145384247624005,True
base_macro_credit_stress_proxies__fold_02__seed999,unknown,fold_02,999,base_macro_credit_stress_proxies,credit_stress_proxies,False,checkpoint_robust_score,best_model,dow30_equal_weight_rebalance_matched,59,8.85027145273287e-05,0.005147892987748039,0.08172026772932753,0.27291496565769224,-0.02547687900030471,11.61864406779661,0.5254237288135594,-0.00039553321708529814,False
base_macro_credit_stress_proxies__fold_03__seed123,bear_low_vol,fold_03,123,base_macro_credit_stress_proxies,credit_stress_proxies,False,checkpoint_robust_score,best_model,dow30_equal_weight_rebalance_matched,3,0.0006445202417562332,0.002738111896877248,0.043466178846027194,,-0.0029874406512019336,0.0,0.6666666666666666,0.0004374855357909998,True
base_macro_credit_stress_proxies__fold_03__seed123,unknown,fold_03,123,base_macro_credit_stress_proxies,credit_stress_proxies,False,checkpoint_robust_score,best_model,dow30_equal_weight_rebalance_matched,59,0.001039278488694156,0.004444623001222188,0.07055620279602864,3.711908645481537,-0.022573680238865634,11.627118644067796,0.5254237288135594,3.064314286278825e-05,False
base_macro_credit_stress_proxies__fold_03__seed42,bear_low_vol,fold_03,42,base_macro_credit_stress_proxies,credit_stress_proxies,False,checkpoint_robust_score,best_model,dow30_equal_weight_rebalance_matched,3,0.0007305057616043667,0.003612700568303313,0.0573498435904337,,-0.003473548088634537,0.0,0.6666666666666666,0.0005234710556391333,True
base_macro_credit_stress_proxies__fold_03__seed42,unknown,fold_03,42,base_macro_credit_stress_proxies,credit_stress_proxies,False,checkpoint_robust_score,best_model,dow30_equal_weight_rebalance_matched,59,0.0004318695525041884,0.004884924816668492,0.0775457774289157,1.4034436282596854,-0.038930878386509216,11.016949152542374,0.4576271186440678,-0.0005767657933271794,False
base_macro_credit_stress_proxies__fold_03__seed999,bear_low_vol,fold_03,999,base_macro_credit_stress_proxies,credit_stress_proxies,False,checkpoint_robust_score,best_model,dow30_equal_weight_rebalance_matched,3,0.00036989782967810004,0.002910486714876187,0.04620254425031847,,-0.0033687963526969344,0.0,0.6666666666666666,0.0001628631237128667,True
base_macro_credit_stress_proxies__fold_03__seed999,unknown,fold_03,999,base_macro_credit_stress_proxies,credit_stress_proxies,False,checkpoint_robust_score,best_model,dow30_equal_weight_rebalance_matched,59,0.0007657918732388244,0.004959653094015363,0.0787320520555002,2.45109262388014,-0.03168134233413589,13.322033898305085,0.4745762711864407,-0.00024284347259254346,False
base_macro_credit_stress_proxies__fold_04__seed123,bull_low_vol,fold_04,123,base_macro_credit_stress_proxies,credit_stress_proxies,False,checkpoint_robust_score,best_model,dow30_equal_weight_rebalance_matched,5,0.0035130281919149202,0.0022275066700677116,0.03536057215642061,,0.0,0.0,1.0,0.0007983849964846,True
base_macro_credit_stress_proxies__fold_04__seed123,unknown,fold_04,123,base_macro_credit_stress_proxies,credit_stress_proxies,False,checkpoint_robust_score,best_model,dow30_equal_weight_rebalance_matched,59,0.0009478805073863939,0.004003720052740453,0.06355708547204188,3.7582888845091236,-0.013571609557150643,14.186440677966102,0.576271186440678,0.00011557459130820717,False
base_macro_credit_stress_proxies__fold_04__seed42,bull_low_vol,fold_04,42,base_macro_credit_stress_proxies,credit_stress_proxies,False,checkpoint_robust_score,checkpoint,dow30_equal_weight_rebalance_matched,5,3.9830494904036226e-05,3.791827821251542e-05,0.0006019340057644476,,-9.18322637977198e-06,0.0,0.8,-0.002674812700526284,True
base_macro_credit_stress_proxies__fold_04__seed42,unknown,fold_04,42,base_macro_credit_stress_proxies,credit_stress_proxies,False,checkpoint_robust_score,checkpoint,dow30_equal_weight_rebalance_matched,59,1.0621980394906595e-05,3.9596113289975937e-05,0.0006285688119000954,4.2584662312865476,-9.124038820806923e-05,0.0,0.559322033898305,-0.0008216839356832799,False
base_macro_credit_stress_proxies__fold_04__seed999,bull_low_vol,fold_04,999,base_macro_credit_stress_proxies,credit_stress_proxies,False,checkpoint_robust_score,checkpoint,dow30_equal_weight_rebalance_matched,5,0.0030936403939273603,0.0019079557908951424,0.030287859211284605,,0.0,0.25,1.0,0.00037899719849703993,True
base_macro_credit_stress_proxies__fold_04__seed999,unknown,fold_04,999,base_macro_credit_stress_proxies,credit_stress_proxies,False,checkpoint_robust_score,checkpoint,dow30_equal_weight_rebalance_matched,59,0.0012418739327464995,0.005185393372272889,0.08231556787845981,3.801859588871411,-0.017280918909895693,10.372881355932204,0.6440677966101694,0.0004095680166683131,False
base_macro_credit_stress_proxies__fold_05__seed123,bear_high_vol,fold_05,123,base_macro_credit_stress_proxies,credit_stress_proxies,False,checkpoint_robust_score,last_model,dow30_equal_weight_rebalance_matched,1,0.0156977700762057,0.0,0.0,,0.0,,1.0,0.0003891185390318009,True
base_macro_credit_stress_proxies__fold_05__seed123,bear_low_vol,fold_05,123,base_macro_credit_stress_proxies,credit_stress_proxies,False,checkpoint_robust_score,last_model,dow30_equal_weight_rebalance_matched,1,-0.0202686276427274,0.0,0.0,,0.0,0.0,0.0,0.0023298690433496,True
base_macro_credit_stress_proxies__fold_05__seed123,unknown,fold_05,123,base_macro_credit_stress_proxies,credit_stress_proxies,False,checkpoint_robust_score,last_model,dow30_equal_weight_rebalance_matched,59,-5.9938287130252565e-05,0.01418282806144715,0.2251454156290648,-0.06708752347731022,-0.08661233049609585,13.559322033898304,0.559322033898305,-3.7936964240120257e-07,False
base_macro_credit_stress_proxies__fold_05__seed42,bear_high_vol,fold_05,42,base_macro_credit_stress_proxies,credit_stress_proxies,False,checkpoint_robust_score,checkpoint,dow30_equal_weight_rebalance_matched,1,0.016958875068429,0.0,0.0,,0.0,,1.0,0.0016502235312551,True
base_macro_credit_stress_proxies__fold_05__seed42,bear_low_vol,fold_05,42,base_macro_credit_stress_proxies,credit_stress_proxies,False,checkpoint_robust_score,checkpoint,dow30_equal_weight_rebalance_matched,1,-0.0156388621290559,0.0,0.0,,0.0,1.0,0.0,0.006959634557021099,True
base_macro_credit_stress_proxies__fold_05__seed42,unknown,fold_05,42,base_macro_credit_stress_proxies,credit_stress_proxies,False,checkpoint_robust_score,checkpoint,dow30_equal_weight_rebalance_matched,59,-0.0003954089926416271,0.014144016318178196,0.22452929830523358,-0.44378647641000285,-0.08767649929243837,12.14406779661017,0.559322033898305,-0.00033585007515377606,False
base_macro_credit_stress_proxies__fold_05__seed999,bear_high_vol,fold_05,999,base_macro_credit_stress_proxies,credit_stress_proxies,False,checkpoint_robust_score,checkpoint,dow30_equal_weight_rebalance_matched,1,0.0166632979716887,0.0,0.0,,0.0,,1.0,0.0013546464345147984,True
base_macro_credit_stress_proxies__fold_05__seed999,bear_low_vol,fold_05,999,base_macro_credit_stress_proxies,credit_stress_proxies,False,checkpoint_robust_score,checkpoint,dow30_equal_weight_rebalance_matched,1,-0.0185432102989926,0.0,0.0,,0.0,0.0,0.0,0.004055286387084401,True
base_macro_credit_stress_proxies__fold_05__seed999,unknown,fold_05,999,base_macro_credit_stress_proxies,credit_stress_proxies,False,checkpoint_robust_score,checkpoint,dow30_equal_weight_rebalance_matched,59,-0.0003998660676210272,0.013060239071428587,0.20732486787629506,-0.4860306921822001,-0.10710111371446551,15.567796610169491,0.5932203389830508,-0.00034030715013317584,False
base_macro_credit_stress_proxies__fold_06__seed123,bull_low_vol,fold_06,123,base_macro_credit_stress_proxies,credit_stress_proxies,False,checkpoint_robust_score,checkpoint,dow30_equal_weight_rebalance_matched,5,0.00244466394219876,0.002487227069338432,0.03948350567770498,,-0.001500575740073562,0.0,0.8,3.6569790320812885e-06,True
base_macro_credit_stress_proxies__fold_06__seed123,unknown,fold_06,123,base_macro_credit_stress_proxies,credit_stress_proxies,False,checkpoint_robust_score,checkpoint,dow30_equal_weight_rebalance_matched,59,0.001134787032346953,0.0037106415264860078,0.058904608101546414,4.85473618054552,-0.01103867238526357,12.711864406779661,0.6271186440677966,-0.0005366115686342119,False
base_macro_credit_stress_proxies__fold_06__seed42,bull_low_vol,fold_06,42,base_macro_credit_stress_proxies,credit_stress_proxies,False,checkpoint_robust_score,best_model,dow30_equal_weight_rebalance_matched,5,0.00027979667251307996,0.0022201234028302905,0.03524336642258053,,-0.0037774438587760972,0.0,0.4,-0.002161210290653599,True
base_macro_credit_stress_proxies__fold_06__seed42,unknown,fold_06,42,base_macro_credit_stress_proxies,credit_stress_proxies,False,checkpoint_robust_score,best_model,dow30_equal_weight_rebalance_matched,59,0.001291138005540558,0.004472066698995911,0.07099185799222037,4.583156246338502,-0.014901879871472512,10.169491525423728,0.5932203389830508,-0.00038026059544060594,False
base_macro_credit_stress_proxies__fold_06__seed999,bull_low_vol,fold_06,999,base_macro_credit_stress_proxies,credit_stress_proxies,False,checkpoint_robust_score,best_model,dow30_equal_weight_rebalance_matched,5,0.00229792399488832,0.002434694475920301,0.038649576610247115,,-0.0005947990393198044,0.375,0.8,-0.00014308296827835875,True
base_macro_credit_stress_proxies__fold_06__seed999,unknown,fold_06,999,base_macro_credit_stress_proxies,credit_stress_proxies,False,checkpoint_robust_score,best_model,dow30_equal_weight_rebalance_matched,59,0.000995632190107499,0.0043247806672048255,0.06865376472194377,3.654560138446347,-0.017584702333527047,10.033898305084746,0.6271186440677966,-0.0006757664108736653,False
base_macro_credit_stress_proxies__fold_07__seed123,bull_high_vol,fold_07,123,base_macro_credit_stress_proxies,credit_stress_proxies,False,checkpoint_robust_score,best_model,dow30_equal_weight_rebalance_matched,3,0.0034502586546172,0.006220071727489004,0.09874057756751894,,-0.0026796787866760763,0.25,0.6666666666666666,-0.0007915379542897666,True
base_macro_credit_stress_proxies__fold_07__seed123,unknown,fold_07,123,base_macro_credit_stress_proxies,credit_stress_proxies,False,checkpoint_robust_score,best_model,dow30_equal_weight_rebalance_matched,59,0.0012571984135970574,0.007540315926071534,0.11969880448346985,2.6467599371070563,-0.05516727056843218,16.25423728813559,0.5932203389830508,-0.0011910979455384007,False
base_macro_credit_stress_proxies__fold_07__seed42,bull_high_vol,fold_07,42,base_macro_credit_stress_proxies,credit_stress_proxies,False,checkpoint_robust_score,best_model,dow30_equal_weight_rebalance_matched,3,0.0036911659090051664,0.0035364301295429685,0.05613908791035978,,-0.0007705217201271486,0.0,0.6666666666666666,-0.0005506306999017999,True
base_macro_credit_stress_proxies__fold_07__seed42,unknown,fold_07,42,base_macro_credit_stress_proxies,credit_stress_proxies,False,checkpoint_robust_score,best_model,dow30_equal_weight_rebalance_matched,59,0.0013729760301667644,0.006940361513532483,0.11017482344214477,3.140372262849249,-0.030451608426135812,10.169491525423728,0.5932203389830508,-0.0010753203289686941,False
base_macro_credit_stress_proxies__fold_07__seed999,bull_high_vol,fold_07,999,base_macro_credit_stress_proxies,credit_stress_proxies,False,checkpoint_robust_score,best_model,dow30_equal_weight_rebalance_matched,3,0.0052450960498178,0.0059013295806735035,0.09368070285054704,,-0.0019733898672936734,0.0,0.6666666666666666,0.0010032994409108337,True
base_macro_credit_stress_proxies__fold_07__seed999,unknown,fold_07,999,base_macro_credit_stress_proxies,credit_stress_proxies,False,checkpoint_robust_score,best_model,dow30_equal_weight_rebalance_matched,59,0.0018619941276744824,0.006891633247848506,0.10940128620522904,4.289003689533791,-0.02708719396065673,22.796610169491526,0.6271186440677966,-0.0005863022314609762,False
base_macro_credit_stress_proxies__fold_08__seed123,bear_low_vol,fold_08,123,base_macro_credit_stress_proxies,credit_stress_proxies,False,checkpoint_robust_score,best_model,dow30_equal_weight_rebalance_matched,1,0.0013555411504531,0.0,0.0,,0.0,,1.0,-0.0046894909171478,True
base_macro_credit_stress_proxies__fold_08__seed123,bull_low_vol,fold_08,123,base_macro_credit_stress_proxies,credit_stress_proxies,False,checkpoint_robust_score,best_model,dow30_equal_weight_rebalance_matched,4,-0.005691545550616401,0.006846186998300866,0.10867984935928723,,-0.024378089635860856,0.0,0.25,0.0016584639532486504,True
base_macro_credit_stress_proxies__fold_08__seed123,unknown,fold_08,123,base_macro_credit_stress_proxies,credit_stress_proxies,False,checkpoint_robust_score,best_model,dow30_equal_weight_rebalance_matched,59,-0.0005637667719672679,0.010096428751288121,0.16027583763474465,-0.8864045175637485,-0.08181933089165927,15.305084745762711,0.4745762711864407,-0.0005875056792125085,False
base_macro_credit_stress_proxies__fold_08__seed42,bear_low_vol,fold_08,42,base_macro_credit_stress_proxies,credit_stress_proxies,False,checkpoint_robust_score,checkpoint,dow30_equal_weight_rebalance_matched,1,0.0056126672336371,0.0,0.0,,0.0,,1.0,-0.0004323648339638001,True
base_macro_credit_stress_proxies__fold_08__seed42,bull_low_vol,fold_08,42,base_macro_credit_stress_proxies,credit_stress_proxies,False,checkpoint_robust_score,checkpoint,dow30_equal_weight_rebalance_matched,4,-0.0059373670280403,0.008888668442266412,0.14110323710846887,,-0.02882597750248561,0.0,0.25,0.0014126424758247505,True
base_macro_credit_stress_proxies__fold_08__seed42,unknown,fold_08,42,base_macro_credit_stress_proxies,credit_stress_proxies,False,checkpoint_robust_score,checkpoint,dow30_equal_weight_rebalance_matched,59,0.00013712061288911426,0.008373951182598297,0.13293235392090194,0.2599396868321276,-0.04763823218451546,8.474576271186441,0.559322033898305,0.00011338170564387348,False
base_macro_credit_stress_proxies__fold_08__seed999,bear_low_vol,fold_08,999,base_macro_credit_stress_proxies,credit_stress_proxies,False,checkpoint_robust_score,checkpoint,dow30_equal_weight_rebalance_matched,1,0.0068582110320241,0.0,0.0,,0.0,,1.0,0.0008131789644231996,True
base_macro_credit_stress_proxies__fold_08__seed999,bull_low_vol,fold_08,999,base_macro_credit_stress_proxies,credit_stress_proxies,False,checkpoint_robust_score,checkpoint,dow30_equal_weight_rebalance_matched,4,-0.004746450458897925,0.008908442223183547,0.14141713614918616,,-0.025341136721434898,0.0,0.25,0.0026035590449671256,True
base_macro_credit_stress_proxies__fold_08__seed999,unknown,fold_08,999,base_macro_credit_stress_proxies,credit_stress_proxies,False,checkpoint_robust_score,checkpoint,dow30_equal_weight_rebalance_matched,59,-7.877671538515753e-05,0.008549449036098125,0.1357182959768191,-0.14627159981768711,-0.04341352107043017,12.084745762711865,0.5084745762711864,-0.00010251562263039828,False
base_macro_credit_stress_proxies__fold_09__seed123,bear_high_vol,fold_09,123,base_macro_credit_stress_proxies,credit_stress_proxies,False,checkpoint_robust_score,best_model,dow30_equal_weight_rebalance_matched,4,-0.015722205969640222,0.02309401600837516,0.36660613879143134,,-0.045437374232573435,0.6666666666666666,0.25,-0.0037277563641507482,True
base_macro_credit_stress_proxies__fold_09__seed123,unknown,fold_09,123,base_macro_credit_stress_proxies,credit_stress_proxies,False,checkpoint_robust_score,best_model,dow30_equal_weight_rebalance_matched,59,-0.003233563899900117,0.04004837875551464,0.635748303590485,-1.2817306757608238,-0.36766330248618684,18.54237288135593,0.423728813559322,-0.0007717524582657371,False
base_macro_credit_stress_proxies__fold_09__seed42,bear_high_vol,fold_09,42,base_macro_credit_stress_proxies,credit_stress_proxies,False,checkpoint_robust_score,last_model,dow30_equal_weight_rebalance_matched,4,-0.013002970772180399,0.02331318613078298,0.3700853566236714,,-0.038852714366531815,0.0,0.25,-0.001008521166690925,True
base_macro_credit_stress_proxies__fold_09__seed42,unknown,fold_09,42,base_macro_credit_stress_proxies,credit_stress_proxies,False,checkpoint_robust_score,last_model,dow30_equal_weight_rebalance_matched,59,-0.0020683259593764513,0.038467762701988394,0.6106568016150441,-0.8535369464228778,-0.32617073611682246,8.474576271186441,0.4576271186440678,0.0003934854822579283,False
base_macro_credit_stress_proxies__fold_09__seed999,bear_high_vol,fold_09,999,base_macro_credit_stress_proxies,credit_stress_proxies,False,checkpoint_robust_score,checkpoint,dow30_equal_weight_rebalance_matched,4,-0.013190998710794325,0.02618062145411275,0.41560448122022736,,-0.03921020856442181,0.0,0.25,-0.0011965491053048498,True
base_macro_credit_stress_proxies__fold_09__seed999,unknown,fold_09,999,base_macro_credit_stress_proxies,credit_stress_proxies,False,checkpoint_robust_score,checkpoint,dow30_equal_weight_rebalance_matched,59,-0.0026591833532217633,0.03827096029042925,0.6075326601846245,-1.1030093506548964,-0.3342329250884395,13.559322033898304,0.4406779661016949,-0.00019737191158738466,False
base_macro_credit_stress_proxies__fold_10__seed123,bear_high_vol,fold_10,123,base_macro_credit_stress_proxies,credit_stress_proxies,False,checkpoint_robust_score,best_model,dow30_equal_weight_rebalance_matched,5,0.00412726125929678,0.009572838459662442,0.15196409943156866,,-0.007702876761740307,0.0,0.6,0.0008716329578976398,True
base_macro_credit_stress_proxies__fold_10__seed123,unknown,fold_10,123,base_macro_credit_stress_proxies,credit_stress_proxies,False,checkpoint_robust_score,best_model,dow30_equal_weight_rebalance_matched,59,0.0009194832698211768,0.011341177359093419,0.1800356092010248,1.2870219676164911,-0.10304464446372064,12.711864406779661,0.559322033898305,1.1136657525146618e-05,False
base_macro_credit_stress_proxies__fold_10__seed42,bear_high_vol,fold_10,42,base_macro_credit_stress_proxies,credit_stress_proxies,False,checkpoint_robust_score,checkpoint,dow30_equal_weight_rebalance_matched,5,0.00466841645506306,0.009568067987311364,0.15188837053070509,,-0.006787131893377096,0.0,0.6,0.00141278815366392,True
base_macro_credit_stress_proxies__fold_10__seed42,unknown,fold_10,42,base_macro_credit_stress_proxies,credit_stress_proxies,False,checkpoint_robust_score,checkpoint,dow30_equal_weight_rebalance_matched,59,0.0008356345090929641,0.011540433446045582,0.1831987015207725,1.1494617294956633,-0.09213644232765639,10.169491525423728,0.5254237288135594,-7.271210320306608e-05,False
base_macro_credit_stress_proxies__fold_10__seed999,bear_high_vol,fold_10,999,base_macro_credit_stress_proxies,credit_stress_proxies,False,checkpoint_robust_score,best_model,dow30_equal_weight_rebalance_matched,5,0.00506360249526336,0.011540490442507418,0.1831996063115543,,-0.008019878882412956,0.0,0.6,0.0018079741938642196,True
base_macro_credit_stress_proxies__fold_10__seed999,unknown,fold_10,999,base_macro_credit_stress_proxies,credit_stress_proxies,False,checkpoint_robust_score,best_model,dow30_equal_weight_rebalance_matched,59,0.0007086335681150083,0.012247060712002832,0.1944160616128148,0.9185231800478538,-0.10369652705078303,9.322033898305085,0.5254237288135594,-0.00019971304418102198,False
base_macro_credit_stress_proxies__fold_11__seed123,bull_low_vol,fold_11,123,base_macro_credit_stress_proxies,credit_stress_proxies,False,checkpoint_robust_score,checkpoint,dow30_equal_weight_rebalance_matched,3,-0.0011215627148300664,0.003673764728858843,0.05831920708752681,,-0.0032811457538246547,0.0,0.3333333333333333,-0.0006069638439161999,True
base_macro_credit_stress_proxies__fold_11__seed123,unknown,fold_11,123,base_macro_credit_stress_proxies,credit_stress_proxies,False,checkpoint_robust_score,checkpoint,dow30_equal_weight_rebalance_matched,59,0.0015640208209690355,0.008000308652009307,0.12700096262985008,3.1033878698456467,-0.04319397697939131,8.0,0.6271186440677966,0.0001642671577837994,False
base_macro_credit_stress_proxies__fold_11__seed42,bull_low_vol,fold_11,42,base_macro_credit_stress_proxies,credit_stress_proxies,False,checkpoint_robust_score,checkpoint,dow30_equal_weight_rebalance_matched,3,-0.0044813677287035,0.0038497734094021224,0.06111325827136359,,-0.011562097905094437,0.25,0.0,-0.0039667688577896335,True
base_macro_credit_stress_proxies__fold_11__seed42,unknown,fold_11,42,base_macro_credit_stress_proxies,credit_stress_proxies,False,checkpoint_robust_score,checkpoint,dow30_equal_weight_rebalance_matched,59,0.0012373830985653526,0.008587411370038777,0.1363209293455864,2.287400345166181,-0.06576667432102734,9.033898305084746,0.576271186440678,-0.00016237056461988368,False
base_macro_credit_stress_proxies__fold_11__seed999,bull_low_vol,fold_11,999,base_macro_credit_stress_proxies,credit_stress_proxies,False,checkpoint_robust_score,checkpoint,dow30_equal_weight_rebalance_matched,3,-6.0738949703300085e-05,0.0037467936889701296,0.059478505889287527,,-0.0047385859111742645,0.0,0.6666666666666666,0.00045385992121056647,True
base_macro_credit_stress_proxies__fold_11__seed999,unknown,fold_11,999,base_macro_credit_stress_proxies,credit_stress_proxies,False,checkpoint_robust_score,checkpoint,dow30_equal_weight_rebalance_matched,59,0.0017440436181888712,0.009168460579728675,0.14554479959556696,3.019681864311571,-0.04283865808428067,12.711864406779661,0.5932203389830508,0.0003442899550036347,False
base_macro_credit_stress_proxies__fold_12__seed123,bear_high_vol,fold_12,123,base_macro_credit_stress_proxies,credit_stress_proxies,False,checkpoint_robust_score,best_model,dow30_equal_weight_rebalance_matched,4,-0.0036876713841471754,0.012484521764676125,0.19818563896143765,,-0.014438880416915212,0.0,0.5,-0.0012044316631037754,True
base_macro_credit_stress_proxies__fold_12__seed123,unknown,fold_12,123,base_macro_credit_stress_proxies,credit_stress_proxies,False,checkpoint_robust_score,best_model,dow30_equal_weight_rebalance_matched,59,0.00023630925165278523,0.005865222230253395,0.09310751643226861,0.6395824279108732,-0.028388660078429773,15.915254237288135,0.5423728813559322,0.0001704290052917445,False
base_macro_credit_stress_proxies__fold_12__seed42,bear_high_vol,fold_12,42,base_macro_credit_stress_proxies,credit_stress_proxies,False,checkpoint_robust_score,checkpoint,dow30_equal_weight_rebalance_matched,4,-0.003086259764473025,0.014345311928175114,0.22772476704959893,,-0.011348735843889735,0.0,0.5,-0.0006030200434296255,True
base_macro_credit_stress_proxies__fold_12__seed42,unknown,fold_12,42,base_macro_credit_stress_proxies,credit_stress_proxies,False,checkpoint_robust_score,checkpoint,dow30_equal_weight_rebalance_matched,59,0.00010600780175992416,0.006878186722784445,0.10918782923732404,0.24466065705397474,-0.04019272165266685,12.40677966101695,0.4915254237288136,4.012755539888358e-05,False
base_macro_credit_stress_proxies__fold_12__seed999,bear_high_vol,fold_12,999,base_macro_credit_stress_proxies,credit_stress_proxies,False,checkpoint_robust_score,checkpoint,dow30_equal_weight_rebalance_matched,4,-0.0045570158689947765,0.013525220573068028,0.21470622038179507,,-0.015782735685129445,0.0,0.5,-0.0020737761479513762,True
base_macro_credit_stress_proxies__fold_12__seed999,unknown,fold_12,999,base_macro_credit_stress_proxies,credit_stress_proxies,False,checkpoint_robust_score,checkpoint,dow30_equal_weight_rebalance_matched,59,0.0003304772087586107,0.007168345370096703,0.11379395496658284,0.7318513240147624,-0.0392419919557051,16.10169491525424,0.5084745762711864,0.00026459696239757003,False
base_macro_credit_stress_proxies__fold_13__seed123,bull_high_vol,fold_13,123,base_macro_credit_stress_proxies,credit_stress_proxies,False,checkpoint_robust_score,checkpoint,dow30_equal_weight_rebalance_matched,1,0.0036004028461837,0.0,0.0,,0.0,,1.0,-0.0003536416378769002,True
base_macro_credit_stress_proxies__fold_13__seed123,bull_low_vol,fold_13,123,base_macro_credit_stress_proxies,credit_stress_proxies,False,checkpoint_robust_score,checkpoint,dow30_equal_weight_rebalance_matched,2,-0.0074938865003584,0.0081272647343672,0.12901632795792617,,-0.015621151234725517,0.0,0.5,0.00113248150046395,True
base_macro_credit_stress_proxies__fold_13__seed123,unknown,fold_13,123,base_macro_credit_stress_proxies,credit_stress_proxies,False,checkpoint_robust_score,checkpoint,dow30_equal_weight_rebalance_matched,59,-0.0006180850969839793,0.009991193680416382,0.15860528267437138,-0.9820444931821382,-0.10397497822843937,13.559322033898304,0.4406779661016949,-0.00048061463851867926,False
base_macro_credit_stress_proxies__fold_13__seed42,bull_high_vol,fold_13,42,base_macro_credit_stress_proxies,credit_stress_proxies,False,checkpoint_robust_score,best_model,dow30_equal_weight_rebalance_matched,1,0.0054053623244321,0.0,0.0,,0.0,,1.0,0.0014513178403714995,True
base_macro_credit_stress_proxies__fold_13__seed42,bull_low_vol,fold_13,42,base_macro_credit_stress_proxies,credit_stress_proxies,False,checkpoint_robust_score,best_model,dow30_equal_weight_rebalance_matched,2,-0.0074153411735255,0.0069619298690948,0.11051721047218381,,-0.014377271042620543,0.0,0.0,0.00121102682729685,True
base_macro_credit_stress_proxies__fold_13__seed42,unknown,fold_13,42,base_macro_credit_stress_proxies,credit_stress_proxies,False,checkpoint_robust_score,best_model,dow30_equal_weight_rebalance_matched,59,-2.1840641879284646e-05,0.010368990923759027,0.16460262798571373,-0.03343714387146616,-0.08617938605947884,13.559322033898304,0.4576271186440678,0.00011562981658601554,False
base_macro_credit_stress_proxies__fold_13__seed999,bull_high_vol,fold_13,999,base_macro_credit_stress_proxies,credit_stress_proxies,False,checkpoint_robust_score,checkpoint,dow30_equal_weight_rebalance_matched,1,0.003846555910312,0.0,0.0,,0.0,,1.0,-0.00010748857374860005,True
base_macro_credit_stress_proxies__fold_13__seed999,bull_low_vol,fold_13,999,base_macro_credit_stress_proxies,credit_stress_proxies,False,checkpoint_robust_score,checkpoint,dow30_equal_weight_rebalance_matched,2,-0.0083845319722355,0.007572023671008899,0.12020214932990346,,-0.015956555643244497,0.0,0.0,0.00024183602858685017,True
base_macro_credit_stress_proxies__fold_13__seed999,unknown,fold_13,999,base_macro_credit_stress_proxies,credit_stress_proxies,False,checkpoint_robust_score,checkpoint,dow30_equal_weight_rebalance_matched,59,-0.000518714941845795,0.01080096430249352,0.17145999278450444,-0.7623712285432556,-0.11438738163763396,16.016949152542374,0.4406779661016949,-0.0003812444833804946,False
base_macro_credit_stress_proxies__fold_14__seed123,bear_high_vol,fold_14,123,base_macro_credit_stress_proxies,credit_stress_proxies,False,checkpoint_robust_score,checkpoint,dow30_equal_weight_rebalance_matched,5,0.00023898690409382,0.017179601679553496,0.27271772200347666,,-0.032834448197077704,0.0,0.4,-0.0006040395332941803,True
base_macro_credit_stress_proxies__fold_14__seed123,unknown,fold_14,123,base_macro_credit_stress_proxies,credit_stress_proxies,False,checkpoint_robust_score,checkpoint,dow30_equal_weight_rebalance_matched,59,-0.001066367292120956,0.010657451657000072,0.16918180016469261,-1.5883774575804661,-0.1312361431965512,15.05084745762712,0.423728813559322,-0.0001092607905705693,False
base_macro_credit_stress_proxies__fold_14__seed42,bear_high_vol,fold_14,42,base_macro_credit_stress_proxies,credit_stress_proxies,False,checkpoint_robust_score,checkpoint,dow30_equal_weight_rebalance_matched,5,0.0008703051182271202,0.018208784383931823,0.2890554909400804,,-0.0349690864605009,0.0,0.4,2.727868083911983e-05,True
base_macro_credit_stress_proxies__fold_14__seed42,unknown,fold_14,42,base_macro_credit_stress_proxies,credit_stress_proxies,False,checkpoint_robust_score,checkpoint,dow30_equal_weight_rebalance_matched,59,-0.0007291828581993445,0.011451639603688831,0.1817891429717935,-1.0108088814453908,-0.1325810517461644,15.932203389830509,0.4915254237288136,0.00022792364335104192,False
base_macro_credit_stress_proxies__fold_14__seed999,bear_high_vol,fold_14,999,base_macro_credit_stress_proxies,credit_stress_proxies,False,checkpoint_robust_score,checkpoint,dow30_equal_weight_rebalance_matched,5,0.0033759856291100203,0.016537079619775793,0.26251800051120794,,-0.027498794089731327,0.0,0.4,0.00253295919172202,True
base_macro_credit_stress_proxies__fold_14__seed999,unknown,fold_14,999,base_macro_credit_stress_proxies,credit_stress_proxies,False,checkpoint_robust_score,checkpoint,dow30_equal_weight_rebalance_matched,59,-0.00099998682589681,0.010861415824957053,0.17241963095338692,-1.4615312579698225,-0.135662590946646,16.11864406779661,0.4576271186440678,-4.288032434642366e-05,False
base_macro_exogenous_plus__fold_01__seed123,bull_low_vol,fold_01,123,base_macro_exogenous_plus,calendar_exogenous,False,checkpoint_robust_score,best_model,,3,0.002178477810493133,0.005081316885391627,0.08066340486875724,,-0.003990453116153203,0.0,0.6666666666666666,-0.0018601458048006,True
base_macro_exogenous_plus__fold_01__seed123,unknown,fold_01,123,base_macro_exogenous_plus,calendar_exogenous,False,checkpoint_robust_score,best_model,,59,0.0009454622930465562,0.011141829827042987,0.17687106523534527,1.3470631701726183,-0.06206341671967264,14.813559322033898,0.5423728813559322,0.0005962530035825628,False
base_macro_exogenous_plus__fold_01__seed42,bull_low_vol,fold_01,42,base_macro_exogenous_plus,calendar_exogenous,False,checkpoint_robust_score,checkpoint,,3,0.0031416617775762005,0.005686311504321915,0.09026739670608823,,-0.0047383995481397045,0.0,0.6666666666666666,-0.0008969618377175329,True
base_macro_exogenous_plus__fold_01__seed42,unknown,fold_01,42,base_macro_exogenous_plus,calendar_exogenous,False,checkpoint_robust_score,checkpoint,,59,0.0014799526022624238,0.012229432032456303,0.1941362150006794,1.9210638044469222,-0.058606952109048205,10.169491525423728,0.576271186440678,0.0011307433127984295,False
base_macro_exogenous_plus__fold_01__seed999,bull_low_vol,fold_01,999,base_macro_exogenous_plus,calendar_exogenous,False,checkpoint_robust_score,checkpoint,,3,0.0038210873758416333,0.004665559938937425,0.07406346795176474,,-0.0024277222915286556,0.0,0.6666666666666666,-0.00021753623945209988,True
base_macro_exogenous_plus__fold_01__seed999,unknown,fold_01,999,base_macro_exogenous_plus,calendar_exogenous,False,checkpoint_robust_score,checkpoint,,59,0.001432814541309673,0.010341834940178162,0.16417154011073978,2.199341397214664,-0.050610704765679304,11.813559322033898,0.5423728813559322,0.0010836052518456794,False
base_macro_exogenous_plus__fold_02__seed123,bear_high_vol,fold_02,123,base_macro_exogenous_plus,calendar_exogenous,False,checkpoint_robust_score,checkpoint,,4,0.00454505671842015,0.008227532803218009,0.13060803420564585,,-0.009377568536020675,0.0,0.75,0.0017083452996323756,True
base_macro_exogenous_plus__fold_02__seed123,bull_high_vol,fold_02,123,base_macro_exogenous_plus,calendar_exogenous,False,checkpoint_robust_score,checkpoint,,1,-0.0026914439800846,0.0,0.0,,0.0,,0.0,0.0004633085333051001,True
base_macro_exogenous_plus__fold_02__seed123,unknown,fold_02,123,base_macro_exogenous_plus,calendar_exogenous,False,checkpoint_robust_score,checkpoint,,59,0.00020176381498680763,0.005697065955833263,0.0904381183312038,0.5622018935696133,-0.030243781492768407,16.661016949152543,0.5254237288135594,-0.00028760714879739747,False
base_macro_exogenous_plus__fold_02__seed42,bear_high_vol,fold_02,42,base_macro_exogenous_plus,calendar_exogenous,False,checkpoint_robust_score,checkpoint,,4,6.1232294653323915e-06,3.8554980260996084e-05,0.0006120413374415989,,-6.081625207665642e-05,0.0,0.5,-0.0028305881893224425,True
base_macro_exogenous_plus__fold_02__seed42,bull_high_vol,fold_02,42,base_macro_exogenous_plus,calendar_exogenous,False,checkpoint_robust_score,checkpoint,,1,-1.1622664895738488e-05,0.0,0.0,,0.0,,0.0,0.0031431298484939614,True
base_macro_exogenous_plus__fold_02__seed42,unknown,fold_02,42,base_macro_exogenous_plus,calendar_exogenous,False,checkpoint_robust_score,checkpoint,,59,-1.5498287885841976e-06,3.0369813776102467e-05,0.0004821058476894634,-0.8101060308540073,-0.00018478862362192316,0.0,0.5423728813559322,-0.0004909207925727892,False
base_macro_exogenous_plus__fold_02__seed999,bear_high_vol,fold_02,999,base_macro_exogenous_plus,calendar_exogenous,False,checkpoint_robust_score,checkpoint,,4,0.005541231160818675,0.007078446432795499,0.112366853579215,,-0.005944082044261445,0.0,0.75,0.0027045197420309,True
base_macro_exogenous_plus__fold_02__seed999,bull_high_vol,fold_02,999,base_macro_exogenous_plus,calendar_exogenous,False,checkpoint_robust_score,checkpoint,,1,-0.0048226764584217,0.0,0.0,,0.0,,0.0,-0.0016679239450319997,True
base_macro_exogenous_plus__fold_02__seed999,unknown,fold_02,999,base_macro_exogenous_plus,calendar_exogenous,False,checkpoint_robust_score,checkpoint,,59,-0.00028429283157657996,0.005752585514955223,0.09131946400922372,-0.7845183317114298,-0.032308700616834996,9.610169491525424,0.5423728813559322,-0.000773663795360785,False
base_macro_exogenous_plus__fold_03__seed123,bear_low_vol,fold_03,123,base_macro_exogenous_plus,calendar_exogenous,False,checkpoint_robust_score,checkpoint,,3,0.0005512420107805,0.003269528647879033,0.05190215824013514,,-0.003257463986004683,1.25,0.6666666666666666,0.0003401125128473,True
base_macro_exogenous_plus__fold_03__seed123,unknown,fold_03,123,base_macro_exogenous_plus,calendar_exogenous,False,checkpoint_robust_score,checkpoint,,59,0.0007646916459017855,0.004915600373841952,0.07803273680257163,2.4695057826153204,-0.02786524045400718,18.8135593220339,0.5254237288135594,-0.0002495157875139586,False
base_macro_exogenous_plus__fold_03__seed42,bear_low_vol,fold_03,42,base_macro_exogenous_plus,calendar_exogenous,False,checkpoint_robust_score,checkpoint,,3,6.752997736809991e-05,0.004287685016420993,0.06806488952176706,,-0.005710567409221157,0.75,0.3333333333333333,-0.00014359952056510012,True
base_macro_exogenous_plus__fold_03__seed42,unknown,fold_03,42,base_macro_exogenous_plus,calendar_exogenous,False,checkpoint_robust_score,checkpoint,,59,0.0006741541929942087,0.005696543285355096,0.09042982119458662,1.8786596544184087,-0.03804234112620919,16.661016949152543,0.5084745762711864,-0.00034005324042153543,False
base_macro_exogenous_plus__fold_03__seed999,bear_low_vol,fold_03,999,base_macro_exogenous_plus,calendar_exogenous,False,checkpoint_robust_score,best_model,,3,0.0007633879516351972,0.002687730859239842,0.04266640466773543,,-0.0020915078904182316,0.0,0.6666666666666666,0.0005522584537019972,True
base_macro_exogenous_plus__fold_03__seed999,unknown,fold_03,999,base_macro_exogenous_plus,calendar_exogenous,False,checkpoint_robust_score,best_model,,59,0.0006145418279340976,0.004734440596030157,0.07515691448462526,2.0605494744076145,-0.035117151444682304,10.169491525423728,0.4915254237288136,-0.00039966560548164643,False
base_macro_exogenous_plus__fold_04__seed123,bull_low_vol,fold_04,123,base_macro_exogenous_plus,calendar_exogenous,False,checkpoint_robust_score,checkpoint,,5,0.00270494186309518,0.00265453255550514,0.04213939793394818,,0.0,0.0,0.8,-1.5048287176399948e-05,True
base_macro_exogenous_plus__fold_04__seed123,unknown,fold_04,123,base_macro_exogenous_plus,calendar_exogenous,False,checkpoint_robust_score,checkpoint,,59,0.0009564624567608001,0.003961171409834204,0.06288164670552251,3.8330506869908922,-0.016963879156735362,17.661016949152543,0.6440677966101694,0.00011819237221230836,False
base_macro_exogenous_plus__fold_04__seed42,bull_low_vol,fold_04,42,base_macro_exogenous_plus,calendar_exogenous,False,checkpoint_robust_score,checkpoint,,5,0.0037536116999489404,0.0017141639528300224,0.02721150915347816,,0.0,0.0,1.0,0.00103362154967736,True
base_macro_exogenous_plus__fold_04__seed42,unknown,fold_04,42,base_macro_exogenous_plus,calendar_exogenous,False,checkpoint_robust_score,checkpoint,,59,0.0011665065214267304,0.0045803053609408985,0.07271009348271333,4.042900088822254,-0.014431279119801133,13.559322033898304,0.6271186440677966,0.0003282364368782385,False
base_macro_exogenous_plus__fold_04__seed999,bull_low_vol,fold_04,999,base_macro_exogenous_plus,calendar_exogenous,False,checkpoint_robust_score,best_model,,5,0.00326528149034258,0.0014235757850386565,0.022598564997994976,,0.0,0.0,1.0,0.000545291340071,True
base_macro_exogenous_plus__fold_04__seed999,unknown,fold_04,999,base_macro_exogenous_plus,calendar_exogenous,False,checkpoint_robust_score,best_model,,59,0.0006463295906005183,0.004883984238399539,0.07753084621178626,2.1007774942429345,-0.018565698477425174,11.864406779661017,0.6440677966101694,-0.00019194049394797368,False
base_macro_exogenous_plus__fold_05__seed123,bear_high_vol,fold_05,123,base_macro_exogenous_plus,calendar_exogenous,False,checkpoint_robust_score,checkpoint,,1,0.0151326379711342,0.0,0.0,,0.0,,1.0,-0.00018730314032639958,True
base_macro_exogenous_plus__fold_05__seed123,bear_low_vol,fold_05,123,base_macro_exogenous_plus,calendar_exogenous,False,checkpoint_robust_score,checkpoint,,1,-0.0197217365651729,0.0,0.0,,0.0,0.0,0.0,0.0028664850611189972,True
base_macro_exogenous_plus__fold_05__seed123,unknown,fold_05,123,base_macro_exogenous_plus,calendar_exogenous,False,checkpoint_robust_score,checkpoint,,59,-0.00018349717993713778,0.014808391440239758,0.23507592640663202,-0.19670788945087891,-0.09280142687618231,8.474576271186441,0.5932203389830508,-0.0001318576241627892,False
base_macro_exogenous_plus__fold_05__seed42,bear_high_vol,fold_05,42,base_macro_exogenous_plus,calendar_exogenous,False,checkpoint_robust_score,best_model,,1,0.0206180103773689,0.0,0.0,,0.0,,1.0,0.0052980692659083,True
base_macro_exogenous_plus__fold_05__seed42,bear_low_vol,fold_05,42,base_macro_exogenous_plus,calendar_exogenous,False,checkpoint_robust_score,best_model,,1,-0.0213816655772867,0.0,0.0,,0.0,4.5,0.0,0.0012065560490052002,True
base_macro_exogenous_plus__fold_05__seed42,unknown,fold_05,42,base_macro_exogenous_plus,calendar_exogenous,False,checkpoint_robust_score,best_model,,59,-0.00031953280439600177,0.014608720058851188,0.2319062414920867,-0.3472190579680457,-0.0981649653673432,11.703389830508474,0.4915254237288136,-0.0002678932486216534,False
base_macro_exogenous_plus__fold_05__seed999,bear_high_vol,fold_05,999,base_macro_exogenous_plus,calendar_exogenous,False,checkpoint_robust_score,checkpoint,,1,0.0170422009131869,0.0,0.0,,0.0,,1.0,0.001722259801726302,True
base_macro_exogenous_plus__fold_05__seed999,bear_low_vol,fold_05,999,base_macro_exogenous_plus,calendar_exogenous,False,checkpoint_robust_score,checkpoint,,1,-0.0233357908396879,0.0,0.0,,0.0,0.0,0.0,-0.0007475692133960023,True
base_macro_exogenous_plus__fold_05__seed999,unknown,fold_05,999,base_macro_exogenous_plus,calendar_exogenous,False,checkpoint_robust_score,checkpoint,,59,-0.0001458645854733556,0.014824687942088407,0.23533462535342298,-0.1561940810200923,-0.08707091068335515,13.559322033898304,0.559322033898305,-9.422502969900751e-05,False
base_macro_exogenous_plus__fold_06__seed123,bull_low_vol,fold_06,123,base_macro_exogenous_plus,calendar_exogenous,False,checkpoint_robust_score,checkpoint,,5,0.0007897525865119802,0.0034542183760533154,0.05483401678287877,,-0.0052137189590307775,0.0,0.4,-0.001657440671208091,True
base_macro_exogenous_plus__fold_06__seed123,unknown,fold_06,123,base_macro_exogenous_plus,calendar_exogenous,False,checkpoint_robust_score,checkpoint,,59,0.0012953863964413035,0.004261723164830307,0.06765275790446472,4.825189423381444,-0.0186670220233206,13.745762711864407,0.6271186440677966,-0.000383061342530944,False
base_macro_exogenous_plus__fold_06__seed42,bull_low_vol,fold_06,42,base_macro_exogenous_plus,calendar_exogenous,False,checkpoint_robust_score,best_model,,5,0.0039732871850376205,0.001624709581508106,0.025791465032245643,,0.0,0.0,1.0,0.0015260939273175488,True
base_macro_exogenous_plus__fold_06__seed42,unknown,fold_06,42,base_macro_exogenous_plus,calendar_exogenous,False,checkpoint_robust_score,best_model,,59,0.0012809294955926835,0.00525536240864126,0.08342629189669308,3.8692146750220293,-0.021440031509123214,11.864406779661017,0.576271186440678,-0.00039751824337956447,False
base_macro_exogenous_plus__fold_06__seed999,bull_low_vol,fold_06,999,base_macro_exogenous_plus,calendar_exogenous,False,checkpoint_robust_score,best_model,,5,0.0027393730852245403,0.002398847254934928,0.03808051961872668,,-0.0009050242709464085,1.25,0.8,0.000292179827504469,True
base_macro_exogenous_plus__fold_06__seed999,unknown,fold_06,999,base_macro_exogenous_plus,calendar_exogenous,False,checkpoint_robust_score,best_model,,59,0.0011088807200201358,0.004585789492299442,0.07279715136910483,3.8385834636335496,-0.01798631029873976,13.711864406779661,0.559322033898305,-0.0005695670189521119,False
base_macro_exogenous_plus__fold_07__seed123,bull_high_vol,fold_07,123,base_macro_exogenous_plus,calendar_exogenous,False,checkpoint_robust_score,checkpoint,,3,0.004532316292240733,0.005760589048365326,0.0914465161633013,,-0.0010153820304985572,0.0,0.6666666666666666,0.0002843355295650332,True
base_macro_exogenous_plus__fold_07__seed123,unknown,fold_07,123,base_macro_exogenous_plus,calendar_exogenous,False,checkpoint_robust_score,checkpoint,,59,0.00143175375202512,0.007600819088368314,0.12065926240929141,2.990254857405349,-0.029663006831524008,10.186440677966102,0.5932203389830508,-0.0010236470419359583,False
base_macro_exogenous_plus__fold_07__seed42,bull_high_vol,fold_07,42,base_macro_exogenous_plus,calendar_exogenous,False,checkpoint_robust_score,checkpoint,,3,0.0020104638063876,0.005080902569279633,0.08065682780437822,,-0.0031401387874157027,0.0,0.3333333333333333,-0.0022375169562881005,True
base_macro_exogenous_plus__fold_07__seed42,unknown,fold_07,42,base_macro_exogenous_plus,calendar_exogenous,False,checkpoint_robust_score,checkpoint,,59,0.0014341781536997933,0.006711829414556931,0.10654698883923532,3.3920517010355877,-0.04028625259323637,14.40677966101695,0.5423728813559322,-0.0010212226402612848,False
base_macro_exogenous_plus__fold_07__seed999,bull_high_vol,fold_07,999,base_macro_exogenous_plus,calendar_exogenous,False,checkpoint_robust_score,checkpoint,,3,0.005634712168341567,0.006080386850068597,0.09652314888209333,,-0.0003239277776561078,0.0,0.6666666666666666,0.0013867314056658666,True
base_macro_exogenous_plus__fold_07__seed999,unknown,fold_07,999,base_macro_exogenous_plus,calendar_exogenous,False,checkpoint_robust_score,checkpoint,,59,0.0017174719863244728,0.007848542811946727,0.12459175460792773,3.473768725031087,-0.02555071933365083,21.93220338983051,0.6101694915254238,-0.0007379288076366051,False
base_macro_exogenous_plus__fold_08__seed123,bear_low_vol,fold_08,123,base_macro_exogenous_plus,calendar_exogenous,False,checkpoint_robust_score,checkpoint,,1,0.004520258272183,0.0,0.0,,0.0,,1.0,-0.0015317927792036995,True
base_macro_exogenous_plus__fold_08__seed123,bull_low_vol,fold_08,123,base_macro_exogenous_plus,calendar_exogenous,False,checkpoint_robust_score,checkpoint,,4,-0.005946598138009299,0.00749342623284174,0.11895445367944098,,-0.0229607811324678,0.0,0.25,0.0013958475831025007,True
base_macro_exogenous_plus__fold_08__seed123,unknown,fold_08,123,base_macro_exogenous_plus,calendar_exogenous,False,checkpoint_robust_score,checkpoint,,59,-0.0002702373908589374,0.009306649751648988,0.14773848469226555,-0.4609484295057035,-0.06502013693907616,14.40677966101695,0.5084745762711864,-0.0003017368374860303,False
base_macro_exogenous_plus__fold_08__seed42,bear_low_vol,fold_08,42,base_macro_exogenous_plus,calendar_exogenous,False,checkpoint_robust_score,checkpoint,,1,0.0052182260531092,0.0,0.0,,0.0,,1.0,-0.0008338249982775001,True
base_macro_exogenous_plus__fold_08__seed42,bull_low_vol,fold_08,42,base_macro_exogenous_plus,calendar_exogenous,False,checkpoint_robust_score,checkpoint,,4,-0.0051179048767271505,0.009869072035523972,0.15666666166187063,,-0.02919123252906264,0.0,0.5,0.002224540844384651,True
base_macro_exogenous_plus__fold_08__seed42,unknown,fold_08,42,base_macro_exogenous_plus,calendar_exogenous,False,checkpoint_robust_score,checkpoint,,59,-3.20562199839148e-05,0.008758588965654129,0.13903828943373162,-0.05810030797161629,-0.05922714914023308,10.169491525423728,0.5084745762711864,-6.355566661100791e-05,False
base_macro_exogenous_plus__fold_08__seed999,bear_low_vol,fold_08,999,base_macro_exogenous_plus,calendar_exogenous,False,checkpoint_robust_score,checkpoint,,1,0.0071962270143004,0.0,0.0,,0.0,,1.0,0.0011441759629137,True
base_macro_exogenous_plus__fold_08__seed999,bull_low_vol,fold_08,999,base_macro_exogenous_plus,calendar_exogenous,False,checkpoint_robust_score,checkpoint,,4,-0.006103213800799725,0.007410218038941922,0.11763356455083043,,-0.02536668588348545,0.0,0.25,0.0012392319203120754,True
base_macro_exogenous_plus__fold_08__seed999,unknown,fold_08,999,base_macro_exogenous_plus,calendar_exogenous,False,checkpoint_robust_score,checkpoint,,59,0.0002083363532461308,0.00844327389638098,0.13403281788616447,0.3917007927313327,-0.0433605132236633,8.474576271186441,0.576271186440678,0.00017683690661903789,False
base_macro_exogenous_plus__fold_09__seed123,bear_high_vol,fold_09,123,base_macro_exogenous_plus,calendar_exogenous,False,checkpoint_robust_score,best_model,,4,-0.014913929814102726,0.023638856928708398,0.37525522026719116,,-0.042338603877274505,0.0,0.25,-0.0029363519326041252,True
base_macro_exogenous_plus__fold_09__seed123,unknown,fold_09,123,base_macro_exogenous_plus,calendar_exogenous,False,checkpoint_robust_score,best_model,,59,-0.0017363413526328062,0.03843733037613508,0.6101737034188932,-0.71710402859344,-0.31752001482455183,10.169491525423728,0.5084745762711864,0.0007108084490378236,False
base_macro_exogenous_plus__fold_09__seed42,bear_high_vol,fold_09,42,base_macro_exogenous_plus,calendar_exogenous,False,checkpoint_robust_score,best_model,,4,-0.01712589784776495,0.027614748126910785,0.43837053636895595,,-0.05199832310050223,10.333333333333334,0.25,-0.005148319966266352,True
base_macro_exogenous_plus__fold_09__seed42,unknown,fold_09,42,base_macro_exogenous_plus,calendar_exogenous,False,checkpoint_robust_score,best_model,,59,-0.003380131185698077,0.04213462763007754,0.6688664777609759,-1.2734874404937808,-0.3635393086344666,24.076271186440678,0.423728813559322,-0.0009329813840274474,False
base_macro_exogenous_plus__fold_09__seed999,bear_high_vol,fold_09,999,base_macro_exogenous_plus,calendar_exogenous,False,checkpoint_robust_score,checkpoint,,4,-0.015661673247021224,0.022536937778396986,0.3577627960474496,,-0.04460313034125196,0.0,0.25,-0.0036840953655226253,True
base_macro_exogenous_plus__fold_09__seed999,unknown,fold_09,999,base_macro_exogenous_plus,calendar_exogenous,False,checkpoint_robust_score,checkpoint,,59,-0.0021291424443008666,0.03927493005340495,0.6234701860845974,-0.8605766690037299,-0.33739664608923914,11.677966101694915,0.4745762711864407,0.00031800735736976283,False
base_macro_exogenous_plus__fold_10__seed123,bear_high_vol,fold_10,123,base_macro_exogenous_plus,calendar_exogenous,False,checkpoint_robust_score,checkpoint,,5,0.0038945443580843397,0.010349557773889738,0.164294136295245,,-0.008533868352265217,0.0,0.4,0.0006305885720908202,True
base_macro_exogenous_plus__fold_10__seed123,unknown,fold_10,123,base_macro_exogenous_plus,calendar_exogenous,False,checkpoint_robust_score,checkpoint,,59,-3.844304148456349e-05,0.009567493940617313,0.1518792578219447,-0.0637851843170533,-0.08514714973298665,9.322033898305085,0.5254237288135594,-0.0009576904006804261,False
base_macro_exogenous_plus__fold_10__seed42,bear_high_vol,fold_10,42,base_macro_exogenous_plus,calendar_exogenous,False,checkpoint_robust_score,checkpoint,,5,0.0044089341412043,0.010317380240455976,0.1637833337876298,,-0.006589616916407026,0.0,0.4,0.0011449783552107801,True
base_macro_exogenous_plus__fold_10__seed42,unknown,fold_10,42,base_macro_exogenous_plus,calendar_exogenous,False,checkpoint_robust_score,checkpoint,,59,0.0006703878837036371,0.011616392323868035,0.184404511324287,0.9161258880279173,-0.11149144318416582,16.06779661016949,0.576271186440678,-0.00024885947549222517,False
base_macro_exogenous_plus__fold_10__seed999,bear_high_vol,fold_10,999,base_macro_exogenous_plus,calendar_exogenous,False,checkpoint_robust_score,checkpoint,,5,0.00227435132658274,0.01112463906260233,0.17659817031000286,,-0.016158532757683974,0.0,0.6,-0.0009896044594107796,True
base_macro_exogenous_plus__fold_10__seed999,unknown,fold_10,999,base_macro_exogenous_plus,calendar_exogenous,False,checkpoint_robust_score,checkpoint,,59,0.000704310041741875,0.011262280701066973,0.17878316358255228,0.9927452169566242,-0.08256849134481303,9.322033898305085,0.5932203389830508,-0.00021493731745398796,False
base_macro_exogenous_plus__fold_11__seed123,bull_low_vol,fold_11,123,base_macro_exogenous_plus,calendar_exogenous,False,checkpoint_robust_score,best_model,,3,-0.00048794819608056675,0.0024025001086878436,0.038138506874362106,,-0.001721322926975244,0.0,0.3333333333333333,1.9317689890300013e-05,True
base_macro_exogenous_plus__fold_11__seed123,unknown,fold_11,123,base_macro_exogenous_plus,calendar_exogenous,False,checkpoint_robust_score,best_model,,59,0.0015536132721738183,0.011316277542500688,0.17964033686665187,2.179413328969779,-0.07314830895098579,7.627118644067797,0.5423728813559322,0.0001430703443307944,False
base_macro_exogenous_plus__fold_11__seed42,bull_low_vol,fold_11,42,base_macro_exogenous_plus,calendar_exogenous,False,checkpoint_robust_score,checkpoint,,3,-0.00028998060403416666,0.002115598624177009,0.033584087001616594,,-0.0032801658520766885,0.75,0.6666666666666666,0.0002172852819367002,True
base_macro_exogenous_plus__fold_11__seed42,unknown,fold_11,42,base_macro_exogenous_plus,calendar_exogenous,False,checkpoint_robust_score,checkpoint,,59,0.0020184792372049,0.010703667100287036,0.1699154475827001,2.993587546112103,-0.05664944142896833,27.64406779661017,0.559322033898305,0.000607936309361876,False
base_macro_exogenous_plus__fold_11__seed999,bull_low_vol,fold_11,999,base_macro_exogenous_plus,calendar_exogenous,False,checkpoint_robust_score,checkpoint,,3,-0.0010631853428862,0.0032822880813443353,0.05210470796705073,,-0.004589553589677053,0.0,0.3333333333333333,-0.000555919456915333,True
base_macro_exogenous_plus__fold_11__seed999,unknown,fold_11,999,base_macro_exogenous_plus,calendar_exogenous,False,checkpoint_robust_score,checkpoint,,59,0.0016920133562846344,0.009819400646364553,0.15587815280392503,2.735388879800681,-0.05200149680185906,17.796610169491526,0.6101694915254238,0.00028147042844160964,False
base_macro_exogenous_plus__fold_12__seed123,bear_high_vol,fold_12,123,base_macro_exogenous_plus,calendar_exogenous,False,checkpoint_robust_score,last_model,,4,-0.0029178945512211996,0.012372991053152598,0.19641514380401362,,-0.01353405754114756,0.0,0.5,-0.0004428926742355251,True
base_macro_exogenous_plus__fold_12__seed123,unknown,fold_12,123,base_macro_exogenous_plus,calendar_exogenous,False,checkpoint_robust_score,last_model,,59,-3.207582631815262e-05,0.006428669486474501,0.10205196433344504,-0.07920580740380144,-0.04286652356727616,11.016949152542374,0.5254237288135594,-0.00010522437685100507,False
base_macro_exogenous_plus__fold_12__seed42,bear_high_vol,fold_12,42,base_macro_exogenous_plus,calendar_exogenous,False,checkpoint_robust_score,best_model,,4,-0.006180636239940626,0.013158198833990938,0.20887993089768056,,-0.015539904197468757,0.0,0.25,-0.00370563436295495,True
base_macro_exogenous_plus__fold_12__seed42,unknown,fold_12,42,base_macro_exogenous_plus,calendar_exogenous,False,checkpoint_robust_score,best_model,,59,0.0005651667729290677,0.006663320343254637,0.10577693120525589,1.3464374997017152,-0.03370259553847499,11.864406779661017,0.576271186440678,0.000492018222396215,False
base_macro_exogenous_plus__fold_12__seed999,bear_high_vol,fold_12,999,base_macro_exogenous_plus,calendar_exogenous,False,checkpoint_robust_score,checkpoint,,4,-0.0036246191707974,0.013487617168406768,0.21410928483869693,,-0.013232909422771999,0.0,0.5,-0.0011496172938117253,True
base_macro_exogenous_plus__fold_12__seed999,unknown,fold_12,999,base_macro_exogenous_plus,calendar_exogenous,False,checkpoint_robust_score,checkpoint,,59,0.00011464274445414399,0.0068769638964518535,0.10916841747108809,0.26463671702574093,-0.040874005370028055,16.93220338983051,0.4915254237288136,4.149419392129158e-05,False
base_macro_exogenous_plus__fold_13__seed123,bull_high_vol,fold_13,123,base_macro_exogenous_plus,calendar_exogenous,False,checkpoint_robust_score,last_model,,1,0.0019790980444165,0.0,0.0,,0.0,,1.0,-0.0019818538347907,True
base_macro_exogenous_plus__fold_13__seed123,bull_low_vol,fold_13,123,base_macro_exogenous_plus,calendar_exogenous,False,checkpoint_robust_score,last_model,,2,-0.01184339183712605,0.006036112515566951,0.09582031561076787,,-0.017879504352693032,0.0,0.0,-0.00322689733708395,True
base_macro_exogenous_plus__fold_13__seed123,unknown,fold_13,123,base_macro_exogenous_plus,calendar_exogenous,False,checkpoint_robust_score,last_model,,59,-0.0008965810662851663,0.012976454159977778,0.2059948236403846,-1.0968160496027506,-0.14141567281722622,16.76271186440678,0.4406779661016949,-0.0007703644351597438,False
base_macro_exogenous_plus__fold_13__seed42,bull_high_vol,fold_13,42,base_macro_exogenous_plus,calendar_exogenous,False,checkpoint_robust_score,best_model,,1,0.000947176652192,0.0,0.0,,0.0,,1.0,-0.0030137752270152,True
base_macro_exogenous_plus__fold_13__seed42,bull_low_vol,fold_13,42,base_macro_exogenous_plus,calendar_exogenous,False,checkpoint_robust_score,best_model,,2,-0.008854478076522752,0.008850588448934847,0.14049873595477497,,-0.01770506652545778,1.0,0.0,-0.00023798357648065205,True
base_macro_exogenous_plus__fold_13__seed42,unknown,fold_13,42,base_macro_exogenous_plus,calendar_exogenous,False,checkpoint_robust_score,best_model,,59,-0.0005719409741334169,0.012172015588584502,0.19322475721077648,-0.7459143826191996,-0.1165135292237317,18.966101694915253,0.3898305084745763,-0.0004457243430079944,False
base_macro_exogenous_plus__fold_13__seed999,bull_high_vol,fold_13,999,base_macro_exogenous_plus,calendar_exogenous,False,checkpoint_robust_score,checkpoint,,1,0.0016848978962455,0.0,0.0,,0.0,,1.0,-0.0022760539829617,True
base_macro_exogenous_plus__fold_13__seed999,bull_low_vol,fold_13,999,base_macro_exogenous_plus,calendar_exogenous,False,checkpoint_robust_score,checkpoint,,2,-0.004044260929520149,0.00955690075837395,0.15171109626709237,,-0.01360116168789427,0.0,0.5,0.004572233570521951,True
base_macro_exogenous_plus__fold_13__seed999,unknown,fold_13,999,base_macro_exogenous_plus,calendar_exogenous,False,checkpoint_robust_score,checkpoint,,59,0.00013806441722282218,0.010813806006342784,0.1716638485132774,0.20267652998272478,-0.0850078892657824,10.169491525423728,0.423728813559322,0.0002642810483482445,False
base_macro_exogenous_plus__fold_14__seed123,bear_high_vol,fold_14,123,base_macro_exogenous_plus,calendar_exogenous,False,checkpoint_robust_score,checkpoint,,5,0.0010968658779237604,0.016549695312711322,0.26271826842795293,,-0.031419505899566325,0.0,0.4,0.00024435880270048027,True
base_macro_exogenous_plus__fold_14__seed123,unknown,fold_14,123,base_macro_exogenous_plus,calendar_exogenous,False,checkpoint_robust_score,checkpoint,,59,-0.0007283381960564204,0.01059242904312518,0.16814959816924255,-1.0915353197661746,-0.11390799155713172,8.474576271186441,0.4745762711864407,0.00021930105674023884,False
base_macro_exogenous_plus__fold_14__seed42,bear_high_vol,fold_14,42,base_macro_exogenous_plus,calendar_exogenous,False,checkpoint_robust_score,checkpoint,,5,0.00357588071335848,0.016127891799113347,0.256022345233272,,-0.022939094351818956,0.0,0.4,0.002723373638135201,True
base_macro_exogenous_plus__fold_14__seed42,unknown,fold_14,42,base_macro_exogenous_plus,calendar_exogenous,False,checkpoint_robust_score,checkpoint,,59,-0.0008325432039989896,0.011384546736067884,0.18072407671696628,-1.160890630728282,-0.1344544838296352,8.474576271186441,0.4576271186440678,0.00011509604879766954,False
base_macro_exogenous_plus__fold_14__seed999,bear_high_vol,fold_14,999,base_macro_exogenous_plus,calendar_exogenous,False,checkpoint_robust_score,best_model,,5,0.0016243069666458606,0.017099653886771884,0.2714485901380646,,-0.03036059516903078,0.0,0.4,0.000771799891422581,True
base_macro_exogenous_plus__fold_14__seed999,unknown,fold_14,999,base_macro_exogenous_plus,calendar_exogenous,False,checkpoint_robust_score,best_model,,59,-0.0007594735228967863,0.01114179129327136,0.17687045353068445,-1.0820763103702182,-0.1299266658004703,12.728813559322035,0.4406779661016949,0.0001881657298998729,False
base_macro_gru__fold_01__seed123,bull_low_vol,fold_01,123,base_macro_gru,negative_control_gru,True,checkpoint_robust_score,checkpoint,,3,0.005351918400823367,0.0050581763959873845,0.08029606098767754,,-0.0017710668989302514,0.0,0.6666666666666666,0.0013132947855296338,True
base_macro_gru__fold_01__seed123,unknown,fold_01,123,base_macro_gru,negative_control_gru,True,checkpoint_robust_score,checkpoint,,59,0.0008211215074414683,0.011173525656165719,0.17737422092408575,1.1665878998493848,-0.0694791226617607,15.796610169491526,0.5423728813559322,0.0004719122179774748,False
base_macro_gru__fold_01__seed42,bull_low_vol,fold_01,42,base_macro_gru,negative_control_gru,True,checkpoint_robust_score,best_model,,3,0.004352476884373467,0.0037945303547204825,0.06023630196525662,,-0.000884707605609214,0.0,0.6666666666666666,0.00031385326907973343,True
base_macro_gru__fold_01__seed42,unknown,fold_01,42,base_macro_gru,negative_control_gru,True,checkpoint_robust_score,best_model,,59,0.0012700685062406857,0.009298456786071036,0.1476084253957493,2.168285873347373,-0.046119367089117125,11.94915254237288,0.576271186440678,0.0009208592167766922,False
base_macro_gru__fold_01__seed999,bull_low_vol,fold_01,999,base_macro_gru,negative_control_gru,True,checkpoint_robust_score,checkpoint,,3,0.005004718843573334,0.0046377174991294534,0.07362148292201368,,-0.001505835048097981,0.0,0.6666666666666666,0.0009660952282795999,True
base_macro_gru__fold_01__seed999,unknown,fold_01,999,base_macro_gru,negative_control_gru,True,checkpoint_robust_score,checkpoint,,59,0.0009498107772711593,0.011321259735953495,0.17971942673581032,1.3318110357884843,-0.06576113359759173,13.491525423728813,0.576271186440678,0.0006006014878071657,False
base_macro_gru__fold_02__seed123,bear_high_vol,fold_02,123,base_macro_gru,negative_control_gru,True,checkpoint_robust_score,checkpoint,,4,0.003067757596752125,0.007090163694364137,0.11255285934015886,,-0.00885149888586867,0.0,0.75,0.00023104617796435045,True
base_macro_gru__fold_02__seed123,bull_high_vol,fold_02,123,base_macro_gru,negative_control_gru,True,checkpoint_robust_score,checkpoint,,1,-0.0026384680895068,0.0,0.0,,0.0,,0.0,0.0005162844238828998,True
base_macro_gru__fold_02__seed123,unknown,fold_02,123,base_macro_gru,negative_control_gru,True,checkpoint_robust_score,checkpoint,,59,-7.656276514804108e-05,0.00497559469472722,0.07898511712140338,-0.24427154786199734,-0.026746086325318497,11.016949152542374,0.5254237288135594,-0.000565933728932246,False
base_macro_gru__fold_02__seed42,bear_high_vol,fold_02,42,base_macro_gru,negative_control_gru,True,checkpoint_robust_score,checkpoint,,4,0.0011781964439524,0.007262141251687375,0.11528291842672872,,-0.010976799840710538,0.0,0.75,-0.0016585149748353748,True
base_macro_gru__fold_02__seed42,bull_high_vol,fold_02,42,base_macro_gru,negative_control_gru,True,checkpoint_robust_score,checkpoint,,1,-0.0032807934230841,0.0,0.0,,0.0,,0.0,-0.0001260409096944001,True
base_macro_gru__fold_02__seed42,unknown,fold_02,42,base_macro_gru,negative_control_gru,True,checkpoint_robust_score,checkpoint,,59,-0.00011910763362285593,0.0055439535896533885,0.08800753486984018,-0.34105174877754424,-0.042532825636828586,10.169491525423728,0.5084745762711864,-0.0006084785974070609,False
base_macro_gru__fold_02__seed999,bear_high_vol,fold_02,999,base_macro_gru,negative_control_gru,True,checkpoint_robust_score,checkpoint,,4,0.004009597873583549,0.008128278190186305,0.1290324160702988,,-0.010039883587551146,0.0,0.75,0.001172886454795775,True
base_macro_gru__fold_02__seed999,bull_high_vol,fold_02,999,base_macro_gru,negative_control_gru,True,checkpoint_robust_score,checkpoint,,1,-0.0029259476589783,0.0,0.0,,0.0,,0.0,0.00022880485441140012,True
base_macro_gru__fold_02__seed999,unknown,fold_02,999,base_macro_gru,negative_control_gru,True,checkpoint_robust_score,checkpoint,,59,5.1005329607244104e-05,0.0057495083161557695,0.09127061499267537,0.14082673883655786,-0.03461929548157805,15.254237288135593,0.5254237288135594,-0.00043836563417696097,False
base_macro_gru__fold_03__seed123,bear_low_vol,fold_03,123,base_macro_gru,negative_control_gru,True,checkpoint_robust_score,checkpoint,,3,-0.0006930055661765001,0.003247590294864856,0.051553897682636,,-0.005855229218647118,0.0,0.3333333333333333,-0.0009041350641097001,True
base_macro_gru__fold_03__seed123,unknown,fold_03,123,base_macro_gru,negative_control_gru,True,checkpoint_robust_score,checkpoint,,59,0.0006238655316533953,0.005370857037498398,0.08525971229101123,1.8439437543496195,-0.046195905615886934,8.474576271186441,0.5254237288135594,-0.0003903419017623488,False
base_macro_gru__fold_03__seed42,bear_low_vol,fold_03,42,base_macro_gru,negative_control_gru,True,checkpoint_robust_score,checkpoint,,3,-6.848286798620004e-05,0.003590700448333504,0.057000602512911495,,-0.0052069489686071835,0.0,0.3333333333333333,-0.0002796123659194001,True
base_macro_gru__fold_03__seed42,unknown,fold_03,42,base_macro_gru,negative_control_gru,True,checkpoint_robust_score,checkpoint,,59,0.0005859890188967442,0.0060135622960318024,0.09546234197336839,1.546884663726096,-0.049696626096958685,28.54237288135593,0.5084745762711864,-0.000428218414519,False
base_macro_gru__fold_03__seed999,bear_low_vol,fold_03,999,base_macro_gru,negative_control_gru,True,checkpoint_robust_score,best_model,,3,9.422572041369998e-05,0.0034468432832419574,0.05471694081402952,,-0.004645687315364189,0.0,0.3333333333333333,-0.00011690377751950004,True
base_macro_gru__fold_03__seed999,unknown,fold_03,999,base_macro_gru,negative_control_gru,True,checkpoint_robust_score,best_model,,59,0.0007700644520336505,0.005153879376208105,0.08181529870002809,2.371882092907562,-0.034918061498209974,11.864406779661017,0.5423728813559322,-0.0002441429813820935,False
base_macro_gru__fold_04__seed123,bull_low_vol,fold_04,123,base_macro_gru,negative_control_gru,True,checkpoint_robust_score,best_model,,5,0.0029471236425030597,0.0026692220135321513,0.04237258585095094,,-0.0003720201835721859,0.0,0.8,0.00022713349223148004,True
base_macro_gru__fold_04__seed123,unknown,fold_04,123,base_macro_gru,negative_control_gru,True,checkpoint_robust_score,best_model,,59,0.0008316414135161406,0.004338705123911225,0.06887480861946468,3.042819869946469,-0.017693972116926138,14.40677966101695,0.5932203389830508,-6.6286710323513795e-06,False
base_macro_gru__fold_04__seed42,bull_low_vol,fold_04,42,base_macro_gru,negative_control_gru,True,checkpoint_robust_score,checkpoint,,5,0.00274652383668048,0.0019544150782829562,0.031025377534389217,,0.0,0.0,1.0,2.653368640889997e-05,True
base_macro_gru__fold_04__seed42,unknown,fold_04,42,base_macro_gru,negative_control_gru,True,checkpoint_robust_score,checkpoint,,59,0.0012049608073747416,0.004153029396352779,0.0659272978217409,4.605832993177827,-0.015344767550462657,16.372881355932204,0.6610169491525424,0.0003666907228262498,False
base_macro_gru__fold_04__seed999,bull_low_vol,fold_04,999,base_macro_gru,negative_control_gru,True,checkpoint_robust_score,best_model,,5,0.00528809104811378,0.002287970087819936,0.03632039915715698,,0.0,3.75,1.0,0.0025681008978422,True
base_macro_gru__fold_04__seed999,unknown,fold_04,999,base_macro_gru,negative_control_gru,True,checkpoint_robust_score,best_model,,59,0.0006373148071086552,0.004031684047887343,0.06400100013297681,2.50938783859144,-0.01395449858350506,10.661016949152541,0.576271186440678,-0.0002009552774398367,False
base_macro_gru__fold_05__seed123,bear_high_vol,fold_05,123,base_macro_gru,negative_control_gru,True,checkpoint_robust_score,best_model,,1,0.0166484660174655,0.0,0.0,,0.0,,1.0,0.001328524906004899,True
base_macro_gru__fold_05__seed123,bear_low_vol,fold_05,123,base_macro_gru,negative_control_gru,True,checkpoint_robust_score,best_model,,1,-0.0251374310846087,0.0,0.0,,0.0,0.0,0.0,-0.0025492094583168014,True
base_macro_gru__fold_05__seed123,unknown,fold_05,123,base_macro_gru,negative_control_gru,True,checkpoint_robust_score,best_model,,59,2.6978519166221204e-06,0.014809687522292331,0.23509650107137106,0.002891828163713851,-0.0898396675578581,15.94915254237288,0.5254237288135594,5.4337407690970445e-05,False
base_macro_gru__fold_05__seed42,bear_high_vol,fold_05,42,base_macro_gru,negative_control_gru,True,checkpoint_robust_score,best_model,,1,0.0147569090572272,0.0,0.0,,0.0,,1.0,-0.0005630320542333988,True
base_macro_gru__fold_05__seed42,bear_low_vol,fold_05,42,base_macro_gru,negative_control_gru,True,checkpoint_robust_score,best_model,,1,-0.0219189337993815,0.0,0.0,,0.0,0.0,0.0,0.0006692878269103988,True
base_macro_gru__fold_05__seed42,unknown,fold_05,42,base_macro_gru,negative_control_gru,True,checkpoint_robust_score,best_model,,59,-0.0003456585459840486,0.014024316612406842,0.22262912438436194,-0.3912603700385339,-0.10124386261658103,15.932203389830509,0.576271186440678,-0.0002940189902097002,False
base_macro_gru__fold_05__seed999,bear_high_vol,fold_05,999,base_macro_gru,negative_control_gru,True,checkpoint_robust_score,checkpoint,,1,0.0169068740166158,0.0,0.0,,0.0,,1.0,0.0015869329051552018,True
base_macro_gru__fold_05__seed999,bear_low_vol,fold_05,999,base_macro_gru,negative_control_gru,True,checkpoint_robust_score,checkpoint,,1,-0.0219485609210333,0.0,0.0,,0.0,0.0,0.0,0.0006396607052585983,True
base_macro_gru__fold_05__seed999,unknown,fold_05,999,base_macro_gru,negative_control_gru,True,checkpoint_robust_score,checkpoint,,59,-0.00022472623948801453,0.013890075082051452,0.2204981061547394,-0.2568321938839584,-0.09361023310859529,15.254237288135593,0.5084745762711864,-0.00017308668371366593,False
base_macro_gru__fold_06__seed123,bull_low_vol,fold_06,123,base_macro_gru,negative_control_gru,True,checkpoint_robust_score,checkpoint,,5,0.0009555267166403401,0.0022106844395530195,0.03509352752578495,,-0.001949747351810971,0.0,0.4,-0.001491666541079731,True
base_macro_gru__fold_06__seed123,unknown,fold_06,123,base_macro_gru,negative_control_gru,True,checkpoint_robust_score,checkpoint,,59,0.0012883546054870707,0.0044820745781053465,0.07115072814786896,4.563064483444305,-0.016728414444714623,12.711864406779661,0.6101694915254238,-0.0003900931334851769,False
base_macro_gru__fold_06__seed42,bull_low_vol,fold_06,42,base_macro_gru,negative_control_gru,True,checkpoint_robust_score,checkpoint,,5,0.0007677526026220318,0.003007140842818099,0.04773688096465118,,-0.004672123795855354,0.0,0.4,-0.0016794406550980395,True
base_macro_gru__fold_06__seed42,unknown,fold_06,42,base_macro_gru,negative_control_gru,True,checkpoint_robust_score,checkpoint,,59,0.0013210378167140455,0.004538732941601914,0.07205015178489185,4.620413997264408,-0.020891404316225604,15.983050847457626,0.6610169491525424,-0.00035740992225820177,False
base_macro_gru__fold_06__seed999,bull_low_vol,fold_06,999,base_macro_gru,negative_control_gru,True,checkpoint_robust_score,checkpoint,,5,0.00504624304937588,0.001972436058297945,0.03131145172339717,,0.0,0.0,1.0,0.0025990497916558095,True
base_macro_gru__fold_06__seed999,unknown,fold_06,999,base_macro_gru,negative_control_gru,True,checkpoint_robust_score,checkpoint,,59,0.0014242667055531376,0.005811122594900188,0.09224871134528544,3.8907341312983426,-0.022341726136312356,12.711864406779661,0.559322033898305,-0.0002541810334191098,False
base_macro_gru__fold_07__seed123,bull_high_vol,fold_07,123,base_macro_gru,negative_control_gru,True,checkpoint_robust_score,last_model,,3,0.004503077494313934,0.0064588091887678,0.1025304172745906,,-0.0039008209686861584,0.0,0.6666666666666666,0.00025509673163823287,True
base_macro_gru__fold_07__seed123,unknown,fold_07,123,base_macro_gru,negative_control_gru,True,checkpoint_robust_score,last_model,,59,0.0015009535959632067,0.008079285041951836,0.12825467395325166,2.949134674971731,-0.03937656492919539,9.322033898305085,0.6101694915254238,-0.0009544471979978711,False
base_macro_gru__fold_07__seed42,bull_high_vol,fold_07,42,base_macro_gru,negative_control_gru,True,checkpoint_robust_score,best_model,,3,0.002795279696984433,0.005438702761902235,0.0863367297767607,,-0.0025591016055238613,1.25,0.6666666666666666,-0.0014527010656912667,True
base_macro_gru__fold_07__seed42,unknown,fold_07,42,base_macro_gru,negative_control_gru,True,checkpoint_robust_score,best_model,,59,0.0015725751549299225,0.0061781529390143785,0.09807513743012908,4.040666670741763,-0.022802302022450815,13.754237288135593,0.6440677966101694,-0.0008828256390311552,False
base_macro_gru__fold_07__seed999,bull_high_vol,fold_07,999,base_macro_gru,negative_control_gru,True,checkpoint_robust_score,checkpoint,,3,0.0034012082068684665,0.003886225013683314,0.061691909550267814,,-0.0020853224634093115,0.0,0.6666666666666666,-0.0008467725558072337,True
base_macro_gru__fold_07__seed999,unknown,fold_07,999,base_macro_gru,negative_control_gru,True,checkpoint_robust_score,checkpoint,,59,0.001512192696627234,0.007028571261936076,0.11157510978706967,3.415390406312871,-0.030982913442571314,9.322033898305085,0.5932203389830508,-0.0009432080973338439,False
base_macro_gru__fold_08__seed123,bear_low_vol,fold_08,123,base_macro_gru,negative_control_gru,True,checkpoint_robust_score,best_model,,1,0.0003567031701205,0.0,0.0,,0.0,,1.0,-0.0056953478812662,True
base_macro_gru__fold_08__seed123,bull_low_vol,fold_08,123,base_macro_gru,negative_control_gru,True,checkpoint_robust_score,best_model,,4,-0.0003164282759666946,0.00035590444105314316,0.005649807849180383,,-0.0013105326510983728,0.0,0.25,0.0070260174451451055,True
base_macro_gru__fold_08__seed123,unknown,fold_08,123,base_macro_gru,negative_control_gru,True,checkpoint_robust_score,best_model,,59,1.6987841626774714e-06,0.00020558439429365665,0.003263551084421171,0.1311741713001714,-0.0009104622708652199,0.0,0.4915254237288136,-2.9800662464415565e-05,False
base_macro_gru__fold_08__seed42,bear_low_vol,fold_08,42,base_macro_gru,negative_control_gru,True,checkpoint_robust_score,best_model,,1,0.0051299840533036,0.0,0.0,,0.0,,1.0,-0.0009220669980830997,True
base_macro_gru__fold_08__seed42,bull_low_vol,fold_08,42,base_macro_gru,negative_control_gru,True,checkpoint_robust_score,best_model,,4,-0.006761258205489675,0.006993220495950419,0.11101393377434754,,-0.02632840114907853,0.0,0.25,0.0005811875156221259,True
base_macro_gru__fold_08__seed42,unknown,fold_08,42,base_macro_gru,negative_control_gru,True,checkpoint_robust_score,best_model,,59,5.5687523654994343e-05,0.008377033395454212,0.13298128253312905,0.1055280539767883,-0.06406880583296892,16.305084745762713,0.5423728813559322,2.4188077027901425e-05,False
base_macro_gru__fold_08__seed999,bear_low_vol,fold_08,999,base_macro_gru,negative_control_gru,True,checkpoint_robust_score,checkpoint,,1,0.0082489424423801,0.0,0.0,,0.0,,1.0,0.0021968913909934003,True
base_macro_gru__fold_08__seed999,bull_low_vol,fold_08,999,base_macro_gru,negative_control_gru,True,checkpoint_robust_score,checkpoint,,4,-0.007984631276787625,0.007192584868917827,0.11417874508129607,,-0.028022963711373583,0.0,0.25,-0.0006421855556758246,True
base_macro_gru__fold_08__seed999,unknown,fold_08,999,base_macro_gru,negative_control_gru,True,checkpoint_robust_score,checkpoint,,59,-0.00035593901194979976,0.009016173021067582,0.1431273095476485,-0.6266912393926377,-0.059961105085360344,7.627118644067797,0.5084745762711864,-0.0003874384585768928,False
base_macro_gru__fold_09__seed123,bear_high_vol,fold_09,123,base_macro_gru,negative_control_gru,True,checkpoint_robust_score,checkpoint,,4,-0.011734087767592126,0.02607115334397099,0.4138667288446634,,-0.04070916291532589,0.0,0.25,0.00024349011390647438,True
base_macro_gru__fold_09__seed123,unknown,fold_09,123,base_macro_gru,negative_control_gru,True,checkpoint_robust_score,checkpoint,,59,-0.0024311196178716014,0.03623217429347449,0.5751679358380853,-1.0651535065336248,-0.30645203358217454,16.949152542372882,0.4406779661016949,1.6030183799028115e-05,False
base_macro_gru__fold_09__seed42,bear_high_vol,fold_09,42,base_macro_gru,negative_control_gru,True,checkpoint_robust_score,best_model,,4,-0.009941633405031026,0.025434430169064343,0.4037590617958966,,-0.03873738871269561,0.0,0.25,0.0020359444764675738,True
base_macro_gru__fold_09__seed42,unknown,fold_09,42,base_macro_gru,negative_control_gru,True,checkpoint_robust_score,best_model,,59,-0.0022979512300144605,0.036616521965075505,0.5812692659743434,-0.996240028264636,-0.2923078598640325,13.508474576271187,0.4406779661016949,0.00014919857165616827,False
base_macro_gru__fold_09__seed999,bear_high_vol,fold_09,999,base_macro_gru,negative_control_gru,True,checkpoint_robust_score,checkpoint,,4,-0.013086688915541076,0.02736085895752507,0.4343401707523519,,-0.04161966229133618,0.0,0.25,-0.0011091110340424766,True
base_macro_gru__fold_09__seed999,unknown,fold_09,999,base_macro_gru,negative_control_gru,True,checkpoint_robust_score,checkpoint,,59,-0.0025660578104927624,0.039068812486011885,0.6201981711396156,-1.0426450743251332,-0.3324943488551483,12.711864406779661,0.4576271186440678,-0.00011890800882213366,False
base_macro_gru__fold_10__seed123,bear_high_vol,fold_10,123,base_macro_gru,negative_control_gru,True,checkpoint_robust_score,best_model,,5,0.0037774879059699396,0.009245591233255432,0.14676921076171706,,-0.0067311691744333935,0.375,0.6,0.0005135321199764202,True
base_macro_gru__fold_10__seed123,unknown,fold_10,123,base_macro_gru,negative_control_gru,True,checkpoint_robust_score,best_model,,59,0.0008919542803250964,0.01100407164923519,0.1746842219580762,1.2867360092537103,-0.09888763809639423,14.14406779661017,0.559322033898305,-2.729307887076631e-05,False
base_macro_gru__fold_10__seed42,bear_high_vol,fold_10,42,base_macro_gru,negative_control_gru,True,checkpoint_robust_score,checkpoint,,5,0.0022786743843648603,0.008983651784501539,0.14261105092195617,,-0.008489178209683867,0.0,0.6,-0.0009852814016286598,True
base_macro_gru__fold_10__seed42,unknown,fold_10,42,base_macro_gru,negative_control_gru,True,checkpoint_robust_score,checkpoint,,59,0.0011272155285374681,0.011973147813038982,0.19006782914350814,1.494510220227578,-0.0997822634643315,14.864406779661017,0.559322033898305,0.00020796816934160565,False
base_macro_gru__fold_10__seed999,bear_high_vol,fold_10,999,base_macro_gru,negative_control_gru,True,checkpoint_robust_score,checkpoint,,5,0.00334071275394536,0.010015495433909286,0.1589910610513615,,-0.011923269705143902,1.0,0.6,7.675696795184043e-05,True
base_macro_gru__fold_10__seed999,unknown,fold_10,999,base_macro_gru,negative_control_gru,True,checkpoint_robust_score,checkpoint,,59,0.0012184272061797918,0.012776322656788061,0.20281783451868748,1.5138888386514984,-0.09713191263013154,12.11864406779661,0.559322033898305,0.000299179846983929,False
base_macro_gru__fold_11__seed123,bull_low_vol,fold_11,123,base_macro_gru,negative_control_gru,True,checkpoint_robust_score,checkpoint,,3,0.0005618344348719667,0.003313482943138124,0.0525999110459871,,-0.0026538126092939818,0.0,0.3333333333333333,0.0010691003208428333,True
base_macro_gru__fold_11__seed123,unknown,fold_11,123,base_macro_gru,negative_control_gru,True,checkpoint_robust_score,checkpoint,,59,0.0017473678183405055,0.010183013522716756,0.1616503282698979,2.7240073987762248,-0.04761319185797985,12.711864406779661,0.6101694915254238,0.0003368248904974809,False
base_macro_gru__fold_11__seed42,bull_low_vol,fold_11,42,base_macro_gru,negative_control_gru,True,checkpoint_robust_score,checkpoint,,3,0.0001740093235555332,0.003562925830543841,0.05655969412432358,,-0.000438215532603925,0.0,0.3333333333333333,0.0006812752095264001,True
base_macro_gru__fold_11__seed42,unknown,fold_11,42,base_macro_gru,negative_control_gru,True,checkpoint_robust_score,checkpoint,,59,0.0012741986055247515,0.008925727339206508,0.14169152885946407,2.26617675154537,-0.03895349606526477,14.322033898305085,0.6271186440677966,-0.00013634432231827268,False
base_macro_gru__fold_11__seed999,bull_low_vol,fold_11,999,base_macro_gru,negative_control_gru,True,checkpoint_robust_score,checkpoint,,3,0.0014875495868530333,0.0036833529299036944,0.058471415060437806,,-0.0024668707976720494,0.0,0.6666666666666666,0.0019948154728239003,True
base_macro_gru__fold_11__seed999,unknown,fold_11,999,base_macro_gru,negative_control_gru,True,checkpoint_robust_score,checkpoint,,59,0.0016541179959836255,0.011799329839654983,0.18730855435770433,2.2254068236084725,-0.05025686631106896,8.474576271186441,0.6101694915254238,0.00024357506814060123,False
base_macro_gru__fold_12__seed123,bear_high_vol,fold_12,123,base_macro_gru,negative_control_gru,True,checkpoint_robust_score,checkpoint,,4,-0.00395256638785225,0.01447601933842165,0.2297996828617527,,-0.012213691900997858,0.0,0.5,-0.001477564510866575,True
base_macro_gru__fold_12__seed123,unknown,fold_12,123,base_macro_gru,negative_control_gru,True,checkpoint_robust_score,checkpoint,,59,0.00036098923166050744,0.0075267028333566134,0.11948270333608098,0.761359459055504,-0.047440896928021226,9.322033898305085,0.5084745762711864,0.0002878406811276549,False
base_macro_gru__fold_12__seed42,bear_high_vol,fold_12,42,base_macro_gru,negative_control_gru,True,checkpoint_robust_score,best_model,,4,-0.00451492297739395,0.013064665587243663,0.20739513663642217,,-0.013508837693331666,0.5,0.5,-0.0020399211004082747,True
base_macro_gru__fold_12__seed42,unknown,fold_12,42,base_macro_gru,negative_control_gru,True,checkpoint_robust_score,best_model,,59,0.0006622047863493084,0.006604023909704115,0.10483562950440939,1.5917833178366798,-0.03075384221676858,9.94915254237288,0.5254237288135594,0.0005890562358164561,False
base_macro_gru__fold_12__seed999,bear_high_vol,fold_12,999,base_macro_gru,negative_control_gru,True,checkpoint_robust_score,checkpoint,,4,-0.004857144789987123,0.017647088703392818,0.2801388484408481,,-0.02033546628124039,4.0,0.5,-0.002382142913001449,True
base_macro_gru__fold_12__seed999,unknown,fold_12,999,base_macro_gru,negative_control_gru,True,checkpoint_robust_score,checkpoint,,59,0.00015486396011623208,0.008490019723892513,0.1347748848927171,0.28956224284929316,-0.051749650253198776,9.271186440677965,0.4915254237288136,8.171540958337968e-05,False
base_macro_gru__fold_13__seed123,bull_high_vol,fold_13,123,base_macro_gru,negative_control_gru,True,checkpoint_robust_score,checkpoint,,1,0.0057751888388197,0.0,0.0,,0.0,,1.0,0.0018142369596125,True
base_macro_gru__fold_13__seed123,bull_low_vol,fold_13,123,base_macro_gru,negative_control_gru,True,checkpoint_robust_score,checkpoint,,2,-0.00932942438969635,0.006753183023297749,0.10720345702649495,,-0.016082607412994054,6.0,0.0,-0.0007129298896542495,True
base_macro_gru__fold_13__seed123,unknown,fold_13,123,base_macro_gru,negative_control_gru,True,checkpoint_robust_score,checkpoint,,59,-0.00034585007836736113,0.009219640672755916,0.14635725838493036,-0.5954895623922731,-0.09618304522917565,12.576271186440678,0.4067796610169492,-0.00021963344724193858,False
base_macro_gru__fold_13__seed42,bull_high_vol,fold_13,42,base_macro_gru,negative_control_gru,True,checkpoint_robust_score,checkpoint,,1,0.0043050990308384,0.0,0.0,,0.0,,1.0,0.00034414715163120016,True
base_macro_gru__fold_13__seed42,bull_low_vol,fold_13,42,base_macro_gru,negative_control_gru,True,checkpoint_robust_score,checkpoint,,2,-0.0131612543064898,0.0040762873554866,0.06470905569032812,,-0.01723754166197622,1.0,0.0,-0.004544759806447699,True
base_macro_gru__fold_13__seed42,unknown,fold_13,42,base_macro_gru,negative_control_gru,True,checkpoint_robust_score,checkpoint,,59,-0.0010843648068150765,0.013041258568458681,0.2070235617325913,-1.319946043969451,-0.14570646858758907,11.033898305084746,0.3898305084745763,-0.0009581481756896536,False
base_macro_gru__fold_13__seed999,bull_high_vol,fold_13,999,base_macro_gru,negative_control_gru,True,checkpoint_robust_score,checkpoint,,1,0.0035826497001787,0.0,0.0,,0.0,,1.0,-0.0003783021790285,True
base_macro_gru__fold_13__seed999,bull_low_vol,fold_13,999,base_macro_gru,negative_control_gru,True,checkpoint_robust_score,checkpoint,,2,-0.0073818485557173,0.009392896940109101,0.1491076163639294,,-0.01677474549582636,0.0,0.5,0.0012346459443247997,True
base_macro_gru__fold_13__seed999,unknown,fold_13,999,base_macro_gru,negative_control_gru,True,checkpoint_robust_score,checkpoint,,59,-0.0005910866258230711,0.010674085445219243,0.16944585336662568,-0.8790644725021765,-0.12240130267991622,9.338983050847459,0.4915254237288136,-0.000464869994697649,False
base_macro_gru__fold_14__seed123,bear_high_vol,fold_14,123,base_macro_gru,negative_control_gru,True,checkpoint_robust_score,checkpoint,,5,0.0011965365585938602,0.016408977746764364,0.26048444632038903,,-0.03226508174069087,0.0,0.4,0.0003440294833705809,True
base_macro_gru__fold_14__seed123,unknown,fold_14,123,base_macro_gru,negative_control_gru,True,checkpoint_robust_score,checkpoint,,59,-0.0009515947507497995,0.010364326949138936,0.16452858968391845,-1.4575088600081065,-0.12033594759745003,10.169491525423728,0.4745762711864407,-3.955497953140266e-06,False
base_macro_gru__fold_14__seed42,bear_high_vol,fold_14,42,base_macro_gru,negative_control_gru,True,checkpoint_robust_score,best_model,,5,0.0023566880135709395,0.017419057744406857,0.27651896918864555,,-0.030450754895928522,5.875,0.4,0.0015041809383476601,True
base_macro_gru__fold_14__seed42,unknown,fold_14,42,base_macro_gru,negative_control_gru,True,checkpoint_robust_score,best_model,,59,-0.0015540157272308929,0.010580330145117552,0.16795753411764586,-2.331612959903784,-0.14371956716164658,12.940677966101696,0.4406779661016949,-0.0006063764744342338,False
base_macro_gru__fold_14__seed999,bear_high_vol,fold_14,999,base_macro_gru,negative_control_gru,True,checkpoint_robust_score,checkpoint,,5,0.0026194236875169597,0.018549015869755645,0.2944564983381834,,-0.03410203849460414,0.0,0.6,0.00176691661229368,True
base_macro_gru__fold_14__seed999,unknown,fold_14,999,base_macro_gru,negative_control_gru,True,checkpoint_robust_score,checkpoint,,59,-0.0010789006832526084,0.011965785695211536,0.18995095914614307,-1.431332452343544,-0.14886093519994992,13.559322033898304,0.4406779661016949,-0.00013126143045594902,False
base_macro_hmm__fold_01__seed123,bull_low_vol,fold_01,123,base_macro_hmm,negative_control_hmm,True,checkpoint_robust_score,checkpoint,,3,0.0036901601615327005,0.006037117369497894,0.0958362671723992,,-0.004296605534139464,0.0,0.6666666666666666,-0.0003484634537610329,True
base_macro_hmm__fold_01__seed123,unknown,fold_01,123,base_macro_hmm,negative_control_hmm,True,checkpoint_robust_score,checkpoint,,59,0.0012380808654086151,0.011131061010197738,0.1767001155676237,1.7656829316762335,-0.052772773627311365,13.59322033898305,0.576271186440678,0.0008888715759446218,False
base_macro_hmm__fold_01__seed42,bull_low_vol,fold_01,42,base_macro_hmm,negative_control_hmm,True,checkpoint_robust_score,checkpoint,,3,0.0016607899099503332,0.0038127170941908224,0.06052500750404247,,-0.0037311379982027937,10.0,0.6666666666666666,-0.0023778337053433998,True
base_macro_hmm__fold_01__seed42,unknown,fold_01,42,base_macro_hmm,negative_control_hmm,True,checkpoint_robust_score,checkpoint,,59,0.0012977650860531193,0.011584438736571221,0.18389726385138444,1.7783668709159213,-0.05747386330771698,19.76271186440678,0.559322033898305,0.0009485557965891256,False
base_macro_hmm__fold_01__seed999,bull_low_vol,fold_01,999,base_macro_hmm,negative_control_hmm,True,checkpoint_robust_score,checkpoint,,3,0.0017057932648078002,0.005288599740301132,0.08395391817958545,,-0.0053869688405150384,0.0,0.6666666666666666,-0.0023328303504859334,True
base_macro_hmm__fold_01__seed999,unknown,fold_01,999,base_macro_hmm,negative_control_hmm,True,checkpoint_robust_score,checkpoint,,59,0.0012508288473986225,0.01069002557321038,0.1696988950538122,1.8574597639218504,-0.06648895696088808,9.322033898305085,0.6101694915254238,0.0009016195579346288,False
base_macro_hmm__fold_02__seed123,bear_high_vol,fold_02,123,base_macro_hmm,negative_control_hmm,True,checkpoint_robust_score,best_model,,4,0.0016118627682147994,0.009705433156229888,0.15406897498526984,,-0.014857791978681312,0.0,0.75,-0.0012248486505729752,True
base_macro_hmm__fold_02__seed123,bull_high_vol,fold_02,123,base_macro_hmm,negative_control_hmm,True,checkpoint_robust_score,best_model,,1,-0.003927937841927,0.0,0.0,,0.0,,0.0,-0.0007731853285372998,True
base_macro_hmm__fold_02__seed123,unknown,fold_02,123,base_macro_hmm,negative_control_hmm,True,checkpoint_robust_score,best_model,,59,2.4678386328185215e-05,0.005452809454968869,0.08656066658681569,0.07184502615244302,-0.027633049587784342,20.28813559322034,0.4745762711864407,-0.00046469257745601964,False
base_macro_hmm__fold_02__seed42,bear_high_vol,fold_02,42,base_macro_hmm,negative_control_hmm,True,checkpoint_robust_score,checkpoint,,4,0.003006556628474325,0.006705817552222725,0.10645155348331932,,-0.008354678146028194,0.0,0.75,0.0001698452096865503,True
base_macro_hmm__fold_02__seed42,bull_high_vol,fold_02,42,base_macro_hmm,negative_control_hmm,True,checkpoint_robust_score,checkpoint,,1,-0.0067306750315991,0.0,0.0,,0.0,,0.0,-0.0035759225182094003,True
base_macro_hmm__fold_02__seed42,unknown,fold_02,42,base_macro_hmm,negative_control_hmm,True,checkpoint_robust_score,checkpoint,,59,-0.00023347746951068567,0.00537021743126344,0.08524955885680299,-0.69016571001291,-0.041692943191126486,9.322033898305085,0.4576271186440678,-0.0007228484332948909,False
base_macro_hmm__fold_02__seed999,bear_high_vol,fold_02,999,base_macro_hmm,negative_control_hmm,True,checkpoint_robust_score,checkpoint,,4,-0.00039769417403219976,0.007878073393744517,0.12506053806097575,,-0.013578790850039768,0.0,0.5,-0.0032344055928199746,True
base_macro_hmm__fold_02__seed999,bull_high_vol,fold_02,999,base_macro_hmm,negative_control_hmm,True,checkpoint_robust_score,checkpoint,,1,-0.0040771492374975,0.0,0.0,,0.0,,0.0,-0.0009223967241078004,True
base_macro_hmm__fold_02__seed999,unknown,fold_02,999,base_macro_hmm,negative_control_hmm,True,checkpoint_robust_score,checkpoint,,59,-2.02642854129539e-05,0.005240813790876167,0.08319533974953604,-0.06138084103554444,-0.030119117132262452,18.28813559322034,0.4576271186440678,-0.0005096352491971589,False
base_macro_hmm__fold_03__seed123,bear_low_vol,fold_03,123,base_macro_hmm,negative_control_hmm,True,checkpoint_robust_score,last_model,,3,0.0005469451855354668,0.0035670711583678364,0.05662549916347435,,-0.003715882137517723,0.0,0.3333333333333333,0.0003358156876022668,True
base_macro_hmm__fold_03__seed123,unknown,fold_03,123,base_macro_hmm,negative_control_hmm,True,checkpoint_robust_score,last_model,,59,0.0006444713040861886,0.004944422294087018,0.07849027060222631,2.069132484620495,-0.03672258371381876,13.305084745762711,0.4745762711864407,-0.00036973612932955527,False
base_macro_hmm__fold_03__seed42,bear_low_vol,fold_03,42,base_macro_hmm,negative_control_hmm,True,checkpoint_robust_score,checkpoint,,3,0.0003083636704749333,0.002609228697733622,0.041420221487376514,,-0.002914661408300656,0.0,0.3333333333333333,9.72341725417333e-05,True
base_macro_hmm__fold_03__seed42,unknown,fold_03,42,base_macro_hmm,negative_control_hmm,True,checkpoint_robust_score,checkpoint,,59,0.0005530037340103622,0.004817468105043044,0.0764749353295769,1.8222564081948898,-0.03375844617804369,15.305084745762711,0.5084745762711864,-0.00046120369940538184,False
base_macro_hmm__fold_03__seed999,bear_low_vol,fold_03,999,base_macro_hmm,negative_control_hmm,True,checkpoint_robust_score,best_model,,3,0.0005227454604969334,0.002835378754337704,0.04501024233992199,,-0.002797899715490604,0.0,0.3333333333333333,0.0003116159625637333,True
base_macro_hmm__fold_03__seed999,unknown,fold_03,999,base_macro_hmm,negative_control_hmm,True,checkpoint_robust_score,best_model,,59,0.0006038956125464035,0.004786204822793518,0.0759786461095777,2.002953489618842,-0.03971513026483242,12.711864406779661,0.4576271186440678,-0.0004103118208693406,False
base_macro_hmm__fold_04__seed123,bull_low_vol,fold_04,123,base_macro_hmm,negative_control_hmm,True,checkpoint_robust_score,checkpoint,,5,0.0019062207769640397,0.0031496603290602594,0.04999930767011587,,-0.001099427345180315,0.0,0.6,-0.0008137693733075398,True
base_macro_hmm__fold_04__seed123,unknown,fold_04,123,base_macro_hmm,negative_control_hmm,True,checkpoint_robust_score,checkpoint,,59,0.0011212978432421851,0.004636096475528107,0.0735957499701025,3.8394480199171905,-0.015089535885752126,27.983050847457626,0.6271186440677966,0.00028302775869369276,False
base_macro_hmm__fold_04__seed42,bull_low_vol,fold_04,42,base_macro_hmm,negative_control_hmm,True,checkpoint_robust_score,checkpoint,,5,0.0031316946084895604,0.0018273591049200654,0.02900842648576848,,0.0,0.0,1.0,0.0004117044582179802,True
base_macro_hmm__fold_04__seed42,unknown,fold_04,42,base_macro_hmm,negative_control_hmm,True,checkpoint_robust_score,checkpoint,,59,0.0011202720606977381,0.004736972308447067,0.07519710417330293,3.754247751950765,-0.014530688066263009,9.35593220338983,0.6271186440677966,0.0002820019761492462,False
base_macro_hmm__fold_04__seed999,bull_low_vol,fold_04,999,base_macro_hmm,negative_control_hmm,True,checkpoint_robust_score,checkpoint,,5,0.00314972753808538,0.0016807197977591693,0.026680599650721216,,0.0,0.0,1.0,0.0004297373878138001,True
base_macro_hmm__fold_04__seed999,unknown,fold_04,999,base_macro_hmm,negative_control_hmm,True,checkpoint_robust_score,checkpoint,,59,0.0009643188850969936,0.004064618755551517,0.0645238224088689,3.7661804581967933,-0.015751875027160356,18.423728813559322,0.6101694915254238,0.00012604880054850162,False
base_macro_hmm__fold_05__seed123,bear_high_vol,fold_05,123,base_macro_hmm,negative_control_hmm,True,checkpoint_robust_score,checkpoint,,1,0.0125284936877643,0.0,0.0,,0.0,,1.0,-0.0027914474236962993,True
base_macro_hmm__fold_05__seed123,bear_low_vol,fold_05,123,base_macro_hmm,negative_control_hmm,True,checkpoint_robust_score,checkpoint,,1,-0.019603859666053,0.0,0.0,,0.0,0.0,0.0,0.0029843619602389,True
base_macro_hmm__fold_05__seed123,unknown,fold_05,123,base_macro_hmm,negative_control_hmm,True,checkpoint_robust_score,checkpoint,,59,-0.0007414891839513313,0.013201859304263496,0.20957301937647246,-0.8915998581862903,-0.10403536708622951,16.677966101694917,0.5254237288135594,-0.0006898496281769828,False
base_macro_hmm__fold_05__seed42,bear_high_vol,fold_05,42,base_macro_hmm,negative_control_hmm,True,checkpoint_robust_score,checkpoint,,1,0.0140832707474183,0.0,0.0,,0.0,,1.0,-0.0012366703640423003,True
base_macro_hmm__fold_05__seed42,bear_low_vol,fold_05,42,base_macro_hmm,negative_control_hmm,True,checkpoint_robust_score,checkpoint,,1,-0.021704443973365,0.0,0.0,,0.0,0.0,0.0,0.0008837776529268988,True
base_macro_hmm__fold_05__seed42,unknown,fold_05,42,base_macro_hmm,negative_control_hmm,True,checkpoint_robust_score,checkpoint,,59,-0.0005488948782260998,0.013425716865129767,0.21312664798739442,-0.6490108610029766,-0.10390535307686288,10.169491525423728,0.5254237288135594,-0.0004972553224517517,False
base_macro_hmm__fold_05__seed999,bear_high_vol,fold_05,999,base_macro_hmm,negative_control_hmm,True,checkpoint_robust_score,best_model,,1,0.0170610372153949,0.0,0.0,,0.0,,1.0,0.0017410961039343014,True
base_macro_hmm__fold_05__seed999,bear_low_vol,fold_05,999,base_macro_hmm,negative_control_hmm,True,checkpoint_robust_score,best_model,,1,-0.0170887542028241,0.0,0.0,,0.0,0.0,0.0,0.0054994674234678,True
base_macro_hmm__fold_05__seed999,unknown,fold_05,999,base_macro_hmm,negative_control_hmm,True,checkpoint_robust_score,best_model,,59,-0.0007524786450058699,0.013191305736961017,0.2094054866893108,-0.9055379662655167,-0.11435259979277645,11.864406779661017,0.5084745762711864,-0.0007008390892315213,False
base_macro_hmm__fold_06__seed123,bull_low_vol,fold_06,123,base_macro_hmm,negative_control_hmm,True,checkpoint_robust_score,best_model,,5,0.0012602944607107598,0.0037322245107850125,0.059247227355581085,,-0.004117452833408586,0.5,0.6,-0.001186898797009311,True
base_macro_hmm__fold_06__seed123,unknown,fold_06,123,base_macro_hmm,negative_control_hmm,True,checkpoint_robust_score,best_model,,59,0.001209123778992951,0.004898728424747394,0.07776490291394877,3.9182096407088736,-0.019746611385359047,11.788135593220339,0.6101694915254238,-0.0004693239599792962,False
base_macro_hmm__fold_06__seed42,bull_low_vol,fold_06,42,base_macro_hmm,negative_control_hmm,True,checkpoint_robust_score,checkpoint,,5,0.0021131367062363,0.0027978688449649984,0.0444147909885175,,-0.0014688897757724195,0.0,0.6,-0.0003340565514837712,True
base_macro_hmm__fold_06__seed42,unknown,fold_06,42,base_macro_hmm,negative_control_hmm,True,checkpoint_robust_score,checkpoint,,59,0.001051798471334516,0.004404735871959898,0.0699230142487868,3.7906434329795333,-0.018320203778547706,9.322033898305085,0.6101694915254238,-0.0006266492676377315,False
base_macro_hmm__fold_06__seed999,bull_low_vol,fold_06,999,base_macro_hmm,negative_control_hmm,True,checkpoint_robust_score,last_model,,5,0.00284699002777406,0.0023082100513177723,0.03664169861691877,,-0.0010409128053788796,0.0,0.8,0.000399796770053989,True
base_macro_hmm__fold_06__seed999,unknown,fold_06,999,base_macro_hmm,negative_control_hmm,True,checkpoint_robust_score,last_model,,59,0.001608048277551766,0.005217932889663013,0.0828321167032378,4.892162389074929,-0.019035970962659632,13.59322033898305,0.6101694915254238,-7.039946142048136e-05,False
base_macro_hmm__fold_07__seed123,bull_high_vol,fold_07,123,base_macro_hmm,negative_control_hmm,True,checkpoint_robust_score,checkpoint,,3,0.0025207433842813994,0.004625165626813328,0.07342222812619346,,-0.002919919766311896,0.0,0.6666666666666666,-0.0017272373783943004,True
base_macro_hmm__fold_07__seed123,unknown,fold_07,123,base_macro_hmm,negative_control_hmm,True,checkpoint_robust_score,checkpoint,,59,0.0011793956666048913,0.006208953250258728,0.0985640772132647,3.0153755443918935,-0.027996817086621717,11.864406779661017,0.6101694915254238,-0.0012760051273561863,False
base_macro_hmm__fold_07__seed42,bull_high_vol,fold_07,42,base_macro_hmm,negative_control_hmm,True,checkpoint_robust_score,last_model,,3,0.004041647466604533,0.005515421208469723,0.08755459736029331,,-0.0009357933125505591,0.0,0.6666666666666666,-0.00020633329607116686,True
base_macro_hmm__fold_07__seed42,unknown,fold_07,42,base_macro_hmm,negative_control_hmm,True,checkpoint_robust_score,last_model,,59,0.0011977050381633185,0.006271246301225054,0.09955294874085091,3.0317702633081898,-0.024297041212511084,11.016949152542374,0.5932203389830508,-0.0012576957557977593,False
base_macro_hmm__fold_07__seed999,bull_high_vol,fold_07,999,base_macro_hmm,negative_control_hmm,True,checkpoint_robust_score,checkpoint,,3,0.0032409587740071,0.005569964784489293,0.08842044978687688,,-0.0027430113621254026,0.0,0.6666666666666666,-0.0010070219886686004,True
base_macro_hmm__fold_07__seed999,unknown,fold_07,999,base_macro_hmm,negative_control_hmm,True,checkpoint_robust_score,checkpoint,,59,0.001492200514526837,0.007124892282933083,0.11310415859258513,3.3246746568822894,-0.0375619808972909,13.559322033898304,0.576271186440678,-0.0009632002794342408,False
base_macro_hmm__fold_08__seed123,bear_low_vol,fold_08,123,base_macro_hmm,negative_control_hmm,True,checkpoint_robust_score,checkpoint,,1,0.0051387329921823,0.0,0.0,,0.0,,1.0,-0.0009133180592043998,True
base_macro_hmm__fold_08__seed123,bull_low_vol,fold_08,123,base_macro_hmm,negative_control_hmm,True,checkpoint_robust_score,checkpoint,,4,-0.00732190221740605,0.00922075545787943,0.1463749550501429,,-0.03116793285349051,0.0,0.25,2.0543503705750758e-05,True
base_macro_hmm__fold_08__seed123,unknown,fold_08,123,base_macro_hmm,negative_control_hmm,True,checkpoint_robust_score,checkpoint,,59,0.00022635785850564917,0.010608803491215525,0.1684095344742605,0.3387111099231846,-0.06776871339184265,11.016949152542374,0.5423728813559322,0.00019485841187855617,False
base_macro_hmm__fold_08__seed42,bear_low_vol,fold_08,42,base_macro_hmm,negative_control_hmm,True,checkpoint_robust_score,checkpoint,,1,0.0037931713653054,0.0,0.0,,0.0,,1.0,-0.0022588796860812995,True
base_macro_hmm__fold_08__seed42,bull_low_vol,fold_08,42,base_macro_hmm,negative_control_hmm,True,checkpoint_robust_score,checkpoint,,4,-0.007285276028872726,0.008265854193205814,0.13121636741245815,,-0.029438417892066804,0.0,0.25,5.716969223907534e-05,True
base_macro_hmm__fold_08__seed42,unknown,fold_08,42,base_macro_hmm,negative_control_hmm,True,checkpoint_robust_score,checkpoint,,59,-0.00087666363781704,0.009907460347197946,0.15727605721751645,-1.4046590475265899,-0.09665237668261173,13.067796610169491,0.4576271186440678,-0.0009081630844441327,False
base_macro_hmm__fold_08__seed999,bear_low_vol,fold_08,999,base_macro_hmm,negative_control_hmm,True,checkpoint_robust_score,best_model,,1,0.001695512493264,0.0,0.0,,0.0,,1.0,-0.004356538558122699,True
base_macro_hmm__fold_08__seed999,bull_low_vol,fold_08,999,base_macro_hmm,negative_control_hmm,True,checkpoint_robust_score,best_model,,4,-0.005302877930006325,0.008738396585219613,0.1387177453316828,,-0.02515217941722947,0.0,0.25,0.002039567791105476,True
base_macro_hmm__fold_08__seed999,unknown,fold_08,999,base_macro_hmm,negative_control_hmm,True,checkpoint_robust_score,best_model,,59,-0.0005671566884666388,0.009612529279067918,0.15259417165644426,-0.9366247998998011,-0.06919381735285157,9.35593220338983,0.5084745762711864,-0.000598656135093732,False
base_macro_hmm__fold_09__seed123,bear_high_vol,fold_09,123,base_macro_hmm,negative_control_hmm,True,checkpoint_robust_score,checkpoint,,4,-0.010059905412880302,0.027439458797444905,0.43558790452945606,,-0.03634950101622447,0.0,0.25,0.0019176724686182992,True
base_macro_hmm__fold_09__seed123,unknown,fold_09,123,base_macro_hmm,negative_control_hmm,True,checkpoint_robust_score,checkpoint,,59,-0.002765503664830353,0.035196833978764254,0.5587324178678296,-1.2472999619329501,-0.2919894600202535,12.135593220338983,0.3898305084745763,-0.00031835386315972344,False
base_macro_hmm__fold_09__seed42,bear_high_vol,fold_09,42,base_macro_hmm,negative_control_hmm,True,checkpoint_robust_score,checkpoint,,4,-0.012966813288733572,0.02693760205804073,0.4276211757719849,,-0.03835729629051565,0.0,0.25,-0.0009892354072349747,True
base_macro_hmm__fold_09__seed42,unknown,fold_09,42,base_macro_hmm,negative_control_hmm,True,checkpoint_robust_score,checkpoint,,59,-0.002863298830497144,0.03895792414200874,0.618437873250447,-1.1667320785075461,-0.35235743610177017,11.11864406779661,0.423728813559322,-0.00041614902882651506,False
base_macro_hmm__fold_09__seed999,bear_high_vol,fold_09,999,base_macro_hmm,negative_control_hmm,True,checkpoint_robust_score,best_model,,4,-0.0062542298868292255,0.024829364725715602,0.3941539456557777,,-0.03164298683275868,0.0,0.25,0.005723347994669374,True
base_macro_hmm__fold_09__seed999,unknown,fold_09,999,base_macro_hmm,negative_control_hmm,True,checkpoint_robust_score,best_model,,59,-0.0023856692403398253,0.034312194309456756,0.5446891984784892,-1.103727869480375,-0.29181502630629896,12.40677966101695,0.3898305084745763,6.148056133080511e-05,False
base_macro_hmm__fold_10__seed123,bear_high_vol,fold_10,123,base_macro_hmm,negative_control_hmm,True,checkpoint_robust_score,checkpoint,,5,0.004180650428755479,0.012066958748519511,0.19155703157674697,,-0.01103540465457975,0.875,0.6,0.0009166946427619598,True
base_macro_hmm__fold_10__seed123,unknown,fold_10,123,base_macro_hmm,negative_control_hmm,True,checkpoint_robust_score,checkpoint,,59,0.000494233387723439,0.01247240114175144,0.1979932300374742,0.6290458198127968,-0.11380322507430063,12.220338983050848,0.5254237288135594,-0.0004250139714724236,False
base_macro_hmm__fold_10__seed42,bear_high_vol,fold_10,42,base_macro_hmm,negative_control_hmm,True,checkpoint_robust_score,checkpoint,,5,0.0048581450381655995,0.010086416551845952,0.16011689889594008,,-0.0102994670723775,0.0,0.6,0.0015941892521720799,True
base_macro_hmm__fold_10__seed42,unknown,fold_10,42,base_macro_hmm,negative_control_hmm,True,checkpoint_robust_score,checkpoint,,59,0.00024222217932868642,0.010307518964418524,0.16362679088360066,0.3730439792970765,-0.08109350731585974,7.627118644067797,0.4745762711864407,-0.0006770251798671761,False
base_macro_hmm__fold_10__seed999,bear_high_vol,fold_10,999,base_macro_hmm,negative_control_hmm,True,checkpoint_robust_score,checkpoint,,5,0.0034551076768695593,0.009996240579780456,0.15868539971802723,,-0.011439966233081744,0.875,0.6,0.00019115189087604047,True
base_macro_hmm__fold_10__seed999,unknown,fold_10,999,base_macro_hmm,negative_control_hmm,True,checkpoint_robust_score,checkpoint,,59,0.0004408663775778983,0.010523947722347672,0.16706249090385938,0.6650105990192909,-0.0862703065198498,13.0,0.5254237288135594,-0.0004783809816179645,False
base_macro_hmm__fold_11__seed123,bull_low_vol,fold_11,123,base_macro_hmm,negative_control_hmm,True,checkpoint_robust_score,checkpoint,,3,-0.0019426714061032664,0.003418980170809023,0.05427462761653087,,-0.004800701218321213,0.0,0.3333333333333333,-0.0014354055201323997,True
base_macro_hmm__fold_11__seed123,unknown,fold_11,123,base_macro_hmm,negative_control_hmm,True,checkpoint_robust_score,checkpoint,,59,0.0012532913210823902,0.00820943748269495,0.13032077989765775,2.4234770016016363,-0.04421256870409207,11.016949152542374,0.559322033898305,-0.0001572516067606341,False
base_macro_hmm__fold_11__seed42,bull_low_vol,fold_11,42,base_macro_hmm,negative_control_hmm,True,checkpoint_robust_score,checkpoint,,3,-0.00037112694966673327,0.005653753239119133,0.08975055026901074,,-0.005514826643277293,1.25,0.3333333333333333,0.00013613893630413324,True
base_macro_hmm__fold_11__seed42,unknown,fold_11,42,base_macro_hmm,negative_control_hmm,True,checkpoint_robust_score,checkpoint,,59,0.0016418871088344808,0.00983617762816368,0.15614447913346952,2.6498250448715406,-0.04143942159436187,20.627118644067796,0.576271186440678,0.00023134418099145666,False
base_macro_hmm__fold_11__seed999,bull_low_vol,fold_11,999,base_macro_hmm,negative_control_hmm,True,checkpoint_robust_score,checkpoint,,3,0.0022853094668664332,0.0034538799197625257,0.05482864395582819,,-0.0018547806093198727,0.0,0.6666666666666666,0.0027925753528373,True
base_macro_hmm__fold_11__seed999,unknown,fold_11,999,base_macro_hmm,negative_control_hmm,True,checkpoint_robust_score,checkpoint,,59,0.0019966871580873085,0.010230526297241258,0.162404570182841,3.0982204704677963,-0.04013396849246864,11.864406779661017,0.6440677966101694,0.0005861442302442838,False
base_macro_hmm__fold_12__seed123,bear_high_vol,fold_12,123,base_macro_hmm,negative_control_hmm,True,checkpoint_robust_score,checkpoint,,4,-0.005730051162377974,0.013002397535990343,0.2064066619669767,,-0.016690535724902755,0.0,0.5,-0.0032550492853923004,True
base_macro_hmm__fold_12__seed123,unknown,fold_12,123,base_macro_hmm,negative_control_hmm,True,checkpoint_robust_score,checkpoint,,59,0.0002279127246154118,0.007379236480371095,0.11714174755558489,0.4902949443863366,-0.04699264183576857,11.016949152542374,0.4915254237288136,0.00015476417408255937,False
base_macro_hmm__fold_12__seed42,bear_high_vol,fold_12,42,base_macro_hmm,negative_control_hmm,True,checkpoint_robust_score,checkpoint,,4,-0.0045463525624300245,0.013629115421111867,0.2163554999643441,,-0.016247366875142166,2.0,0.5,-0.00207135068544435,True
base_macro_hmm__fold_12__seed42,unknown,fold_12,42,base_macro_hmm,negative_control_hmm,True,checkpoint_robust_score,checkpoint,,59,1.5712945333211557e-05,0.0075804512943504826,0.12033593370293438,0.0329050691852716,-0.046623161638222776,17.720338983050848,0.4915254237288136,-5.743560519964087e-05,False
base_macro_hmm__fold_12__seed999,bear_high_vol,fold_12,999,base_macro_hmm,negative_control_hmm,True,checkpoint_robust_score,checkpoint,,4,-0.003741395492476574,0.013692814133139174,0.21736668566950038,,-0.01356181928279565,0.0,0.5,-0.0012663936154909,True
base_macro_hmm__fold_12__seed999,unknown,fold_12,999,base_macro_hmm,negative_control_hmm,True,checkpoint_robust_score,checkpoint,,59,0.0003157343443808122,0.008039851915959979,0.12762869248449765,0.623410404315072,-0.047743288160983166,14.40677966101695,0.4915254237288136,0.00024258579384795983,False
base_macro_hmm__fold_13__seed123,bull_high_vol,fold_13,123,base_macro_hmm,negative_control_hmm,True,checkpoint_robust_score,best_model,,1,0.0031515483257442,0.0,0.0,,0.0,,1.0,-0.000809403553463,True
base_macro_hmm__fold_13__seed123,bull_low_vol,fold_13,123,base_macro_hmm,negative_control_hmm,True,checkpoint_robust_score,best_model,,2,-0.0097322315103299,0.0086155793884304,0.13676808277512478,,-0.018347810898760364,0.0,0.0,-0.0011157370102878005,True
base_macro_hmm__fold_13__seed123,unknown,fold_13,123,base_macro_hmm,negative_control_hmm,True,checkpoint_robust_score,best_model,,59,-0.0005468503966020327,0.011960046120268443,0.18985984621855923,-0.7258317263413087,-0.11750389862484734,13.559322033898304,0.4745762711864407,-0.0004206337654766098,False
base_macro_hmm__fold_13__seed42,bull_high_vol,fold_13,42,base_macro_hmm,negative_control_hmm,True,checkpoint_robust_score,best_model,,1,0.004163628144632,0.0,0.0,,0.0,,1.0,0.00020267626542479992,True
base_macro_hmm__fold_13__seed42,bull_low_vol,fold_13,42,base_macro_hmm,negative_control_hmm,True,checkpoint_robust_score,best_model,,2,-0.004933772525374349,0.00927552709138545,0.1472444277770891,,-0.014209299616760096,0.0,0.5,0.0036827219746677505,True
base_macro_hmm__fold_13__seed42,unknown,fold_13,42,base_macro_hmm,negative_control_hmm,True,checkpoint_robust_score,best_model,,59,0.00013368910363292872,0.009460777041596783,0.15018517956896682,0.22432076328828005,-0.07506207502771378,10.169491525423728,0.4406779661016949,0.0002599057347583511,False
base_macro_hmm__fold_13__seed999,bull_high_vol,fold_13,999,base_macro_hmm,negative_control_hmm,True,checkpoint_robust_score,best_model,,1,0.0063674728243994,0.0,0.0,,0.0,,1.0,0.0024065209451922,True
base_macro_hmm__fold_13__seed999,bull_low_vol,fold_13,999,base_macro_hmm,negative_control_hmm,True,checkpoint_robust_score,best_model,,2,-0.00885030612236115,0.008219516268640951,0.13048077566444116,,-0.017069822391002187,0.0,0.0,-0.00023381162231905003,True
base_macro_hmm__fold_13__seed999,unknown,fold_13,999,base_macro_hmm,negative_control_hmm,True,checkpoint_robust_score,best_model,,59,-0.0006405632155290867,0.010582938368505925,0.16799893838034188,-0.9608508950686226,-0.11208069170455903,10.169491525423728,0.4576271186440678,-0.0005143465844036641,False
base_macro_hmm__fold_14__seed123,bear_high_vol,fold_14,123,base_macro_hmm,negative_control_hmm,True,checkpoint_robust_score,checkpoint,,5,0.0010062567237864798,0.015786827735776807,0.250608121076894,,-0.026725481658404382,0.0,0.4,0.00015374964856320044,True
base_macro_hmm__fold_14__seed123,unknown,fold_14,123,base_macro_hmm,negative_control_hmm,True,checkpoint_robust_score,checkpoint,,59,-0.001013459032441538,0.00957702132553088,0.15203050036870122,-1.6798713123741418,-0.12115386048528987,13.559322033898304,0.4915254237288136,-6.581977964487869e-05,False
base_macro_hmm__fold_14__seed42,bear_high_vol,fold_14,42,base_macro_hmm,negative_control_hmm,True,checkpoint_robust_score,checkpoint,,5,-0.00020781800584860065,0.01621339687916452,0.25737969629916047,,-0.032149538609543504,0.0,0.4,-0.00106032508107188,True
base_macro_hmm__fold_14__seed42,unknown,fold_14,42,base_macro_hmm,negative_control_hmm,True,checkpoint_robust_score,checkpoint,,59,-0.0010388546601105544,0.011499520493634396,0.182549228535884,-1.4340864458728677,-0.13034778158970772,9.338983050847459,0.4406779661016949,-9.121540731389496e-05,False
base_macro_hmm__fold_14__seed999,bear_high_vol,fold_14,999,base_macro_hmm,negative_control_hmm,True,checkpoint_robust_score,checkpoint,,5,0.0022105259931399406,0.018015285438671653,0.28598379041141014,,-0.03153457402165527,0.0,0.4,0.0013580189179166605,True
base_macro_hmm__fold_14__seed999,unknown,fold_14,999,base_macro_hmm,negative_control_hmm,True,checkpoint_robust_score,checkpoint,,59,-0.0009490198448507937,0.011998549968417892,0.19047107585889383,-1.2555869694334645,-0.14779812576206142,11.864406779661017,0.4915254237288136,-1.380592054134363e-06,False
base_macro_rates_credit_vol_risk_state_context__fold_01__seed123,bull_low_vol,fold_01,123,base_macro_rates_credit_vol_risk_state_context,rates_credit_vol_risk_state_context,False,checkpoint_robust_score,checkpoint,dow30_equal_weight_rebalance_matched,3,0.005359686579186051,0.0039823585263686736,0.06321798175361501,,-9.754149921814559e-05,0.0,0.6666666666666666,0.0013271333196482515,True
base_macro_rates_credit_vol_risk_state_context__fold_01__seed123,unknown,fold_01,123,base_macro_rates_credit_vol_risk_state_context,rates_credit_vol_risk_state_context,False,checkpoint_robust_score,checkpoint,dow30_equal_weight_rebalance_matched,59,0.0008311964098245592,0.011399472031758404,0.1809610084408136,1.1574951813130336,-0.06957157193930064,15.627118644067796,0.5423728813559322,0.0004913700712834563,False
base_macro_rates_credit_vol_risk_state_context__fold_01__seed42,bull_low_vol,fold_01,42,base_macro_rates_credit_vol_risk_state_context,rates_credit_vol_risk_state_context,False,checkpoint_robust_score,checkpoint,dow30_equal_weight_rebalance_matched,3,0.0037149460564623663,0.005445537700992869,0.08644523107112125,,-0.003730804291732004,0.0,0.6666666666666666,-0.0003176072030754336,True
base_macro_rates_credit_vol_risk_state_context__fold_01__seed42,unknown,fold_01,42,base_macro_rates_credit_vol_risk_state_context,rates_credit_vol_risk_state_context,False,checkpoint_robust_score,checkpoint,dow30_equal_weight_rebalance_matched,59,0.0008946143406746478,0.011071726838323675,0.17575821478946327,1.2826872082199061,-0.06486649786384968,14.254237288135593,0.559322033898305,0.000554788002133545,False
base_macro_rates_credit_vol_risk_state_context__fold_01__seed999,bull_low_vol,fold_01,999,base_macro_rates_credit_vol_risk_state_context,rates_credit_vol_risk_state_context,False,checkpoint_robust_score,checkpoint,dow30_equal_weight_rebalance_matched,3,0.0051611569970797,0.005569284311657773,0.08840964761556006,,-0.0027082607824461258,1.0,0.6666666666666666,0.0011286037375418999,True
base_macro_rates_credit_vol_risk_state_context__fold_01__seed999,unknown,fold_01,999,base_macro_rates_credit_vol_risk_state_context,rates_credit_vol_risk_state_context,False,checkpoint_robust_score,checkpoint,dow30_equal_weight_rebalance_matched,59,0.0012569941889767052,0.009479648763923381,0.1504847588734927,2.1049476238880844,-0.05011225637521999,13.483050847457626,0.6440677966101694,0.0009171678504356026,False
base_macro_rates_credit_vol_risk_state_context__fold_02__seed123,bear_high_vol,fold_02,123,base_macro_rates_credit_vol_risk_state_context,rates_credit_vol_risk_state_context,False,checkpoint_robust_score,best_model,dow30_equal_weight_rebalance_matched,4,0.00240714674587475,0.009004138618967435,0.14293626933684242,,-0.012760533721363543,0.0,0.75,-0.00042290227745544985,True
base_macro_rates_credit_vol_risk_state_context__fold_02__seed123,bull_high_vol,fold_02,123,base_macro_rates_credit_vol_risk_state_context,rates_credit_vol_risk_state_context,False,checkpoint_robust_score,best_model,dow30_equal_weight_rebalance_matched,1,-0.0031516082238799,0.0,0.0,,0.0,,0.0,7.070730341599777e-06,True
base_macro_rates_credit_vol_risk_state_context__fold_02__seed123,unknown,fold_02,123,base_macro_rates_credit_vol_risk_state_context,rates_credit_vol_risk_state_context,False,checkpoint_robust_score,best_model,dow30_equal_weight_rebalance_matched,59,-2.5145542167815692e-05,0.00534933825003467,0.08491811213014315,-0.07462102568387459,-0.026714057575311645,11.508474576271187,0.4915254237288136,-0.0005091814737804427,False
base_macro_rates_credit_vol_risk_state_context__fold_02__seed42,bear_high_vol,fold_02,42,base_macro_rates_credit_vol_risk_state_context,rates_credit_vol_risk_state_context,False,checkpoint_robust_score,best_model,dow30_equal_weight_rebalance_matched,4,0.0005272035073156502,0.008400681277043772,0.13335668101544593,,-0.013475294229997492,0.0,0.75,-0.0023028455160145496,True
base_macro_rates_credit_vol_risk_state_context__fold_02__seed42,bull_high_vol,fold_02,42,base_macro_rates_credit_vol_risk_state_context,rates_credit_vol_risk_state_context,False,checkpoint_robust_score,best_model,dow30_equal_weight_rebalance_matched,1,-0.0045880068065335,0.0,0.0,,0.0,,0.0,-0.0014293278523120003,True
base_macro_rates_credit_vol_risk_state_context__fold_02__seed42,unknown,fold_02,42,base_macro_rates_credit_vol_risk_state_context,rates_credit_vol_risk_state_context,False,checkpoint_robust_score,best_model,dow30_equal_weight_rebalance_matched,59,-0.00038376569009084807,0.005239293037310491,0.08317119853509489,-1.1627697521045877,-0.03928000423879341,9.322033898305085,0.4576271186440678,-0.000867801621703475,False
base_macro_rates_credit_vol_risk_state_context__fold_02__seed999,bear_high_vol,fold_02,999,base_macro_rates_credit_vol_risk_state_context,rates_credit_vol_risk_state_context,False,checkpoint_robust_score,best_model,dow30_equal_weight_rebalance_matched,4,8.52727816296e-05,0.0002934256703717543,0.004657988112516452,,-0.00041803838399512294,0.0,0.75,-0.0027447762417006,True
base_macro_rates_credit_vol_risk_state_context__fold_02__seed999,bull_high_vol,fold_02,999,base_macro_rates_credit_vol_risk_state_context,rates_credit_vol_risk_state_context,False,checkpoint_robust_score,best_model,dow30_equal_weight_rebalance_matched,1,-0.0001611724426703,0.0,0.0,,0.0,,0.0,0.0029975065115512,True
base_macro_rates_credit_vol_risk_state_context__fold_02__seed999,unknown,fold_02,999,base_macro_rates_credit_vol_risk_state_context,rates_credit_vol_risk_state_context,False,checkpoint_robust_score,best_model,dow30_equal_weight_rebalance_matched,59,-9.07488844746343e-06,0.00015648751456481819,0.0024841622809506415,-0.9205807149948523,-0.0010951050219489833,0.0,0.5254237288135594,-0.0004931108200600903,False
base_macro_rates_credit_vol_risk_state_context__fold_03__seed123,bear_low_vol,fold_03,123,base_macro_rates_credit_vol_risk_state_context,rates_credit_vol_risk_state_context,False,checkpoint_robust_score,checkpoint,dow30_equal_weight_rebalance_matched,3,0.00014537132586133327,0.0022972062222302828,0.03646701824550904,,-0.002919890340929987,0.0,0.3333333333333333,-6.166338010390013e-05,True
base_macro_rates_credit_vol_risk_state_context__fold_03__seed123,unknown,fold_03,123,base_macro_rates_credit_vol_risk_state_context,rates_credit_vol_risk_state_context,False,checkpoint_robust_score,checkpoint,dow30_equal_weight_rebalance_matched,59,0.0007981339200358895,0.0047130855110776885,0.07481791302055993,2.688256591623637,-0.035883055394705266,17.796610169491526,0.5254237288135594,-0.00021050142579547834,False
base_macro_rates_credit_vol_risk_state_context__fold_03__seed42,bear_low_vol,fold_03,42,base_macro_rates_credit_vol_risk_state_context,rates_credit_vol_risk_state_context,False,checkpoint_robust_score,checkpoint,dow30_equal_weight_rebalance_matched,3,0.00019750843180813327,0.0032435717696132826,0.051490105571918625,,-0.0037894609858846184,1.25,0.3333333333333333,-9.526274157100042e-06,True
base_macro_rates_credit_vol_risk_state_context__fold_03__seed42,unknown,fold_03,42,base_macro_rates_credit_vol_risk_state_context,rates_credit_vol_risk_state_context,False,checkpoint_robust_score,checkpoint,dow30_equal_weight_rebalance_matched,59,0.0005144521242820575,0.005039312041473543,0.07999659864355324,1.6205930941730868,-0.04008721595175779,13.186440677966102,0.423728813559322,-0.0004941832215493102,False
base_macro_rates_credit_vol_risk_state_context__fold_03__seed999,bear_low_vol,fold_03,999,base_macro_rates_credit_vol_risk_state_context,rates_credit_vol_risk_state_context,False,checkpoint_robust_score,checkpoint,dow30_equal_weight_rebalance_matched,3,-1.6825008630333324e-05,0.00015663112117520617,0.002486441965216911,,-0.00025513064885140935,0.0,0.3333333333333333,-0.0002238597145955667,True
base_macro_rates_credit_vol_risk_state_context__fold_03__seed999,unknown,fold_03,999,base_macro_rates_credit_vol_risk_state_context,rates_credit_vol_risk_state_context,False,checkpoint_robust_score,checkpoint,dow30_equal_weight_rebalance_matched,59,5.994414595096581e-06,0.00014321582852474876,0.0022734807965073336,0.6644403947836317,-0.0015634452963739776,0.0,0.4915254237288136,-0.0010026409312362712,False
base_macro_rates_credit_vol_risk_state_context__fold_04__seed123,bull_low_vol,fold_04,123,base_macro_rates_credit_vol_risk_state_context,rates_credit_vol_risk_state_context,False,checkpoint_robust_score,checkpoint,dow30_equal_weight_rebalance_matched,5,0.0024804784985601198,0.0017897309446827056,0.02841109796008282,,-0.00011643920058945767,0.0,0.8,-0.0002341646968701998,True
base_macro_rates_credit_vol_risk_state_context__fold_04__seed123,unknown,fold_04,123,base_macro_rates_credit_vol_risk_state_context,rates_credit_vol_risk_state_context,False,checkpoint_robust_score,checkpoint,dow30_equal_weight_rebalance_matched,59,0.0012057681226044035,0.005270869967923103,0.08367246676850117,3.631464191643704,-0.017942199263933145,10.169491525423728,0.5932203389830508,0.00037346220652621716,False
base_macro_rates_credit_vol_risk_state_context__fold_04__seed42,bull_low_vol,fold_04,42,base_macro_rates_credit_vol_risk_state_context,rates_credit_vol_risk_state_context,False,checkpoint_robust_score,best_model,dow30_equal_weight_rebalance_matched,5,0.00203619156949932,0.0024927561816737586,0.03957127761496626,,0.0,0.0,0.8,-0.0006784516259309999,True
base_macro_rates_credit_vol_risk_state_context__fold_04__seed42,unknown,fold_04,42,base_macro_rates_credit_vol_risk_state_context,rates_credit_vol_risk_state_context,False,checkpoint_robust_score,best_model,dow30_equal_weight_rebalance_matched,59,0.0011105445525242442,0.004237869883984718,0.06727409881004227,4.159955052334855,-0.01908630464318961,12.711864406779661,0.5423728813559322,0.0002782386364460578,False
base_macro_rates_credit_vol_risk_state_context__fold_04__seed999,bull_low_vol,fold_04,999,base_macro_rates_credit_vol_risk_state_context,rates_credit_vol_risk_state_context,False,checkpoint_robust_score,checkpoint,dow30_equal_weight_rebalance_matched,5,0.00399268501278522,0.0023490658844772024,0.037290264861795965,,0.0,0.5,1.0,0.0012780418173549,True
base_macro_rates_credit_vol_risk_state_context__fold_04__seed999,unknown,fold_04,999,base_macro_rates_credit_vol_risk_state_context,rates_credit_vol_risk_state_context,False,checkpoint_robust_score,checkpoint,dow30_equal_weight_rebalance_matched,59,0.00043307649384184135,0.0044514767210478146,0.07066500222531456,1.5444034955262216,-0.022054861053440233,10.076271186440678,0.559322033898305,-0.0003992294222363453,False
base_macro_rates_credit_vol_risk_state_context__fold_05__seed123,bear_high_vol,fold_05,123,base_macro_rates_credit_vol_risk_state_context,rates_credit_vol_risk_state_context,False,checkpoint_robust_score,checkpoint,dow30_equal_weight_rebalance_matched,1,0.016301358671068,0.0,0.0,,0.0,,1.0,0.0009927071338941013,True
base_macro_rates_credit_vol_risk_state_context__fold_05__seed123,bear_low_vol,fold_05,123,base_macro_rates_credit_vol_risk_state_context,rates_credit_vol_risk_state_context,False,checkpoint_robust_score,checkpoint,dow30_equal_weight_rebalance_matched,1,-0.0190714455090676,0.0,0.0,,0.0,0.5,0.0,0.0035270511770094,True
base_macro_rates_credit_vol_risk_state_context__fold_05__seed123,unknown,fold_05,123,base_macro_rates_credit_vol_risk_state_context,rates_credit_vol_risk_state_context,False,checkpoint_robust_score,checkpoint,dow30_equal_weight_rebalance_matched,59,-0.00043261349927349997,0.014509466930036066,0.23033064691794747,-0.47331348769996107,-0.10049637338324713,10.033898305084746,0.576271186440678,-0.00037305458178564873,False
base_macro_rates_credit_vol_risk_state_context__fold_05__seed42,bear_high_vol,fold_05,42,base_macro_rates_credit_vol_risk_state_context,rates_credit_vol_risk_state_context,False,checkpoint_robust_score,checkpoint,dow30_equal_weight_rebalance_matched,1,0.0147119064982099,0.0,0.0,,0.0,,1.0,-0.0005967450389639996,True
base_macro_rates_credit_vol_risk_state_context__fold_05__seed42,bear_low_vol,fold_05,42,base_macro_rates_credit_vol_risk_state_context,rates_credit_vol_risk_state_context,False,checkpoint_robust_score,checkpoint,dow30_equal_weight_rebalance_matched,1,-0.0243014906123427,0.0,0.0,,0.0,0.0,0.0,-0.0017029939262656994,True
base_macro_rates_credit_vol_risk_state_context__fold_05__seed42,unknown,fold_05,42,base_macro_rates_credit_vol_risk_state_context,rates_credit_vol_risk_state_context,False,checkpoint_robust_score,checkpoint,dow30_equal_weight_rebalance_matched,59,-0.0007158153289581238,0.013545078105374007,0.21502144893459335,-0.8389184604198163,-0.10875772176394738,12.711864406779661,0.5084745762711864,-0.0006562564114702725,False
base_macro_rates_credit_vol_risk_state_context__fold_05__seed999,bear_high_vol,fold_05,999,base_macro_rates_credit_vol_risk_state_context,rates_credit_vol_risk_state_context,False,checkpoint_robust_score,checkpoint,dow30_equal_weight_rebalance_matched,1,0.0103076659823899,0.0,0.0,,0.0,,1.0,-0.005000985554784001,True
base_macro_rates_credit_vol_risk_state_context__fold_05__seed999,bear_low_vol,fold_05,999,base_macro_rates_credit_vol_risk_state_context,rates_credit_vol_risk_state_context,False,checkpoint_robust_score,checkpoint,dow30_equal_weight_rebalance_matched,1,-0.0247684281248083,0.0,0.0,,0.0,0.0,0.0,-0.0021699314387313012,True
base_macro_rates_credit_vol_risk_state_context__fold_05__seed999,unknown,fold_05,999,base_macro_rates_credit_vol_risk_state_context,rates_credit_vol_risk_state_context,False,checkpoint_robust_score,checkpoint,dow30_equal_weight_rebalance_matched,59,-0.0003267407834715305,0.014167022052126369,0.22489450300976585,-0.3661213428202387,-0.10834043917644143,11.016949152542374,0.559322033898305,-0.000267181865983679,False
base_macro_rates_credit_vol_risk_state_context__fold_06__seed123,bull_low_vol,fold_06,123,base_macro_rates_credit_vol_risk_state_context,rates_credit_vol_risk_state_context,False,checkpoint_robust_score,best_model,dow30_equal_weight_rebalance_matched,5,0.0016446610559949601,0.0018665131065752415,0.029629976993044125,,-0.0008632829447601242,0.0,0.8,-0.0007963459071717187,True
base_macro_rates_credit_vol_risk_state_context__fold_06__seed123,unknown,fold_06,123,base_macro_rates_credit_vol_risk_state_context,rates_credit_vol_risk_state_context,False,checkpoint_robust_score,best_model,dow30_equal_weight_rebalance_matched,59,0.0011643525237053287,0.004375170945198806,0.06945368558634867,4.224640254820614,-0.013112547749208114,12.711864406779661,0.559322033898305,-0.0005070460772758358,False
base_macro_rates_credit_vol_risk_state_context__fold_06__seed42,bull_low_vol,fold_06,42,base_macro_rates_credit_vol_risk_state_context,rates_credit_vol_risk_state_context,False,checkpoint_robust_score,best_model,dow30_equal_weight_rebalance_matched,5,0.0020385557290195627,0.0031651348053446317,0.05024495736562037,,-0.0014631514283358626,0.0,0.8,-0.00040245123414711593,True
base_macro_rates_credit_vol_risk_state_context__fold_06__seed42,unknown,fold_06,42,base_macro_rates_credit_vol_risk_state_context,rates_credit_vol_risk_state_context,False,checkpoint_robust_score,best_model,dow30_equal_weight_rebalance_matched,59,0.0011104904609097962,0.004269847734690549,0.06778173145262216,4.128599109995778,-0.015717210689272898,10.067796610169491,0.6440677966101694,-0.0005609081400713682,False
base_macro_rates_credit_vol_risk_state_context__fold_06__seed999,bull_low_vol,fold_06,999,base_macro_rates_credit_vol_risk_state_context,rates_credit_vol_risk_state_context,False,checkpoint_robust_score,checkpoint,dow30_equal_weight_rebalance_matched,5,0.0009706160326100402,0.002956556409735516,0.046933877983764964,,-0.0028769663772226783,0.0,0.6,-0.0014703909305566387,True
base_macro_rates_credit_vol_risk_state_context__fold_06__seed999,unknown,fold_06,999,base_macro_rates_credit_vol_risk_state_context,rates_credit_vol_risk_state_context,False,checkpoint_robust_score,checkpoint,dow30_equal_weight_rebalance_matched,59,0.000993840974006124,0.005520684217140038,0.0876381450328311,2.8577501880684513,-0.03056455670303837,13.720338983050848,0.5932203389830508,-0.0006775576269750406,False
base_macro_rates_credit_vol_risk_state_context__fold_07__seed123,bull_high_vol,fold_07,123,base_macro_rates_credit_vol_risk_state_context,rates_credit_vol_risk_state_context,False,checkpoint_robust_score,checkpoint,dow30_equal_weight_rebalance_matched,3,0.0053601930929468,0.006514269048816069,0.10341081525919558,,-0.0025120666452372875,0.0,0.6666666666666666,0.0011183964840398338,True
base_macro_rates_credit_vol_risk_state_context__fold_07__seed123,unknown,fold_07,123,base_macro_rates_credit_vol_risk_state_context,rates_credit_vol_risk_state_context,False,checkpoint_robust_score,checkpoint,dow30_equal_weight_rebalance_matched,59,0.001638055443564013,0.007207696918249454,0.11441864142728822,3.6077160734376905,-0.029337979115608648,7.627118644067797,0.6440677966101694,-0.0008102409155714455,False
base_macro_rates_credit_vol_risk_state_context__fold_07__seed42,bull_high_vol,fold_07,42,base_macro_rates_credit_vol_risk_state_context,rates_credit_vol_risk_state_context,False,checkpoint_robust_score,last_model,dow30_equal_weight_rebalance_matched,3,0.003177859176181566,0.00443822891011901,0.07045469974651285,,-0.0023712322368814043,0.0,0.6666666666666666,-0.0010639374327253998,True
base_macro_rates_credit_vol_risk_state_context__fold_07__seed42,unknown,fold_07,42,base_macro_rates_credit_vol_risk_state_context,rates_credit_vol_risk_state_context,False,checkpoint_robust_score,last_model,dow30_equal_weight_rebalance_matched,59,0.0012149278347620522,0.0070499836933199875,0.11191502159751206,2.7356632737034055,-0.029924978823510417,11.864406779661017,0.5932203389830508,-0.0012333685243734063,False
base_macro_rates_credit_vol_risk_state_context__fold_07__seed999,bull_high_vol,fold_07,999,base_macro_rates_credit_vol_risk_state_context,rates_credit_vol_risk_state_context,False,checkpoint_robust_score,best_model,dow30_equal_weight_rebalance_matched,3,0.004385457404890999,0.004310388817040784,0.06842530118330283,,-0.000181641485319739,0.0,0.6666666666666666,0.00014366079598403326,True
base_macro_rates_credit_vol_risk_state_context__fold_07__seed999,unknown,fold_07,999,base_macro_rates_credit_vol_risk_state_context,rates_credit_vol_risk_state_context,False,checkpoint_robust_score,best_model,dow30_equal_weight_rebalance_matched,59,0.0017126564395278493,0.00585543947281547,0.09295221997236532,4.643131954130085,-0.015174134344585255,9.322033898305085,0.5932203389830508,-0.0007356399196076093,False
base_macro_rates_credit_vol_risk_state_context__fold_08__seed123,bear_low_vol,fold_08,123,base_macro_rates_credit_vol_risk_state_context,rates_credit_vol_risk_state_context,False,checkpoint_robust_score,best_model,dow30_equal_weight_rebalance_matched,1,0.0032058634769338,0.0,0.0,,0.0,,1.0,-0.0028391685906671003,True
base_macro_rates_credit_vol_risk_state_context__fold_08__seed123,bull_low_vol,fold_08,123,base_macro_rates_credit_vol_risk_state_context,rates_credit_vol_risk_state_context,False,checkpoint_robust_score,best_model,dow30_equal_weight_rebalance_matched,4,-0.006156618491767825,0.008447153287501813,0.13409440131102893,,-0.025345507013140978,0.0,0.25,0.0011933910120972256,True
base_macro_rates_credit_vol_risk_state_context__fold_08__seed123,unknown,fold_08,123,base_macro_rates_credit_vol_risk_state_context,rates_credit_vol_risk_state_context,False,checkpoint_robust_score,best_model,dow30_equal_weight_rebalance_matched,59,-0.0008902180399970798,0.009484274791549738,0.15055819478543742,-1.490021492346976,-0.07665576651875505,8.474576271186441,0.4745762711864407,-0.0009139569472423201,False
base_macro_rates_credit_vol_risk_state_context__fold_08__seed42,bear_low_vol,fold_08,42,base_macro_rates_credit_vol_risk_state_context,rates_credit_vol_risk_state_context,False,checkpoint_robust_score,best_model,dow30_equal_weight_rebalance_matched,1,0.0112413209301303,0.0,0.0,,0.0,,1.0,0.0051962888625294,True
base_macro_rates_credit_vol_risk_state_context__fold_08__seed42,bull_low_vol,fold_08,42,base_macro_rates_credit_vol_risk_state_context,rates_credit_vol_risk_state_context,False,checkpoint_robust_score,best_model,dow30_equal_weight_rebalance_matched,4,-0.006852268692956199,0.006743200407362161,0.10704498791129832,,-0.022473847654121304,1.375,0.0,0.0004977408109088509,True
base_macro_rates_credit_vol_risk_state_context__fold_08__seed42,unknown,fold_08,42,base_macro_rates_credit_vol_risk_state_context,rates_credit_vol_risk_state_context,False,checkpoint_robust_score,best_model,dow30_equal_weight_rebalance_matched,59,-0.00023408734811495948,0.009657821299455024,0.15331316019036395,-0.384768089391177,-0.05052731715203529,11.457627118644067,0.4576271186440678,-0.00025782625536020006,False
base_macro_rates_credit_vol_risk_state_context__fold_08__seed999,bear_low_vol,fold_08,999,base_macro_rates_credit_vol_risk_state_context,rates_credit_vol_risk_state_context,False,checkpoint_robust_score,checkpoint,dow30_equal_weight_rebalance_matched,1,0.0104021126146418,0.0,0.0,,0.0,,1.0,0.004357080547040901,True
base_macro_rates_credit_vol_risk_state_context__fold_08__seed999,bull_low_vol,fold_08,999,base_macro_rates_credit_vol_risk_state_context,rates_credit_vol_risk_state_context,False,checkpoint_robust_score,checkpoint,dow30_equal_weight_rebalance_matched,4,-0.008627951070531999,0.009684189945768126,0.15373174947368728,,-0.033643452552417186,0.0,0.25,-0.0012779415666669491,True
base_macro_rates_credit_vol_risk_state_context__fold_08__seed999,unknown,fold_08,999,base_macro_rates_credit_vol_risk_state_context,rates_credit_vol_risk_state_context,False,checkpoint_robust_score,checkpoint,dow30_equal_weight_rebalance_matched,59,0.00013329075439977666,0.009156651651810427,0.14535733867643513,0.2310806624185196,-0.051341691035185155,12.728813559322035,0.559322033898305,0.00010955184715453586,False
base_macro_rates_credit_vol_risk_state_context__fold_09__seed123,bear_high_vol,fold_09,123,base_macro_rates_credit_vol_risk_state_context,rates_credit_vol_risk_state_context,False,checkpoint_robust_score,checkpoint,dow30_equal_weight_rebalance_matched,4,-0.008753335914648174,0.027761693651289818,0.4407032242516414,,-0.03982316127951813,0.8333333333333334,0.25,0.0032411136908413003,True
base_macro_rates_credit_vol_risk_state_context__fold_09__seed123,unknown,fold_09,123,base_macro_rates_credit_vol_risk_state_context,rates_credit_vol_risk_state_context,False,checkpoint_robust_score,checkpoint,dow30_equal_weight_rebalance_matched,59,-0.0023646188256120685,0.037872784223543156,0.6012118110786339,-0.9911381198336175,-0.3105798282382404,13.372881355932204,0.4576271186440678,9.719261602231186e-05,False
base_macro_rates_credit_vol_risk_state_context__fold_09__seed42,bear_high_vol,fold_09,42,base_macro_rates_credit_vol_risk_state_context,rates_credit_vol_risk_state_context,False,checkpoint_robust_score,best_model,dow30_equal_weight_rebalance_matched,4,-0.0102516535260264,0.02492991044159935,0.3957500594135059,,-0.03986961167722103,0.0,0.25,0.001742796079463075,True
base_macro_rates_credit_vol_risk_state_context__fold_09__seed42,unknown,fold_09,42,base_macro_rates_credit_vol_risk_state_context,rates_credit_vol_risk_state_context,False,checkpoint_robust_score,best_model,dow30_equal_weight_rebalance_matched,59,-0.0020697263844544397,0.0363965606199248,0.5777774878704474,-0.9027195760168982,-0.31685573043298365,12.711864406779661,0.4745762711864407,0.0003920850571799399,False
base_macro_rates_credit_vol_risk_state_context__fold_09__seed999,bear_high_vol,fold_09,999,base_macro_rates_credit_vol_risk_state_context,rates_credit_vol_risk_state_context,False,checkpoint_robust_score,checkpoint,dow30_equal_weight_rebalance_matched,4,-0.015719060027848474,0.026073935748223087,0.4139108981428508,,-0.045038168923903665,1.5,0.25,-0.003724610422359,True
base_macro_rates_credit_vol_risk_state_context__fold_09__seed999,unknown,fold_09,999,base_macro_rates_credit_vol_risk_state_context,rates_credit_vol_risk_state_context,False,checkpoint_robust_score,checkpoint,dow30_equal_weight_rebalance_matched,59,-0.0033228250565480286,0.04010418112858422,0.6366341388007412,-1.3152796295647355,-0.3545226018936314,12.161016949152541,0.423728813559322,-0.0008610136149136487,False
base_macro_rates_credit_vol_risk_state_context__fold_10__seed123,bear_high_vol,fold_10,123,base_macro_rates_credit_vol_risk_state_context,rates_credit_vol_risk_state_context,False,checkpoint_robust_score,checkpoint,dow30_equal_weight_rebalance_matched,5,0.0030203488155846002,0.010417790333281557,0.1653772945960542,,-0.01344192629511709,0.0,0.6,-0.0002352794858145397,True
base_macro_rates_credit_vol_risk_state_context__fold_10__seed123,unknown,fold_10,123,base_macro_rates_credit_vol_risk_state_context,rates_credit_vol_risk_state_context,False,checkpoint_robust_score,checkpoint,dow30_equal_weight_rebalance_matched,59,0.0011205728835010614,0.011745190882416356,0.18644912505514172,1.5145384380793057,-0.10169760666341832,13.016949152542374,0.559322033898305,0.0002122262712050308,False
base_macro_rates_credit_vol_risk_state_context__fold_10__seed42,bear_high_vol,fold_10,42,base_macro_rates_credit_vol_risk_state_context,rates_credit_vol_risk_state_context,False,checkpoint_robust_score,checkpoint,dow30_equal_weight_rebalance_matched,5,0.002672967435055481,0.008849216371825333,0.1404769549059067,,-0.006987147793875548,0.5,0.6,-0.0005826608663436598,True
base_macro_rates_credit_vol_risk_state_context__fold_10__seed42,unknown,fold_10,42,base_macro_rates_credit_vol_risk_state_context,rates_credit_vol_risk_state_context,False,checkpoint_robust_score,checkpoint,dow30_equal_weight_rebalance_matched,59,0.0007150082966084808,0.010427252937945247,0.16552750878822445,1.088532607446305,-0.09569762139273952,9.05084745762712,0.559322033898305,-0.0001933383156875496,False
base_macro_rates_credit_vol_risk_state_context__fold_10__seed999,bear_high_vol,fold_10,999,base_macro_rates_credit_vol_risk_state_context,rates_credit_vol_risk_state_context,False,checkpoint_robust_score,best_model,dow30_equal_weight_rebalance_matched,5,0.00395469322526408,0.011464443136665281,0.1819923927567457,,-0.011844185854878675,0.0,0.6,0.0006990649238649401,True
base_macro_rates_credit_vol_risk_state_context__fold_10__seed999,unknown,fold_10,999,base_macro_rates_credit_vol_risk_state_context,rates_credit_vol_risk_state_context,False,checkpoint_robust_score,best_model,dow30_equal_weight_rebalance_matched,59,0.0012459530595538822,0.014305761801616176,0.22709692825442243,1.3825822014458002,-0.11621842687232631,11.203389830508474,0.576271186440678,0.0003376064472578524,False
base_macro_rates_credit_vol_risk_state_context__fold_11__seed123,bull_low_vol,fold_11,123,base_macro_rates_credit_vol_risk_state_context,rates_credit_vol_risk_state_context,False,checkpoint_robust_score,checkpoint,dow30_equal_weight_rebalance_matched,3,-0.0011484841927370002,0.0012864610098949252,0.020421935421377855,,-0.0007180580562194949,0.0,0.3333333333333333,-0.0006338853218231336,True
base_macro_rates_credit_vol_risk_state_context__fold_11__seed123,unknown,fold_11,123,base_macro_rates_credit_vol_risk_state_context,rates_credit_vol_risk_state_context,False,checkpoint_robust_score,checkpoint,dow30_equal_weight_rebalance_matched,59,0.0012026069847847238,0.01013117918783333,0.16082748371304195,1.8843605158088703,-0.05353280840147112,9.35593220338983,0.5423728813559322,-0.00019714667840051254,False
base_macro_rates_credit_vol_risk_state_context__fold_11__seed42,bull_low_vol,fold_11,42,base_macro_rates_credit_vol_risk_state_context,rates_credit_vol_risk_state_context,False,checkpoint_robust_score,checkpoint,dow30_equal_weight_rebalance_matched,3,0.0011723113788901665,0.005551995059107957,0.08813518923995405,,-0.004119936069501451,1.5,0.3333333333333333,0.0016869102498040332,True
base_macro_rates_credit_vol_risk_state_context__fold_11__seed42,unknown,fold_11,42,base_macro_rates_credit_vol_risk_state_context,rates_credit_vol_risk_state_context,False,checkpoint_robust_score,checkpoint,dow30_equal_weight_rebalance_matched,59,0.0008084208744204288,0.009974786445927022,0.15834482590140436,1.2865722589558972,-0.05446517060917799,9.796610169491526,0.5254237288135594,-0.0005913327887648075,False
base_macro_rates_credit_vol_risk_state_context__fold_11__seed999,bull_low_vol,fold_11,999,base_macro_rates_credit_vol_risk_state_context,rates_credit_vol_risk_state_context,False,checkpoint_robust_score,best_model,dow30_equal_weight_rebalance_matched,3,0.0026687705772420332,0.003520976280628662,0.055893765664203655,,-0.002058905120990717,0.0,0.6666666666666666,0.0031833694481558997,True
base_macro_rates_credit_vol_risk_state_context__fold_11__seed999,unknown,fold_11,999,base_macro_rates_credit_vol_risk_state_context,rates_credit_vol_risk_state_context,False,checkpoint_robust_score,best_model,dow30_equal_weight_rebalance_matched,59,0.0015002215979167848,0.010257381567826613,0.16283088438700216,2.3217698785968626,-0.04349369274968029,12.694915254237289,0.576271186440678,0.00010046793473154846,False
base_macro_rates_credit_vol_risk_state_context__fold_12__seed123,bear_high_vol,fold_12,123,base_macro_rates_credit_vol_risk_state_context,rates_credit_vol_risk_state_context,False,checkpoint_robust_score,checkpoint,dow30_equal_weight_rebalance_matched,4,-0.0042997421488113,0.012776967053891716,0.20282806400557854,,-0.012433103432890391,0.0,0.5,-0.0018165024277679003,True
base_macro_rates_credit_vol_risk_state_context__fold_12__seed123,unknown,fold_12,123,base_macro_rates_credit_vol_risk_state_context,rates_credit_vol_risk_state_context,False,checkpoint_robust_score,checkpoint,dow30_equal_weight_rebalance_matched,59,0.00025898216664554106,0.006711963405980052,0.10654911588713567,0.6125203897872606,-0.04217830817619217,12.711864406779661,0.5084745762711864,0.00019310192028450037,False
base_macro_rates_credit_vol_risk_state_context__fold_12__seed42,bear_high_vol,fold_12,42,base_macro_rates_credit_vol_risk_state_context,rates_credit_vol_risk_state_context,False,checkpoint_robust_score,checkpoint,dow30_equal_weight_rebalance_matched,4,-0.005928460919949825,0.012449643870099208,0.19763196954961335,,-0.0154782729347831,0.0,0.5,-0.0034452211989064252,True
base_macro_rates_credit_vol_risk_state_context__fold_12__seed42,unknown,fold_12,42,base_macro_rates_credit_vol_risk_state_context,rates_credit_vol_risk_state_context,False,checkpoint_robust_score,checkpoint,dow30_equal_weight_rebalance_matched,59,0.0006317598745614203,0.006202127272789795,0.09845571818023832,1.6170060137901943,-0.03647950910412645,12.711864406779661,0.559322033898305,0.0005658796282003798,False
base_macro_rates_credit_vol_risk_state_context__fold_12__seed999,bear_high_vol,fold_12,999,base_macro_rates_credit_vol_risk_state_context,rates_credit_vol_risk_state_context,False,checkpoint_robust_score,best_model,dow30_equal_weight_rebalance_matched,4,-0.005672653652026049,0.012568857788488727,0.19952443183487065,,-0.01337581176939362,0.0,0.5,-0.00318941393098265,True
base_macro_rates_credit_vol_risk_state_context__fold_12__seed999,unknown,fold_12,999,base_macro_rates_credit_vol_risk_state_context,rates_credit_vol_risk_state_context,False,checkpoint_robust_score,best_model,dow30_equal_weight_rebalance_matched,59,0.00041777464775684533,0.007208296779392207,0.1144281639277176,0.9200463209496937,-0.037479071083309834,12.966101694915254,0.5423728813559322,0.0003518944013958047,False
base_macro_rates_credit_vol_risk_state_context__fold_13__seed123,bull_high_vol,fold_13,123,base_macro_rates_credit_vol_risk_state_context,rates_credit_vol_risk_state_context,False,checkpoint_robust_score,checkpoint,dow30_equal_weight_rebalance_matched,1,0.0065378457769744,0.0,0.0,,0.0,,1.0,0.0025838012929138,True
base_macro_rates_credit_vol_risk_state_context__fold_13__seed123,bull_low_vol,fold_13,123,base_macro_rates_credit_vol_risk_state_context,rates_credit_vol_risk_state_context,False,checkpoint_robust_score,checkpoint,dow30_equal_weight_rebalance_matched,2,-0.0085595440124509,0.0083421392239196,0.13242735473261177,,-0.016901683236370535,0.0,0.0,6.682398837144982e-05,True
base_macro_rates_credit_vol_risk_state_context__fold_13__seed123,unknown,fold_13,123,base_macro_rates_credit_vol_risk_state_context,rates_credit_vol_risk_state_context,False,checkpoint_robust_score,checkpoint,dow30_equal_weight_rebalance_matched,59,-0.00010630460171477411,0.010507364674206647,0.16679924317569603,-0.16060480324785079,-0.07962402593063322,11.016949152542374,0.4745762711864407,3.116585675052599e-05,False
base_macro_rates_credit_vol_risk_state_context__fold_13__seed42,bull_high_vol,fold_13,42,base_macro_rates_credit_vol_risk_state_context,rates_credit_vol_risk_state_context,False,checkpoint_robust_score,best_model,dow30_equal_weight_rebalance_matched,1,0.0051337346499655,0.0,0.0,,0.0,,1.0,0.0011796901659048998,True
base_macro_rates_credit_vol_risk_state_context__fold_13__seed42,bull_low_vol,fold_13,42,base_macro_rates_credit_vol_risk_state_context,rates_credit_vol_risk_state_context,False,checkpoint_robust_score,best_model,dow30_equal_weight_rebalance_matched,2,-0.0120845620613997,0.0059288862490037,0.09411815139872617,,-0.0180134483104033,0.0,0.0,-0.003458194060577349,True
base_macro_rates_credit_vol_risk_state_context__fold_13__seed42,unknown,fold_13,42,base_macro_rates_credit_vol_risk_state_context,rates_credit_vol_risk_state_context,False,checkpoint_robust_score,best_model,dow30_equal_weight_rebalance_matched,59,-0.0007926339514123041,0.011280663651454215,0.179074983873082,-1.1154196495556719,-0.10938142002542095,8.474576271186441,0.4067796610169492,-0.0006551634929470038,False
base_macro_rates_credit_vol_risk_state_context__fold_13__seed999,bull_high_vol,fold_13,999,base_macro_rates_credit_vol_risk_state_context,rates_credit_vol_risk_state_context,False,checkpoint_robust_score,checkpoint,dow30_equal_weight_rebalance_matched,1,0.0048589742742535,0.0,0.0,,0.0,,1.0,0.0009049297901929003,True
base_macro_rates_credit_vol_risk_state_context__fold_13__seed999,bull_low_vol,fold_13,999,base_macro_rates_credit_vol_risk_state_context,rates_credit_vol_risk_state_context,False,checkpoint_robust_score,checkpoint,dow30_equal_weight_rebalance_matched,2,-0.008602267884324277,0.008589692901193824,0.13635714752985462,,-0.01719196078551799,0.0,0.0,2.410011649807268e-05,True
base_macro_rates_credit_vol_risk_state_context__fold_13__seed999,unknown,fold_13,999,base_macro_rates_credit_vol_risk_state_context,rates_credit_vol_risk_state_context,False,checkpoint_robust_score,checkpoint,dow30_equal_weight_rebalance_matched,59,-0.0003262710889666744,0.010305204402201014,0.16359004834747154,-0.5025997317695197,-0.09267397485742157,12.135593220338983,0.4406779661016949,-0.00018880063050137445,False
base_macro_rates_credit_vol_risk_state_context__fold_14__seed123,bear_high_vol,fold_14,123,base_macro_rates_credit_vol_risk_state_context,rates_credit_vol_risk_state_context,False,checkpoint_robust_score,best_model,dow30_equal_weight_rebalance_matched,5,0.0012121079755861395,0.015438205033433497,0.24507390724614384,,-0.029271727607882325,0.0,0.4,0.0003690815381981391,True
base_macro_rates_credit_vol_risk_state_context__fold_14__seed123,unknown,fold_14,123,base_macro_rates_credit_vol_risk_state_context,rates_credit_vol_risk_state_context,False,checkpoint_robust_score,best_model,dow30_equal_weight_rebalance_matched,59,-0.0011246806584078483,0.011242869651708898,0.1784750227268227,-1.5880066666392036,-0.14677054586234672,10.169491525423728,0.4406779661016949,-0.0001675741568574618,False
base_macro_rates_credit_vol_risk_state_context__fold_14__seed42,bear_high_vol,fold_14,42,base_macro_rates_credit_vol_risk_state_context,rates_credit_vol_risk_state_context,False,checkpoint_robust_score,last_model,dow30_equal_weight_rebalance_matched,5,0.00034359787826925903,0.016901735315978682,0.26830673022910373,,-0.03190812414298139,0.0,0.4,-0.0004994285591187409,True
base_macro_rates_credit_vol_risk_state_context__fold_14__seed42,unknown,fold_14,42,base_macro_rates_credit_vol_risk_state_context,rates_credit_vol_risk_state_context,False,checkpoint_robust_score,last_model,dow30_equal_weight_rebalance_matched,59,-0.0005697982469667596,0.01118029313226038,0.17748165127658605,-0.8090366367611443,-0.12846389658690727,11.864406779661017,0.4745762711864407,0.00038730825458362724,False
base_macro_rates_credit_vol_risk_state_context__fold_14__seed999,bear_high_vol,fold_14,999,base_macro_rates_credit_vol_risk_state_context,rates_credit_vol_risk_state_context,False,checkpoint_robust_score,best_model,dow30_equal_weight_rebalance_matched,5,0.0007624529257295995,0.016178567681848943,0.2568267999323943,,-0.03189158241060752,0.0,0.4,-8.057351165840082e-05,True
base_macro_rates_credit_vol_risk_state_context__fold_14__seed999,unknown,fold_14,999,base_macro_rates_credit_vol_risk_state_context,rates_credit_vol_risk_state_context,False,checkpoint_robust_score,best_model,dow30_equal_weight_rebalance_matched,59,-0.0006589707422308759,0.011588560660754465,0.183962697369256,-0.9026864109785169,-0.12423445299671343,7.627118644067797,0.4915254237288136,0.0002981357593195105,False
base_macro_rates_term_structure_lsc__fold_01__seed123,bull_low_vol,fold_01,123,base_macro_rates_term_structure_lsc,rates_term_structure_lsc,False,checkpoint_robust_score,checkpoint,dow30_equal_weight_rebalance_matched,3,0.0028808566820128,0.004419320396559648,0.07015453639927305,,-0.0033675474605701083,0.0,0.6666666666666666,-0.001151696577525,True
base_macro_rates_term_structure_lsc__fold_01__seed123,unknown,fold_01,123,base_macro_rates_term_structure_lsc,rates_term_structure_lsc,False,checkpoint_robust_score,checkpoint,dow30_equal_weight_rebalance_matched,59,0.0010837602290162834,0.010329908806511572,0.16398221860803391,1.6654706835313131,-0.057486271611746576,12.067796610169491,0.576271186440678,0.0007439338904751805,False
base_macro_rates_term_structure_lsc__fold_01__seed42,bull_low_vol,fold_01,42,base_macro_rates_term_structure_lsc,rates_term_structure_lsc,False,checkpoint_robust_score,best_model,dow30_equal_weight_rebalance_matched,3,0.0051447574808129335,0.004268833073442016,0.0677656242046506,,-0.0008873949960238603,0.0,0.6666666666666666,0.0011122042212751329,True
base_macro_rates_term_structure_lsc__fold_01__seed42,unknown,fold_01,42,base_macro_rates_term_structure_lsc,rates_term_structure_lsc,False,checkpoint_robust_score,best_model,dow30_equal_weight_rebalance_matched,59,0.0009698434896908316,0.0100479439058234,0.15950616457401437,1.53223268865375,-0.06513365660795267,10.610169491525424,0.576271186440678,0.0006300171511497288,False
base_macro_rates_term_structure_lsc__fold_01__seed999,bull_low_vol,fold_01,999,base_macro_rates_term_structure_lsc,rates_term_structure_lsc,False,checkpoint_robust_score,checkpoint,dow30_equal_weight_rebalance_matched,3,0.007016228694945466,0.007024004990872037,0.11150262248114352,,-0.002482526141948216,0.25,0.6666666666666666,0.002983675435407667,True
base_macro_rates_term_structure_lsc__fold_01__seed999,unknown,fold_01,999,base_macro_rates_term_structure_lsc,rates_term_structure_lsc,False,checkpoint_robust_score,checkpoint,dow30_equal_weight_rebalance_matched,59,0.0008440749963505829,0.011437454623215068,0.1815639633876782,1.1715259741613584,-0.06284738951982483,10.966101694915254,0.5084745762711864,0.0005042486578094803,False
base_macro_rates_term_structure_lsc__fold_02__seed123,bear_high_vol,fold_02,123,base_macro_rates_term_structure_lsc,rates_term_structure_lsc,False,checkpoint_robust_score,checkpoint,dow30_equal_weight_rebalance_matched,4,0.0033075204498071503,0.006316443641946076,0.10027043428166657,,-0.007295743734821447,1.625,0.75,0.00047747142647695004,True
base_macro_rates_term_structure_lsc__fold_02__seed123,bull_high_vol,fold_02,123,base_macro_rates_term_structure_lsc,rates_term_structure_lsc,False,checkpoint_robust_score,checkpoint,dow30_equal_weight_rebalance_matched,1,-0.0044246407590813,0.0,0.0,,0.0,,0.0,-0.0012659618048598002,True
base_macro_rates_term_structure_lsc__fold_02__seed123,unknown,fold_02,123,base_macro_rates_term_structure_lsc,rates_term_structure_lsc,False,checkpoint_robust_score,checkpoint,dow30_equal_weight_rebalance_matched,59,-4.934928060193611e-05,0.005598840182713686,0.08887883252313508,-0.13992104034952096,-0.0355070789186569,9.559322033898304,0.5423728813559322,-0.0005333852122145631,False
base_macro_rates_term_structure_lsc__fold_02__seed42,bear_high_vol,fold_02,42,base_macro_rates_term_structure_lsc,rates_term_structure_lsc,False,checkpoint_robust_score,best_model,dow30_equal_weight_rebalance_matched,4,0.002178470554322475,0.007328888221163724,0.11634249371873856,,-0.010306822255050085,0.0,0.75,-0.0006515784690077249,True
base_macro_rates_term_structure_lsc__fold_02__seed42,bull_high_vol,fold_02,42,base_macro_rates_term_structure_lsc,rates_term_structure_lsc,False,checkpoint_robust_score,best_model,dow30_equal_weight_rebalance_matched,1,-0.0034388805292664,0.0,0.0,,0.0,,0.0,-0.00028020157504490004,True
base_macro_rates_term_structure_lsc__fold_02__seed42,unknown,fold_02,42,base_macro_rates_term_structure_lsc,rates_term_structure_lsc,False,checkpoint_robust_score,best_model,dow30_equal_weight_rebalance_matched,59,8.481659228958302e-05,0.005251230237186857,0.08336069570843489,0.25640118613851975,-0.030404117265280917,14.40677966101695,0.4915254237288136,-0.000399219339323044,False
base_macro_rates_term_structure_lsc__fold_02__seed999,bear_high_vol,fold_02,999,base_macro_rates_term_structure_lsc,rates_term_structure_lsc,False,checkpoint_robust_score,checkpoint,dow30_equal_weight_rebalance_matched,4,0.0017303622939328254,0.00783570136679577,0.12438790298586308,,-0.010881214987452537,0.75,0.75,-0.0010996867293973746,True
base_macro_rates_term_structure_lsc__fold_02__seed999,bull_high_vol,fold_02,999,base_macro_rates_term_structure_lsc,rates_term_structure_lsc,False,checkpoint_robust_score,checkpoint,dow30_equal_weight_rebalance_matched,1,-0.002781328072214,0.0,0.0,,0.0,,0.0,0.00037735088200749984,True
base_macro_rates_term_structure_lsc__fold_02__seed999,unknown,fold_02,999,base_macro_rates_term_structure_lsc,rates_term_structure_lsc,False,checkpoint_robust_score,checkpoint,dow30_equal_weight_rebalance_matched,59,0.00016231578024483178,0.0050985126807299224,0.0809363796571238,0.5053793707474954,-0.029611737173446562,15.05084745762712,0.5254237288135594,-0.0003217201513677951,False
base_macro_rates_term_structure_lsc__fold_03__seed123,bear_low_vol,fold_03,123,base_macro_rates_term_structure_lsc,rates_term_structure_lsc,False,checkpoint_robust_score,checkpoint,dow30_equal_weight_rebalance_matched,3,0.00036672573946119994,0.0038863901394095494,0.06169453083990788,,-0.004519011590848221,0.0,0.3333333333333333,0.00015969103349596663,True
base_macro_rates_term_structure_lsc__fold_03__seed123,unknown,fold_03,123,base_macro_rates_term_structure_lsc,rates_term_structure_lsc,False,checkpoint_robust_score,checkpoint,dow30_equal_weight_rebalance_matched,59,0.0006304872205601386,0.005233704199951595,0.08308247849247712,1.9123500220993206,-0.038471897782332065,10.169491525423728,0.4915254237288136,-0.0003781481252712291,False
base_macro_rates_term_structure_lsc__fold_03__seed42,bear_low_vol,fold_03,42,base_macro_rates_term_structure_lsc,rates_term_structure_lsc,False,checkpoint_robust_score,best_model,dow30_equal_weight_rebalance_matched,3,-9.10384954648e-05,0.0030986195671068714,0.049189060692980395,,-0.004489042205490512,0.0,0.3333333333333333,-0.0002980732014300334,True
base_macro_rates_term_structure_lsc__fold_03__seed42,unknown,fold_03,42,base_macro_rates_term_structure_lsc,rates_term_structure_lsc,False,checkpoint_robust_score,best_model,dow30_equal_weight_rebalance_matched,59,0.0005736970619506884,0.005078329363549224,0.080615979429769,1.7933375074543545,-0.039603574884974235,13.559322033898304,0.5254237288135594,-0.0004349382838806798,False
base_macro_rates_term_structure_lsc__fold_03__seed999,bear_low_vol,fold_03,999,base_macro_rates_term_structure_lsc,rates_term_structure_lsc,False,checkpoint_robust_score,best_model,dow30_equal_weight_rebalance_matched,3,0.00042720971433180015,0.0030400784764199554,0.048259749688364044,,-0.003405382799109846,0.0,0.3333333333333333,0.00022017500836656677,True
base_macro_rates_term_structure_lsc__fold_03__seed999,unknown,fold_03,999,base_macro_rates_term_structure_lsc,rates_term_structure_lsc,False,checkpoint_robust_score,best_model,dow30_equal_weight_rebalance_matched,59,0.000617610981026189,0.004888151132315644,0.07759699360203587,2.0057216136079306,-0.037520881849194,14.35593220338983,0.423728813559322,-0.00039102436480517865,False
base_macro_rates_term_structure_lsc__fold_04__seed123,bull_low_vol,fold_04,123,base_macro_rates_term_structure_lsc,rates_term_structure_lsc,False,checkpoint_robust_score,best_model,dow30_equal_weight_rebalance_matched,5,0.00319558462407898,0.00129729324820569,0.020593891873652678,,0.0,0.0,1.0,0.00048094142864866,True
base_macro_rates_term_structure_lsc__fold_04__seed123,unknown,fold_04,123,base_macro_rates_term_structure_lsc,rates_term_structure_lsc,False,checkpoint_robust_score,best_model,dow30_equal_weight_rebalance_matched,59,0.0013931318611249016,0.004578823413047526,0.07268656828922242,4.8299051291919355,-0.014517276270763824,15.033898305084746,0.6101694915254238,0.000560825945046715,False
base_macro_rates_term_structure_lsc__fold_04__seed42,bull_low_vol,fold_04,42,base_macro_rates_term_structure_lsc,rates_term_structure_lsc,False,checkpoint_robust_score,best_model,dow30_equal_weight_rebalance_matched,5,0.00323255897980824,0.001792400065572355,0.0284534689406419,,0.0,0.0,1.0,0.0005179157843779201,True
base_macro_rates_term_structure_lsc__fold_04__seed42,unknown,fold_04,42,base_macro_rates_term_structure_lsc,rates_term_structure_lsc,False,checkpoint_robust_score,best_model,dow30_equal_weight_rebalance_matched,59,0.000646082924153129,0.004623427813082276,0.07339464118844956,2.2183213140663343,-0.017705312593506384,12.135593220338983,0.6271186440677966,-0.00018622299192505752,False
base_macro_rates_term_structure_lsc__fold_04__seed999,bull_low_vol,fold_04,999,base_macro_rates_term_structure_lsc,rates_term_structure_lsc,False,checkpoint_robust_score,checkpoint,dow30_equal_weight_rebalance_matched,5,0.00326704114959316,0.0009558892665338828,0.015174271680987542,,0.0,0.0,1.0,0.0005523979541628398,True
base_macro_rates_term_structure_lsc__fold_04__seed999,unknown,fold_04,999,base_macro_rates_term_structure_lsc,rates_term_structure_lsc,False,checkpoint_robust_score,checkpoint,dow30_equal_weight_rebalance_matched,59,0.0012173072617305983,0.004348883586691182,0.06903638670693285,4.443474587659798,-0.013680945233047082,13.559322033898304,0.6610169491525424,0.0003850013456524117,False
base_macro_rates_term_structure_lsc__fold_05__seed123,bear_high_vol,fold_05,123,base_macro_rates_term_structure_lsc,rates_term_structure_lsc,False,checkpoint_robust_score,best_model,dow30_equal_weight_rebalance_matched,1,0.0168620483571912,0.0,0.0,,0.0,,1.0,0.0015533968200173009,True
base_macro_rates_term_structure_lsc__fold_05__seed123,bear_low_vol,fold_05,123,base_macro_rates_term_structure_lsc,rates_term_structure_lsc,False,checkpoint_robust_score,best_model,dow30_equal_weight_rebalance_matched,1,-0.0185592472270629,0.0,0.0,,0.0,0.0,0.0,0.004039249459014099,True
base_macro_rates_term_structure_lsc__fold_05__seed123,unknown,fold_05,123,base_macro_rates_term_structure_lsc,rates_term_structure_lsc,False,checkpoint_robust_score,best_model,dow30_equal_weight_rebalance_matched,59,0.0001131960372738305,0.014739190868989671,0.233977401393964,0.12191519874594679,-0.09254291349653465,12.711864406779661,0.5254237288135594,0.0001727549547616815,False
base_macro_rates_term_structure_lsc__fold_05__seed42,bear_high_vol,fold_05,42,base_macro_rates_term_structure_lsc,rates_term_structure_lsc,False,checkpoint_robust_score,checkpoint,dow30_equal_weight_rebalance_matched,1,0.0166730720510095,0.0,0.0,,0.0,,1.0,0.001364420513835599,True
base_macro_rates_term_structure_lsc__fold_05__seed42,bear_low_vol,fold_05,42,base_macro_rates_term_structure_lsc,rates_term_structure_lsc,False,checkpoint_robust_score,checkpoint,dow30_equal_weight_rebalance_matched,1,-0.02068808295493,0.0,0.0,,0.0,1.5,0.0,0.0019104137311470003,True
base_macro_rates_term_structure_lsc__fold_05__seed42,unknown,fold_05,42,base_macro_rates_term_structure_lsc,rates_term_structure_lsc,False,checkpoint_robust_score,checkpoint,dow30_equal_weight_rebalance_matched,59,-0.0005656729534213131,0.01404804062510497,0.22300573141056065,-0.6392193750380907,-0.09768128595237446,12.55084745762712,0.576271186440678,-0.000506114035933462,False
base_macro_rates_term_structure_lsc__fold_05__seed999,bear_high_vol,fold_05,999,base_macro_rates_term_structure_lsc,rates_term_structure_lsc,False,checkpoint_robust_score,best_model,dow30_equal_weight_rebalance_matched,1,0.0129024248293263,0.0,0.0,,0.0,,1.0,-0.002406226707847601,True
base_macro_rates_term_structure_lsc__fold_05__seed999,bear_low_vol,fold_05,999,base_macro_rates_term_structure_lsc,rates_term_structure_lsc,False,checkpoint_robust_score,best_model,dow30_equal_weight_rebalance_matched,1,-0.023951626928087,0.0,0.0,,0.0,0.0,0.0,-0.0013531302420099998,True
base_macro_rates_term_structure_lsc__fold_05__seed999,unknown,fold_05,999,base_macro_rates_term_structure_lsc,rates_term_structure_lsc,False,checkpoint_robust_score,best_model,dow30_equal_weight_rebalance_matched,59,-0.00042326527078834415,0.014425822554425195,0.2290028336193336,-0.46577086646869204,-0.10748192314717919,11.016949152542374,0.559322033898305,-0.00036370635330049275,False
base_macro_rates_term_structure_lsc__fold_06__seed123,bull_low_vol,fold_06,123,base_macro_rates_term_structure_lsc,rates_term_structure_lsc,False,checkpoint_robust_score,best_model,dow30_equal_weight_rebalance_matched,5,0.0038268569199237995,0.003250159365289851,0.05159468041130689,,-0.00013791812356134248,0.0,0.8,0.0013858499567571214,True
base_macro_rates_term_structure_lsc__fold_06__seed123,unknown,fold_06,123,base_macro_rates_term_structure_lsc,rates_term_structure_lsc,False,checkpoint_robust_score,best_model,dow30_equal_weight_rebalance_matched,59,0.0013079771295417895,0.0053284553666842,0.08458660663412325,3.896718993235535,-0.023137740807140927,10.169491525423728,0.5932203389830508,-0.00036342147143937485,False
base_macro_rates_term_structure_lsc__fold_06__seed42,bull_low_vol,fold_06,42,base_macro_rates_term_structure_lsc,rates_term_structure_lsc,False,checkpoint_robust_score,best_model,dow30_equal_weight_rebalance_matched,5,0.0017071260211756398,0.002558251147965124,0.04061097797256733,,-0.0026774052565079476,0.0,0.8,-0.0007338809419910387,True
base_macro_rates_term_structure_lsc__fold_06__seed42,unknown,fold_06,42,base_macro_rates_term_structure_lsc,rates_term_structure_lsc,False,checkpoint_robust_score,best_model,dow30_equal_weight_rebalance_matched,59,0.0011979800607713035,0.004417696975401799,0.07012876538733231,4.30480949788545,-0.018283090604397034,11.016949152542374,0.576271186440678,-0.00047341854020986065,False
base_macro_rates_term_structure_lsc__fold_06__seed999,bull_low_vol,fold_06,999,base_macro_rates_term_structure_lsc,rates_term_structure_lsc,False,checkpoint_robust_score,checkpoint,dow30_equal_weight_rebalance_matched,5,0.0035882480298188206,0.003113312811348207,0.04942230871427223,,0.0,1.0,1.0,0.001147241066652141,True
base_macro_rates_term_structure_lsc__fold_06__seed999,unknown,fold_06,999,base_macro_rates_term_structure_lsc,rates_term_structure_lsc,False,checkpoint_robust_score,checkpoint,dow30_equal_weight_rebalance_matched,59,0.0011492266724817664,0.005053843036706831,0.0802272710416905,3.6098089552978863,-0.015316196860544196,14.745762711864407,0.5932203389830508,-0.0005221719284993978,False
base_macro_rates_term_structure_lsc__fold_07__seed123,bull_high_vol,fold_07,123,base_macro_rates_term_structure_lsc,rates_term_structure_lsc,False,checkpoint_robust_score,best_model,dow30_equal_weight_rebalance_matched,3,0.0029618589518649336,0.004167308064177522,0.06615396464644631,,-0.0026180770816566223,2.0,0.6666666666666666,-0.0012799376570420328,True
base_macro_rates_term_structure_lsc__fold_07__seed123,unknown,fold_07,123,base_macro_rates_term_structure_lsc,rates_term_structure_lsc,False,checkpoint_robust_score,best_model,dow30_equal_weight_rebalance_matched,59,0.0018462361063479882,0.008354664428026038,0.13262618618372754,3.5079912360231673,-0.03238629108379676,18.415254237288135,0.6271186440677966,-0.0006020602527874702,False
base_macro_rates_term_structure_lsc__fold_07__seed42,bull_high_vol,fold_07,42,base_macro_rates_term_structure_lsc,rates_term_structure_lsc,False,checkpoint_robust_score,checkpoint,dow30_equal_weight_rebalance_matched,3,0.0027663486504354334,0.004417902335939298,0.07013202538480029,,-0.001535087937133861,0.0,0.6666666666666666,-0.0014754479584715328,True
base_macro_rates_term_structure_lsc__fold_07__seed42,unknown,fold_07,42,base_macro_rates_term_structure_lsc,rates_term_structure_lsc,False,checkpoint_robust_score,checkpoint,dow30_equal_weight_rebalance_matched,59,0.0018343107371190835,0.005845921542526724,0.09280112751312489,4.981041913403837,-0.017802473826831644,11.864406779661017,0.5932203389830508,-0.0006139856220163751,False
base_macro_rates_term_structure_lsc__fold_07__seed999,bull_high_vol,fold_07,999,base_macro_rates_term_structure_lsc,rates_term_structure_lsc,False,checkpoint_robust_score,checkpoint,dow30_equal_weight_rebalance_matched,3,0.0030769007938158664,0.006400871117837306,0.10161067891184114,,-0.0028873505877110572,1.5,0.3333333333333333,-0.0011648958150910999,True
base_macro_rates_term_structure_lsc__fold_07__seed999,unknown,fold_07,999,base_macro_rates_term_structure_lsc,rates_term_structure_lsc,False,checkpoint_robust_score,checkpoint,dow30_equal_weight_rebalance_matched,59,0.001642854293525332,0.006965609525550872,0.11057562320754133,3.7440375189325517,-0.036237307642231986,14.64406779661017,0.6271186440677966,-0.0008054420656101262,False
base_macro_rates_term_structure_lsc__fold_08__seed123,bear_low_vol,fold_08,123,base_macro_rates_term_structure_lsc,rates_term_structure_lsc,False,checkpoint_robust_score,best_model,dow30_equal_weight_rebalance_matched,1,0.0080197493334468,0.0,0.0,,0.0,,1.0,0.001974717265845899,True
base_macro_rates_term_structure_lsc__fold_08__seed123,bull_low_vol,fold_08,123,base_macro_rates_term_structure_lsc,rates_term_structure_lsc,False,checkpoint_robust_score,best_model,dow30_equal_weight_rebalance_matched,4,-0.00811901865677235,0.008643246463971535,0.13720728398344245,,-0.03160659339374572,0.0,0.25,-0.0007690091529072994,True
base_macro_rates_term_structure_lsc__fold_08__seed123,unknown,fold_08,123,base_macro_rates_term_structure_lsc,rates_term_structure_lsc,False,checkpoint_robust_score,best_model,dow30_equal_weight_rebalance_matched,59,0.0002192308689864526,0.009405196064045709,0.14930285890361078,0.37002760288905606,-0.05560185079943303,11.864406779661017,0.559322033898305,0.00019549196174121187,False
base_macro_rates_term_structure_lsc__fold_08__seed42,bear_low_vol,fold_08,42,base_macro_rates_term_structure_lsc,rates_term_structure_lsc,False,checkpoint_robust_score,checkpoint,dow30_equal_weight_rebalance_matched,1,0.0071904381315615,0.0,0.0,,0.0,,1.0,0.0011454060639605997,True
base_macro_rates_term_structure_lsc__fold_08__seed42,bull_low_vol,fold_08,42,base_macro_rates_term_structure_lsc,rates_term_structure_lsc,False,checkpoint_robust_score,checkpoint,dow30_equal_weight_rebalance_matched,4,-0.007872106195882751,0.008608684506698584,0.13665862992083525,,-0.0311897168005818,0.0,0.25,-0.0005220966920177002,True
base_macro_rates_term_structure_lsc__fold_08__seed42,unknown,fold_08,42,base_macro_rates_term_structure_lsc,rates_term_structure_lsc,False,checkpoint_robust_score,checkpoint,dow30_equal_weight_rebalance_matched,59,1.0867950132389793e-05,0.009732480146655663,0.15449833264754592,0.0177265565681542,-0.0568859604412747,11.016949152542374,0.5423728813559322,-1.2870957112850792e-05,False
base_macro_rates_term_structure_lsc__fold_08__seed999,bear_low_vol,fold_08,999,base_macro_rates_term_structure_lsc,rates_term_structure_lsc,False,checkpoint_robust_score,checkpoint,dow30_equal_weight_rebalance_matched,1,0.0073712673582946,0.0,0.0,,0.0,,1.0,0.0013262352906936994,True
base_macro_rates_term_structure_lsc__fold_08__seed999,bull_low_vol,fold_08,999,base_macro_rates_term_structure_lsc,rates_term_structure_lsc,False,checkpoint_robust_score,checkpoint,dow30_equal_weight_rebalance_matched,4,-0.0054834528025441,0.009337482990355193,0.1482279471826534,,-0.028195529676172004,0.0,0.25,0.0018665567013209502,True
base_macro_rates_term_structure_lsc__fold_08__seed999,unknown,fold_08,999,base_macro_rates_term_structure_lsc,rates_term_structure_lsc,False,checkpoint_robust_score,checkpoint,dow30_equal_weight_rebalance_matched,59,0.0002782380004379576,0.009116541785024222,0.14472061428061775,0.48449197413167605,-0.05669727238281397,10.847457627118644,0.5254237288135594,0.00025449909319271704,False
base_macro_rates_term_structure_lsc__fold_09__seed123,bear_high_vol,fold_09,123,base_macro_rates_term_structure_lsc,rates_term_structure_lsc,False,checkpoint_robust_score,checkpoint,dow30_equal_weight_rebalance_matched,4,-0.007279485798624001,0.025908910942584386,0.41129121056759016,,-0.03595565866384287,0.0,0.25,0.0047149638068654754,True
base_macro_rates_term_structure_lsc__fold_09__seed123,unknown,fold_09,123,base_macro_rates_term_structure_lsc,rates_term_structure_lsc,False,checkpoint_robust_score,checkpoint,dow30_equal_weight_rebalance_matched,59,-0.002179805112446895,0.03433203481068166,0.545004156671257,-1.0079021996669988,-0.26935839974051956,8.474576271186441,0.4406779661016949,0.00028200632918748474,False
base_macro_rates_term_structure_lsc__fold_09__seed42,bear_high_vol,fold_09,42,base_macro_rates_term_structure_lsc,rates_term_structure_lsc,False,checkpoint_robust_score,checkpoint,dow30_equal_weight_rebalance_matched,4,-0.013943417157266998,0.024122879956522465,0.3829388476297383,,-0.04288535945071603,0.0,0.25,-0.001948967551777524,True
base_macro_rates_term_structure_lsc__fold_09__seed42,unknown,fold_09,42,base_macro_rates_term_structure_lsc,rates_term_structure_lsc,False,checkpoint_robust_score,checkpoint,dow30_equal_weight_rebalance_matched,59,-0.0034867057105375785,0.03988736460368221,0.6331922831706214,-1.3876508959581033,-0.3705036633608453,10.169491525423728,0.423728813559322,-0.0010248942689031985,False
base_macro_rates_term_structure_lsc__fold_09__seed999,bear_high_vol,fold_09,999,base_macro_rates_term_structure_lsc,rates_term_structure_lsc,False,checkpoint_robust_score,checkpoint,dow30_equal_weight_rebalance_matched,4,-0.01183383013752395,0.028812001197369395,0.4573763396540078,,-0.04281543122178788,0.0,0.25,0.00016061946796552557,True
base_macro_rates_term_structure_lsc__fold_09__seed999,unknown,fold_09,999,base_macro_rates_term_structure_lsc,rates_term_structure_lsc,False,checkpoint_robust_score,checkpoint,dow30_equal_weight_rebalance_matched,59,-0.003363688905111555,0.038241793567030787,0.6070696528045988,-1.396297113802442,-0.3617252024285552,10.186440677966102,0.4745762711864407,-0.0009018774634771745,False
base_macro_rates_term_structure_lsc__fold_10__seed123,bear_high_vol,fold_10,123,base_macro_rates_term_structure_lsc,rates_term_structure_lsc,False,checkpoint_robust_score,checkpoint,dow30_equal_weight_rebalance_matched,5,0.00329720202013912,0.00946062755422467,0.15018280653050228,,-0.011619641980055162,1.0,0.6,4.157371873997999e-05,True
base_macro_rates_term_structure_lsc__fold_10__seed123,unknown,fold_10,123,base_macro_rates_term_structure_lsc,rates_term_structure_lsc,False,checkpoint_robust_score,checkpoint,dow30_equal_weight_rebalance_matched,59,0.0012925421263129235,0.011402572044638863,0.18101021961967034,1.7994598123533836,-0.08563398923468546,13.177966101694915,0.576271186440678,0.00038419551401689355,False
base_macro_rates_term_structure_lsc__fold_10__seed42,bear_high_vol,fold_10,42,base_macro_rates_term_structure_lsc,rates_term_structure_lsc,False,checkpoint_robust_score,checkpoint,dow30_equal_weight_rebalance_matched,5,0.00346720350088756,0.008652929003248173,0.13736098952935605,,-0.00784408290731431,0.0,0.6,0.00021157519948842,True
base_macro_rates_term_structure_lsc__fold_10__seed42,unknown,fold_10,42,base_macro_rates_term_structure_lsc,rates_term_structure_lsc,False,checkpoint_robust_score,checkpoint,dow30_equal_weight_rebalance_matched,59,0.001335425898768263,0.01166395257274784,0.18515950686925683,1.8174995828176836,-0.08902418517042165,11.88135593220339,0.576271186440678,0.0004270792864722323,False
base_macro_rates_term_structure_lsc__fold_10__seed999,bear_high_vol,fold_10,999,base_macro_rates_term_structure_lsc,rates_term_structure_lsc,False,checkpoint_robust_score,checkpoint,dow30_equal_weight_rebalance_matched,5,0.0048796162990884205,0.009028922805661645,0.14332970610348167,,-0.00651295352803638,0.5,0.6,0.00162398799768928,True
base_macro_rates_term_structure_lsc__fold_10__seed999,unknown,fold_10,999,base_macro_rates_term_structure_lsc,rates_term_structure_lsc,False,checkpoint_robust_score,checkpoint,dow30_equal_weight_rebalance_matched,59,0.0005920803097920359,0.009438263339730472,0.14982778563158855,0.9958382381387607,-0.08010898901907504,14.864406779661017,0.559322033898305,-0.00031626630250399445,False
base_macro_rates_term_structure_lsc__fold_11__seed123,bull_low_vol,fold_11,123,base_macro_rates_term_structure_lsc,rates_term_structure_lsc,False,checkpoint_robust_score,checkpoint,dow30_equal_weight_rebalance_matched,3,0.0005178093027791334,0.0036237151428280354,0.05752469454037131,,-0.0031528829131720615,0.0,0.3333333333333333,0.0010324081736929997,True
base_macro_rates_term_structure_lsc__fold_11__seed123,unknown,fold_11,123,base_macro_rates_term_structure_lsc,rates_term_structure_lsc,False,checkpoint_robust_score,checkpoint,dow30_equal_weight_rebalance_matched,59,0.001718962055219778,0.008022539894453437,0.12735387266290898,3.401376250739995,-0.03761175605275857,11.016949152542374,0.5932203389830508,0.0003192083920345417,False
base_macro_rates_term_structure_lsc__fold_11__seed42,bull_low_vol,fold_11,42,base_macro_rates_term_structure_lsc,rates_term_structure_lsc,False,checkpoint_robust_score,best_model,dow30_equal_weight_rebalance_matched,3,0.0008029389452255082,0.0035902589034122845,0.056993593204586225,,-3.088181738497564e-05,0.0,0.3333333333333333,0.0013175378161393748,True
base_macro_rates_term_structure_lsc__fold_11__seed42,unknown,fold_11,42,base_macro_rates_term_structure_lsc,rates_term_structure_lsc,False,checkpoint_robust_score,best_model,dow30_equal_weight_rebalance_matched,59,0.001309456629896539,0.010380992939072638,0.16479315407222214,2.00240764000008,-0.053701538127593706,11.864406779661017,0.576271186440678,-9.029703328869723e-05,False
base_macro_rates_term_structure_lsc__fold_11__seed999,bull_low_vol,fold_11,999,base_macro_rates_term_structure_lsc,rates_term_structure_lsc,False,checkpoint_robust_score,checkpoint,dow30_equal_weight_rebalance_matched,3,0.0025235934201045668,0.0056137808822964725,0.08911600877619136,,-0.001724028491883356,0.0,0.3333333333333333,0.0030381922910184336,True
base_macro_rates_term_structure_lsc__fold_11__seed999,unknown,fold_11,999,base_macro_rates_term_structure_lsc,rates_term_structure_lsc,False,checkpoint_robust_score,checkpoint,dow30_equal_weight_rebalance_matched,59,0.001473150465752283,0.009592251291562326,0.15227226858427223,2.4379614280463873,-0.04148337846787531,12.711864406779661,0.6271186440677966,7.339680256704674e-05,False
base_macro_rates_term_structure_lsc__fold_12__seed123,bear_high_vol,fold_12,123,base_macro_rates_term_structure_lsc,rates_term_structure_lsc,False,checkpoint_robust_score,checkpoint,dow30_equal_weight_rebalance_matched,4,-0.0040511128459277505,0.013850977248980318,0.21987744729609296,,-0.015094001516226863,0.0,0.5,-0.0015678731248843507,True
base_macro_rates_term_structure_lsc__fold_12__seed123,unknown,fold_12,123,base_macro_rates_term_structure_lsc,rates_term_structure_lsc,False,checkpoint_robust_score,checkpoint,dow30_equal_weight_rebalance_matched,59,2.0974370772423766e-05,0.007209749161498307,0.11445121977888587,0.046181608591522184,-0.04313493113890532,14.40677966101695,0.4745762711864407,-4.4905875588616935e-05,False
base_macro_rates_term_structure_lsc__fold_12__seed42,bear_high_vol,fold_12,42,base_macro_rates_term_structure_lsc,rates_term_structure_lsc,False,checkpoint_robust_score,best_model,dow30_equal_weight_rebalance_matched,4,-0.005545046784268401,0.01575118901050128,0.2500423738521596,,-0.016136054921655152,0.0,0.25,-0.003061807063225,True
base_macro_rates_term_structure_lsc__fold_12__seed42,unknown,fold_12,42,base_macro_rates_term_structure_lsc,rates_term_structure_lsc,False,checkpoint_robust_score,best_model,dow30_equal_weight_rebalance_matched,59,0.0004186758748204524,0.008854925266043697,0.14056758079208448,0.7505736376783059,-0.06258673543301385,10.813559322033898,0.4745762711864407,0.0003527956284594119,False
base_macro_rates_term_structure_lsc__fold_12__seed999,bear_high_vol,fold_12,999,base_macro_rates_term_structure_lsc,rates_term_structure_lsc,False,checkpoint_robust_score,checkpoint,dow30_equal_weight_rebalance_matched,4,-0.003460439571420575,0.013886567112189052,0.22044241885956367,,-0.015514750732825822,0.0,0.5,-0.0009771998503771751,True
base_macro_rates_term_structure_lsc__fold_12__seed999,unknown,fold_12,999,base_macro_rates_term_structure_lsc,rates_term_structure_lsc,False,checkpoint_robust_score,checkpoint,dow30_equal_weight_rebalance_matched,59,0.00019682238715990633,0.00671200464166075,0.10654977048327328,0.46550303524194575,-0.03994746802697735,11.864406779661017,0.5932203389830508,0.0001309421407988658,False
base_macro_rates_term_structure_lsc__fold_13__seed123,bull_high_vol,fold_13,123,base_macro_rates_term_structure_lsc,rates_term_structure_lsc,False,checkpoint_robust_score,best_model,dow30_equal_weight_rebalance_matched,1,0.0035977651579561,0.0,0.0,,0.0,,1.0,-0.0003562793261044999,True
base_macro_rates_term_structure_lsc__fold_13__seed123,bull_low_vol,fold_13,123,base_macro_rates_term_structure_lsc,rates_term_structure_lsc,False,checkpoint_robust_score,best_model,dow30_equal_weight_rebalance_matched,2,-0.00939688533674515,0.00883305911021545,0.14022046632938132,,-0.018229944446960467,0.0,0.0,-0.0007705173359227992,True
base_macro_rates_term_structure_lsc__fold_13__seed123,unknown,fold_13,123,base_macro_rates_term_structure_lsc,rates_term_structure_lsc,False,checkpoint_robust_score,best_model,dow30_equal_weight_rebalance_matched,59,-0.0002941338023461645,0.010579988022735975,0.16795210309320824,-0.44132652599234323,-0.1081751740670166,10.169491525423728,0.4576271186440678,-0.00015666334388086432,False
base_macro_rates_term_structure_lsc__fold_13__seed42,bull_high_vol,fold_13,42,base_macro_rates_term_structure_lsc,rates_term_structure_lsc,False,checkpoint_robust_score,best_model,dow30_equal_weight_rebalance_matched,1,0.00568279791886,0.0,0.0,,0.0,,1.0,0.0017287534347994,True
base_macro_rates_term_structure_lsc__fold_13__seed42,bull_low_vol,fold_13,42,base_macro_rates_term_structure_lsc,rates_term_structure_lsc,False,checkpoint_robust_score,best_model,dow30_equal_weight_rebalance_matched,2,-0.010442947878559601,0.0024109075048142003,0.03827197015030579,,-0.012853855383373691,1.5,0.0,-0.0018165798777372505,True
base_macro_rates_term_structure_lsc__fold_13__seed42,unknown,fold_13,42,base_macro_rates_term_structure_lsc,rates_term_structure_lsc,False,checkpoint_robust_score,best_model,dow30_equal_weight_rebalance_matched,59,-0.0005608355178449238,0.012425583090730092,0.19725001651824692,-0.7165046319975685,-0.12892739548394394,11.296610169491526,0.423728813559322,-0.0004233650593796235,False
base_macro_rates_term_structure_lsc__fold_13__seed999,bull_high_vol,fold_13,999,base_macro_rates_term_structure_lsc,rates_term_structure_lsc,False,checkpoint_robust_score,checkpoint,dow30_equal_weight_rebalance_matched,1,0.0042383704200192,0.0,0.0,,0.0,,1.0,0.0002843259359585999,True
base_macro_rates_term_structure_lsc__fold_13__seed999,bull_low_vol,fold_13,999,base_macro_rates_term_structure_lsc,rates_term_structure_lsc,False,checkpoint_robust_score,checkpoint,dow30_equal_weight_rebalance_matched,2,-0.0071966272588892995,0.009300059596366799,0.14763386922039773,,-0.016496686855256293,0.0,0.5,0.0014297407419330507,True
base_macro_rates_term_structure_lsc__fold_13__seed999,unknown,fold_13,999,base_macro_rates_term_structure_lsc,rates_term_structure_lsc,False,checkpoint_robust_score,checkpoint,dow30_equal_weight_rebalance_matched,59,-0.0005807308097201496,0.009432843391509411,0.1497417466209179,-0.9773103850588744,-0.10086644907289088,12.711864406779661,0.423728813559322,-0.0004432603512548494,False
base_macro_rates_term_structure_lsc__fold_14__seed123,bear_high_vol,fold_14,123,base_macro_rates_term_structure_lsc,rates_term_structure_lsc,False,checkpoint_robust_score,checkpoint,dow30_equal_weight_rebalance_matched,5,0.0008096160374745198,0.020865750470593664,0.33123351998351874,,-0.04170991540713198,0.0,0.4,-3.341039991348006e-05,True
base_macro_rates_term_structure_lsc__fold_14__seed123,unknown,fold_14,123,base_macro_rates_term_structure_lsc,rates_term_structure_lsc,False,checkpoint_robust_score,checkpoint,dow30_equal_weight_rebalance_matched,59,-0.0010740391875045103,0.011361830059304839,0.1803634606529931,-1.500624762195397,-0.1365703911418128,8.474576271186441,0.4915254237288136,-0.0001169326859541238,False
base_macro_rates_term_structure_lsc__fold_14__seed42,bear_high_vol,fold_14,42,base_macro_rates_term_structure_lsc,rates_term_structure_lsc,False,checkpoint_robust_score,checkpoint,dow30_equal_weight_rebalance_matched,5,0.0010189499848356196,0.016576298394467955,0.26314057925856876,,-0.0316484841129786,0.0,0.4,0.00017592354744761957,True
base_macro_rates_term_structure_lsc__fold_14__seed42,unknown,fold_14,42,base_macro_rates_term_structure_lsc,rates_term_structure_lsc,False,checkpoint_robust_score,checkpoint,dow30_equal_weight_rebalance_matched,59,-0.0006132313171011495,0.010532062861813008,0.1671913147491387,-0.9242961701770204,-0.11544441975365904,10.169491525423728,0.5423728813559322,0.00034387518444923756,False
base_macro_rates_term_structure_lsc__fold_14__seed999,bear_high_vol,fold_14,999,base_macro_rates_term_structure_lsc,rates_term_structure_lsc,False,checkpoint_robust_score,checkpoint,dow30_equal_weight_rebalance_matched,5,0.0022991058492982407,0.01773895163447344,0.2815971272629168,,-0.0327276416556701,0.0,0.4,0.00145607941191024,True
base_macro_rates_term_structure_lsc__fold_14__seed999,unknown,fold_14,999,base_macro_rates_term_structure_lsc,rates_term_structure_lsc,False,checkpoint_robust_score,checkpoint,dow30_equal_weight_rebalance_matched,59,-0.0007086368663876768,0.011468841655810262,0.18206221708351317,-0.9808542002307944,-0.1273074801994699,8.491525423728813,0.4576271186440678,0.00024846963516270983,False
base_macro_sector_relative_context__fold_01__seed123,bull_low_vol,fold_01,123,base_macro_sector_relative_context,sector_relative_context,False,checkpoint_robust_score,checkpoint,dow30_equal_weight_rebalance_matched,3,0.0025677889694197997,0.003850116350547095,0.061118702293267164,,-0.0023164506135618934,0.0,0.6666666666666666,-0.001464764290118,True
base_macro_sector_relative_context__fold_01__seed123,unknown,fold_01,123,base_macro_sector_relative_context,sector_relative_context,False,checkpoint_robust_score,checkpoint,dow30_equal_weight_rebalance_matched,59,0.0012290276165570458,0.011469318934624745,0.18206979364980813,1.701078213819912,-0.06461808852448458,11.016949152542374,0.576271186440678,0.0008892012780159431,False
base_macro_sector_relative_context__fold_01__seed42,bull_low_vol,fold_01,42,base_macro_sector_relative_context,sector_relative_context,False,checkpoint_robust_score,checkpoint,dow30_equal_weight_rebalance_matched,3,0.003928112056056667,0.005718832384025385,0.09078364966676282,,-0.004047817348348137,0.25,0.6666666666666666,-0.00010444120348113324,True
base_macro_sector_relative_context__fold_01__seed42,unknown,fold_01,42,base_macro_sector_relative_context,sector_relative_context,False,checkpoint_robust_score,checkpoint,dow30_equal_weight_rebalance_matched,59,0.0012749925456451967,0.01029193991685509,0.1633794811705041,1.966575724201746,-0.057296243280542836,12.983050847457626,0.6101694915254238,0.0009351662071040942,False
base_macro_sector_relative_context__fold_01__seed999,bull_low_vol,fold_01,999,base_macro_sector_relative_context,sector_relative_context,False,checkpoint_robust_score,best_model,dow30_equal_weight_rebalance_matched,3,0.006707145041046101,0.006011379255932244,0.09542768728613531,,-0.0017941515692162513,0.0,0.6666666666666666,0.0026745917815083,True
base_macro_sector_relative_context__fold_01__seed999,unknown,fold_01,999,base_macro_sector_relative_context,sector_relative_context,False,checkpoint_robust_score,best_model,dow30_equal_weight_rebalance_matched,59,0.0009599545758587248,0.010997531845165671,0.17458040578693,1.3856569528864575,-0.06825420935915605,13.033898305084746,0.5932203389830508,0.0006201282373176224,False
base_macro_sector_relative_context__fold_02__seed123,bear_high_vol,fold_02,123,base_macro_sector_relative_context,sector_relative_context,False,checkpoint_robust_score,checkpoint,dow30_equal_weight_rebalance_matched,4,0.0026072175873559497,0.00663430843760247,0.10531638148076167,,-0.0087157592329834,0.0,0.75,-0.00022283143597425013,True
base_macro_sector_relative_context__fold_02__seed123,bull_high_vol,fold_02,123,base_macro_sector_relative_context,sector_relative_context,False,checkpoint_robust_score,checkpoint,dow30_equal_weight_rebalance_matched,1,-0.0039058535177225,0.0,0.0,,0.0,,0.0,-0.0007471745635010004,True
base_macro_sector_relative_context__fold_02__seed123,unknown,fold_02,123,base_macro_sector_relative_context,sector_relative_context,False,checkpoint_robust_score,checkpoint,dow30_equal_weight_rebalance_matched,59,0.0002276297082955659,0.005744447299787651,0.09119027384852775,0.6290439108206354,-0.032735406416669055,16.915254237288135,0.5423728813559322,-0.0002564062233170609,False
base_macro_sector_relative_context__fold_02__seed42,bear_high_vol,fold_02,42,base_macro_sector_relative_context,sector_relative_context,False,checkpoint_robust_score,checkpoint,dow30_equal_weight_rebalance_matched,4,0.0035154673201019,0.006362795605490133,0.10100624889156921,,-0.007412169018383374,1.5,0.75,0.0006854182967716998,True
base_macro_sector_relative_context__fold_02__seed42,bull_high_vol,fold_02,42,base_macro_sector_relative_context,sector_relative_context,False,checkpoint_robust_score,checkpoint,dow30_equal_weight_rebalance_matched,1,-0.0050804497103421,0.0,0.0,,0.0,,0.0,-0.0019217707561206003,True
base_macro_sector_relative_context__fold_02__seed42,unknown,fold_02,42,base_macro_sector_relative_context,sector_relative_context,False,checkpoint_robust_score,checkpoint,dow30_equal_weight_rebalance_matched,59,2.7781867369314112e-05,0.005448749990674308,0.08649622458893837,0.08094030242751761,-0.030083404018872884,15.330508474576272,0.4745762711864407,-0.00045625406424331283,False
base_macro_sector_relative_context__fold_02__seed999,bear_high_vol,fold_02,999,base_macro_sector_relative_context,sector_relative_context,False,checkpoint_robust_score,checkpoint,dow30_equal_weight_rebalance_matched,4,0.0013102032680677997,0.007110692200795005,0.11287873927698086,,-0.010437955410873112,0.0,0.75,-0.0015198457552624003,True
base_macro_sector_relative_context__fold_02__seed999,bull_high_vol,fold_02,999,base_macro_sector_relative_context,sector_relative_context,False,checkpoint_robust_score,checkpoint,dow30_equal_weight_rebalance_matched,1,-0.004387569193234,0.0,0.0,,0.0,,0.0,-0.0012288902390125002,True
base_macro_sector_relative_context__fold_02__seed999,unknown,fold_02,999,base_macro_sector_relative_context,sector_relative_context,False,checkpoint_robust_score,checkpoint,dow30_equal_weight_rebalance_matched,59,1.808014291864723e-05,0.005066345283792538,0.08042573806140008,0.056650969270816365,-0.033811668920266436,10.169491525423728,0.5084745762711864,-0.00046595578869397986,False
base_macro_sector_relative_context__fold_03__seed123,bear_low_vol,fold_03,123,base_macro_sector_relative_context,sector_relative_context,False,checkpoint_robust_score,checkpoint,dow30_equal_weight_rebalance_matched,3,-0.0005592047959598333,0.002697113601360318,0.042815351081335204,,-0.0048153576665752595,1.0,0.3333333333333333,-0.0007662395019250668,True
base_macro_sector_relative_context__fold_03__seed123,unknown,fold_03,123,base_macro_sector_relative_context,sector_relative_context,False,checkpoint_robust_score,checkpoint,dow30_equal_weight_rebalance_matched,59,0.0006405166131980232,0.005120977380059941,0.0812929957033542,1.9855362092313935,-0.04043728351222042,12.483050847457626,0.4745762711864407,-0.00036811873263334474,False
base_macro_sector_relative_context__fold_03__seed42,bear_low_vol,fold_03,42,base_macro_sector_relative_context,sector_relative_context,False,checkpoint_robust_score,best_model,dow30_equal_weight_rebalance_matched,3,-7.758622815956662e-05,0.00400975748463667,0.06365292673217116,,-0.005609998106522629,0.0,0.3333333333333333,-0.0002846209341248001,True
base_macro_sector_relative_context__fold_03__seed42,unknown,fold_03,42,base_macro_sector_relative_context,sector_relative_context,False,checkpoint_robust_score,best_model,dow30_equal_weight_rebalance_matched,59,0.00047263232038046924,0.005987747543919766,0.09505254548789702,1.2530263563645816,-0.04744099546153202,33.559322033898304,0.4915254237288136,-0.0005360030254508986,False
base_macro_sector_relative_context__fold_03__seed999,bear_low_vol,fold_03,999,base_macro_sector_relative_context,sector_relative_context,False,checkpoint_robust_score,checkpoint,dow30_equal_weight_rebalance_matched,3,0.0001631879412503001,0.00318480313865879,0.050557182477534705,,-0.004002225582043106,0.0,0.3333333333333333,-4.3846764714933284e-05,True
base_macro_sector_relative_context__fold_03__seed999,unknown,fold_03,999,base_macro_sector_relative_context,sector_relative_context,False,checkpoint_robust_score,checkpoint,dow30_equal_weight_rebalance_matched,59,0.0007453373762435935,0.005671532740052065,0.090032791096431,2.0861845614917427,-0.034070519779358266,21.966101694915253,0.5254237288135594,-0.00026329796958777434,False
base_macro_sector_relative_context__fold_04__seed123,bull_low_vol,fold_04,123,base_macro_sector_relative_context,sector_relative_context,False,checkpoint_robust_score,checkpoint,dow30_equal_weight_rebalance_matched,5,0.00324348715912868,0.001759516201929659,0.027931453788568705,,0.0,0.0,1.0,0.00052884396369836,True
base_macro_sector_relative_context__fold_04__seed123,unknown,fold_04,123,base_macro_sector_relative_context,sector_relative_context,False,checkpoint_robust_score,checkpoint,dow30_equal_weight_rebalance_matched,59,0.0007402052487237624,0.004356983166961161,0.06916496355764307,2.696910590040721,-0.014597384268296265,12.711864406779661,0.6101694915254238,-9.210066735442398e-05,False
base_macro_sector_relative_context__fold_04__seed42,bull_low_vol,fold_04,42,base_macro_sector_relative_context,sector_relative_context,False,checkpoint_robust_score,checkpoint,dow30_equal_weight_rebalance_matched,5,0.0025527473771771404,0.0019316367048465009,0.030663782066088694,,-0.00023183431122542064,0.0,0.8,-0.00016189581825317998,True
base_macro_sector_relative_context__fold_04__seed42,unknown,fold_04,42,base_macro_sector_relative_context,sector_relative_context,False,checkpoint_robust_score,checkpoint,dow30_equal_weight_rebalance_matched,59,0.0011570140418672,0.004326125379423337,0.06867511136663455,4.245607072902265,-0.014124694642540847,11.864406779661017,0.576271186440678,0.0003247081257890137,False
base_macro_sector_relative_context__fold_04__seed999,bull_low_vol,fold_04,999,base_macro_sector_relative_context,sector_relative_context,False,checkpoint_robust_score,checkpoint,dow30_equal_weight_rebalance_matched,5,0.0033637891645307604,0.001808899517952122,0.028715389627235598,,0.0,0.0,1.0,0.0006491459691004399,True
base_macro_sector_relative_context__fold_04__seed999,unknown,fold_04,999,base_macro_sector_relative_context,sector_relative_context,False,checkpoint_robust_score,checkpoint,dow30_equal_weight_rebalance_matched,59,0.000982895163110153,0.0054137458238408265,0.08594055066718391,2.8821037238051805,-0.027603787271860858,18.23728813559322,0.559322033898305,0.00015058924703196633,False
base_macro_sector_relative_context__fold_05__seed123,bear_high_vol,fold_05,123,base_macro_sector_relative_context,sector_relative_context,False,checkpoint_robust_score,checkpoint,dow30_equal_weight_rebalance_matched,1,0.0183818540287594,0.0,0.0,,0.0,,1.0,0.0030732024915855003,True
base_macro_sector_relative_context__fold_05__seed123,bear_low_vol,fold_05,123,base_macro_sector_relative_context,sector_relative_context,False,checkpoint_robust_score,checkpoint,dow30_equal_weight_rebalance_matched,1,-0.0184098055488247,0.0,0.0,,0.0,0.0,0.0,0.004188691137252301,True
base_macro_sector_relative_context__fold_05__seed123,unknown,fold_05,123,base_macro_sector_relative_context,sector_relative_context,False,checkpoint_robust_score,checkpoint,dow30_equal_weight_rebalance_matched,59,-0.00030901114911187355,0.014349989539937987,0.22779902183432454,-0.3418399646721338,-0.10835488225214585,13.915254237288135,0.576271186440678,-0.00024945223162402226,False
base_macro_sector_relative_context__fold_05__seed42,bear_high_vol,fold_05,42,base_macro_sector_relative_context,sector_relative_context,False,checkpoint_robust_score,best_model,dow30_equal_weight_rebalance_matched,1,0.01474443138249,0.0,0.0,,0.0,,1.0,-0.0005642201546839001,True
base_macro_sector_relative_context__fold_05__seed42,bear_low_vol,fold_05,42,base_macro_sector_relative_context,sector_relative_context,False,checkpoint_robust_score,best_model,dow30_equal_weight_rebalance_matched,1,-0.0207376978912557,0.0,0.0,,0.0,0.0,0.0,0.0018607987948212994,True
base_macro_sector_relative_context__fold_05__seed42,unknown,fold_05,42,base_macro_sector_relative_context,sector_relative_context,False,checkpoint_robust_score,best_model,dow30_equal_weight_rebalance_matched,59,-0.0005168569096488699,0.01471005454604218,0.23351487660613646,-0.5577714924398632,-0.10351264602379895,12.711864406779661,0.5423728813559322,-0.00045729799216101866,False
base_macro_sector_relative_context__fold_05__seed999,bear_high_vol,fold_05,999,base_macro_sector_relative_context,sector_relative_context,False,checkpoint_robust_score,checkpoint,dow30_equal_weight_rebalance_matched,1,0.0121088201083623,0.0,0.0,,0.0,,1.0,-0.003199831428811601,True
base_macro_sector_relative_context__fold_05__seed999,bear_low_vol,fold_05,999,base_macro_sector_relative_context,sector_relative_context,False,checkpoint_robust_score,checkpoint,dow30_equal_weight_rebalance_matched,1,-0.0246849824132593,0.0,0.0,,0.0,1.5,0.0,-0.0020864857271822995,True
base_macro_sector_relative_context__fold_05__seed999,unknown,fold_05,999,base_macro_sector_relative_context,sector_relative_context,False,checkpoint_robust_score,checkpoint,dow30_equal_weight_rebalance_matched,59,-0.0004945364912536643,0.014093405340779295,0.22372587394638915,-0.5570352395887235,-0.10594472150531498,14.525423728813559,0.5423728813559322,-0.0004349775737658132,False
base_macro_sector_relative_context__fold_06__seed123,bull_low_vol,fold_06,123,base_macro_sector_relative_context,sector_relative_context,False,checkpoint_robust_score,best_model,dow30_equal_weight_rebalance_matched,5,0.0052054131807734395,0.0026214392649688057,0.041614058233004486,,0.0,0.0,1.0,0.0027644062176067617,True
base_macro_sector_relative_context__fold_06__seed123,unknown,fold_06,123,base_macro_sector_relative_context,sector_relative_context,False,checkpoint_robust_score,best_model,dow30_equal_weight_rebalance_matched,59,0.0012448928378776696,0.005559314190202004,0.08825137684408162,3.554766014579309,-0.019949755112145806,12.084745762711865,0.576271186440678,-0.00042650576310349493,False
base_macro_sector_relative_context__fold_06__seed42,bull_low_vol,fold_06,42,base_macro_sector_relative_context,sector_relative_context,False,checkpoint_robust_score,best_model,dow30_equal_weight_rebalance_matched,5,0.00493450870571598,0.002851832142070273,0.04527143177291139,,0.0,0.0,1.0,0.002493501742549301,True
base_macro_sector_relative_context__fold_06__seed42,unknown,fold_06,42,base_macro_sector_relative_context,sector_relative_context,False,checkpoint_robust_score,best_model,dow30_equal_weight_rebalance_matched,59,0.0012155499201400152,0.005368274461516087,0.08521871516826447,3.594498922806538,-0.023902321382392455,11.016949152542374,0.5084745762711864,-0.00045584868084114916,False
base_macro_sector_relative_context__fold_06__seed999,bull_low_vol,fold_06,999,base_macro_sector_relative_context,sector_relative_context,False,checkpoint_robust_score,best_model,dow30_equal_weight_rebalance_matched,5,0.0041361292171070005,0.00318456358394942,0.05055337966441638,,0.0,0.0,1.0,0.001695122253940321,True
base_macro_sector_relative_context__fold_06__seed999,unknown,fold_06,999,base_macro_sector_relative_context,sector_relative_context,False,checkpoint_robust_score,best_model,dow30_equal_weight_rebalance_matched,59,0.0010810059295770851,0.0055975656944408135,0.08885860064902175,3.0656964240233564,-0.01974775939434692,10.677966101694915,0.576271186440678,-0.0005903926714040794,False
base_macro_sector_relative_context__fold_07__seed123,bull_high_vol,fold_07,123,base_macro_sector_relative_context,sector_relative_context,False,checkpoint_robust_score,checkpoint,dow30_equal_weight_rebalance_matched,3,0.006276450991895066,0.005740154181026511,0.0911221227009827,,0.0,2.5,1.0,0.0020346543829881,True
base_macro_sector_relative_context__fold_07__seed123,unknown,fold_07,123,base_macro_sector_relative_context,sector_relative_context,False,checkpoint_robust_score,checkpoint,dow30_equal_weight_rebalance_matched,59,0.0015967868183842,0.006582334639738141,0.10449132301771835,3.850944428798036,-0.026010947412353103,14.338983050847459,0.6271186440677966,-0.0008515095407512584,False
base_macro_sector_relative_context__fold_07__seed42,bull_high_vol,fold_07,42,base_macro_sector_relative_context,sector_relative_context,False,checkpoint_robust_score,checkpoint,dow30_equal_weight_rebalance_matched,3,0.0035456883328004664,0.0046756935660706754,0.07422433429540656,,-0.002077142500579554,0.0,0.6666666666666666,-0.0006961082761064997,True
base_macro_sector_relative_context__fold_07__seed42,unknown,fold_07,42,base_macro_sector_relative_context,sector_relative_context,False,checkpoint_robust_score,checkpoint,dow30_equal_weight_rebalance_matched,59,0.0011759575477193474,0.006068221816810538,0.0963300349659434,3.0763126176591165,-0.0213793608454107,10.169491525423728,0.6271186440677966,-0.0012723388114161108,False
base_macro_sector_relative_context__fold_07__seed999,bull_high_vol,fold_07,999,base_macro_sector_relative_context,sector_relative_context,False,checkpoint_robust_score,checkpoint,dow30_equal_weight_rebalance_matched,3,0.004131042521723866,0.0069803155841013835,0.11080907464968498,,-0.0016064721055737419,0.0,0.3333333333333333,-0.0001107540871831001,True
base_macro_sector_relative_context__fold_07__seed999,unknown,fold_07,999,base_macro_sector_relative_context,sector_relative_context,False,checkpoint_robust_score,checkpoint,dow30_equal_weight_rebalance_matched,59,0.0018568648505829144,0.007386652087172885,0.11725946666409394,3.990551515020488,-0.03359130547821276,20.0,0.5932203389830508,-0.0005914315085525445,False
base_macro_sector_relative_context__fold_08__seed123,bear_low_vol,fold_08,123,base_macro_sector_relative_context,sector_relative_context,False,checkpoint_robust_score,checkpoint,dow30_equal_weight_rebalance_matched,1,0.0039710163886943,0.0,0.0,,0.0,,1.0,-0.0020740156789066004,True
base_macro_sector_relative_context__fold_08__seed123,bull_low_vol,fold_08,123,base_macro_sector_relative_context,sector_relative_context,False,checkpoint_robust_score,checkpoint,dow30_equal_weight_rebalance_matched,4,-0.0051128610772055005,0.00785022853844153,0.12461851468643007,,-0.024368639438770434,0.0,0.25,0.00223714842665955,True
base_macro_sector_relative_context__fold_08__seed123,unknown,fold_08,123,base_macro_sector_relative_context,sector_relative_context,False,checkpoint_robust_score,checkpoint,dow30_equal_weight_rebalance_matched,59,-0.0007166504794052503,0.009183174780161668,0.1457783802860881,-1.2388388487765196,-0.08051551463543882,10.169491525423728,0.5254237288135594,-0.0007403893866504903,False
base_macro_sector_relative_context__fold_08__seed42,bear_low_vol,fold_08,42,base_macro_sector_relative_context,sector_relative_context,False,checkpoint_robust_score,best_model,dow30_equal_weight_rebalance_matched,1,0.0047564815550278,0.0,0.0,,0.0,,1.0,-0.0012885505125731006,True
base_macro_sector_relative_context__fold_08__seed42,bull_low_vol,fold_08,42,base_macro_sector_relative_context,sector_relative_context,False,checkpoint_robust_score,best_model,dow30_equal_weight_rebalance_matched,4,-0.00779854953548265,0.006381771709733463,0.10130748520765334,,-0.027572996976288677,0.0,0.0,-0.0004485400316175995,True
base_macro_sector_relative_context__fold_08__seed42,unknown,fold_08,42,base_macro_sector_relative_context,sector_relative_context,False,checkpoint_robust_score,best_model,dow30_equal_weight_rebalance_matched,59,8.186123322567887e-06,0.009136791133121757,0.14504206271628128,0.014222791917420397,-0.06657700961823687,12.677966101694915,0.5084745762711864,-1.5552783922672652e-05,False
base_macro_sector_relative_context__fold_08__seed999,bear_low_vol,fold_08,999,base_macro_sector_relative_context,sector_relative_context,False,checkpoint_robust_score,checkpoint,dow30_equal_weight_rebalance_matched,1,0.007370479011711,0.0,0.0,,0.0,,1.0,0.0013254469441101,True
base_macro_sector_relative_context__fold_08__seed999,bull_low_vol,fold_08,999,base_macro_sector_relative_context,sector_relative_context,False,checkpoint_robust_score,checkpoint,dow30_equal_weight_rebalance_matched,4,-0.007255418280631375,0.007391605518073669,0.11733809994189404,,-0.026002867208854807,0.0,0.25,9.459122323367524e-05,True
base_macro_sector_relative_context__fold_08__seed999,unknown,fold_08,999,base_macro_sector_relative_context,sector_relative_context,False,checkpoint_robust_score,checkpoint,dow30_equal_weight_rebalance_matched,59,9.051550143259527e-06,0.010215694827814458,0.16216912790475518,0.01406550473306527,-0.07199964719724095,12.813559322033898,0.5254237288135594,-1.46873571019811e-05,False
base_macro_sector_relative_context__fold_09__seed123,bear_high_vol,fold_09,123,base_macro_sector_relative_context,sector_relative_context,False,checkpoint_robust_score,best_model,dow30_equal_weight_rebalance_matched,4,-0.011033213692771774,0.02707492753291927,0.42980115010319964,,-0.043565216494828474,0.0,0.25,0.0009612359127177013,True
base_macro_sector_relative_context__fold_09__seed123,unknown,fold_09,123,base_macro_sector_relative_context,sector_relative_context,False,checkpoint_robust_score,best_model,dow30_equal_weight_rebalance_matched,59,-0.002782866181347914,0.038369536141539574,0.6090975033085112,-1.151346498533374,-0.3527864580075222,15.016949152542374,0.4745762711864407,-0.00032105473971353395,False
base_macro_sector_relative_context__fold_09__seed42,bear_high_vol,fold_09,42,base_macro_sector_relative_context,sector_relative_context,False,checkpoint_robust_score,best_model,dow30_equal_weight_rebalance_matched,4,-0.011749455955564776,0.02508837033987666,0.398265532315216,,-0.038340503924959246,0.0,0.25,0.00024499364992470064,True
base_macro_sector_relative_context__fold_09__seed42,unknown,fold_09,42,base_macro_sector_relative_context,sector_relative_context,False,checkpoint_robust_score,best_model,dow30_equal_weight_rebalance_matched,59,-0.0027645458943547237,0.03799512246217787,0.6031538704102007,-1.1550378759960425,-0.3382940730137185,9.338983050847459,0.423728813559322,-0.00030273445272034394,False
base_macro_sector_relative_context__fold_09__seed999,bear_high_vol,fold_09,999,base_macro_sector_relative_context,sector_relative_context,False,checkpoint_robust_score,checkpoint,dow30_equal_weight_rebalance_matched,4,-0.012521800519176575,0.027117877492065925,0.43048295956753424,,-0.04315079920455378,0.0,0.25,-0.0005273509136870993,True
base_macro_sector_relative_context__fold_09__seed999,unknown,fold_09,999,base_macro_sector_relative_context,sector_relative_context,False,checkpoint_robust_score,checkpoint,dow30_equal_weight_rebalance_matched,59,-0.0026963881129917007,0.040157638696794944,0.6374827513878202,-1.065895199508752,-0.3491591025436579,13.559322033898304,0.4576271186440678,-0.00023457667135732183,False
base_macro_sector_relative_context__fold_10__seed123,bear_high_vol,fold_10,123,base_macro_sector_relative_context,sector_relative_context,False,checkpoint_robust_score,checkpoint,dow30_equal_weight_rebalance_matched,5,0.00350048963746366,0.01027878371912441,0.16317063300613668,,-0.011552418459589875,0.0,0.6,0.00024486133606452037,True
base_macro_sector_relative_context__fold_10__seed123,unknown,fold_10,123,base_macro_sector_relative_context,sector_relative_context,False,checkpoint_robust_score,checkpoint,dow30_equal_weight_rebalance_matched,59,0.0009716329332790559,0.012427834385904652,0.19728575472120502,1.2411007552589632,-0.10351436959713667,11.864406779661017,0.559322033898305,6.328632098302577e-05,False
base_macro_sector_relative_context__fold_10__seed42,bear_high_vol,fold_10,42,base_macro_sector_relative_context,sector_relative_context,False,checkpoint_robust_score,checkpoint,dow30_equal_weight_rebalance_matched,5,0.0048943097767059195,0.009483963586622658,0.1505532545603744,,-0.005011025838988492,0.0,0.4,0.0016386814753067802,True
base_macro_sector_relative_context__fold_10__seed42,unknown,fold_10,42,base_macro_sector_relative_context,sector_relative_context,False,checkpoint_robust_score,checkpoint,dow30_equal_weight_rebalance_matched,59,0.0012572737219475308,0.011974062851619222,0.1900823549306482,1.6668195111870048,-0.10185638017658027,14.59322033898305,0.5932203389830508,0.00034892710965150013,False
base_macro_sector_relative_context__fold_10__seed999,bear_high_vol,fold_10,999,base_macro_sector_relative_context,sector_relative_context,False,checkpoint_robust_score,checkpoint,dow30_equal_weight_rebalance_matched,5,0.0029503872696659,0.01160911877230233,0.18428904727274065,,-0.011605228890375074,0.0,0.6,-0.0003052410317332402,True
base_macro_sector_relative_context__fold_10__seed999,unknown,fold_10,999,base_macro_sector_relative_context,sector_relative_context,False,checkpoint_robust_score,checkpoint,dow30_equal_weight_rebalance_matched,59,0.00014545307841248633,0.011006572746290483,0.17472392564295502,0.2097833804103547,-0.09563053518107445,11.016949152542374,0.5254237288135594,-0.0007628935338835437,False
base_macro_sector_relative_context__fold_11__seed123,bull_low_vol,fold_11,123,base_macro_sector_relative_context,sector_relative_context,False,checkpoint_robust_score,best_model,dow30_equal_weight_rebalance_matched,3,0.00016856899866259998,0.003206288841621294,0.050898257438227845,,-0.0029991403596840716,0.75,0.3333333333333333,0.0006831678695764666,True
base_macro_sector_relative_context__fold_11__seed123,unknown,fold_11,123,base_macro_sector_relative_context,sector_relative_context,False,checkpoint_robust_score,best_model,dow30_equal_weight_rebalance_matched,59,0.0016501118200438598,0.008807961371275758,0.13982205207515463,2.9739813747515607,-0.041720958114188855,15.88135593220339,0.5932203389830508,0.0002503581568586234,False
base_macro_sector_relative_context__fold_11__seed42,bull_low_vol,fold_11,42,base_macro_sector_relative_context,sector_relative_context,False,checkpoint_robust_score,checkpoint,dow30_equal_weight_rebalance_matched,3,5.4824430671566886e-05,0.005733049741094367,0.0910093432133936,,-0.007125438508773119,1.5,0.6666666666666666,0.0005694233015854335,True
base_macro_sector_relative_context__fold_11__seed42,unknown,fold_11,42,base_macro_sector_relative_context,sector_relative_context,False,checkpoint_robust_score,checkpoint,dow30_equal_weight_rebalance_matched,59,0.001774263589873963,0.00904910990794924,0.14365016641754566,3.112522844899589,-0.035233769906933055,27.25423728813559,0.576271186440678,0.00037450992668872654,False
base_macro_sector_relative_context__fold_11__seed999,bull_low_vol,fold_11,999,base_macro_sector_relative_context,sector_relative_context,False,checkpoint_robust_score,best_model,dow30_equal_weight_rebalance_matched,3,-0.0003480354492148667,0.0041837465679840065,0.066414917804434,,-0.005461640195611572,0.0,0.3333333333333333,0.00016656342169899985,True
base_macro_sector_relative_context__fold_11__seed999,unknown,fold_11,999,base_macro_sector_relative_context,sector_relative_context,False,checkpoint_robust_score,best_model,dow30_equal_weight_rebalance_matched,59,0.001962282162766333,0.010341544906803517,0.16416693597365248,3.012147982688053,-0.046936475006473466,10.932203389830509,0.6101694915254238,0.0005625284995810966,False
base_macro_sector_relative_context__fold_12__seed123,bear_high_vol,fold_12,123,base_macro_sector_relative_context,sector_relative_context,False,checkpoint_robust_score,checkpoint,dow30_equal_weight_rebalance_matched,4,-0.004635012709241075,0.014246034828965018,0.2261487919572361,,-0.014242701167900274,0.0,0.25,-0.002151772988197675,True
base_macro_sector_relative_context__fold_12__seed123,unknown,fold_12,123,base_macro_sector_relative_context,sector_relative_context,False,checkpoint_robust_score,checkpoint,dow30_equal_weight_rebalance_matched,59,0.0006185184824235388,0.007282873938488997,0.11561203962645242,1.3481870752764487,-0.033505200082533215,12.711864406779661,0.5423728813559322,0.0005526382360624984,False
base_macro_sector_relative_context__fold_12__seed42,bear_high_vol,fold_12,42,base_macro_sector_relative_context,sector_relative_context,False,checkpoint_robust_score,checkpoint,dow30_equal_weight_rebalance_matched,4,-0.005611347729188075,0.012525655256301086,0.19883861289781007,,-0.016754259243768277,0.0,0.25,-0.003128108008144675,True
base_macro_sector_relative_context__fold_12__seed42,unknown,fold_12,42,base_macro_sector_relative_context,sector_relative_context,False,checkpoint_robust_score,checkpoint,dow30_equal_weight_rebalance_matched,59,0.0008815982479289451,0.008299280886375146,0.13174699971612205,1.6862832471084186,-0.04911975313494188,13.864406779661017,0.5254237288135594,0.0008157180015679043,False
base_macro_sector_relative_context__fold_12__seed999,bear_high_vol,fold_12,999,base_macro_sector_relative_context,sector_relative_context,False,checkpoint_robust_score,checkpoint,dow30_equal_weight_rebalance_matched,4,-0.0049387854306677005,0.014971400447712122,0.23766361417804407,,-0.015135090790836636,0.0,0.5,-0.0024555457096243007,True
base_macro_sector_relative_context__fold_12__seed999,unknown,fold_12,999,base_macro_sector_relative_context,sector_relative_context,False,checkpoint_robust_score,checkpoint,dow30_equal_weight_rebalance_matched,59,0.00018048813417818728,0.007319643221226349,0.11619573389450794,0.3914344209417914,-0.04163962735965865,9.322033898305085,0.5084745762711864,0.00011460788781714651,False
base_macro_sector_relative_context__fold_13__seed123,bull_high_vol,fold_13,123,base_macro_sector_relative_context,sector_relative_context,False,checkpoint_robust_score,best_model,dow30_equal_weight_rebalance_matched,1,0.0041749016558905,0.0,0.0,,0.0,,1.0,0.00022085717182989979,True
base_macro_sector_relative_context__fold_13__seed123,bull_low_vol,fold_13,123,base_macro_sector_relative_context,sector_relative_context,False,checkpoint_robust_score,best_model,dow30_equal_weight_rebalance_matched,2,-0.01000598494573715,0.005437901241415351,0.08632400603348657,,-0.015443886187152533,0.0,0.0,-0.0013796169449148004,True
base_macro_sector_relative_context__fold_13__seed123,unknown,fold_13,123,base_macro_sector_relative_context,sector_relative_context,False,checkpoint_robust_score,best_model,dow30_equal_weight_rebalance_matched,59,-0.0006093714012416524,0.009998808995808777,0.15872617205847298,-0.9674623354258555,-0.09975438657165148,14.35593220338983,0.4745762711864407,-0.00047190094277635224,False
base_macro_sector_relative_context__fold_13__seed42,bull_high_vol,fold_13,42,base_macro_sector_relative_context,sector_relative_context,False,checkpoint_robust_score,checkpoint,dow30_equal_weight_rebalance_matched,1,0.0054587262995509,0.0,0.0,,0.0,,1.0,0.0015046818154903002,True
base_macro_sector_relative_context__fold_13__seed42,bull_low_vol,fold_13,42,base_macro_sector_relative_context,sector_relative_context,False,checkpoint_robust_score,checkpoint,dow30_equal_weight_rebalance_matched,2,-0.0058482983364468505,0.00947756509084995,0.1504516815888975,,-0.015325863427297137,0.0,0.5,0.0027780696643754993,True
base_macro_sector_relative_context__fold_13__seed42,unknown,fold_13,42,base_macro_sector_relative_context,sector_relative_context,False,checkpoint_robust_score,checkpoint,dow30_equal_weight_rebalance_matched,59,0.0002365040605121239,0.009244231745143392,0.14674762955698822,0.4061327833981157,-0.07121788836822118,16.322033898305083,0.4576271186440678,0.000373974518977424,False
base_macro_sector_relative_context__fold_13__seed999,bull_high_vol,fold_13,999,base_macro_sector_relative_context,sector_relative_context,False,checkpoint_robust_score,checkpoint,dow30_equal_weight_rebalance_matched,1,0.0058171552457735,0.0,0.0,,0.0,,1.0,0.0018631107617128996,True
base_macro_sector_relative_context__fold_13__seed999,bull_low_vol,fold_13,999,base_macro_sector_relative_context,sector_relative_context,False,checkpoint_robust_score,checkpoint,dow30_equal_weight_rebalance_matched,2,-0.0089007763154511,0.0073843359701867,0.11722269944677727,,-0.016285112285638004,0.0,0.0,-0.00027440831462874956,True
base_macro_sector_relative_context__fold_13__seed999,unknown,fold_13,999,base_macro_sector_relative_context,sector_relative_context,False,checkpoint_robust_score,checkpoint,dow30_equal_weight_rebalance_matched,59,0.00029157401344562386,0.012163486610155448,0.19308936387561224,0.38053184242520327,-0.09716211387765938,15.254237288135593,0.4576271186440678,0.000429044471910924,False
base_macro_sector_relative_context__fold_14__seed123,bear_high_vol,fold_14,123,base_macro_sector_relative_context,sector_relative_context,False,checkpoint_robust_score,checkpoint,dow30_equal_weight_rebalance_matched,5,0.0019554130177925,0.014600425712316562,0.23177457282277622,,-0.02533193374177567,0.0,0.4,0.0011123865804044998,True
base_macro_sector_relative_context__fold_14__seed123,unknown,fold_14,123,base_macro_sector_relative_context,sector_relative_context,False,checkpoint_robust_score,checkpoint,dow30_equal_weight_rebalance_matched,59,-0.0011194134288971464,0.010661495573976353,0.16924599535654358,-1.666758397962734,-0.11324834706689368,8.474576271186441,0.4406779661016949,-0.00016230692734676017,False
base_macro_sector_relative_context__fold_14__seed42,bear_high_vol,fold_14,42,base_macro_sector_relative_context,sector_relative_context,False,checkpoint_robust_score,best_model,dow30_equal_weight_rebalance_matched,5,0.0006994542618919596,0.01839450506778835,0.2920037153969117,,-0.03263398661797734,0.0,0.4,-0.00014357217549604075,True
base_macro_sector_relative_context__fold_14__seed42,unknown,fold_14,42,base_macro_sector_relative_context,sector_relative_context,False,checkpoint_robust_score,best_model,dow30_equal_weight_rebalance_matched,59,-0.0006426216311085503,0.010831353754464017,0.17194241037886532,-0.9418307599767136,-0.1344648124151353,19.796610169491526,0.4745762711864407,0.00031448487044183614,False
base_macro_sector_relative_context__fold_14__seed999,bear_high_vol,fold_14,999,base_macro_sector_relative_context,sector_relative_context,False,checkpoint_robust_score,best_model,dow30_equal_weight_rebalance_matched,5,0.00216017008819512,0.013318680324272806,0.21142749557756968,,-0.0200376445361391,0.0,0.4,0.0013171436508071198,True
base_macro_sector_relative_context__fold_14__seed999,unknown,fold_14,999,base_macro_sector_relative_context,sector_relative_context,False,checkpoint_robust_score,best_model,dow30_equal_weight_rebalance_matched,59,-0.0008328681910693429,0.01089006560413649,0.17287443209834114,-1.214076492410866,-0.11705197698926717,9.516949152542374,0.4576271186440678,0.00012423831048104342,False
base_macro_vol_term_or_implied_vol_proxy__fold_01__seed123,bull_low_vol,fold_01,123,base_macro_vol_term_or_implied_vol_proxy,vol_term_or_implied_vol_proxy,False,checkpoint_robust_score,best_model,dow30_equal_weight_rebalance_matched,3,0.0033447892562695667,0.003583072317372117,0.056879509687959115,,-0.00159989240197278,0.0,0.6666666666666666,-0.0006877640032682337,True
base_macro_vol_term_or_implied_vol_proxy__fold_01__seed123,unknown,fold_01,123,base_macro_vol_term_or_implied_vol_proxy,vol_term_or_implied_vol_proxy,False,checkpoint_robust_score,best_model,dow30_equal_weight_rebalance_matched,59,0.0013980920814580463,0.011672164598860248,0.18528986874237724,1.9014488321392478,-0.06709289006029562,11.864406779661017,0.5932203389830508,0.0010582657429169435,False
base_macro_vol_term_or_implied_vol_proxy__fold_01__seed42,bull_low_vol,fold_01,42,base_macro_vol_term_or_implied_vol_proxy,vol_term_or_implied_vol_proxy,False,checkpoint_robust_score,checkpoint,dow30_equal_weight_rebalance_matched,3,0.0019739560511561997,0.004039584990295154,0.06412642370538146,,-0.003291521380391793,0.0,0.6666666666666666,-0.0020585972083816003,True
base_macro_vol_term_or_implied_vol_proxy__fold_01__seed42,unknown,fold_01,42,base_macro_vol_term_or_implied_vol_proxy,vol_term_or_implied_vol_proxy,False,checkpoint_robust_score,checkpoint,dow30_equal_weight_rebalance_matched,59,0.0009391118734451175,0.009770841765510884,0.1551073044678305,1.5257578804565746,-0.0700011368007889,9.322033898305085,0.576271186440678,0.0005992855349040148,False
base_macro_vol_term_or_implied_vol_proxy__fold_01__seed999,bull_low_vol,fold_01,999,base_macro_vol_term_or_implied_vol_proxy,vol_term_or_implied_vol_proxy,False,checkpoint_robust_score,checkpoint,dow30_equal_weight_rebalance_matched,3,0.0031019110969393005,0.005354019660543109,0.08499242721808514,,-0.0028190792087998684,0.0,0.6666666666666666,-0.0009306421625985001,True
base_macro_vol_term_or_implied_vol_proxy__fold_01__seed999,unknown,fold_01,999,base_macro_vol_term_or_implied_vol_proxy,vol_term_or_implied_vol_proxy,False,checkpoint_robust_score,checkpoint,dow30_equal_weight_rebalance_matched,59,0.0008959769866658024,0.011238171612132556,0.17840044366061145,1.2656145691504967,-0.07389753227088913,15.915254237288135,0.5423728813559322,0.0005561506481246997,False
base_macro_vol_term_or_implied_vol_proxy__fold_02__seed123,bear_high_vol,fold_02,123,base_macro_vol_term_or_implied_vol_proxy,vol_term_or_implied_vol_proxy,False,checkpoint_robust_score,checkpoint,dow30_equal_weight_rebalance_matched,4,0.0050511542077093,0.007777509021146008,0.1234641281370824,,-0.008066038446739032,0.0,0.75,0.0022211051843791002,True
base_macro_vol_term_or_implied_vol_proxy__fold_02__seed123,bull_high_vol,fold_02,123,base_macro_vol_term_or_implied_vol_proxy,vol_term_or_implied_vol_proxy,False,checkpoint_robust_score,checkpoint,dow30_equal_weight_rebalance_matched,1,-0.0035817313277833,0.0,0.0,,0.0,,0.0,-0.00042305237356180013,True
base_macro_vol_term_or_implied_vol_proxy__fold_02__seed123,unknown,fold_02,123,base_macro_vol_term_or_implied_vol_proxy,vol_term_or_implied_vol_proxy,False,checkpoint_robust_score,checkpoint,dow30_equal_weight_rebalance_matched,59,0.00023160039981724153,0.005469188803848425,0.08682068068945051,0.6722280946253458,-0.028388897656156487,14.23728813559322,0.576271186440678,-0.00025243553179538547,False
base_macro_vol_term_or_implied_vol_proxy__fold_02__seed42,bear_high_vol,fold_02,42,base_macro_vol_term_or_implied_vol_proxy,vol_term_or_implied_vol_proxy,False,checkpoint_robust_score,checkpoint,dow30_equal_weight_rebalance_matched,4,0.002264014490803025,0.006176053832843306,0.098041815152704,,-0.008367593704517562,7.375,0.75,-0.0005660345325271749,True
base_macro_vol_term_or_implied_vol_proxy__fold_02__seed42,bull_high_vol,fold_02,42,base_macro_vol_term_or_implied_vol_proxy,vol_term_or_implied_vol_proxy,False,checkpoint_robust_score,checkpoint,dow30_equal_weight_rebalance_matched,1,-0.0030680350175608,0.0,0.0,,0.0,,0.0,9.064393666070002e-05,True
base_macro_vol_term_or_implied_vol_proxy__fold_02__seed42,unknown,fold_02,42,base_macro_vol_term_or_implied_vol_proxy,vol_term_or_implied_vol_proxy,False,checkpoint_robust_score,checkpoint,dow30_equal_weight_rebalance_matched,59,-0.0004726913066813196,0.005396788194869074,0.08567135665267654,-1.390408812674861,-0.0462757666107495,8.754237288135593,0.4915254237288136,-0.0009567272382939467,False
base_macro_vol_term_or_implied_vol_proxy__fold_02__seed999,bear_high_vol,fold_02,999,base_macro_vol_term_or_implied_vol_proxy,vol_term_or_implied_vol_proxy,False,checkpoint_robust_score,best_model,dow30_equal_weight_rebalance_matched,4,0.0036691176735884506,0.008280449778871067,0.13144806515191576,,-0.010472276184800955,0.5,0.75,0.0008390686502582503,True
base_macro_vol_term_or_implied_vol_proxy__fold_02__seed999,bull_high_vol,fold_02,999,base_macro_vol_term_or_implied_vol_proxy,vol_term_or_implied_vol_proxy,False,checkpoint_robust_score,best_model,dow30_equal_weight_rebalance_matched,1,-0.0034073626653501,0.0,0.0,,0.0,,0.0,-0.0002486837111286,True
base_macro_vol_term_or_implied_vol_proxy__fold_02__seed999,unknown,fold_02,999,base_macro_vol_term_or_implied_vol_proxy,vol_term_or_implied_vol_proxy,False,checkpoint_robust_score,best_model,dow30_equal_weight_rebalance_matched,59,7.79521151912228e-05,0.005349484505394367,0.08492043386200115,0.23132162819740493,-0.03133875893145788,11.313559322033898,0.576271186440678,-0.00040608381642140407,False
base_macro_vol_term_or_implied_vol_proxy__fold_03__seed123,bear_low_vol,fold_03,123,base_macro_vol_term_or_implied_vol_proxy,vol_term_or_implied_vol_proxy,False,checkpoint_robust_score,checkpoint,dow30_equal_weight_rebalance_matched,3,0.0002739796549718666,0.0029862637291942253,0.04740546706020153,,-0.00336127801279118,0.0,0.3333333333333333,6.694494900663323e-05,True
base_macro_vol_term_or_implied_vol_proxy__fold_03__seed123,unknown,fold_03,123,base_macro_vol_term_or_implied_vol_proxy,vol_term_or_implied_vol_proxy,False,checkpoint_robust_score,checkpoint,dow30_equal_weight_rebalance_matched,59,0.0005637763274456639,0.00471667962554167,0.0748749678188911,1.8974516938685397,-0.03443321915594788,15.813559322033898,0.4915254237288136,-0.00044485901838570374,False
base_macro_vol_term_or_implied_vol_proxy__fold_03__seed42,bear_low_vol,fold_03,42,base_macro_vol_term_or_implied_vol_proxy,vol_term_or_implied_vol_proxy,False,checkpoint_robust_score,checkpoint,dow30_equal_weight_rebalance_matched,3,-0.000432452473489554,0.002187689389860867,0.0347284924285589,,-0.0033128687419679004,0.0,0.6666666666666666,-0.0006394871794547873,True
base_macro_vol_term_or_implied_vol_proxy__fold_03__seed42,unknown,fold_03,42,base_macro_vol_term_or_implied_vol_proxy,vol_term_or_implied_vol_proxy,False,checkpoint_robust_score,checkpoint,dow30_equal_weight_rebalance_matched,59,0.0007372426545583621,0.0045127335511768625,0.07163742425706811,2.5934091136781317,-0.03250024752672376,8.474576271186441,0.4915254237288136,-0.000271392691273006,False
base_macro_vol_term_or_implied_vol_proxy__fold_03__seed999,bear_low_vol,fold_03,999,base_macro_vol_term_or_implied_vol_proxy,vol_term_or_implied_vol_proxy,False,checkpoint_robust_score,checkpoint,dow30_equal_weight_rebalance_matched,3,0.0012601578484223999,0.00343518035092957,0.05453179750329139,,-0.0027683329120461453,0.0,0.6666666666666666,0.0010531231424571665,True
base_macro_vol_term_or_implied_vol_proxy__fold_03__seed999,unknown,fold_03,999,base_macro_vol_term_or_implied_vol_proxy,vol_term_or_implied_vol_proxy,False,checkpoint_robust_score,checkpoint,dow30_equal_weight_rebalance_matched,59,0.0003587642035170695,0.0044799407240975865,0.07111685426563705,1.271267974657676,-0.031118270073612897,16.906779661016948,0.4067796610169492,-0.0006498711423142984,False
base_macro_vol_term_or_implied_vol_proxy__fold_04__seed123,bull_low_vol,fold_04,123,base_macro_vol_term_or_implied_vol_proxy,vol_term_or_implied_vol_proxy,False,checkpoint_robust_score,best_model,dow30_equal_weight_rebalance_matched,5,0.0029291770454418597,0.0017421672517405802,0.02765604774231861,,0.0,0.0,1.0,0.00021453385001153987,True
base_macro_vol_term_or_implied_vol_proxy__fold_04__seed123,unknown,fold_04,123,base_macro_vol_term_or_implied_vol_proxy,vol_term_or_implied_vol_proxy,False,checkpoint_robust_score,best_model,dow30_equal_weight_rebalance_matched,59,0.0005894074126160308,0.004337056799257556,0.06884864227678365,2.1573507198895854,-0.02206113886049199,10.932203389830509,0.5254237288135594,-0.0002428985034621557,False
base_macro_vol_term_or_implied_vol_proxy__fold_04__seed42,bull_low_vol,fold_04,42,base_macro_vol_term_or_implied_vol_proxy,vol_term_or_implied_vol_proxy,False,checkpoint_robust_score,best_model,dow30_equal_weight_rebalance_matched,5,0.00318349401509208,0.0015235749188174576,0.024186002033798497,,0.0,0.0,1.0,0.00046885081966176,True
base_macro_vol_term_or_implied_vol_proxy__fold_04__seed42,unknown,fold_04,42,base_macro_vol_term_or_implied_vol_proxy,vol_term_or_implied_vol_proxy,False,checkpoint_robust_score,best_model,dow30_equal_weight_rebalance_matched,59,0.0011086321430926278,0.004056754282193156,0.06439897776467661,4.3381946384338725,-0.014235856648117995,11.864406779661017,0.5932203389830508,0.0002763262270144414,False
base_macro_vol_term_or_implied_vol_proxy__fold_04__seed999,bull_low_vol,fold_04,999,base_macro_vol_term_or_implied_vol_proxy,vol_term_or_implied_vol_proxy,False,checkpoint_robust_score,best_model,dow30_equal_weight_rebalance_matched,5,0.0037393132304908,0.002346008228415551,0.03724172607659257,,0.0,10.625,1.0,0.00102467003506048,True
base_macro_vol_term_or_implied_vol_proxy__fold_04__seed999,unknown,fold_04,999,base_macro_vol_term_or_implied_vol_proxy,vol_term_or_implied_vol_proxy,False,checkpoint_robust_score,best_model,dow30_equal_weight_rebalance_matched,59,0.0008518879345201161,0.004509242310556493,0.0715820025303766,2.9990186347185426,-0.016099256718456467,17.576271186440678,0.6101694915254238,1.9582018441929695e-05,False
base_macro_vol_term_or_implied_vol_proxy__fold_05__seed123,bear_high_vol,fold_05,123,base_macro_vol_term_or_implied_vol_proxy,vol_term_or_implied_vol_proxy,False,checkpoint_robust_score,checkpoint,dow30_equal_weight_rebalance_matched,1,0.0194875243346088,0.0,0.0,,0.0,,1.0,0.004178872797434901,True
base_macro_vol_term_or_implied_vol_proxy__fold_05__seed123,bear_low_vol,fold_05,123,base_macro_vol_term_or_implied_vol_proxy,vol_term_or_implied_vol_proxy,False,checkpoint_robust_score,checkpoint,dow30_equal_weight_rebalance_matched,1,-0.0181511793089231,0.0,0.0,,0.0,0.0,0.0,0.004447317377153901,True
base_macro_vol_term_or_implied_vol_proxy__fold_05__seed123,unknown,fold_05,123,base_macro_vol_term_or_implied_vol_proxy,vol_term_or_implied_vol_proxy,False,checkpoint_robust_score,checkpoint,dow30_equal_weight_rebalance_matched,59,6.566882393089574e-05,0.014612804834380148,0.2319710852933536,0.07133882056747819,-0.09052140501301376,13.559322033898304,0.576271186440678,0.00012522774141874693,False
base_macro_vol_term_or_implied_vol_proxy__fold_05__seed42,bear_high_vol,fold_05,42,base_macro_vol_term_or_implied_vol_proxy,vol_term_or_implied_vol_proxy,False,checkpoint_robust_score,checkpoint,dow30_equal_weight_rebalance_matched,1,0.0148247511546721,0.0,0.0,,0.0,,1.0,-0.0004839003825018,True
base_macro_vol_term_or_implied_vol_proxy__fold_05__seed42,bear_low_vol,fold_05,42,base_macro_vol_term_or_implied_vol_proxy,vol_term_or_implied_vol_proxy,False,checkpoint_robust_score,checkpoint,dow30_equal_weight_rebalance_matched,1,-0.0230192460103021,0.0,0.0,,0.0,0.0,0.0,-0.00042074932422509967,True
base_macro_vol_term_or_implied_vol_proxy__fold_05__seed42,unknown,fold_05,42,base_macro_vol_term_or_implied_vol_proxy,vol_term_or_implied_vol_proxy,False,checkpoint_robust_score,checkpoint,dow30_equal_weight_rebalance_matched,59,-0.00036613538191570595,0.014616111181447657,0.23202357192588577,-0.39765837357348355,-0.09983274890093619,12.711864406779661,0.5423728813559322,-0.0003065764644278548,False
base_macro_vol_term_or_implied_vol_proxy__fold_05__seed999,bear_high_vol,fold_05,999,base_macro_vol_term_or_implied_vol_proxy,vol_term_or_implied_vol_proxy,False,checkpoint_robust_score,checkpoint,dow30_equal_weight_rebalance_matched,1,0.0151703286398807,0.0,0.0,,0.0,,1.0,-0.00013832289729319956,True
base_macro_vol_term_or_implied_vol_proxy__fold_05__seed999,bear_low_vol,fold_05,999,base_macro_vol_term_or_implied_vol_proxy,vol_term_or_implied_vol_proxy,False,checkpoint_robust_score,checkpoint,dow30_equal_weight_rebalance_matched,1,-0.0139057590278468,0.0,0.0,,0.0,0.0,0.0,0.0086927376582302,True
base_macro_vol_term_or_implied_vol_proxy__fold_05__seed999,unknown,fold_05,999,base_macro_vol_term_or_implied_vol_proxy,vol_term_or_implied_vol_proxy,False,checkpoint_robust_score,checkpoint,dow30_equal_weight_rebalance_matched,59,-0.0004106288590507273,0.014143546333253449,0.2245218375258486,-0.460883776923793,-0.08895026523071481,8.474576271186441,0.4745762711864407,-0.0003510699415628762,False
base_macro_vol_term_or_implied_vol_proxy__fold_06__seed123,bull_low_vol,fold_06,123,base_macro_vol_term_or_implied_vol_proxy,vol_term_or_implied_vol_proxy,False,checkpoint_robust_score,best_model,dow30_equal_weight_rebalance_matched,5,0.00234129237439426,0.0032248675438469386,0.05119318519285611,,-0.002864086316359371,0.0,0.8,-9.97145887724188e-05,True
base_macro_vol_term_or_implied_vol_proxy__fold_06__seed123,unknown,fold_06,123,base_macro_vol_term_or_implied_vol_proxy,vol_term_or_implied_vol_proxy,False,checkpoint_robust_score,best_model,dow30_equal_weight_rebalance_matched,59,0.0011442420190589653,0.004215427025261633,0.06691782947269843,4.309000920606694,-0.012653838236903248,10.169491525423728,0.5423728813559322,-0.0005271565819221992,False
base_macro_vol_term_or_implied_vol_proxy__fold_06__seed42,bull_low_vol,fold_06,42,base_macro_vol_term_or_implied_vol_proxy,vol_term_or_implied_vol_proxy,False,checkpoint_robust_score,checkpoint,dow30_equal_weight_rebalance_matched,5,0.0012190898727169799,0.0014665178424968217,0.023280249026913485,,-0.0009795335622516665,0.0,0.8,-0.0012219170904496988,True
base_macro_vol_term_or_implied_vol_proxy__fold_06__seed42,unknown,fold_06,42,base_macro_vol_term_or_implied_vol_proxy,vol_term_or_implied_vol_proxy,False,checkpoint_robust_score,checkpoint,dow30_equal_weight_rebalance_matched,59,0.0012866088728692117,0.004550250205983386,0.0722329826889148,4.488606504861919,-0.016765281758479134,11.864406779661017,0.6440677966101694,-0.0003847897281119524,False
base_macro_vol_term_or_implied_vol_proxy__fold_06__seed999,bull_low_vol,fold_06,999,base_macro_vol_term_or_implied_vol_proxy,vol_term_or_implied_vol_proxy,False,checkpoint_robust_score,checkpoint,dow30_equal_weight_rebalance_matched,5,0.0018740657664890405,0.003298498500268574,0.05236204038978099,,-0.002449452909135008,0.0,0.8,-0.0005669411966776386,True
base_macro_vol_term_or_implied_vol_proxy__fold_06__seed999,unknown,fold_06,999,base_macro_vol_term_or_implied_vol_proxy,vol_term_or_implied_vol_proxy,False,checkpoint_robust_score,checkpoint,dow30_equal_weight_rebalance_matched,59,0.0013348178214358426,0.005194206809489508,0.08245547685688495,4.079463291270087,-0.02130000044713931,11.016949152542374,0.6271186440677966,-0.00033658077954532196,False
base_macro_vol_term_or_implied_vol_proxy__fold_07__seed123,bull_high_vol,fold_07,123,base_macro_vol_term_or_implied_vol_proxy,vol_term_or_implied_vol_proxy,False,checkpoint_robust_score,best_model,dow30_equal_weight_rebalance_matched,3,0.004383960831251434,0.004328760416823677,0.06871694128857449,,-0.0014759084403328515,0.5,0.6666666666666666,0.0001421642223444671,True
base_macro_vol_term_or_implied_vol_proxy__fold_07__seed123,unknown,fold_07,123,base_macro_vol_term_or_implied_vol_proxy,vol_term_or_implied_vol_proxy,False,checkpoint_robust_score,best_model,dow30_equal_weight_rebalance_matched,59,0.0016493892933458073,0.006240663310276188,0.09906745881045548,4.1955865923480875,-0.023888560997957886,9.432203389830509,0.5932203389830508,-0.0007989070657896514,False
base_macro_vol_term_or_implied_vol_proxy__fold_07__seed42,bull_high_vol,fold_07,42,base_macro_vol_term_or_implied_vol_proxy,vol_term_or_implied_vol_proxy,False,checkpoint_robust_score,last_model,dow30_equal_weight_rebalance_matched,3,0.00017909128719703792,0.00010228454688137436,0.0016237168440782629,,0.0,0.0,1.0,-0.0040627053217099285,True
base_macro_vol_term_or_implied_vol_proxy__fold_07__seed42,unknown,fold_07,42,base_macro_vol_term_or_implied_vol_proxy,vol_term_or_implied_vol_proxy,False,checkpoint_robust_score,last_model,dow30_equal_weight_rebalance_matched,59,1.65659506605159e-05,0.00014157941906769485,0.0022475036017087003,1.8574473310192632,-0.0006613200661285124,0.0,0.6440677966101694,-0.0024317304084749427,False
base_macro_vol_term_or_implied_vol_proxy__fold_07__seed999,bull_high_vol,fold_07,999,base_macro_vol_term_or_implied_vol_proxy,vol_term_or_implied_vol_proxy,False,checkpoint_robust_score,checkpoint,dow30_equal_weight_rebalance_matched,3,0.0024839943285559,0.004791179174036341,0.07605761148751208,,-0.002416532116546799,0.0,0.6666666666666666,-0.0017578022803510663,True
base_macro_vol_term_or_implied_vol_proxy__fold_07__seed999,unknown,fold_07,999,base_macro_vol_term_or_implied_vol_proxy,vol_term_or_implied_vol_proxy,False,checkpoint_robust_score,checkpoint,dow30_equal_weight_rebalance_matched,59,0.0014184909962558787,0.007662592473400773,0.12163988449592256,2.9386720690980574,-0.03736413182033049,9.322033898305085,0.5932203389830508,-0.0010298053628795796,False
base_macro_vol_term_or_implied_vol_proxy__fold_08__seed123,bear_low_vol,fold_08,123,base_macro_vol_term_or_implied_vol_proxy,vol_term_or_implied_vol_proxy,False,checkpoint_robust_score,best_model,dow30_equal_weight_rebalance_matched,1,0.0091939451846971,0.0,0.0,,0.0,,1.0,0.0031489131170961996,True
base_macro_vol_term_or_implied_vol_proxy__fold_08__seed123,bull_low_vol,fold_08,123,base_macro_vol_term_or_implied_vol_proxy,vol_term_or_implied_vol_proxy,False,checkpoint_robust_score,best_model,dow30_equal_weight_rebalance_matched,4,-0.007729781346007025,0.009597633914884895,0.15235771508054816,,-0.03224758173941833,0.0,0.25,-0.0003797718421419742,True
base_macro_vol_term_or_implied_vol_proxy__fold_08__seed123,unknown,fold_08,123,base_macro_vol_term_or_implied_vol_proxy,vol_term_or_implied_vol_proxy,False,checkpoint_robust_score,best_model,dow30_equal_weight_rebalance_matched,59,0.00031204415066200065,0.008886838002823114,0.1410741797831273,0.5574026805451543,-0.05492642157448635,11.915254237288135,0.559322033898305,0.0002883052434167602,False
base_macro_vol_term_or_implied_vol_proxy__fold_08__seed42,bear_low_vol,fold_08,42,base_macro_vol_term_or_implied_vol_proxy,vol_term_or_implied_vol_proxy,False,checkpoint_robust_score,checkpoint,dow30_equal_weight_rebalance_matched,1,0.0056483825358295,0.0,0.0,,0.0,,1.0,-0.00039664953177140014,True
base_macro_vol_term_or_implied_vol_proxy__fold_08__seed42,bull_low_vol,fold_08,42,base_macro_vol_term_or_implied_vol_proxy,vol_term_or_implied_vol_proxy,False,checkpoint_robust_score,checkpoint,dow30_equal_weight_rebalance_matched,4,-0.007707770383584525,0.009020741495429016,0.14319983182983645,,-0.032472231678126295,0.0,0.25,-0.00035776087971947483,True
base_macro_vol_term_or_implied_vol_proxy__fold_08__seed42,unknown,fold_08,42,base_macro_vol_term_or_implied_vol_proxy,vol_term_or_implied_vol_proxy,False,checkpoint_robust_score,checkpoint,dow30_equal_weight_rebalance_matched,59,7.817737445081182e-05,0.008703762834686336,0.1381679515863998,0.1425851518778959,-0.05024634730729449,13.542372881355933,0.5254237288135594,5.443846720557124e-05,False
base_macro_vol_term_or_implied_vol_proxy__fold_08__seed999,bear_low_vol,fold_08,999,base_macro_vol_term_or_implied_vol_proxy,vol_term_or_implied_vol_proxy,False,checkpoint_robust_score,checkpoint,dow30_equal_weight_rebalance_matched,1,0.0026717309610166,0.0,0.0,,0.0,,1.0,-0.0033733011065843004,True
base_macro_vol_term_or_implied_vol_proxy__fold_08__seed999,bull_low_vol,fold_08,999,base_macro_vol_term_or_implied_vol_proxy,vol_term_or_implied_vol_proxy,False,checkpoint_robust_score,checkpoint,dow30_equal_weight_rebalance_matched,4,-0.006123926553189425,0.008308179979684784,0.1318882684428696,,-0.027875940523329534,0.0,0.25,0.0012260829506756251,True
base_macro_vol_term_or_implied_vol_proxy__fold_08__seed999,unknown,fold_08,999,base_macro_vol_term_or_implied_vol_proxy,vol_term_or_implied_vol_proxy,False,checkpoint_robust_score,checkpoint,dow30_equal_weight_rebalance_matched,59,-0.0008003030789676774,0.009363399889494,0.14863936520190477,-1.3568167196213934,-0.07909486050086845,16.93220338983051,0.5254237288135594,-0.0008240419862129178,False
base_macro_vol_term_or_implied_vol_proxy__fold_09__seed123,bear_high_vol,fold_09,123,base_macro_vol_term_or_implied_vol_proxy,vol_term_or_implied_vol_proxy,False,checkpoint_robust_score,best_model,dow30_equal_weight_rebalance_matched,4,-0.005959644001658075,0.026572675496705805,0.42182814620341985,,-0.03302096813852651,1.0,0.25,0.0060348056038314,True
base_macro_vol_term_or_implied_vol_proxy__fold_09__seed123,unknown,fold_09,123,base_macro_vol_term_or_implied_vol_proxy,vol_term_or_implied_vol_proxy,False,checkpoint_robust_score,best_model,dow30_equal_weight_rebalance_matched,59,-0.0017699861581149982,0.03309832118259979,0.5254195599774019,-0.848914935454941,-0.2551535995769486,10.703389830508474,0.4576271186440678,0.0006918252835193807,False
base_macro_vol_term_or_implied_vol_proxy__fold_09__seed42,bear_high_vol,fold_09,42,base_macro_vol_term_or_implied_vol_proxy,vol_term_or_implied_vol_proxy,False,checkpoint_robust_score,checkpoint,dow30_equal_weight_rebalance_matched,4,-0.00939653383410325,0.02354591070116585,0.37377974464691593,,-0.037077499652303336,0.0,0.25,0.0025979157713862254,True
base_macro_vol_term_or_implied_vol_proxy__fold_09__seed42,unknown,fold_09,42,base_macro_vol_term_or_implied_vol_proxy,vol_term_or_implied_vol_proxy,False,checkpoint_robust_score,checkpoint,dow30_equal_weight_rebalance_matched,59,-0.0016199531676040833,0.03561176515784823,0.5653192461342076,-0.7221197598132278,-0.28535553215675624,12.711864406779661,0.4745762711864407,0.0008418582740302966,False
base_macro_vol_term_or_implied_vol_proxy__fold_09__seed999,bear_high_vol,fold_09,999,base_macro_vol_term_or_implied_vol_proxy,vol_term_or_implied_vol_proxy,False,checkpoint_robust_score,checkpoint,dow30_equal_weight_rebalance_matched,4,-0.012892411926663776,0.024498940710204215,0.3889086270222989,,-0.040392149923591414,1.6666666666666667,0.25,-0.0008979623211743002,True
base_macro_vol_term_or_implied_vol_proxy__fold_09__seed999,unknown,fold_09,999,base_macro_vol_term_or_implied_vol_proxy,vol_term_or_implied_vol_proxy,False,checkpoint_robust_score,checkpoint,dow30_equal_weight_rebalance_matched,59,-0.0018145251388008894,0.03817879507866813,0.6060695828055153,-0.75446837780763,-0.2982647411802327,14.347457627118644,0.4745762711864407,0.0006472863028334898,False
base_macro_vol_term_or_implied_vol_proxy__fold_10__seed123,bear_high_vol,fold_10,123,base_macro_vol_term_or_implied_vol_proxy,vol_term_or_implied_vol_proxy,False,checkpoint_robust_score,best_model,dow30_equal_weight_rebalance_matched,5,0.003704072296762499,0.011538128326494828,0.1831621088823311,,-0.012688417059693258,0.0,0.6,0.0004484439953633599,True
base_macro_vol_term_or_implied_vol_proxy__fold_10__seed123,unknown,fold_10,123,base_macro_vol_term_or_implied_vol_proxy,vol_term_or_implied_vol_proxy,False,checkpoint_robust_score,best_model,dow30_equal_weight_rebalance_matched,59,0.0004889489299384795,0.011654526171403447,0.18500986738696354,0.6659922094143345,-0.10390808976493748,11.864406779661017,0.559322033898305,-0.00041939768235755074,False
base_macro_vol_term_or_implied_vol_proxy__fold_10__seed42,bear_high_vol,fold_10,42,base_macro_vol_term_or_implied_vol_proxy,vol_term_or_implied_vol_proxy,False,checkpoint_robust_score,checkpoint,dow30_equal_weight_rebalance_matched,5,0.00405153507017958,0.008844972727233065,0.14040958913644458,,-0.005448867876774011,0.0,0.6,0.00079590676878044,True
base_macro_vol_term_or_implied_vol_proxy__fold_10__seed42,unknown,fold_10,42,base_macro_vol_term_or_implied_vol_proxy,vol_term_or_implied_vol_proxy,False,checkpoint_robust_score,checkpoint,dow30_equal_weight_rebalance_matched,59,0.0007041623322145287,0.011641737207917493,0.1848068488855028,0.9601857765996531,-0.09096234834665573,13.559322033898304,0.5254237288135594,-0.00020418428008150134,False
base_macro_vol_term_or_implied_vol_proxy__fold_10__seed999,bear_high_vol,fold_10,999,base_macro_vol_term_or_implied_vol_proxy,vol_term_or_implied_vol_proxy,False,checkpoint_robust_score,checkpoint,dow30_equal_weight_rebalance_matched,5,0.0017658044403855,0.009409482228478726,0.14937089965461933,,-0.010321419983373104,0.0,0.6,-0.0014898238610136399,True
base_macro_vol_term_or_implied_vol_proxy__fold_10__seed999,unknown,fold_10,999,base_macro_vol_term_or_implied_vol_proxy,vol_term_or_implied_vol_proxy,False,checkpoint_robust_score,checkpoint,dow30_equal_weight_rebalance_matched,59,0.0007279038167689309,0.010124199025911652,0.16071667707770762,1.1413362020736657,-0.08900015841165188,11.033898305084746,0.576271186440678,-0.00018044279552709952,False
base_macro_vol_term_or_implied_vol_proxy__fold_11__seed123,bull_low_vol,fold_11,123,base_macro_vol_term_or_implied_vol_proxy,vol_term_or_implied_vol_proxy,False,checkpoint_robust_score,checkpoint,dow30_equal_weight_rebalance_matched,3,0.001583253461768367,0.0026793780589043346,0.04253380807310305,,-0.0021010912442224194,0.0,0.6666666666666666,0.0020978523326822336,True
base_macro_vol_term_or_implied_vol_proxy__fold_11__seed123,unknown,fold_11,123,base_macro_vol_term_or_implied_vol_proxy,vol_term_or_implied_vol_proxy,False,checkpoint_robust_score,checkpoint,dow30_equal_weight_rebalance_matched,59,0.0014060696605304984,0.010696238629956887,0.16979752427200895,2.0867769184082077,-0.05187196783932968,11.864406779661017,0.576271186440678,6.315997345261777e-06,False
base_macro_vol_term_or_implied_vol_proxy__fold_11__seed42,bull_low_vol,fold_11,42,base_macro_vol_term_or_implied_vol_proxy,vol_term_or_implied_vol_proxy,False,checkpoint_robust_score,checkpoint,dow30_equal_weight_rebalance_matched,3,0.00045107940881976657,0.004601974380854306,0.07305407850978564,,-0.0039058137265821635,0.0,0.3333333333333333,0.0009656782797336332,True
base_macro_vol_term_or_implied_vol_proxy__fold_11__seed42,unknown,fold_11,42,base_macro_vol_term_or_implied_vol_proxy,vol_term_or_implied_vol_proxy,False,checkpoint_robust_score,checkpoint,dow30_equal_weight_rebalance_matched,59,0.0018378991206751375,0.009444427612093964,0.14992564042171336,3.08920193442147,-0.0357961686832825,11.864406779661017,0.6440677966101694,0.0004381454574899011,False
base_macro_vol_term_or_implied_vol_proxy__fold_11__seed999,bull_low_vol,fold_11,999,base_macro_vol_term_or_implied_vol_proxy,vol_term_or_implied_vol_proxy,False,checkpoint_robust_score,checkpoint,dow30_equal_weight_rebalance_matched,3,0.0001989317235427,0.0021321583220530785,0.03384696405581526,,-0.0011435781221044161,0.0,0.3333333333333333,0.0007135305944565665,True
base_macro_vol_term_or_implied_vol_proxy__fold_11__seed999,unknown,fold_11,999,base_macro_vol_term_or_implied_vol_proxy,vol_term_or_implied_vol_proxy,False,checkpoint_robust_score,checkpoint,dow30_equal_weight_rebalance_matched,59,0.001598584312935111,0.009079313667515588,0.14412963623637615,2.7950063385921213,-0.04719911010522193,11.016949152542374,0.576271186440678,0.0001988306497498749,False
base_macro_vol_term_or_implied_vol_proxy__fold_12__seed123,bear_high_vol,fold_12,123,base_macro_vol_term_or_implied_vol_proxy,vol_term_or_implied_vol_proxy,False,checkpoint_robust_score,checkpoint,dow30_equal_weight_rebalance_matched,4,-0.005370635631358024,0.012985827616796147,0.20614362265438305,,-0.019012970749538338,0.0,0.25,-0.002887395910314626,True
base_macro_vol_term_or_implied_vol_proxy__fold_12__seed123,unknown,fold_12,123,base_macro_vol_term_or_implied_vol_proxy,vol_term_or_implied_vol_proxy,False,checkpoint_robust_score,checkpoint,dow30_equal_weight_rebalance_matched,59,0.0003015377376638031,0.007534051870713302,0.1195993656874101,0.6353504423249411,-0.038305438122069324,9.305084745762711,0.4406779661016949,0.00023565749130276256,False
base_macro_vol_term_or_implied_vol_proxy__fold_12__seed42,bear_high_vol,fold_12,42,base_macro_vol_term_or_implied_vol_proxy,vol_term_or_implied_vol_proxy,False,checkpoint_robust_score,checkpoint,dow30_equal_weight_rebalance_matched,4,-0.0037535164171772,0.011952476805026303,0.18973968706420472,,-0.014538354805140652,0.0,0.5,-0.0012702766961338004,True
base_macro_vol_term_or_implied_vol_proxy__fold_12__seed42,unknown,fold_12,42,base_macro_vol_term_or_implied_vol_proxy,vol_term_or_implied_vol_proxy,False,checkpoint_robust_score,checkpoint,dow30_equal_weight_rebalance_matched,59,0.0002564412836472615,0.007300739941810186,0.11589565363671554,0.557598162237185,-0.056719020702149625,10.35593220338983,0.4576271186440678,0.00019056103728622072,False
base_macro_vol_term_or_implied_vol_proxy__fold_12__seed999,bear_high_vol,fold_12,999,base_macro_vol_term_or_implied_vol_proxy,vol_term_or_implied_vol_proxy,False,checkpoint_robust_score,best_model,dow30_equal_weight_rebalance_matched,4,-0.006429443932814076,0.01260699851118149,0.20012989703728665,,-0.0191323807322632,0.5,0.5,-0.003946204211770676,True
base_macro_vol_term_or_implied_vol_proxy__fold_12__seed999,unknown,fold_12,999,base_macro_vol_term_or_implied_vol_proxy,vol_term_or_implied_vol_proxy,False,checkpoint_robust_score,best_model,dow30_equal_weight_rebalance_matched,59,0.00013673121751787574,0.0068436073103083795,0.10863889808195767,0.3171632575701452,-0.034297934254996276,16.39830508474576,0.4915254237288136,7.085097115683513e-05,False
base_macro_vol_term_or_implied_vol_proxy__fold_13__seed123,bull_high_vol,fold_13,123,base_macro_vol_term_or_implied_vol_proxy,vol_term_or_implied_vol_proxy,False,checkpoint_robust_score,checkpoint,dow30_equal_weight_rebalance_matched,1,0.0038651544666785,0.0,0.0,,0.0,,1.0,-8.889001738209999e-05,True
base_macro_vol_term_or_implied_vol_proxy__fold_13__seed123,bull_low_vol,fold_13,123,base_macro_vol_term_or_implied_vol_proxy,vol_term_or_implied_vol_proxy,False,checkpoint_robust_score,checkpoint,dow30_equal_weight_rebalance_matched,2,-0.00812311855101815,0.00849933242680555,0.13492271946836742,,-0.016622450977823444,0.0,0.5,0.0005032494498041994,True
base_macro_vol_term_or_implied_vol_proxy__fold_13__seed123,unknown,fold_13,123,base_macro_vol_term_or_implied_vol_proxy,vol_term_or_implied_vol_proxy,False,checkpoint_robust_score,checkpoint,dow30_equal_weight_rebalance_matched,59,-0.00017634364312986813,0.010087786305143885,0.16013864305544315,-0.27750077820592783,-0.0870225944344366,12.711864406779661,0.423728813559322,-3.8873184664567666e-05,False
base_macro_vol_term_or_implied_vol_proxy__fold_13__seed42,bull_high_vol,fold_13,42,base_macro_vol_term_or_implied_vol_proxy,vol_term_or_implied_vol_proxy,False,checkpoint_robust_score,checkpoint,dow30_equal_weight_rebalance_matched,1,0.0071614319557573,0.0,0.0,,0.0,,1.0,0.0032073874716967,True
base_macro_vol_term_or_implied_vol_proxy__fold_13__seed42,bull_low_vol,fold_13,42,base_macro_vol_term_or_implied_vol_proxy,vol_term_or_implied_vol_proxy,False,checkpoint_robust_score,checkpoint,dow30_equal_weight_rebalance_matched,2,-0.00927621316880595,0.00710123212955325,0.11272856530163704,,-0.016377445298359494,0.0,0.0,-0.0006498451679835997,True
base_macro_vol_term_or_implied_vol_proxy__fold_13__seed42,unknown,fold_13,42,base_macro_vol_term_or_implied_vol_proxy,vol_term_or_implied_vol_proxy,False,checkpoint_robust_score,checkpoint,dow30_equal_weight_rebalance_matched,59,-2.2467901345176996e-06,0.011296792666542778,0.17933102404998244,-0.003157240175802787,-0.09402286613067234,14.40677966101695,0.4745762711864407,0.00013522366833078244,False
base_macro_vol_term_or_implied_vol_proxy__fold_13__seed999,bull_high_vol,fold_13,999,base_macro_vol_term_or_implied_vol_proxy,vol_term_or_implied_vol_proxy,False,checkpoint_robust_score,best_model,dow30_equal_weight_rebalance_matched,1,0.0043359032649472,0.0,0.0,,0.0,,1.0,0.00038185878088659985,True
base_macro_vol_term_or_implied_vol_proxy__fold_13__seed999,bull_low_vol,fold_13,999,base_macro_vol_term_or_implied_vol_proxy,vol_term_or_implied_vol_proxy,False,checkpoint_robust_score,best_model,dow30_equal_weight_rebalance_matched,2,-0.0042492673300864,0.0121895057242935,0.19350240450767317,,-0.016438773054379796,2.0,0.5,0.0043771006707359495,True
base_macro_vol_term_or_implied_vol_proxy__fold_13__seed999,unknown,fold_13,999,base_macro_vol_term_or_implied_vol_proxy,vol_term_or_implied_vol_proxy,False,checkpoint_robust_score,best_model,dow30_equal_weight_rebalance_matched,59,1.3633344766938912e-05,0.01116038866264864,0.17716567761715818,0.019392034210445025,-0.0819664698870356,16.516949152542374,0.4745762711864407,0.00015110380323223908,False
base_macro_vol_term_or_implied_vol_proxy__fold_14__seed123,bear_high_vol,fold_14,123,base_macro_vol_term_or_implied_vol_proxy,vol_term_or_implied_vol_proxy,False,checkpoint_robust_score,best_model,dow30_equal_weight_rebalance_matched,5,0.00312949179663072,0.014496116062786939,0.2301187084707781,,-0.020108534976468362,3.625,0.4,0.0022864653592427195,True
base_macro_vol_term_or_implied_vol_proxy__fold_14__seed123,unknown,fold_14,123,base_macro_vol_term_or_implied_vol_proxy,vol_term_or_implied_vol_proxy,False,checkpoint_robust_score,best_model,dow30_equal_weight_rebalance_matched,59,-0.0005759170484142929,0.009934943251141297,0.15771233479235636,-0.9202266670611468,-0.09775500690610583,20.83050847457627,0.5254237288135594,0.00038118945313609325,False
base_macro_vol_term_or_implied_vol_proxy__fold_14__seed42,bear_high_vol,fold_14,42,base_macro_vol_term_or_implied_vol_proxy,vol_term_or_implied_vol_proxy,False,checkpoint_robust_score,checkpoint,dow30_equal_weight_rebalance_matched,5,0.00288901118056334,0.01772348001852331,0.2813515229738108,,-0.03066126115072476,0.75,0.4,0.0020459847431753392,True
base_macro_vol_term_or_implied_vol_proxy__fold_14__seed42,unknown,fold_14,42,base_macro_vol_term_or_implied_vol_proxy,vol_term_or_implied_vol_proxy,False,checkpoint_robust_score,checkpoint,dow30_equal_weight_rebalance_matched,59,-0.0015299437450988632,0.011103986551293452,0.17627032185676939,-2.187241843684801,-0.15779875936385213,12.847457627118644,0.5084745762711864,-0.0005728372435484766,False
base_macro_vol_term_or_implied_vol_proxy__fold_14__seed999,bear_high_vol,fold_14,999,base_macro_vol_term_or_implied_vol_proxy,vol_term_or_implied_vol_proxy,False,checkpoint_robust_score,last_model,dow30_equal_weight_rebalance_matched,5,0.0008938932848610998,0.01565742982251671,0.24855399288495247,,-0.030416219736599692,0.0,0.4,5.086684747309979e-05,True
base_macro_vol_term_or_implied_vol_proxy__fold_14__seed999,unknown,fold_14,999,base_macro_vol_term_or_implied_vol_proxy,vol_term_or_implied_vol_proxy,False,checkpoint_robust_score,last_model,dow30_equal_weight_rebalance_matched,59,-0.0006745081056475203,0.010503994495660238,0.16674574324984992,-1.019372604723618,-0.11042552555878316,10.169491525423728,0.4576271186440678,0.0002825983959028662,False
base_macro_xsec_dispersion_correlation_regime__fold_01__seed123,bull_low_vol,fold_01,123,base_macro_xsec_dispersion_correlation_regime,market_internal_dispersion_correlation,False,checkpoint_robust_score,checkpoint,dow30_equal_weight_rebalance_matched,3,0.004766719405075,0.005323988246600167,0.08451569330120919,,-0.0023259950553394804,0.0,0.6666666666666666,0.0007341661455371996,True
base_macro_xsec_dispersion_correlation_regime__fold_01__seed123,unknown,fold_01,123,base_macro_xsec_dispersion_correlation_regime,market_internal_dispersion_correlation,False,checkpoint_robust_score,checkpoint,dow30_equal_weight_rebalance_matched,59,0.0006951407924635171,0.01158378477996308,0.18388688261206423,0.952626295103192,-0.07587969215590251,18.83050847457627,0.5932203389830508,0.0003553144539224143,False
base_macro_xsec_dispersion_correlation_regime__fold_01__seed42,bull_low_vol,fold_01,42,base_macro_xsec_dispersion_correlation_regime,market_internal_dispersion_correlation,False,checkpoint_robust_score,best_model,dow30_equal_weight_rebalance_matched,3,0.0033189611684875334,0.0034619883510097946,0.05495736131144703,,-0.0010521393054474526,0.0,0.6666666666666666,-0.0007135920910502667,True
base_macro_xsec_dispersion_correlation_regime__fold_01__seed42,unknown,fold_01,42,base_macro_xsec_dispersion_correlation_regime,market_internal_dispersion_correlation,False,checkpoint_robust_score,best_model,dow30_equal_weight_rebalance_matched,59,0.00110569749037911,0.009797835207527162,0.15553581207545877,1.7914573104254252,-0.0597717057280408,17.83050847457627,0.5932203389830508,0.0007658711518380074,False
base_macro_xsec_dispersion_correlation_regime__fold_01__seed999,bull_low_vol,fold_01,999,base_macro_xsec_dispersion_correlation_regime,market_internal_dispersion_correlation,False,checkpoint_robust_score,best_model,dow30_equal_weight_rebalance_matched,3,0.0051958860626389,0.004344501897051297,0.06896682954027641,,-0.000788944128372826,0.0,0.6666666666666666,0.0011633328031011,True
base_macro_xsec_dispersion_correlation_regime__fold_01__seed999,unknown,fold_01,999,base_macro_xsec_dispersion_correlation_regime,market_internal_dispersion_correlation,False,checkpoint_robust_score,best_model,dow30_equal_weight_rebalance_matched,59,0.0016136772626951128,0.009159361558051698,0.14540035710437935,2.796737768032074,-0.045463401898887645,8.474576271186441,0.559322033898305,0.0012738509241540107,False
base_macro_xsec_dispersion_correlation_regime__fold_02__seed123,bear_high_vol,fold_02,123,base_macro_xsec_dispersion_correlation_regime,market_internal_dispersion_correlation,False,checkpoint_robust_score,checkpoint,dow30_equal_weight_rebalance_matched,4,0.0013929897261687244,0.009302661431488913,0.14767517207251077,,-0.01389252947357622,0.0,0.75,-0.0014370592971614756,True
base_macro_xsec_dispersion_correlation_regime__fold_02__seed123,bull_high_vol,fold_02,123,base_macro_xsec_dispersion_correlation_regime,market_internal_dispersion_correlation,False,checkpoint_robust_score,checkpoint,dow30_equal_weight_rebalance_matched,1,-0.0032817367529807,0.0,0.0,,0.0,,0.0,-0.00012305779875920004,True
base_macro_xsec_dispersion_correlation_regime__fold_02__seed123,unknown,fold_02,123,base_macro_xsec_dispersion_correlation_regime,market_internal_dispersion_correlation,False,checkpoint_robust_score,checkpoint,dow30_equal_weight_rebalance_matched,59,-0.0005553382082379457,0.005603938997170601,0.08895977369334063,-1.5731293220054403,-0.04772239348503715,6.779661016949152,0.423728813559322,-0.0010393741398505728,False
base_macro_xsec_dispersion_correlation_regime__fold_02__seed42,bear_high_vol,fold_02,42,base_macro_xsec_dispersion_correlation_regime,market_internal_dispersion_correlation,False,checkpoint_robust_score,checkpoint,dow30_equal_weight_rebalance_matched,4,0.0026660649623238505,0.007357847691334745,0.11680221105577485,,-0.009706562565045207,0.0,0.75,-0.00016398406100634976,True
base_macro_xsec_dispersion_correlation_regime__fold_02__seed42,bull_high_vol,fold_02,42,base_macro_xsec_dispersion_correlation_regime,market_internal_dispersion_correlation,False,checkpoint_robust_score,checkpoint,dow30_equal_weight_rebalance_matched,1,-0.0063692139759827,0.0,0.0,,0.0,,0.0,-0.0032105350217612005,True
base_macro_xsec_dispersion_correlation_regime__fold_02__seed42,unknown,fold_02,42,base_macro_xsec_dispersion_correlation_regime,market_internal_dispersion_correlation,False,checkpoint_robust_score,checkpoint,dow30_equal_weight_rebalance_matched,59,-0.0005964622949781881,0.005126608189961652,0.08138238203943306,-1.8469414948025593,-0.047588726870873566,9.322033898305085,0.5084745762711864,-0.001080498226590815,False
base_macro_xsec_dispersion_correlation_regime__fold_02__seed999,bear_high_vol,fold_02,999,base_macro_xsec_dispersion_correlation_regime,market_internal_dispersion_correlation,False,checkpoint_robust_score,checkpoint,dow30_equal_weight_rebalance_matched,4,0.003421247201765075,0.007421961457825581,0.11781998554627734,,-0.009310486893199021,0.0,0.75,0.0005911981784348748,True
base_macro_xsec_dispersion_correlation_regime__fold_02__seed999,bull_high_vol,fold_02,999,base_macro_xsec_dispersion_correlation_regime,market_internal_dispersion_correlation,False,checkpoint_robust_score,checkpoint,dow30_equal_weight_rebalance_matched,1,-0.0021005003180288,0.0,0.0,,0.0,,0.0,0.0010581786361927,True
base_macro_xsec_dispersion_correlation_regime__fold_02__seed999,unknown,fold_02,999,base_macro_xsec_dispersion_correlation_regime,market_internal_dispersion_correlation,False,checkpoint_robust_score,checkpoint,dow30_equal_weight_rebalance_matched,59,0.0001096161598684167,0.00500147446251131,0.07939594569867221,0.3479179200368536,-0.023205221768861195,14.40677966101695,0.4915254237288136,-0.0003744197717442103,False
base_macro_xsec_dispersion_correlation_regime__fold_03__seed123,bear_low_vol,fold_03,123,base_macro_xsec_dispersion_correlation_regime,market_internal_dispersion_correlation,False,checkpoint_robust_score,checkpoint,dow30_equal_weight_rebalance_matched,3,-3.832108782300008e-06,0.0025574576924966177,0.0405983822574909,,-0.003220094503375903,0.0,0.3333333333333333,-0.00021086681474753342,True
base_macro_xsec_dispersion_correlation_regime__fold_03__seed123,unknown,fold_03,123,base_macro_xsec_dispersion_correlation_regime,market_internal_dispersion_correlation,False,checkpoint_robust_score,checkpoint,dow30_equal_weight_rebalance_matched,59,0.0006049881217739713,0.004861731617583983,0.07717759680760199,1.975404949017845,-0.03808464392942601,16.949152542372882,0.4576271186440678,-0.00040364722405739637,False
base_macro_xsec_dispersion_correlation_regime__fold_03__seed42,bear_low_vol,fold_03,42,base_macro_xsec_dispersion_correlation_regime,market_internal_dispersion_correlation,False,checkpoint_robust_score,checkpoint,dow30_equal_weight_rebalance_matched,3,0.00017189502962803335,0.002738811831478483,0.043477289963360456,,-0.0035205960373884126,0.0,0.3333333333333333,-3.513967633720008e-05,True
base_macro_xsec_dispersion_correlation_regime__fold_03__seed42,unknown,fold_03,42,base_macro_xsec_dispersion_correlation_regime,market_internal_dispersion_correlation,False,checkpoint_robust_score,checkpoint,dow30_equal_weight_rebalance_matched,59,0.0008438125075818869,0.0049041861651943405,0.07785154185760652,2.731362113541228,-0.03547425167614693,11.016949152542374,0.5254237288135594,-0.00016482283824948075,False
base_macro_xsec_dispersion_correlation_regime__fold_03__seed999,bear_low_vol,fold_03,999,base_macro_xsec_dispersion_correlation_regime,market_internal_dispersion_correlation,False,checkpoint_robust_score,checkpoint,dow30_equal_weight_rebalance_matched,3,0.0009455836903916667,0.0030171522326898335,0.0478958068519235,,-0.002274087553412407,0.0,0.6666666666666666,0.0007385489844264334,True
base_macro_xsec_dispersion_correlation_regime__fold_03__seed999,unknown,fold_03,999,base_macro_xsec_dispersion_correlation_regime,market_internal_dispersion_correlation,False,checkpoint_robust_score,checkpoint,dow30_equal_weight_rebalance_matched,59,0.0007723689793665171,0.005220312433353144,0.08286989078826518,2.3487056752333015,-0.043676816766785254,11.864406779661017,0.4745762711864407,-0.0002362663664648508,False
base_macro_xsec_dispersion_correlation_regime__fold_04__seed123,bull_low_vol,fold_04,123,base_macro_xsec_dispersion_correlation_regime,market_internal_dispersion_correlation,False,checkpoint_robust_score,best_model,dow30_equal_weight_rebalance_matched,5,0.00325525791060968,0.0011181438584213026,0.017749983476261888,,0.0,0.0,1.0,0.00054061471517936,True
base_macro_xsec_dispersion_correlation_regime__fold_04__seed123,unknown,fold_04,123,base_macro_xsec_dispersion_correlation_regime,market_internal_dispersion_correlation,False,checkpoint_robust_score,best_model,dow30_equal_weight_rebalance_matched,59,0.001217437488866027,0.004644673478369246,0.0737319056691742,4.160942870116311,-0.016664137466327666,17.0,0.6949152542372882,0.00038513157278784074,False
base_macro_xsec_dispersion_correlation_regime__fold_04__seed42,bull_low_vol,fold_04,42,base_macro_xsec_dispersion_correlation_regime,market_internal_dispersion_correlation,False,checkpoint_robust_score,checkpoint,dow30_equal_weight_rebalance_matched,5,0.003447674884688501,0.001923733029545325,0.0305383151103468,,0.0,0.0,1.0,0.0007330316892581801,True
base_macro_xsec_dispersion_correlation_regime__fold_04__seed42,unknown,fold_04,42,base_macro_xsec_dispersion_correlation_regime,market_internal_dispersion_correlation,False,checkpoint_robust_score,checkpoint,dow30_equal_weight_rebalance_matched,59,0.0004638606013460258,0.0037996277415551587,0.060317220472661706,1.937968471079984,-0.02201500543452828,11.016949152542374,0.4915254237288136,-0.00036844531473216065,False
base_macro_xsec_dispersion_correlation_regime__fold_04__seed999,bull_low_vol,fold_04,999,base_macro_xsec_dispersion_correlation_regime,market_internal_dispersion_correlation,False,checkpoint_robust_score,checkpoint,dow30_equal_weight_rebalance_matched,5,0.00352603212427754,0.0018542890673465162,0.029435926386148694,,0.0,0.0,1.0,0.00081138892884722,True
base_macro_xsec_dispersion_correlation_regime__fold_04__seed999,unknown,fold_04,999,base_macro_xsec_dispersion_correlation_regime,market_internal_dispersion_correlation,False,checkpoint_robust_score,checkpoint,dow30_equal_weight_rebalance_matched,59,0.0008930364585768299,0.0040782356148763655,0.06473998334933671,3.476139101658679,-0.01853186988590494,13.559322033898304,0.576271186440678,6.0730542498643294e-05,False
base_macro_xsec_dispersion_correlation_regime__fold_05__seed123,bear_high_vol,fold_05,123,base_macro_xsec_dispersion_correlation_regime,market_internal_dispersion_correlation,False,checkpoint_robust_score,checkpoint,dow30_equal_weight_rebalance_matched,1,0.0159985423895359,0.0,0.0,,0.0,,1.0,0.0006898908523620007,True
base_macro_xsec_dispersion_correlation_regime__fold_05__seed123,bear_low_vol,fold_05,123,base_macro_xsec_dispersion_correlation_regime,market_internal_dispersion_correlation,False,checkpoint_robust_score,checkpoint,dow30_equal_weight_rebalance_matched,1,-0.0229116687192587,0.0,0.0,,0.0,2.5,0.0,-0.0003131720331817009,True
base_macro_xsec_dispersion_correlation_regime__fold_05__seed123,unknown,fold_05,123,base_macro_xsec_dispersion_correlation_regime,market_internal_dispersion_correlation,False,checkpoint_robust_score,checkpoint,dow30_equal_weight_rebalance_matched,59,-0.0005823728049580984,0.012236311297907311,0.1942454199541964,-0.755528479817165,-0.10747884399645857,21.093220338983052,0.5254237288135594,-0.000522813887470247,False
base_macro_xsec_dispersion_correlation_regime__fold_05__seed42,bear_high_vol,fold_05,42,base_macro_xsec_dispersion_correlation_regime,market_internal_dispersion_correlation,False,checkpoint_robust_score,checkpoint,dow30_equal_weight_rebalance_matched,1,0.0138755343766741,0.0,0.0,,0.0,,1.0,-0.0014331171604998003,True
base_macro_xsec_dispersion_correlation_regime__fold_05__seed42,bear_low_vol,fold_05,42,base_macro_xsec_dispersion_correlation_regime,market_internal_dispersion_correlation,False,checkpoint_robust_score,checkpoint,dow30_equal_weight_rebalance_matched,1,-0.0256698784716715,0.0,0.0,,0.0,0.0,0.0,-0.0030713817855945007,True
base_macro_xsec_dispersion_correlation_regime__fold_05__seed42,unknown,fold_05,42,base_macro_xsec_dispersion_correlation_regime,market_internal_dispersion_correlation,False,checkpoint_robust_score,checkpoint,dow30_equal_weight_rebalance_matched,59,-0.0001342039431039357,0.01391565091494172,0.22090410991514536,-0.15309535741631358,-0.09259248658736785,13.576271186440678,0.5423728813559322,-7.464502561608441e-05,False
base_macro_xsec_dispersion_correlation_regime__fold_05__seed999,bear_high_vol,fold_05,999,base_macro_xsec_dispersion_correlation_regime,market_internal_dispersion_correlation,False,checkpoint_robust_score,checkpoint,dow30_equal_weight_rebalance_matched,1,0.0174623177753652,0.0,0.0,,0.0,,1.0,0.0021536662381913003,True
base_macro_xsec_dispersion_correlation_regime__fold_05__seed999,bear_low_vol,fold_05,999,base_macro_xsec_dispersion_correlation_regime,market_internal_dispersion_correlation,False,checkpoint_robust_score,checkpoint,dow30_equal_weight_rebalance_matched,1,-0.0173633435617048,0.0,0.0,,0.0,1.0,0.0,0.005235153124372199,True
base_macro_xsec_dispersion_correlation_regime__fold_05__seed999,unknown,fold_05,999,base_macro_xsec_dispersion_correlation_regime,market_internal_dispersion_correlation,False,checkpoint_robust_score,checkpoint,dow30_equal_weight_rebalance_matched,59,-0.00036818041814492376,0.013373720163264222,0.2123012259346036,-0.4370274592813742,-0.10931604233613301,16.533898305084747,0.5254237288135594,-0.0003086215006570724,False
base_macro_xsec_dispersion_correlation_regime__fold_06__seed123,bull_low_vol,fold_06,123,base_macro_xsec_dispersion_correlation_regime,market_internal_dispersion_correlation,False,checkpoint_robust_score,best_model,dow30_equal_weight_rebalance_matched,5,0.0037642201901321197,0.0033911006661824666,0.05383205420102561,,-0.0007491700712656257,0.0,0.8,0.0013232132269654414,True
base_macro_xsec_dispersion_correlation_regime__fold_06__seed123,unknown,fold_06,123,base_macro_xsec_dispersion_correlation_regime,market_internal_dispersion_correlation,False,checkpoint_robust_score,best_model,dow30_equal_weight_rebalance_matched,59,0.0012140358623680906,0.005284759946875539,0.08389296334864556,3.646754448824678,-0.02169359970727469,9.322033898305085,0.6440677966101694,-0.0004573627386130738,False
base_macro_xsec_dispersion_correlation_regime__fold_06__seed42,bull_low_vol,fold_06,42,base_macro_xsec_dispersion_correlation_regime,market_internal_dispersion_correlation,False,checkpoint_robust_score,checkpoint,dow30_equal_weight_rebalance_matched,5,0.0040640221135462,0.003601342781236401,0.057169544310295244,,0.0,0.0,1.0,0.0016230151503795216,True
base_macro_xsec_dispersion_correlation_regime__fold_06__seed42,unknown,fold_06,42,base_macro_xsec_dispersion_correlation_regime,market_internal_dispersion_correlation,False,checkpoint_robust_score,checkpoint,dow30_equal_weight_rebalance_matched,59,0.0013399610922880075,0.005270497499904835,0.0836665540220152,4.035904181827863,-0.018911970978296888,15.88135593220339,0.6271186440677966,-0.00033143750869315706,False
base_macro_xsec_dispersion_correlation_regime__fold_06__seed999,bull_low_vol,fold_06,999,base_macro_xsec_dispersion_correlation_regime,market_internal_dispersion_correlation,False,checkpoint_robust_score,best_model,dow30_equal_weight_rebalance_matched,5,0.00014919283071905998,0.0031211966857774102,0.049547461340916234,,-0.005169209452181467,8.625,0.6,-0.002291814132447619,True
base_macro_xsec_dispersion_correlation_regime__fold_06__seed999,unknown,fold_06,999,base_macro_xsec_dispersion_correlation_regime,market_internal_dispersion_correlation,False,checkpoint_robust_score,best_model,dow30_equal_weight_rebalance_matched,59,0.0013826317637255672,0.005605803211131251,0.08898936717252359,3.9153352308187026,-0.01992498106873375,22.050847457627118,0.6271186440677966,-0.00028876683725559665,False
base_macro_xsec_dispersion_correlation_regime__fold_07__seed123,bull_high_vol,fold_07,123,base_macro_xsec_dispersion_correlation_regime,market_internal_dispersion_correlation,False,checkpoint_robust_score,checkpoint,dow30_equal_weight_rebalance_matched,3,0.0020339215181290004,0.004342871277571046,0.06894094425851009,,-0.002033433896319381,0.0,0.3333333333333333,-0.0022078750907779665,True
base_macro_xsec_dispersion_correlation_regime__fold_07__seed123,unknown,fold_07,123,base_macro_xsec_dispersion_correlation_regime,market_internal_dispersion_correlation,False,checkpoint_robust_score,checkpoint,dow30_equal_weight_rebalance_matched,59,0.001471167316939349,0.005616886084528791,0.08916530233345503,4.157829942439568,-0.021050917629168664,10.11864406779661,0.6271186440677966,-0.0009771290421961096,False
base_macro_xsec_dispersion_correlation_regime__fold_07__seed42,bull_high_vol,fold_07,42,base_macro_xsec_dispersion_correlation_regime,market_internal_dispersion_correlation,False,checkpoint_robust_score,checkpoint,dow30_equal_weight_rebalance_matched,3,0.0016253673728613331,0.0046483979095957775,0.07379102918197758,,-0.004055911975354154,0.5,0.6666666666666666,-0.002616429236045633,True
base_macro_xsec_dispersion_correlation_regime__fold_07__seed42,unknown,fold_07,42,base_macro_xsec_dispersion_correlation_regime,market_internal_dispersion_correlation,False,checkpoint_robust_score,checkpoint,dow30_equal_weight_rebalance_matched,59,0.0013700906627439893,0.007648969067480793,0.12142361963147885,2.8434570478079917,-0.02973072841058444,26.1864406779661,0.5932203389830508,-0.001078205696391469,False
base_macro_xsec_dispersion_correlation_regime__fold_07__seed999,bull_high_vol,fold_07,999,base_macro_xsec_dispersion_correlation_regime,market_internal_dispersion_correlation,False,checkpoint_robust_score,best_model,dow30_equal_weight_rebalance_matched,3,0.004405069800706199,0.005480683252737812,0.08700314940876487,,-0.002192257587070201,0.0,0.6666666666666666,0.0001632731917992332,True
base_macro_xsec_dispersion_correlation_regime__fold_07__seed999,unknown,fold_07,999,base_macro_xsec_dispersion_correlation_regime,market_internal_dispersion_correlation,False,checkpoint_robust_score,best_model,dow30_equal_weight_rebalance_matched,59,0.001263835379540671,0.0061276431805140285,0.09727331987148594,3.274140494690859,-0.02384540250117373,11.864406779661017,0.5932203389830508,-0.0011844609795947873,False
base_macro_xsec_dispersion_correlation_regime__fold_08__seed123,bear_low_vol,fold_08,123,base_macro_xsec_dispersion_correlation_regime,market_internal_dispersion_correlation,False,checkpoint_robust_score,checkpoint,dow30_equal_weight_rebalance_matched,1,0.0088331993578016,0.0,0.0,,0.0,,1.0,0.0027881672902007005,True
base_macro_xsec_dispersion_correlation_regime__fold_08__seed123,bull_low_vol,fold_08,123,base_macro_xsec_dispersion_correlation_regime,market_internal_dispersion_correlation,False,checkpoint_robust_score,checkpoint,dow30_equal_weight_rebalance_matched,4,-0.0091767214483428,0.010491047771715556,0.1665402203787461,,-0.038443505985217064,0.0,0.25,-0.0018267119444777494,True
base_macro_xsec_dispersion_correlation_regime__fold_08__seed123,unknown,fold_08,123,base_macro_xsec_dispersion_correlation_regime,market_internal_dispersion_correlation,False,checkpoint_robust_score,checkpoint,dow30_equal_weight_rebalance_matched,59,6.008371288236237e-05,0.008622907248542089,0.13688440894811157,0.11061227325089168,-0.03995131512245742,9.389830508474576,0.5423728813559322,3.634480563712195e-05,False
base_macro_xsec_dispersion_correlation_regime__fold_08__seed42,bear_low_vol,fold_08,42,base_macro_xsec_dispersion_correlation_regime,market_internal_dispersion_correlation,False,checkpoint_robust_score,last_model,dow30_equal_weight_rebalance_matched,1,0.0081013186363987,0.0,0.0,,0.0,,1.0,0.0020562865687978006,True
base_macro_xsec_dispersion_correlation_regime__fold_08__seed42,bull_low_vol,fold_08,42,base_macro_xsec_dispersion_correlation_regime,market_internal_dispersion_correlation,False,checkpoint_robust_score,last_model,dow30_equal_weight_rebalance_matched,4,-0.009635855740190324,0.007960458088237367,0.12636835454177245,,-0.034991451558043174,0.0,0.0,-0.002285846236325274,True
base_macro_xsec_dispersion_correlation_regime__fold_08__seed42,unknown,fold_08,42,base_macro_xsec_dispersion_correlation_regime,market_internal_dispersion_correlation,False,checkpoint_robust_score,last_model,dow30_equal_weight_rebalance_matched,59,0.0002783751211927832,0.009854949719781427,0.156442476849524,0.4484110195216129,-0.07730797084598307,9.338983050847459,0.576271186440678,0.0002546362139475427,False
base_macro_xsec_dispersion_correlation_regime__fold_08__seed999,bear_low_vol,fold_08,999,base_macro_xsec_dispersion_correlation_regime,market_internal_dispersion_correlation,False,checkpoint_robust_score,checkpoint,dow30_equal_weight_rebalance_matched,1,0.0087753983610978,0.0,0.0,,0.0,,1.0,0.0027303662934968992,True
base_macro_xsec_dispersion_correlation_regime__fold_08__seed999,bull_low_vol,fold_08,999,base_macro_xsec_dispersion_correlation_regime,market_internal_dispersion_correlation,False,checkpoint_robust_score,checkpoint,dow30_equal_weight_rebalance_matched,4,-0.008918434199702126,0.009207679399175259,0.14616737905338217,,-0.03447026265830977,0.0,0.25,-0.0015684246958370747,True
base_macro_xsec_dispersion_correlation_regime__fold_08__seed999,unknown,fold_08,999,base_macro_xsec_dispersion_correlation_regime,market_internal_dispersion_correlation,False,checkpoint_robust_score,checkpoint,dow30_equal_weight_rebalance_matched,59,0.0001534809237936915,0.009492750386153642,0.15069274067864938,0.2566626144154412,-0.04901036272973802,10.169491525423728,0.5254237288135594,0.000129742016548451,False
base_macro_xsec_dispersion_correlation_regime__fold_09__seed123,bear_high_vol,fold_09,123,base_macro_xsec_dispersion_correlation_regime,market_internal_dispersion_correlation,False,checkpoint_robust_score,checkpoint,dow30_equal_weight_rebalance_matched,4,-0.008363222912671976,0.02584151079694717,0.4102212664254765,,-0.03788961952801062,0.0,0.25,0.0036312266928175,True
base_macro_xsec_dispersion_correlation_regime__fold_09__seed123,unknown,fold_09,123,base_macro_xsec_dispersion_correlation_regime,market_internal_dispersion_correlation,False,checkpoint_robust_score,checkpoint,dow30_equal_weight_rebalance_matched,59,-0.002475631119456837,0.0355809024863841,0.5648293164132725,-1.1045089622201194,-0.2870950101178298,9.322033898305085,0.423728813559322,-1.3819677822457545e-05,False
base_macro_xsec_dispersion_correlation_regime__fold_09__seed42,bear_high_vol,fold_09,42,base_macro_xsec_dispersion_correlation_regime,market_internal_dispersion_correlation,False,checkpoint_robust_score,checkpoint,dow30_equal_weight_rebalance_matched,4,-0.010994366367850325,0.0250383163986154,0.3974709506309204,,-0.038885397544514255,1.3333333333333333,0.25,0.0010000832376391507,True
base_macro_xsec_dispersion_correlation_regime__fold_09__seed42,unknown,fold_09,42,base_macro_xsec_dispersion_correlation_regime,market_internal_dispersion_correlation,False,checkpoint_robust_score,checkpoint,dow30_equal_weight_rebalance_matched,59,-0.0022623333354556637,0.03780851675193994,0.6001915965951159,-0.9498766789955863,-0.32713457744345975,13.016949152542374,0.4406779661016949,0.00019947810617871537,False
base_macro_xsec_dispersion_correlation_regime__fold_09__seed999,bear_high_vol,fold_09,999,base_macro_xsec_dispersion_correlation_regime,market_internal_dispersion_correlation,False,checkpoint_robust_score,checkpoint,dow30_equal_weight_rebalance_matched,4,-0.012883314399701926,0.02282081606333598,0.3622692241148102,,-0.037124695617082204,0.0,0.25,-0.0008888647942124489,True
base_macro_xsec_dispersion_correlation_regime__fold_09__seed999,unknown,fold_09,999,base_macro_xsec_dispersion_correlation_regime,market_internal_dispersion_correlation,False,checkpoint_robust_score,checkpoint,dow30_equal_weight_rebalance_matched,59,-0.002240805691502803,0.03686991462953128,0.5852917498195315,-0.9647889867451925,-0.3153282905162006,17.779661016949152,0.4745762711864407,0.0002210057501315766,False
base_macro_xsec_dispersion_correlation_regime__fold_10__seed123,bear_high_vol,fold_10,123,base_macro_xsec_dispersion_correlation_regime,market_internal_dispersion_correlation,False,checkpoint_robust_score,checkpoint,dow30_equal_weight_rebalance_matched,5,0.0025116056083963395,0.009241109240524188,0.14669806133284785,,-0.008940589813199451,0.0,0.4,-0.0007440226930027999,True
base_macro_xsec_dispersion_correlation_regime__fold_10__seed123,unknown,fold_10,123,base_macro_xsec_dispersion_correlation_regime,market_internal_dispersion_correlation,False,checkpoint_robust_score,checkpoint,dow30_equal_weight_rebalance_matched,59,0.0008236010876018536,0.011355996020442505,0.1802708481571802,1.151309133991005,-0.09436839549687992,11.864406779661017,0.559322033898305,-8.474552469417636e-05,False
base_macro_xsec_dispersion_correlation_regime__fold_10__seed42,bear_high_vol,fold_10,42,base_macro_xsec_dispersion_correlation_regime,market_internal_dispersion_correlation,False,checkpoint_robust_score,checkpoint,dow30_equal_weight_rebalance_matched,5,0.00313163932268922,0.009622991188297954,0.1527602493168139,,-0.008964873980422006,0.0,0.6,-0.00012398897870992027,True
base_macro_xsec_dispersion_correlation_regime__fold_10__seed42,unknown,fold_10,42,base_macro_xsec_dispersion_correlation_regime,market_internal_dispersion_correlation,False,checkpoint_robust_score,checkpoint,dow30_equal_weight_rebalance_matched,59,0.0008781711150862053,0.011914634954600352,0.1891389663119393,1.1700345270828223,-0.10254021863976981,11.016949152542374,0.5254237288135594,-3.0175497209825133e-05,False
base_macro_xsec_dispersion_correlation_regime__fold_10__seed999,bear_high_vol,fold_10,999,base_macro_xsec_dispersion_correlation_regime,market_internal_dispersion_correlation,False,checkpoint_robust_score,checkpoint,dow30_equal_weight_rebalance_matched,5,0.004353570329382181,0.009822849004154942,0.15593289378679467,,-0.0075935633772157285,0.0,0.6,0.0010979420279830401,True
base_macro_xsec_dispersion_correlation_regime__fold_10__seed999,unknown,fold_10,999,base_macro_xsec_dispersion_correlation_regime,market_internal_dispersion_correlation,False,checkpoint_robust_score,checkpoint,dow30_equal_weight_rebalance_matched,59,0.0006487139359446305,0.011468063960604551,0.18204987155485244,0.8979732337179422,-0.09560476108049154,14.423728813559322,0.5423728813559322,-0.00025963267635139973,False
base_macro_xsec_dispersion_correlation_regime__fold_11__seed123,bull_low_vol,fold_11,123,base_macro_xsec_dispersion_correlation_regime,market_internal_dispersion_correlation,False,checkpoint_robust_score,checkpoint,dow30_equal_weight_rebalance_matched,3,-0.0027433612891919665,0.003116330096165779,0.04947020662584391,,-0.004352092139388253,0.0,0.3333333333333333,-0.0022287624182781,True
base_macro_xsec_dispersion_correlation_regime__fold_11__seed123,unknown,fold_11,123,base_macro_xsec_dispersion_correlation_regime,market_internal_dispersion_correlation,False,checkpoint_robust_score,checkpoint,dow30_equal_weight_rebalance_matched,59,0.001166306040211178,0.00779168302441245,0.12368913346343373,2.376191941065747,-0.048974163803506054,10.169491525423728,0.576271186440678,-0.00023344762297405834,False
base_macro_xsec_dispersion_correlation_regime__fold_11__seed42,bull_low_vol,fold_11,42,base_macro_xsec_dispersion_correlation_regime,market_internal_dispersion_correlation,False,checkpoint_robust_score,checkpoint,dow30_equal_weight_rebalance_matched,3,0.0005435260375858666,0.003434839100716759,0.05452638032410371,,-0.003996519871748205,0.0,0.6666666666666666,0.0010581249084997333,True
base_macro_xsec_dispersion_correlation_regime__fold_11__seed42,unknown,fold_11,42,base_macro_xsec_dispersion_correlation_regime,market_internal_dispersion_correlation,False,checkpoint_robust_score,checkpoint,dow30_equal_weight_rebalance_matched,59,0.0015891454189958028,0.010323191615800512,0.16387558651125117,2.443711440565601,-0.044971209533784196,12.711864406779661,0.576271186440678,0.00018939175581056652,False
base_macro_xsec_dispersion_correlation_regime__fold_11__seed999,bull_low_vol,fold_11,999,base_macro_xsec_dispersion_correlation_regime,market_internal_dispersion_correlation,False,checkpoint_robust_score,checkpoint,dow30_equal_weight_rebalance_matched,3,-0.0024275602167345665,0.003540081076968279,0.05619704490398263,,-0.006461767707511723,0.0,0.3333333333333333,-0.0019129613458207003,True
base_macro_xsec_dispersion_correlation_regime__fold_11__seed999,unknown,fold_11,999,base_macro_xsec_dispersion_correlation_regime,market_internal_dispersion_correlation,False,checkpoint_robust_score,checkpoint,dow30_equal_weight_rebalance_matched,59,0.0014973868914124476,0.008600578003562252,0.13652994317302866,2.7638002907371035,-0.04786411499950005,11.016949152542374,0.5932203389830508,9.763322822721156e-05,False
base_macro_xsec_dispersion_correlation_regime__fold_12__seed123,bear_high_vol,fold_12,123,base_macro_xsec_dispersion_correlation_regime,market_internal_dispersion_correlation,False,checkpoint_robust_score,checkpoint,dow30_equal_weight_rebalance_matched,4,-0.004907885035711851,0.011379737094367503,0.18064772602195905,,-0.011471463066495269,0.0,0.25,-0.0024246453146684506,True
base_macro_xsec_dispersion_correlation_regime__fold_12__seed123,unknown,fold_12,123,base_macro_xsec_dispersion_correlation_regime,market_internal_dispersion_correlation,False,checkpoint_robust_score,checkpoint,dow30_equal_weight_rebalance_matched,59,0.00020079295532062828,0.007228802277969199,0.11475367862618226,0.44094294271498374,-0.05481212801401747,11.38135593220339,0.5254237288135594,0.0001349127089595877,False
base_macro_xsec_dispersion_correlation_regime__fold_12__seed42,bear_high_vol,fold_12,42,base_macro_xsec_dispersion_correlation_regime,market_internal_dispersion_correlation,False,checkpoint_robust_score,checkpoint,dow30_equal_weight_rebalance_matched,4,-0.005109072604048276,0.010990287902358726,0.17446541175985744,,-0.017530910430141655,0.0,0.25,-0.002625832883004875,True
base_macro_xsec_dispersion_correlation_regime__fold_12__seed42,unknown,fold_12,42,base_macro_xsec_dispersion_correlation_regime,market_internal_dispersion_correlation,False,checkpoint_robust_score,checkpoint,dow30_equal_weight_rebalance_matched,59,0.0002211287633980981,0.0075007378173302065,0.11907052148491891,0.46799533319738257,-0.055499271705374054,10.169491525423728,0.5084745762711864,0.00015524851703705773,False
base_macro_xsec_dispersion_correlation_regime__fold_12__seed999,bear_high_vol,fold_12,999,base_macro_xsec_dispersion_correlation_regime,market_internal_dispersion_correlation,False,checkpoint_robust_score,last_model,dow30_equal_weight_rebalance_matched,4,-0.005127617986659225,0.013666879075440673,0.21695497939205027,,-0.015412409447227104,0.0,0.5,-0.002644378265615825,True
base_macro_xsec_dispersion_correlation_regime__fold_12__seed999,unknown,fold_12,999,base_macro_xsec_dispersion_correlation_regime,market_internal_dispersion_correlation,False,checkpoint_robust_score,last_model,dow30_equal_weight_rebalance_matched,59,9.335994223259158e-05,0.0067999127260543295,0.10794526806049823,0.2179503174648422,-0.031773051621568627,8.474576271186441,0.576271186440678,2.7479695871550923e-05,False
base_macro_xsec_dispersion_correlation_regime__fold_13__seed123,bull_high_vol,fold_13,123,base_macro_xsec_dispersion_correlation_regime,market_internal_dispersion_correlation,False,checkpoint_robust_score,checkpoint,dow30_equal_weight_rebalance_matched,1,0.0052708267360248,0.0,0.0,,0.0,,1.0,0.0013167822519642002,True
base_macro_xsec_dispersion_correlation_regime__fold_13__seed123,bull_low_vol,fold_13,123,base_macro_xsec_dispersion_correlation_regime,market_internal_dispersion_correlation,False,checkpoint_robust_score,checkpoint,dow30_equal_weight_rebalance_matched,2,-0.010580310288102399,0.0070814620898214,0.11241472565039498,,-0.01766177237792388,0.0,0.0,-0.0019539422872800498,True
base_macro_xsec_dispersion_correlation_regime__fold_13__seed123,unknown,fold_13,123,base_macro_xsec_dispersion_correlation_regime,market_internal_dispersion_correlation,False,checkpoint_robust_score,checkpoint,dow30_equal_weight_rebalance_matched,59,-0.0004937190140820684,0.011273174763867761,0.17895610146818033,-0.6952386117486109,-0.11361246951071913,16.949152542372882,0.4406779661016949,-0.00035624855561676796,False
base_macro_xsec_dispersion_correlation_regime__fold_13__seed42,bull_high_vol,fold_13,42,base_macro_xsec_dispersion_correlation_regime,market_internal_dispersion_correlation,False,checkpoint_robust_score,checkpoint,dow30_equal_weight_rebalance_matched,1,0.0045413851587803,0.0,0.0,,0.0,,1.0,0.0005873406747196998,True
base_macro_xsec_dispersion_correlation_regime__fold_13__seed42,bull_low_vol,fold_13,42,base_macro_xsec_dispersion_correlation_regime,market_internal_dispersion_correlation,False,checkpoint_robust_score,checkpoint,dow30_equal_weight_rebalance_matched,2,-0.0077363684688169995,0.0087195175472858,0.13841804989549264,,-0.016455886016102816,0.0,0.5,0.0008899995320053504,True
base_macro_xsec_dispersion_correlation_regime__fold_13__seed42,unknown,fold_13,42,base_macro_xsec_dispersion_correlation_regime,market_internal_dispersion_correlation,False,checkpoint_robust_score,checkpoint,dow30_equal_weight_rebalance_matched,59,-2.1533796997022007e-05,0.009566133843863662,0.15185766695532982,-0.03573423029635903,-0.09430396217047121,11.016949152542374,0.4745762711864407,0.00011593666146827829,False
base_macro_xsec_dispersion_correlation_regime__fold_13__seed999,bull_high_vol,fold_13,999,base_macro_xsec_dispersion_correlation_regime,market_internal_dispersion_correlation,False,checkpoint_robust_score,checkpoint,dow30_equal_weight_rebalance_matched,1,0.003908256928736,0.0,0.0,,0.0,,1.0,-4.578755532459993e-05,True
base_macro_xsec_dispersion_correlation_regime__fold_13__seed999,bull_low_vol,fold_13,999,base_macro_xsec_dispersion_correlation_regime,market_internal_dispersion_correlation,False,checkpoint_robust_score,checkpoint,dow30_equal_weight_rebalance_matched,2,-0.009293365114090001,0.007080919325155701,0.11240610952843975,,-0.016374284439245823,0.0,0.0,-0.0006669971132676508,True
base_macro_xsec_dispersion_correlation_regime__fold_13__seed999,unknown,fold_13,999,base_macro_xsec_dispersion_correlation_regime,market_internal_dispersion_correlation,False,checkpoint_robust_score,checkpoint,dow30_equal_weight_rebalance_matched,59,-0.0006063106409685918,0.010538495451293239,0.1672934289414439,-0.9133071304167295,-0.11145352485044102,17.796610169491526,0.423728813559322,-0.0004688401825032912,False
base_macro_xsec_dispersion_correlation_regime__fold_14__seed123,bear_high_vol,fold_14,123,base_macro_xsec_dispersion_correlation_regime,market_internal_dispersion_correlation,False,checkpoint_robust_score,checkpoint,dow30_equal_weight_rebalance_matched,5,0.00213257132593854,0.01706499249230677,0.2708983575589682,,-0.025695081967041955,0.0,0.4,0.0012895448885505395,True
base_macro_xsec_dispersion_correlation_regime__fold_14__seed123,unknown,fold_14,123,base_macro_xsec_dispersion_correlation_regime,market_internal_dispersion_correlation,False,checkpoint_robust_score,checkpoint,dow30_equal_weight_rebalance_matched,59,-0.000791574373488664,0.009103042627174153,0.14450632179313724,-1.3804014913942453,-0.1161532140375946,9.322033898305085,0.4915254237288136,0.0001655321280617226,False
base_macro_xsec_dispersion_correlation_regime__fold_14__seed42,bear_high_vol,fold_14,42,base_macro_xsec_dispersion_correlation_regime,market_internal_dispersion_correlation,False,checkpoint_robust_score,checkpoint,dow30_equal_weight_rebalance_matched,5,0.00196527232872814,0.016813581414324708,0.26690733042384496,,-0.030196008023541165,1.125,0.4,0.0011222458913401395,True
base_macro_xsec_dispersion_correlation_regime__fold_14__seed42,unknown,fold_14,42,base_macro_xsec_dispersion_correlation_regime,market_internal_dispersion_correlation,False,checkpoint_robust_score,checkpoint,dow30_equal_weight_rebalance_matched,59,-0.0009226545852781197,0.01108670184414077,0.17599593563710594,-1.3211041189582184,-0.11637375658376736,13.635593220338983,0.4406779661016949,3.4451916272266827e-05,False
base_macro_xsec_dispersion_correlation_regime__fold_14__seed999,bear_high_vol,fold_14,999,base_macro_xsec_dispersion_correlation_regime,market_internal_dispersion_correlation,False,checkpoint_robust_score,last_model,dow30_equal_weight_rebalance_matched,5,0.00028650310248028025,0.014817165070118918,0.23521520346316552,,-0.027100251726156044,0.0,0.4,-0.0005565233349077204,True
base_macro_xsec_dispersion_correlation_regime__fold_14__seed999,unknown,fold_14,999,base_macro_xsec_dispersion_correlation_regime,market_internal_dispersion_correlation,False,checkpoint_robust_score,last_model,dow30_equal_weight_rebalance_matched,59,-0.0007869681313108069,0.010492986895298713,0.16657100301132083,-1.190579185483112,-0.11896614691362406,10.169491525423728,0.4576271186440678,0.00017013837023957982,False
base_macro_xsec_sector_gated_context__fold_01__seed123,bull_low_vol,fold_01,123,base_macro_xsec_sector_gated_context,xsec_sector_gated_context,False,checkpoint_robust_score,checkpoint,dow30_equal_weight_rebalance_matched,3,0.0029641923117949332,0.005119905055537164,0.08127597307928207,,-0.0035797715049499246,2.0,0.6666666666666666,-0.0010683609477428666,True
base_macro_xsec_sector_gated_context__fold_01__seed123,unknown,fold_01,123,base_macro_xsec_sector_gated_context,xsec_sector_gated_context,False,checkpoint_robust_score,checkpoint,dow30_equal_weight_rebalance_matched,59,0.0010793049884334582,0.011053460278073522,0.1754682421350804,1.5500517573764143,-0.060675469525042214,14.330508474576272,0.559322033898305,0.0007394786498923554,False
base_macro_xsec_sector_gated_context__fold_01__seed42,bull_low_vol,fold_01,42,base_macro_xsec_sector_gated_context,xsec_sector_gated_context,False,checkpoint_robust_score,best_model,dow30_equal_weight_rebalance_matched,3,0.0023975354313253666,0.005263214192341067,0.08355093509880084,,-0.0048313473919386896,0.0,0.6666666666666666,-0.0016350178282124336,True
base_macro_xsec_sector_gated_context__fold_01__seed42,unknown,fold_01,42,base_macro_xsec_sector_gated_context,xsec_sector_gated_context,False,checkpoint_robust_score,best_model,dow30_equal_weight_rebalance_matched,59,0.0010902738938586899,0.010031612214513447,0.1592469070118431,1.7253020884855048,-0.05907251989213047,15.661016949152541,0.559322033898305,0.0007504475553175873,False
base_macro_xsec_sector_gated_context__fold_01__seed999,bull_low_vol,fold_01,999,base_macro_xsec_sector_gated_context,xsec_sector_gated_context,False,checkpoint_robust_score,checkpoint,dow30_equal_weight_rebalance_matched,3,0.0035870945601088333,0.005293571094901423,0.08403283598729437,,-0.0037186077460980016,0.0,0.6666666666666666,-0.00044545869942896687,True
base_macro_xsec_sector_gated_context__fold_01__seed999,unknown,fold_01,999,base_macro_xsec_sector_gated_context,xsec_sector_gated_context,False,checkpoint_robust_score,checkpoint,dow30_equal_weight_rebalance_matched,59,0.0009088029641018032,0.012256266004154309,0.1945621910954858,1.1770958461362027,-0.07726208491880737,12.711864406779661,0.559322033898305,0.0005689766255607007,False
base_macro_xsec_sector_gated_context__fold_02__seed123,bear_high_vol,fold_02,123,base_macro_xsec_sector_gated_context,xsec_sector_gated_context,False,checkpoint_robust_score,last_model,dow30_equal_weight_rebalance_matched,4,0.00196061920158435,0.006777285639029954,0.10758607418953633,,-0.009308796561682486,0.0,0.75,-0.0008694298217458501,True
base_macro_xsec_sector_gated_context__fold_02__seed123,bull_high_vol,fold_02,123,base_macro_xsec_sector_gated_context,xsec_sector_gated_context,False,checkpoint_robust_score,last_model,dow30_equal_weight_rebalance_matched,1,-0.0047565273321245,0.0,0.0,,0.0,,0.0,-0.001597848377903,True
base_macro_xsec_sector_gated_context__fold_02__seed123,unknown,fold_02,123,base_macro_xsec_sector_gated_context,xsec_sector_gated_context,False,checkpoint_robust_score,last_model,dow30_equal_weight_rebalance_matched,59,4.256080342300625e-05,0.005590269922850709,0.08874278386552327,0.12085853063670209,-0.03307534533593981,14.101694915254237,0.5084745762711864,-0.0004414751281896207,False
base_macro_xsec_sector_gated_context__fold_02__seed42,bear_high_vol,fold_02,42,base_macro_xsec_sector_gated_context,xsec_sector_gated_context,False,checkpoint_robust_score,checkpoint,dow30_equal_weight_rebalance_matched,4,0.002285973657720425,0.007633010382153821,0.12117028335571862,,-0.010587081248386698,0.0,0.75,-0.0005440753656097748,True
base_macro_xsec_sector_gated_context__fold_02__seed42,bull_high_vol,fold_02,42,base_macro_xsec_sector_gated_context,xsec_sector_gated_context,False,checkpoint_robust_score,checkpoint,dow30_equal_weight_rebalance_matched,1,-0.003593860155576,0.0,0.0,,0.0,,0.0,-0.0004351812013545001,True
base_macro_xsec_sector_gated_context__fold_02__seed42,unknown,fold_02,42,base_macro_xsec_sector_gated_context,xsec_sector_gated_context,False,checkpoint_robust_score,checkpoint,dow30_equal_weight_rebalance_matched,59,-9.223571533253419e-05,0.005362807452636332,0.0851319290927972,-0.2730279991477978,-0.035424652295788395,12.711864406779661,0.4915254237288136,-0.0005762716469451609,False
base_macro_xsec_sector_gated_context__fold_02__seed999,bear_high_vol,fold_02,999,base_macro_xsec_sector_gated_context,xsec_sector_gated_context,False,checkpoint_robust_score,checkpoint,dow30_equal_weight_rebalance_matched,4,0.001280418912995675,0.00825650330800787,0.1310679267118257,,-0.012342592605003921,0.0,0.75,-0.0015496301103345251,True
base_macro_xsec_sector_gated_context__fold_02__seed999,bull_high_vol,fold_02,999,base_macro_xsec_sector_gated_context,xsec_sector_gated_context,False,checkpoint_robust_score,checkpoint,dow30_equal_weight_rebalance_matched,1,-0.0065050453193229,0.0,0.0,,0.0,,0.0,-0.0033463663651014,True
base_macro_xsec_sector_gated_context__fold_02__seed999,unknown,fold_02,999,base_macro_xsec_sector_gated_context,xsec_sector_gated_context,False,checkpoint_robust_score,checkpoint,dow30_equal_weight_rebalance_matched,59,-0.0004369430816375685,0.005088285951988096,0.08077403537126426,-1.3631813251197216,-0.03982951794492939,9.322033898305085,0.4745762711864407,-0.0009209790132501954,False
base_macro_xsec_sector_gated_context__fold_03__seed123,bear_low_vol,fold_03,123,base_macro_xsec_sector_gated_context,xsec_sector_gated_context,False,checkpoint_robust_score,best_model,dow30_equal_weight_rebalance_matched,3,0.0004369183438755001,0.0037034441705677264,0.05879035361840446,,-0.004137242160462518,0.0,0.3333333333333333,0.00022988363791026677,True
base_macro_xsec_sector_gated_context__fold_03__seed123,unknown,fold_03,123,base_macro_xsec_sector_gated_context,xsec_sector_gated_context,False,checkpoint_robust_score,best_model,dow30_equal_weight_rebalance_matched,59,0.0002741386824795838,0.005176847018811648,0.08217989872321041,0.8406307267125378,-0.04201138629481871,10.186440677966102,0.4067796610169492,-0.0007344966633517839,False
base_macro_xsec_sector_gated_context__fold_03__seed42,bear_low_vol,fold_03,42,base_macro_xsec_sector_gated_context,xsec_sector_gated_context,False,checkpoint_robust_score,checkpoint,dow30_equal_weight_rebalance_matched,3,0.0001515704564909999,0.003122811225441394,0.049573091363512733,,-0.004087789339463743,0.0,0.3333333333333333,-5.546424947423345e-05,True
base_macro_xsec_sector_gated_context__fold_03__seed42,unknown,fold_03,42,base_macro_xsec_sector_gated_context,xsec_sector_gated_context,False,checkpoint_robust_score,checkpoint,dow30_equal_weight_rebalance_matched,59,0.0004259118467139266,0.004826547508496169,0.07661906639111564,1.4008234559270867,-0.038508508664564345,13.559322033898304,0.559322033898305,-0.0005827234991174411,False
base_macro_xsec_sector_gated_context__fold_03__seed999,bear_low_vol,fold_03,999,base_macro_xsec_sector_gated_context,xsec_sector_gated_context,False,checkpoint_robust_score,checkpoint,dow30_equal_weight_rebalance_matched,3,0.00011316277945266672,0.0017001113000373962,0.026988430206178,,-0.0019955689337270988,0.0,0.3333333333333333,-9.387192651256668e-05,True
base_macro_xsec_sector_gated_context__fold_03__seed999,unknown,fold_03,999,base_macro_xsec_sector_gated_context,xsec_sector_gated_context,False,checkpoint_robust_score,checkpoint,dow30_equal_weight_rebalance_matched,59,0.0009617522761463492,0.003792524428818025,0.06020445887873867,4.025641590385102,-0.01951221649393231,12.711864406779661,0.559322033898305,-4.688306968501863e-05,False
base_macro_xsec_sector_gated_context__fold_04__seed123,bull_low_vol,fold_04,123,base_macro_xsec_sector_gated_context,xsec_sector_gated_context,False,checkpoint_robust_score,best_model,dow30_equal_weight_rebalance_matched,5,0.0037092590824089797,0.0015659039629572352,0.02485795477797206,,0.0,0.5,1.0,0.0009946158869786601,True
base_macro_xsec_sector_gated_context__fold_04__seed123,unknown,fold_04,123,base_macro_xsec_sector_gated_context,xsec_sector_gated_context,False,checkpoint_robust_score,best_model,dow30_equal_weight_rebalance_matched,59,0.0007261551711311219,0.004270620460889282,0.0677939981007425,2.699222766787058,-0.013985215812526097,12.796610169491526,0.5932203389830508,-0.00010615074494706467,False
base_macro_xsec_sector_gated_context__fold_04__seed42,bull_low_vol,fold_04,42,base_macro_xsec_sector_gated_context,xsec_sector_gated_context,False,checkpoint_robust_score,best_model,dow30_equal_weight_rebalance_matched,5,0.0023221711872197398,0.002909410541599759,0.046185460529176214,,-0.0007693082440805021,0.0,0.8,-0.0003924720082105801,True
base_macro_xsec_sector_gated_context__fold_04__seed42,unknown,fold_04,42,base_macro_xsec_sector_gated_context,xsec_sector_gated_context,False,checkpoint_robust_score,best_model,dow30_equal_weight_rebalance_matched,59,0.000969878757343659,0.0046094467664236465,0.0731726989532868,3.340172637429053,-0.01752512798962491,11.016949152542374,0.5084745762711864,0.0001375728412654724,False
base_macro_xsec_sector_gated_context__fold_04__seed999,bull_low_vol,fold_04,999,base_macro_xsec_sector_gated_context,xsec_sector_gated_context,False,checkpoint_robust_score,checkpoint,dow30_equal_weight_rebalance_matched,5,0.0027251531568898203,0.0017898079586123699,0.028412320518315097,,0.0,0.0,1.0,1.0509961459500032e-05,True
base_macro_xsec_sector_gated_context__fold_04__seed999,unknown,fold_04,999,base_macro_xsec_sector_gated_context,xsec_sector_gated_context,False,checkpoint_robust_score,checkpoint,dow30_equal_weight_rebalance_matched,59,0.0008956419972120099,0.00437832673262751,0.06950378215871028,3.247330955055679,-0.015861009768266876,14.694915254237289,0.6101694915254238,6.333608113382346e-05,False
base_macro_xsec_sector_gated_context__fold_05__seed123,bear_high_vol,fold_05,123,base_macro_xsec_sector_gated_context,xsec_sector_gated_context,False,checkpoint_robust_score,best_model,dow30_equal_weight_rebalance_matched,1,0.0178620693324964,0.0,0.0,,0.0,,1.0,0.0025534177953224994,True
base_macro_xsec_sector_gated_context__fold_05__seed123,bear_low_vol,fold_05,123,base_macro_xsec_sector_gated_context,xsec_sector_gated_context,False,checkpoint_robust_score,best_model,dow30_equal_weight_rebalance_matched,1,-0.0199915988569083,0.0,0.0,,0.0,0.0,0.0,0.0026068978291686994,True
base_macro_xsec_sector_gated_context__fold_05__seed123,unknown,fold_05,123,base_macro_xsec_sector_gated_context,xsec_sector_gated_context,False,checkpoint_robust_score,best_model,dow30_equal_weight_rebalance_matched,59,-0.0004127670545179816,0.01401772489866172,0.22252448417266202,-0.4674420350877968,-0.10265199034573957,13.559322033898304,0.5084745762711864,-0.00035320813703013006,False
base_macro_xsec_sector_gated_context__fold_05__seed42,bear_high_vol,fold_05,42,base_macro_xsec_sector_gated_context,xsec_sector_gated_context,False,checkpoint_robust_score,checkpoint,dow30_equal_weight_rebalance_matched,1,0.0201004402420594,0.0,0.0,,0.0,,1.0,0.004791788704885501,True
base_macro_xsec_sector_gated_context__fold_05__seed42,bear_low_vol,fold_05,42,base_macro_xsec_sector_gated_context,xsec_sector_gated_context,False,checkpoint_robust_score,checkpoint,dow30_equal_weight_rebalance_matched,1,-0.0164728847001961,0.0,0.0,,0.0,0.0,0.0,0.006125611985880901,True
base_macro_xsec_sector_gated_context__fold_05__seed42,unknown,fold_05,42,base_macro_xsec_sector_gated_context,xsec_sector_gated_context,False,checkpoint_robust_score,checkpoint,dow30_equal_weight_rebalance_matched,59,-0.0002166662774736726,0.01451917255400845,0.23048471892204528,-0.23689163506684505,-0.09691037614418807,10.169491525423728,0.5084745762711864,-0.00015710735998582178,False
base_macro_xsec_sector_gated_context__fold_05__seed999,bear_high_vol,fold_05,999,base_macro_xsec_sector_gated_context,xsec_sector_gated_context,False,checkpoint_robust_score,checkpoint,dow30_equal_weight_rebalance_matched,1,0.0155161861861294,0.0,0.0,,0.0,,1.0,0.00020753464895549925,True
base_macro_xsec_sector_gated_context__fold_05__seed999,bear_low_vol,fold_05,999,base_macro_xsec_sector_gated_context,xsec_sector_gated_context,False,checkpoint_robust_score,checkpoint,dow30_equal_weight_rebalance_matched,1,-0.0221193250899356,0.0,0.0,,0.0,0.0,0.0,0.0004791715961414006,True
base_macro_xsec_sector_gated_context__fold_05__seed999,unknown,fold_05,999,base_macro_xsec_sector_gated_context,xsec_sector_gated_context,False,checkpoint_robust_score,checkpoint,dow30_equal_weight_rebalance_matched,59,-0.0003634285012531753,0.01416115153071798,0.2248013113714886,-0.40739967999766624,-0.0954492860964018,12.728813559322035,0.5423728813559322,-0.0003038695837653234,False
base_macro_xsec_sector_gated_context__fold_06__seed123,bull_low_vol,fold_06,123,base_macro_xsec_sector_gated_context,xsec_sector_gated_context,False,checkpoint_robust_score,best_model,dow30_equal_weight_rebalance_matched,5,0.00256407535035542,0.00191693681964194,0.030430428622773897,,-0.0005627401392317433,1.625,0.8,0.00012306838718874127,True
base_macro_xsec_sector_gated_context__fold_06__seed123,unknown,fold_06,123,base_macro_xsec_sector_gated_context,xsec_sector_gated_context,False,checkpoint_robust_score,best_model,dow30_equal_weight_rebalance_matched,59,0.0010575356063918695,0.004603931833622664,0.07308515210915502,3.6464174339095083,-0.010810144314186476,11.127118644067796,0.576271186440678,-0.0006138629945892951,False
base_macro_xsec_sector_gated_context__fold_06__seed42,bull_low_vol,fold_06,42,base_macro_xsec_sector_gated_context,xsec_sector_gated_context,False,checkpoint_robust_score,checkpoint,dow30_equal_weight_rebalance_matched,5,0.0020340932864202194,0.004093148729597322,0.06497672170628688,,-0.003483692548565065,0.0,0.6,-0.0004069136767464596,True
base_macro_xsec_sector_gated_context__fold_06__seed42,unknown,fold_06,42,base_macro_xsec_sector_gated_context,xsec_sector_gated_context,False,checkpoint_robust_score,checkpoint,dow30_equal_weight_rebalance_matched,59,0.0010905115620545743,0.004845755938974584,0.0769239907718462,3.5724734361848975,-0.023789076434418188,9.322033898305085,0.5932203389830508,-0.0005808870389265904,False
base_macro_xsec_sector_gated_context__fold_06__seed999,bull_low_vol,fold_06,999,base_macro_xsec_sector_gated_context,xsec_sector_gated_context,False,checkpoint_robust_score,checkpoint,dow30_equal_weight_rebalance_matched,5,-0.00037226187331238,0.0043754586364746564,0.06945825254377025,,-0.010946928600937378,0.0,0.6,-0.0028132688364790586,True
base_macro_xsec_sector_gated_context__fold_06__seed999,unknown,fold_06,999,base_macro_xsec_sector_gated_context,xsec_sector_gated_context,False,checkpoint_robust_score,checkpoint,dow30_equal_weight_rebalance_matched,59,0.001331071167214456,0.0044009313592878385,0.06986261948244642,4.801279090634764,-0.016679570793943888,8.474576271186441,0.6271186440677966,-0.0003403274337667085,False
base_macro_xsec_sector_gated_context__fold_07__seed123,bull_high_vol,fold_07,123,base_macro_xsec_sector_gated_context,xsec_sector_gated_context,False,checkpoint_robust_score,checkpoint,dow30_equal_weight_rebalance_matched,3,0.0005991578588143334,0.0033308795286676298,0.05287607327982353,,-0.0038773162129270844,0.0,0.6666666666666666,-0.0036426387500926335,True
base_macro_xsec_sector_gated_context__fold_07__seed123,unknown,fold_07,123,base_macro_xsec_sector_gated_context,xsec_sector_gated_context,False,checkpoint_robust_score,checkpoint,dow30_equal_weight_rebalance_matched,59,0.0013863436794209318,0.006241238451611291,0.09907658889610386,3.5261469041937636,-0.024368701168252627,16.694915254237287,0.6101694915254238,-0.0010619526797145265,False
base_macro_xsec_sector_gated_context__fold_07__seed42,bull_high_vol,fold_07,42,base_macro_xsec_sector_gated_context,xsec_sector_gated_context,False,checkpoint_robust_score,checkpoint,dow30_equal_weight_rebalance_matched,3,0.0034824839694152,0.0038552044313549146,0.06119947307207571,,-0.0011358328251197536,0.0,0.6666666666666666,-0.0007593126394917668,True
base_macro_xsec_sector_gated_context__fold_07__seed42,unknown,fold_07,42,base_macro_xsec_sector_gated_context,xsec_sector_gated_context,False,checkpoint_robust_score,checkpoint,dow30_equal_weight_rebalance_matched,59,0.0013169312869929486,0.006286472139213688,0.09979465142577382,3.3254957012306607,-0.02345447382575494,13.559322033898304,0.6271186440677966,-0.0011313650721425095,False
base_macro_xsec_sector_gated_context__fold_07__seed999,bull_high_vol,fold_07,999,base_macro_xsec_sector_gated_context,xsec_sector_gated_context,False,checkpoint_robust_score,checkpoint,dow30_equal_weight_rebalance_matched,3,0.0028624145180432335,0.005818058192042671,0.09235881053668188,,-0.002454313625725457,1.25,0.3333333333333333,-0.0013793820908637334,True
base_macro_xsec_sector_gated_context__fold_07__seed999,unknown,fold_07,999,base_macro_xsec_sector_gated_context,xsec_sector_gated_context,False,checkpoint_robust_score,checkpoint,dow30_equal_weight_rebalance_matched,59,0.001575770194602997,0.007705722021244529,0.122324544842442,3.2462339389974875,-0.043806257658053904,10.813559322033898,0.576271186440678,-0.0008725261645324615,False
base_macro_xsec_sector_gated_context__fold_08__seed123,bear_low_vol,fold_08,123,base_macro_xsec_sector_gated_context,xsec_sector_gated_context,False,checkpoint_robust_score,checkpoint,dow30_equal_weight_rebalance_matched,1,0.004568980472362,0.0,0.0,,0.0,,1.0,-0.0014760515952389006,True
base_macro_xsec_sector_gated_context__fold_08__seed123,bull_low_vol,fold_08,123,base_macro_xsec_sector_gated_context,xsec_sector_gated_context,False,checkpoint_robust_score,checkpoint,dow30_equal_weight_rebalance_matched,4,-0.007378369667915394,0.007141017814529581,0.11336014347076342,,-0.028534534497313135,1.0,0.0,-2.8360164050344225e-05,True
base_macro_xsec_sector_gated_context__fold_08__seed123,unknown,fold_08,123,base_macro_xsec_sector_gated_context,xsec_sector_gated_context,False,checkpoint_robust_score,checkpoint,dow30_equal_weight_rebalance_matched,59,-0.00043128654084532124,0.008798363406088422,0.13966968910128696,-0.7781517163269717,-0.056706529208813694,18.508474576271187,0.4915254237288136,-0.00045502544809056185,False
base_macro_xsec_sector_gated_context__fold_08__seed42,bear_low_vol,fold_08,42,base_macro_xsec_sector_gated_context,xsec_sector_gated_context,False,checkpoint_robust_score,best_model,dow30_equal_weight_rebalance_matched,1,0.0067107576720311,0.0,0.0,,0.0,,1.0,0.0006657256044302002,True
base_macro_xsec_sector_gated_context__fold_08__seed42,bull_low_vol,fold_08,42,base_macro_xsec_sector_gated_context,xsec_sector_gated_context,False,checkpoint_robust_score,best_model,dow30_equal_weight_rebalance_matched,4,-0.007623859351187575,0.010275328181728792,0.16311577805056732,,-0.03488206281828088,0.25,0.25,-0.0002738498473225248,True
base_macro_xsec_sector_gated_context__fold_08__seed42,unknown,fold_08,42,base_macro_xsec_sector_gated_context,xsec_sector_gated_context,False,checkpoint_robust_score,best_model,dow30_equal_weight_rebalance_matched,59,-0.00013539263996704411,0.009272446420180665,0.147195523637815,-0.23179336183923094,-0.04514371802839379,9.525423728813559,0.5084745762711864,-0.00015913154721228473,False
base_macro_xsec_sector_gated_context__fold_08__seed999,bear_low_vol,fold_08,999,base_macro_xsec_sector_gated_context,xsec_sector_gated_context,False,checkpoint_robust_score,checkpoint,dow30_equal_weight_rebalance_matched,1,0.0001743870545414,0.0,0.0,,0.0,,1.0,-0.0058706450130595,True
base_macro_xsec_sector_gated_context__fold_08__seed999,bull_low_vol,fold_08,999,base_macro_xsec_sector_gated_context,xsec_sector_gated_context,False,checkpoint_robust_score,checkpoint,dow30_equal_weight_rebalance_matched,4,-0.0004570187125218974,0.00034450727864997454,0.005468883504956786,,-0.0016367625193844937,0.0,0.0,0.006892990791343153,True
base_macro_xsec_sector_gated_context__fold_08__seed999,unknown,fold_08,999,base_macro_xsec_sector_gated_context,xsec_sector_gated_context,False,checkpoint_robust_score,checkpoint,dow30_equal_weight_rebalance_matched,59,-1.1728778910349351e-05,0.00022790468730118856,0.0036178747513493114,-0.8169581559742238,-0.0010976511687817991,0.0,0.5084745762711864,-3.5467686155589694e-05,False
base_macro_xsec_sector_gated_context__fold_09__seed123,bear_high_vol,fold_09,123,base_macro_xsec_sector_gated_context,xsec_sector_gated_context,False,checkpoint_robust_score,best_model,dow30_equal_weight_rebalance_matched,4,-0.012445323779802248,0.027232446081025787,0.4323016795342185,,-0.04013091941470781,1.0,0.25,-0.0004508741743127747,True
base_macro_xsec_sector_gated_context__fold_09__seed123,unknown,fold_09,123,base_macro_xsec_sector_gated_context,xsec_sector_gated_context,False,checkpoint_robust_score,best_model,dow30_equal_weight_rebalance_matched,59,-0.0023898311122798853,0.03778018569968601,0.5997418550832478,-1.0041610989630478,-0.3235803432514126,16.593220338983052,0.4576271186440678,7.198032935449456e-05,False
base_macro_xsec_sector_gated_context__fold_09__seed42,bear_high_vol,fold_09,42,base_macro_xsec_sector_gated_context,xsec_sector_gated_context,False,checkpoint_robust_score,checkpoint,dow30_equal_weight_rebalance_matched,4,-0.010367188656761799,0.02448301429472128,0.38865580301443164,,-0.03581654863882788,0.0,0.25,0.0016272609487276756,True
base_macro_xsec_sector_gated_context__fold_09__seed42,unknown,fold_09,42,base_macro_xsec_sector_gated_context,xsec_sector_gated_context,False,checkpoint_robust_score,checkpoint,dow30_equal_weight_rebalance_matched,59,-0.0021087297058305344,0.037711403069260636,0.5986499646754894,-0.8876637721967477,-0.3209529646037623,10.169491525423728,0.4406779661016949,0.00035308173580384596,False
base_macro_xsec_sector_gated_context__fold_09__seed999,bear_high_vol,fold_09,999,base_macro_xsec_sector_gated_context,xsec_sector_gated_context,False,checkpoint_robust_score,checkpoint,dow30_equal_weight_rebalance_matched,4,-0.015591994179625323,0.027806245891793098,0.44141046914397586,,-0.04690318191840792,0.0,0.25,-0.0035975445741358494,True
base_macro_xsec_sector_gated_context__fold_09__seed999,unknown,fold_09,999,base_macro_xsec_sector_gated_context,xsec_sector_gated_context,False,checkpoint_robust_score,checkpoint,dow30_equal_weight_rebalance_matched,59,-0.00297470358418673,0.041634842087010425,0.6609326282260501,-1.1341932160726544,-0.37540539990667554,10.491525423728813,0.4745762711864407,-0.0005128921425523501,False
base_macro_xsec_sector_gated_context__fold_10__seed123,bear_high_vol,fold_10,123,base_macro_xsec_sector_gated_context,xsec_sector_gated_context,False,checkpoint_robust_score,best_model,dow30_equal_weight_rebalance_matched,5,0.00501138462568042,0.009570275208056154,0.1519234090737811,,-0.008528545819362021,0.0,0.6,0.00175575632428128,True
base_macro_xsec_sector_gated_context__fold_10__seed123,unknown,fold_10,123,base_macro_xsec_sector_gated_context,xsec_sector_gated_context,False,checkpoint_robust_score,best_model,dow30_equal_weight_rebalance_matched,59,0.0004750934060052364,0.009494184689379629,0.1507155095364931,0.7943677374778116,-0.07725145029871205,10.169491525423728,0.5423728813559322,-0.00043325320629079405,False
base_macro_xsec_sector_gated_context__fold_10__seed42,bear_high_vol,fold_10,42,base_macro_xsec_sector_gated_context,xsec_sector_gated_context,False,checkpoint_robust_score,best_model,dow30_equal_weight_rebalance_matched,5,0.0017221806954218002,0.012872845729254085,0.20435009079183727,,-0.01873407843570185,0.0,0.6,-0.0015334476059773402,True
base_macro_xsec_sector_gated_context__fold_10__seed42,unknown,fold_10,42,base_macro_xsec_sector_gated_context,xsec_sector_gated_context,False,checkpoint_robust_score,best_model,dow30_equal_weight_rebalance_matched,59,0.0006140534116128359,0.011842166814077104,0.1879885702451405,0.8231429151498358,-0.10451928788697351,14.457627118644067,0.559322033898305,-0.0002942932006831943,False
base_macro_xsec_sector_gated_context__fold_10__seed999,bear_high_vol,fold_10,999,base_macro_xsec_sector_gated_context,xsec_sector_gated_context,False,checkpoint_robust_score,checkpoint,dow30_equal_weight_rebalance_matched,5,0.0032653320061223,0.010397466555624797,0.16505466462776724,,-0.011672119036815976,0.0,0.6,9.703704723159831e-06,True
base_macro_xsec_sector_gated_context__fold_10__seed999,unknown,fold_10,999,base_macro_xsec_sector_gated_context,xsec_sector_gated_context,False,checkpoint_robust_score,checkpoint,dow30_equal_weight_rebalance_matched,59,0.0005165771687672473,0.010574708642404833,0.16786829552861188,0.7754736897722213,-0.08982969536488972,10.169491525423728,0.6101694915254238,-0.0003917694435287828,False
base_macro_xsec_sector_gated_context__fold_11__seed123,bull_low_vol,fold_11,123,base_macro_xsec_sector_gated_context,xsec_sector_gated_context,False,checkpoint_robust_score,best_model,dow30_equal_weight_rebalance_matched,3,-0.0015197441330734671,0.003530069952152039,0.056038123224335844,,-0.004627269772138232,0.0,0.3333333333333333,-0.0010051452621596003,True
base_macro_xsec_sector_gated_context__fold_11__seed123,unknown,fold_11,123,base_macro_xsec_sector_gated_context,xsec_sector_gated_context,False,checkpoint_robust_score,best_model,dow30_equal_weight_rebalance_matched,59,0.0012165525429738793,0.008422184439366947,0.13369803313489736,2.2930123476094546,-0.04542428161288503,11.864406779661017,0.5423728813559322,-0.00018320112021135684,False
base_macro_xsec_sector_gated_context__fold_11__seed42,bull_low_vol,fold_11,42,base_macro_xsec_sector_gated_context,xsec_sector_gated_context,False,checkpoint_robust_score,best_model,dow30_equal_weight_rebalance_matched,3,0.0014112908507314002,0.004178475318005345,0.06633123930518205,,-0.003327339054139955,1.75,0.6666666666666666,0.0019258897216452664,True
base_macro_xsec_sector_gated_context__fold_11__seed42,unknown,fold_11,42,base_macro_xsec_sector_gated_context,xsec_sector_gated_context,False,checkpoint_robust_score,best_model,dow30_equal_weight_rebalance_matched,59,0.001321782726429369,0.009589955274524345,0.15223582044374143,2.187982079968451,-0.047121148040703886,15.44915254237288,0.559322033898305,-7.797093675586732e-05,False
base_macro_xsec_sector_gated_context__fold_11__seed999,bull_low_vol,fold_11,999,base_macro_xsec_sector_gated_context,xsec_sector_gated_context,False,checkpoint_robust_score,checkpoint,dow30_equal_weight_rebalance_matched,3,-0.0004401011566904334,0.0022409372843768508,0.03557377654892146,,-0.00311355548117509,0.0,0.3333333333333333,7.449771422343304e-05,True
base_macro_xsec_sector_gated_context__fold_11__seed999,unknown,fold_11,999,base_macro_xsec_sector_gated_context,xsec_sector_gated_context,False,checkpoint_robust_score,checkpoint,dow30_equal_weight_rebalance_matched,59,0.0013531733233255736,0.00957077539049223,0.15193134922379722,2.244432628421846,-0.040662177200583405,11.016949152542374,0.6101694915254238,-4.658033985966282e-05,False
base_macro_xsec_sector_gated_context__fold_12__seed123,bear_high_vol,fold_12,123,base_macro_xsec_sector_gated_context,xsec_sector_gated_context,False,checkpoint_robust_score,checkpoint,dow30_equal_weight_rebalance_matched,4,-0.004809788848651075,0.012114002066332659,0.19230382109543276,,-0.01583234756766616,0.0,0.5,-0.0023265491276076755,True
base_macro_xsec_sector_gated_context__fold_12__seed123,unknown,fold_12,123,base_macro_xsec_sector_gated_context,xsec_sector_gated_context,False,checkpoint_robust_score,checkpoint,dow30_equal_weight_rebalance_matched,59,0.00020775424771021428,0.006279648719435395,0.09968633299482764,0.5251880458446643,-0.0409040811601068,13.559322033898304,0.5423728813559322,0.00014187400134917365,False
base_macro_xsec_sector_gated_context__fold_12__seed42,bear_high_vol,fold_12,42,base_macro_xsec_sector_gated_context,xsec_sector_gated_context,False,checkpoint_robust_score,checkpoint,dow30_equal_weight_rebalance_matched,4,-0.002922117112458325,0.0147835017541572,0.2346808148891225,,-0.016333884391082187,0.0,0.5,-0.0004388773914149257,True
base_macro_xsec_sector_gated_context__fold_12__seed42,unknown,fold_12,42,base_macro_xsec_sector_gated_context,xsec_sector_gated_context,False,checkpoint_robust_score,checkpoint,dow30_equal_weight_rebalance_matched,59,-9.95721829440306e-05,0.007179775216633676,0.11397539815534562,-0.2201544412917574,-0.04622808629516828,15.254237288135593,0.4915254237288136,-0.00016545242930507122,False
base_macro_xsec_sector_gated_context__fold_12__seed999,bear_high_vol,fold_12,999,base_macro_xsec_sector_gated_context,xsec_sector_gated_context,False,checkpoint_robust_score,checkpoint,dow30_equal_weight_rebalance_matched,4,-0.0034462176276536752,0.014633083565772595,0.23229300017436336,,-0.010907680739876358,0.0,0.5,-0.000962977906610275,True
base_macro_xsec_sector_gated_context__fold_12__seed999,unknown,fold_12,999,base_macro_xsec_sector_gated_context,xsec_sector_gated_context,False,checkpoint_robust_score,checkpoint,dow30_equal_weight_rebalance_matched,59,0.00030905681352519295,0.007697629142166061,0.12219607436984914,0.6373553112076524,-0.04821583523553363,11.864406779661017,0.4745762711864407,0.00024317656716415245,False
base_macro_xsec_sector_gated_context__fold_13__seed123,bull_high_vol,fold_13,123,base_macro_xsec_sector_gated_context,xsec_sector_gated_context,False,checkpoint_robust_score,best_model,dow30_equal_weight_rebalance_matched,1,0.0066419610934274,0.0,0.0,,0.0,,1.0,0.0026879166093668003,True
base_macro_xsec_sector_gated_context__fold_13__seed123,bull_low_vol,fold_13,123,base_macro_xsec_sector_gated_context,xsec_sector_gated_context,False,checkpoint_robust_score,best_model,dow30_equal_weight_rebalance_matched,2,-0.0044191505733796,0.0109538966938534,0.17388771923417232,,-0.015373047267233098,0.0,0.5,0.00420721742744275,True
base_macro_xsec_sector_gated_context__fold_13__seed123,unknown,fold_13,123,base_macro_xsec_sector_gated_context,xsec_sector_gated_context,False,checkpoint_robust_score,best_model,dow30_equal_weight_rebalance_matched,59,0.00030080856133922365,0.010111187172509719,0.16051012030852235,0.4722677754634985,-0.07248840459824746,21.406779661016948,0.5084745762711864,0.00043827901980452393,False
base_macro_xsec_sector_gated_context__fold_13__seed42,bull_high_vol,fold_13,42,base_macro_xsec_sector_gated_context,xsec_sector_gated_context,False,checkpoint_robust_score,best_model,dow30_equal_weight_rebalance_matched,1,0.0056347023643017,0.0,0.0,,0.0,,1.0,0.0016806578802411,True
base_macro_xsec_sector_gated_context__fold_13__seed42,bull_low_vol,fold_13,42,base_macro_xsec_sector_gated_context,xsec_sector_gated_context,False,checkpoint_robust_score,best_model,dow30_equal_weight_rebalance_matched,2,-0.008811784397506999,0.009738145078806599,0.1545882606575385,,-0.01854992947631362,0.0,0.5,-0.00018541639668464985,True
base_macro_xsec_sector_gated_context__fold_13__seed42,unknown,fold_13,42,base_macro_xsec_sector_gated_context,xsec_sector_gated_context,False,checkpoint_robust_score,best_model,dow30_equal_weight_rebalance_matched,59,-5.6559760002374597e-05,0.010797690342373248,0.17140802027882093,-0.08315281570496907,-0.08287973738796206,11.016949152542374,0.4745762711864407,8.09106984629257e-05,False
base_macro_xsec_sector_gated_context__fold_13__seed999,bull_high_vol,fold_13,999,base_macro_xsec_sector_gated_context,xsec_sector_gated_context,False,checkpoint_robust_score,checkpoint,dow30_equal_weight_rebalance_matched,1,0.0039950721558998,0.0,0.0,,0.0,,1.0,4.102767183919963e-05,True
base_macro_xsec_sector_gated_context__fold_13__seed999,bull_low_vol,fold_13,999,base_macro_xsec_sector_gated_context,xsec_sector_gated_context,False,checkpoint_robust_score,checkpoint,dow30_equal_weight_rebalance_matched,2,-0.00914157906017365,0.00880536319727115,0.13978080734148024,,-0.017946942257445087,0.0,0.0,-0.0005152110593512994,True
base_macro_xsec_sector_gated_context__fold_13__seed999,unknown,fold_13,999,base_macro_xsec_sector_gated_context,xsec_sector_gated_context,False,checkpoint_robust_score,checkpoint,dow30_equal_weight_rebalance_matched,59,-0.00047796987205414045,0.011861360074529025,0.18829325380916614,-0.6396852001915958,-0.11154204906900778,11.94915254237288,0.4406779661016949,-0.00034049941358884044,False
base_macro_xsec_sector_gated_context__fold_14__seed123,bear_high_vol,fold_14,123,base_macro_xsec_sector_gated_context,xsec_sector_gated_context,False,checkpoint_robust_score,checkpoint,dow30_equal_weight_rebalance_matched,5,0.0009613194374709603,0.016793264348938814,0.2665848070095547,,-0.03087353099241963,0.0,0.4,0.00011829300008296007,True
base_macro_xsec_sector_gated_context__fold_14__seed123,unknown,fold_14,123,base_macro_xsec_sector_gated_context,xsec_sector_gated_context,False,checkpoint_robust_score,checkpoint,dow30_equal_weight_rebalance_matched,59,-0.0008160947377504205,0.011302920262413332,0.1794282966188316,-1.1461730272677721,-0.13096563888628576,13.559322033898304,0.4406779661016949,0.0001410117637999662,False
base_macro_xsec_sector_gated_context__fold_14__seed42,bear_high_vol,fold_14,42,base_macro_xsec_sector_gated_context,xsec_sector_gated_context,False,checkpoint_robust_score,best_model,dow30_equal_weight_rebalance_matched,5,0.0012796758764782403,0.01826153493615562,0.28989287999631336,,-0.03185942324382207,0.0,0.4,0.0004366494390902403,True
base_macro_xsec_sector_gated_context__fold_14__seed42,unknown,fold_14,42,base_macro_xsec_sector_gated_context,xsec_sector_gated_context,False,checkpoint_robust_score,best_model,dow30_equal_weight_rebalance_matched,59,-0.0007117767327881498,0.01100912640942185,0.174764463788422,-1.026339867810682,-0.13590059936810372,15.457627118644067,0.4406779661016949,0.0002453297687622366,False
base_macro_xsec_sector_gated_context__fold_14__seed999,bear_high_vol,fold_14,999,base_macro_xsec_sector_gated_context,xsec_sector_gated_context,False,checkpoint_robust_score,checkpoint,dow30_equal_weight_rebalance_matched,5,0.00272486727435164,0.016855750236405346,0.2675767397216804,,-0.02669089758600862,0.0,0.4,0.0018818408369636395,True
base_macro_xsec_sector_gated_context__fold_14__seed999,unknown,fold_14,999,base_macro_xsec_sector_gated_context,xsec_sector_gated_context,False,checkpoint_robust_score,checkpoint,dow30_equal_weight_rebalance_matched,59,-0.0006705265021714254,0.010709973692708315,0.17001556163370182,-0.9938659551132767,-0.12375942166848153,13.559322033898304,0.4915254237288136,0.0002865799993789611,False
