run_key,feature_set,feature_family,is_negative_control,fold_id,seed,selection_rule,selected_model_type,benchmark_id,benchmark_name,benchmark_family,is_primary_benchmark,n_days,agent_return_pct,agent_sharpe,agent_max_drawdown,agent_turnover,benchmark_return_pct,benchmark_sharpe,benchmark_max_drawdown,benchmark_turnover,benchmark_transaction_cost_total,daily_excess_return_mean,daily_excess_return_sharpe,excess_return_pct,excess_sharpe,benchmark_relative_regret_return_pct,benchmark_relative_regret_sharpe,outperformed_benchmark_on_return,outperformed_benchmark_on_sharpe,hit_rate_vs_benchmark
base_macro_analyst_or_fund_revision_features__fold_01__seed123,base_macro_analyst_or_fund_revision_features,analyst_or_fund_revision_features,False,fold_01,123,checkpoint_robust_score,checkpoint,dow30_equal_weight_rebalance_matched,Equal Weight Rebalance Matched,passive_rebalanced,True,62,4.773020623131208,1.2552278757101196,-0.06718967147233523,10.655737704918034,4.5775750734391885,0.7203749272039337,-0.0873341574831592,0.004611332029984715,0.0005718051717181049,0.0002854787297830872,0.9329222687336189,0.19544554969201933,0.5348529485061859,-0.19544554969201933,-0.5348529485061859,True,True,0.43548387096774194
base_macro_analyst_or_fund_revision_features__fold_01__seed123,base_macro_analyst_or_fund_revision_features,analyst_or_fund_revision_features,False,fold_01,123,checkpoint_robust_score,checkpoint,dow30_equal_weight_vol_target,Equal Weight Vol Target,structured_risk_control,False,62,4.773020623131208,1.2552278757101196,-0.06718967147233523,10.655737704918034,4.778156254745403,1.0632156486331494,-0.06371352126772856,0.00957141332102949,0.0011868552518076569,0.00022888615889914002,0.7885990760695162,-0.0051356316141948355,0.1920122270769702,0.0051356316141948355,-0.1920122270769702,False,True,0.5483870967741935
base_macro_analyst_or_fund_revision_features__fold_01__seed123,base_macro_analyst_or_fund_revision_features,analyst_or_fund_revision_features,False,fold_01,123,checkpoint_robust_score,checkpoint,dow30_market_proxy_buy_hold,Market Proxy Buy and Hold,passive_buy_hold,False,62,4.773020623131208,1.2552278757101196,-0.06718967147233523,10.655737704918034,3.3249656247091863,0.39891203286569105,-0.0991881494609852,0.0,0.0,0.0005037196162911202,1.5696730466198592,1.4480549984220215,0.8563158428444286,-1.4480549984220215,-0.8563158428444286,True,True,0.46774193548387094
base_macro_analyst_or_fund_revision_features__fold_01__seed123,base_macro_analyst_or_fund_revision_features,analyst_or_fund_revision_features,False,fold_01,123,checkpoint_robust_score,checkpoint,dow30_trend_filter_overlay,Trend Filter Overlay,structured_trend_filter,False,62,4.773020623131208,1.2552278757101196,-0.06718967147233523,10.655737704918034,7.433256446365477,2.684650874012399,-0.012883997680726789,0.04203490395904734,0.005212328090921871,-8.129342182218625e-05,-0.13467086481604887,-2.6602358232342693,-1.4294229983022793,2.6602358232342693,1.4294229983022793,False,False,0.4838709677419355
base_macro_analyst_or_fund_revision_features__fold_01__seed42,base_macro_analyst_or_fund_revision_features,analyst_or_fund_revision_features,False,fold_01,42,checkpoint_robust_score,checkpoint,dow30_equal_weight_rebalance_matched,Equal Weight Rebalance Matched,passive_rebalanced,True,62,10.719767977297545,3.1182528255804653,-0.05072606028497706,12.098360655737705,4.5775750734391885,0.7203749272039337,-0.0873341574831592,0.004611332029984715,0.0005718051717181049,0.0011617430513476716,3.050077945192765,6.142192903858357,2.3978778983765316,-6.142192903858357,-2.3978778983765316,True,True,0.532258064516129
base_macro_analyst_or_fund_revision_features__fold_01__seed42,base_macro_analyst_or_fund_revision_features,analyst_or_fund_revision_features,False,fold_01,42,checkpoint_robust_score,checkpoint,dow30_equal_weight_vol_target,Equal Weight Vol Target,structured_risk_control,False,62,10.719767977297545,3.1182528255804653,-0.05072606028497706,12.098360655737705,4.778156254745403,1.0632156486331494,-0.06371352126772856,0.00957141332102949,0.0011868552518076569,0.0011051504804637246,3.716645781259514,5.9416117225521425,2.055037176947316,-5.9416117225521425,-2.055037176947316,True,True,0.5483870967741935
base_macro_analyst_or_fund_revision_features__fold_01__seed42,base_macro_analyst_or_fund_revision_features,analyst_or_fund_revision_features,False,fold_01,42,checkpoint_robust_score,checkpoint,dow30_market_proxy_buy_hold,Market Proxy Buy and Hold,passive_buy_hold,False,62,10.719767977297545,3.1182528255804653,-0.05072606028497706,12.098360655737705,3.3249656247091863,0.39891203286569105,-0.0991881494609852,0.0,0.0,0.0013799839378557043,3.2341757680571432,7.394802352588359,2.719340792714774,-7.394802352588359,-2.719340792714774,True,True,0.5161290322580645
base_macro_analyst_or_fund_revision_features__fold_01__seed42,base_macro_analyst_or_fund_revision_features,analyst_or_fund_revision_features,False,fold_01,42,checkpoint_robust_score,checkpoint,dow30_trend_filter_overlay,Trend Filter Overlay,structured_trend_filter,False,62,10.719767977297545,3.1182528255804653,-0.05072606028497706,12.098360655737705,7.433256446365477,2.684650874012399,-0.012883997680726789,0.04203490395904734,0.005212328090921871,0.0007949708997423982,1.5763211380058924,3.286511530932068,0.43360195156806647,-3.286511530932068,-0.43360195156806647,True,True,0.5483870967741935
base_macro_analyst_or_fund_revision_features__fold_01__seed999,base_macro_analyst_or_fund_revision_features,analyst_or_fund_revision_features,False,fold_01,999,checkpoint_robust_score,checkpoint,dow30_equal_weight_rebalance_matched,Equal Weight Rebalance Matched,passive_rebalanced,True,62,5.913572662520594,1.4712339529757141,-0.07294134985558909,11.655737704918034,4.5775750734391885,0.7203749272039337,-0.0873341574831592,0.004611332029984715,0.0005718051717181049,0.0004648994612693514,1.5217327323006775,1.3359975890814058,0.7508590257717804,-1.3359975890814058,-0.7508590257717804,True,True,0.45161290322580644
base_macro_analyst_or_fund_revision_features__fold_01__seed999,base_macro_analyst_or_fund_revision_features,analyst_or_fund_revision_features,False,fold_01,999,checkpoint_robust_score,checkpoint,dow30_equal_weight_vol_target,Equal Weight Vol Target,structured_risk_control,False,62,5.913572662520594,1.4712339529757141,-0.07294134985558909,11.655737704918034,4.778156254745403,1.0632156486331494,-0.06371352126772856,0.00957141332102949,0.0011868552518076569,0.0004083068903854043,1.306339520055902,1.1354164077751916,0.4080183043425647,-1.1354164077751916,-0.4080183043425647,True,True,0.5161290322580645
base_macro_analyst_or_fund_revision_features__fold_01__seed999,base_macro_analyst_or_fund_revision_features,analyst_or_fund_revision_features,False,fold_01,999,checkpoint_robust_score,checkpoint,dow30_market_proxy_buy_hold,Market Proxy Buy and Hold,passive_buy_hold,False,62,5.913572662520594,1.4712339529757141,-0.07294134985558909,11.655737704918034,3.3249656247091863,0.39891203286569105,-0.0991881494609852,0.0,0.0,0.0006831403477773844,2.140050692883855,2.588607037811408,1.0723219201100231,-2.588607037811408,-1.0723219201100231,True,True,0.43548387096774194
base_macro_analyst_or_fund_revision_features__fold_01__seed999,base_macro_analyst_or_fund_revision_features,analyst_or_fund_revision_features,False,fold_01,999,checkpoint_robust_score,checkpoint,dow30_trend_filter_overlay,Trend Filter Overlay,structured_trend_filter,False,62,5.913572662520594,1.4712339529757141,-0.07294134985558909,11.655737704918034,7.433256446365477,2.684650874012399,-0.012883997680726789,0.04203490395904734,0.005212328090921871,9.81273096640778e-05,0.1571231001723528,-1.519683783844883,-1.2134169210366847,1.519683783844883,1.2134169210366847,False,False,0.4838709677419355
base_macro_analyst_or_fund_revision_features__fold_02__seed123,base_macro_analyst_or_fund_revision_features,analyst_or_fund_revision_features,False,fold_02,123,checkpoint_robust_score,checkpoint,dow30_equal_weight_rebalance_matched,Equal Weight Rebalance Matched,passive_rebalanced,True,64,1.698859910442363,0.7804815333539902,-0.029849389356136458,6.349206349206349,4.151995687307863,1.5240847465316727,-0.02597669502770339,0.0026979915686282828,0.00034534292078442023,-0.00029429207142138436,-1.5502602669282532,-2.4531357768655004,-0.7436032131776825,2.4531357768655004,0.7436032131776825,False,False,0.453125
base_macro_analyst_or_fund_revision_features__fold_02__seed123,base_macro_analyst_or_fund_revision_features,analyst_or_fund_revision_features,False,fold_02,123,checkpoint_robust_score,checkpoint,dow30_equal_weight_vol_target,Equal Weight Vol Target,structured_risk_control,False,64,1.698859910442363,0.7804815333539902,-0.029849389356136458,6.349206349206349,3.6605524051908533,1.371657811116517,-0.025976695027702945,0.004567654857737278,0.0005846598217903716,-0.0002258115493063372,-1.2871165949787593,-1.9616924947484904,-0.5911762777625268,1.9616924947484904,0.5911762777625268,False,False,0.484375
base_macro_analyst_or_fund_revision_features__fold_02__seed123,base_macro_analyst_or_fund_revision_features,analyst_or_fund_revision_features,False,fold_02,123,checkpoint_robust_score,checkpoint,dow30_market_proxy_buy_hold,Market Proxy Buy and Hold,passive_buy_hold,False,64,1.698859910442363,0.7804815333539902,-0.029849389356136458,6.349206349206349,3.456395280890856,1.3180221991745606,-0.030684356573299265,0.0,0.0,-0.00020870635565855482,-1.1161888655018812,-1.757535370448493,-0.5375406658205705,1.757535370448493,0.5375406658205705,False,False,0.453125
base_macro_analyst_or_fund_revision_features__fold_02__seed123,base_macro_analyst_or_fund_revision_features,analyst_or_fund_revision_features,False,fold_02,123,checkpoint_robust_score,checkpoint,dow30_trend_filter_overlay,Trend Filter Overlay,structured_trend_filter,False,64,1.698859910442363,0.7804815333539902,-0.029849389356136458,6.349206349206349,-3.6588089722012884,-2.402093570485383,-0.04670196791037706,0.07169711325138103,0.009177230496176771,0.0008544323576843815,2.901704247361959,5.357668882643651,3.1825751038393735,-5.357668882643651,-3.1825751038393735,True,True,0.546875
base_macro_analyst_or_fund_revision_features__fold_02__seed42,base_macro_analyst_or_fund_revision_features,analyst_or_fund_revision_features,False,fold_02,42,checkpoint_robust_score,checkpoint,dow30_equal_weight_rebalance_matched,Equal Weight Rebalance Matched,passive_rebalanced,True,64,2.2620745585288926,0.9867204236471179,-0.023768940728517873,11.11111111111111,4.151995687307863,1.5240847465316727,-0.02597669502770339,0.0026979915686282828,0.00034534292078442023,-0.00020670127388258355,-1.468563261318011,-1.8899211287789708,-0.5373643228845548,1.8899211287789708,0.5373643228845548,False,False,0.5
base_macro_analyst_or_fund_revision_features__fold_02__seed42,base_macro_analyst_or_fund_revision_features,analyst_or_fund_revision_features,False,fold_02,42,checkpoint_robust_score,checkpoint,dow30_equal_weight_vol_target,Equal Weight Vol Target,structured_risk_control,False,64,2.2620745585288926,0.9867204236471179,-0.023768940728517873,11.11111111111111,3.6605524051908533,1.371657811116517,-0.025976695027702945,0.004567654857737278,0.0005846598217903716,-0.00013822075176753634,-1.067195299074279,-1.3984778466619607,-0.3849373874693991,1.3984778466619607,0.3849373874693991,False,False,0.53125
base_macro_analyst_or_fund_revision_features__fold_02__seed42,base_macro_analyst_or_fund_revision_features,analyst_or_fund_revision_features,False,fold_02,42,checkpoint_robust_score,checkpoint,dow30_market_proxy_buy_hold,Market Proxy Buy and Hold,passive_buy_hold,False,64,2.2620745585288926,0.9867204236471179,-0.023768940728517873,11.11111111111111,3.456395280890856,1.3180221991745606,-0.030684356573299265,0.0,0.0,-0.00012111555811975395,-0.8490196836410585,-1.1943207223619634,-0.3313017755274428,1.1943207223619634,0.3313017755274428,False,False,0.546875
base_macro_analyst_or_fund_revision_features__fold_02__seed42,base_macro_analyst_or_fund_revision_features,analyst_or_fund_revision_features,False,fold_02,42,checkpoint_robust_score,checkpoint,dow30_trend_filter_overlay,Trend Filter Overlay,structured_trend_filter,False,64,2.2620745585288926,0.9867204236471179,-0.023768940728517873,11.11111111111111,-3.6588089722012884,-2.402093570485383,-0.04670196791037706,0.07169711325138103,0.009177230496176771,0.0009420231552231823,3.317592071167301,5.9208835307301815,3.388813994132501,-5.9208835307301815,-3.388813994132501,True,True,0.625
base_macro_analyst_or_fund_revision_features__fold_02__seed999,base_macro_analyst_or_fund_revision_features,analyst_or_fund_revision_features,False,fold_02,999,checkpoint_robust_score,checkpoint,dow30_equal_weight_rebalance_matched,Equal Weight Rebalance Matched,passive_rebalanced,True,64,-1.2237891450963434,-0.49974680297272156,-0.037019395512954745,14.293650793650794,4.151995687307863,1.5240847465316727,-0.02597669502770339,0.0026979915686282828,0.00034534292078442023,-0.000750353595860719,-4.885846441243,-5.375784832404207,-2.0238315495043944,5.375784832404207,2.0238315495043944,False,False,0.359375
base_macro_analyst_or_fund_revision_features__fold_02__seed999,base_macro_analyst_or_fund_revision_features,analyst_or_fund_revision_features,False,fold_02,999,checkpoint_robust_score,checkpoint,dow30_equal_weight_vol_target,Equal Weight Vol Target,structured_risk_control,False,64,-1.2237891450963434,-0.49974680297272156,-0.037019395512954745,14.293650793650794,3.6605524051908533,1.371657811116517,-0.025976695027702945,0.004567654857737278,0.0005846598217903716,-0.0006818730737456718,-4.822084316520682,-4.884341550287196,-1.8714046140892386,4.884341550287196,1.8714046140892386,False,False,0.375
base_macro_analyst_or_fund_revision_features__fold_02__seed999,base_macro_analyst_or_fund_revision_features,analyst_or_fund_revision_features,False,fold_02,999,checkpoint_robust_score,checkpoint,dow30_market_proxy_buy_hold,Market Proxy Buy and Hold,passive_buy_hold,False,64,-1.2237891450963434,-0.49974680297272156,-0.037019395512954745,14.293650793650794,3.456395280890856,1.3180221991745606,-0.030684356573299265,0.0,0.0,-0.0006647678800978893,-4.233162149558262,-4.6801844259872,-1.817769002147282,4.6801844259872,1.817769002147282,False,False,0.4375
base_macro_analyst_or_fund_revision_features__fold_02__seed999,base_macro_analyst_or_fund_revision_features,analyst_or_fund_revision_features,False,fold_02,999,checkpoint_robust_score,checkpoint,dow30_trend_filter_overlay,Trend Filter Overlay,structured_trend_filter,False,64,-1.2237891450963434,-0.49974680297272156,-0.037019395512954745,14.293650793650794,-3.6588089722012884,-2.402093570485383,-0.04670196791037706,0.07169711325138103,0.009177230496176771,0.00039837083324504685,1.4786173815408892,2.435019827104945,1.9023467675126615,-2.435019827104945,-1.9023467675126615,True,True,0.5
base_macro_analyst_or_fund_revision_features__fold_03__seed123,base_macro_analyst_or_fund_revision_features,analyst_or_fund_revision_features,False,fold_03,123,checkpoint_robust_score,best_model,dow30_equal_weight_rebalance_matched,Equal Weight Rebalance Matched,passive_rebalanced,True,62,2.9906476370869184,1.5398311878180826,-0.03498285985516747,9.131147540983607,5.669794204618395,4.067408498743239,-0.02392067092113981,0.0027503027692098404,0.00034103754338202013,-0.00048181069963208447,-3.2013636299652823,-2.6791465675314763,-2.5275773109251567,2.6791465675314763,2.5275773109251567,False,False,0.46774193548387094
base_macro_analyst_or_fund_revision_features__fold_03__seed123,base_macro_analyst_or_fund_revision_features,analyst_or_fund_revision_features,False,fold_03,123,checkpoint_robust_score,best_model,dow30_equal_weight_vol_target,Equal Weight Vol Target,structured_risk_control,False,62,2.9906476370869184,1.5398311878180826,-0.03498285985516747,9.131147540983607,5.669794204618328,4.067408498743239,-0.02392067092114003,0.0027503027692098404,0.00034103754338202013,-0.00048181069963208447,-3.2013636299652823,-2.6791465675314097,-2.5275773109251567,2.6791465675314097,2.5275773109251567,False,False,0.46774193548387094
base_macro_analyst_or_fund_revision_features__fold_03__seed123,base_macro_analyst_or_fund_revision_features,analyst_or_fund_revision_features,False,fold_03,123,checkpoint_robust_score,best_model,dow30_market_proxy_buy_hold,Market Proxy Buy and Hold,passive_buy_hold,False,62,2.9906476370869184,1.5398311878180826,-0.03498285985516747,9.131147540983607,7.090829156741729,5.0924005668221675,-0.019717038313999402,0.0,0.0,-0.0007135233665570315,-4.681721100033326,-4.100181519654811,-3.552569379004085,4.100181519654811,3.552569379004085,False,False,0.3870967741935484
base_macro_analyst_or_fund_revision_features__fold_03__seed123,base_macro_analyst_or_fund_revision_features,analyst_or_fund_revision_features,False,fold_03,123,checkpoint_robust_score,best_model,dow30_trend_filter_overlay,Trend Filter Overlay,structured_trend_filter,False,62,2.9906476370869184,1.5398311878180826,-0.03498285985516747,9.131147540983607,5.430501666668519,4.038401449403397,-0.02014071492773184,0.01047047091243348,0.0012983383931417516,-0.00044476964444684097,-2.574280130434594,-2.4398540295816007,-2.4985702615853143,2.4398540295816007,2.4985702615853143,False,False,0.45161290322580644
base_macro_analyst_or_fund_revision_features__fold_03__seed42,base_macro_analyst_or_fund_revision_features,analyst_or_fund_revision_features,False,fold_03,42,checkpoint_robust_score,best_model,dow30_equal_weight_rebalance_matched,Equal Weight Rebalance Matched,passive_rebalanced,True,62,1.4865944647850737,0.782892518231844,-0.041262545483680135,9.836065573770492,5.669794204618395,4.067408498743239,-0.02392067092113981,0.0027503027692098404,0.00034103754338202013,-0.0007188940258834633,-4.6786553312253,-4.183199739833321,-3.284515980511395,4.183199739833321,3.284515980511395,False,False,0.4032258064516129
base_macro_analyst_or_fund_revision_features__fold_03__seed42,base_macro_analyst_or_fund_revision_features,analyst_or_fund_revision_features,False,fold_03,42,checkpoint_robust_score,best_model,dow30_equal_weight_vol_target,Equal Weight Vol Target,structured_risk_control,False,62,1.4865944647850737,0.782892518231844,-0.041262545483680135,9.836065573770492,5.669794204618328,4.067408498743239,-0.02392067092114003,0.0027503027692098404,0.00034103754338202013,-0.0007188940258834633,-4.6786553312253,-4.183199739833254,-3.284515980511395,4.183199739833254,3.284515980511395,False,False,0.4032258064516129
base_macro_analyst_or_fund_revision_features__fold_03__seed42,base_macro_analyst_or_fund_revision_features,analyst_or_fund_revision_features,False,fold_03,42,checkpoint_robust_score,best_model,dow30_market_proxy_buy_hold,Market Proxy Buy and Hold,passive_buy_hold,False,62,1.4865944647850737,0.782892518231844,-0.041262545483680135,9.836065573770492,7.090829156741729,5.0924005668221675,-0.019717038313999402,0.0,0.0,-0.0009506066928084104,-6.057219777759278,-5.6042346919566555,-4.309508048590324,5.6042346919566555,4.309508048590324,False,False,0.27419354838709675
base_macro_analyst_or_fund_revision_features__fold_03__seed42,base_macro_analyst_or_fund_revision_features,analyst_or_fund_revision_features,False,fold_03,42,checkpoint_robust_score,best_model,dow30_trend_filter_overlay,Trend Filter Overlay,structured_trend_filter,False,62,1.4865944647850737,0.782892518231844,-0.041262545483680135,9.836065573770492,5.430501666668519,4.038401449403397,-0.02014071492773184,0.01047047091243348,0.0012983383931417516,-0.0006818529706982199,-3.779904823211742,-3.9439072018834453,-3.2555089311715526,3.9439072018834453,3.2555089311715526,False,False,0.3709677419354839
base_macro_analyst_or_fund_revision_features__fold_03__seed999,base_macro_analyst_or_fund_revision_features,analyst_or_fund_revision_features,False,fold_03,999,checkpoint_robust_score,checkpoint,dow30_equal_weight_rebalance_matched,Equal Weight Rebalance Matched,passive_rebalanced,True,62,3.850173560758252,1.9225064808503658,-0.040047208828834946,9.836065573770492,5.669794204618395,4.067408498743239,-0.02392067092113981,0.0027503027692098404,0.00034103754338202013,-0.00034712169593544863,-2.164759261669501,-1.8196206438601426,-2.144902017892873,1.8196206438601426,2.144902017892873,False,False,0.46774193548387094
base_macro_analyst_or_fund_revision_features__fold_03__seed999,base_macro_analyst_or_fund_revision_features,analyst_or_fund_revision_features,False,fold_03,999,checkpoint_robust_score,checkpoint,dow30_equal_weight_vol_target,Equal Weight Vol Target,structured_risk_control,False,62,3.850173560758252,1.9225064808503658,-0.040047208828834946,9.836065573770492,5.669794204618328,4.067408498743239,-0.02392067092114003,0.0027503027692098404,0.00034103754338202013,-0.00034712169593544863,-2.164759261669501,-1.819620643860076,-2.144902017892873,1.819620643860076,2.144902017892873,False,False,0.46774193548387094
base_macro_analyst_or_fund_revision_features__fold_03__seed999,base_macro_analyst_or_fund_revision_features,analyst_or_fund_revision_features,False,fold_03,999,checkpoint_robust_score,checkpoint,dow30_market_proxy_buy_hold,Market Proxy Buy and Hold,passive_buy_hold,False,62,3.850173560758252,1.9225064808503658,-0.040047208828834946,9.836065573770492,7.090829156741729,5.0924005668221675,-0.019717038313999402,0.0,0.0,-0.0005788343628603956,-3.4582040761090056,-3.240655595983477,-3.1698940859718014,3.240655595983477,3.1698940859718014,False,False,0.43548387096774194
base_macro_analyst_or_fund_revision_features__fold_03__seed999,base_macro_analyst_or_fund_revision_features,analyst_or_fund_revision_features,False,fold_03,999,checkpoint_robust_score,checkpoint,dow30_trend_filter_overlay,Trend Filter Overlay,structured_trend_filter,False,62,3.850173560758252,1.9225064808503658,-0.040047208828834946,9.836065573770492,5.430501666668519,4.038401449403397,-0.02014071492773184,0.01047047091243348,0.0012983383931417516,-0.00031008064075020513,-1.6924475213504842,-1.580328105910267,-2.1158949685530306,1.580328105910267,2.1158949685530306,False,False,0.46774193548387094
base_macro_analyst_or_fund_revision_features__fold_04__seed123,base_macro_analyst_or_fund_revision_features,analyst_or_fund_revision_features,False,fold_04,123,checkpoint_robust_score,checkpoint,dow30_equal_weight_rebalance_matched,Equal Weight Rebalance Matched,passive_rebalanced,True,64,9.938223481943709,5.735075018328072,-0.02171965774653184,14.579365079365079,6.184681554026161,3.7725813323448136,-0.01927595496702894,0.002957974327769496,0.00037862071395449554,0.0005106853922330462,3.8161153735646782,3.7535419279175475,1.962493685983258,-3.7535419279175475,-1.962493685983258,True,True,0.5625
base_macro_analyst_or_fund_revision_features__fold_04__seed123,base_macro_analyst_or_fund_revision_features,analyst_or_fund_revision_features,False,fold_04,123,checkpoint_robust_score,checkpoint,dow30_equal_weight_vol_target,Equal Weight Vol Target,structured_risk_control,False,64,9.938223481943709,5.735075018328072,-0.02171965774653184,14.579365079365079,6.1846815540261835,3.7725813323448136,-0.019275954967028608,0.002957974327769496,0.00037862071395449554,0.0005106853922330462,3.8161153735646782,3.7535419279175253,1.962493685983258,-3.7535419279175253,-1.962493685983258,True,True,0.5625
base_macro_analyst_or_fund_revision_features__fold_04__seed123,base_macro_analyst_or_fund_revision_features,analyst_or_fund_revision_features,False,fold_04,123,checkpoint_robust_score,checkpoint,dow30_market_proxy_buy_hold,Market Proxy Buy and Hold,passive_buy_hold,False,64,9.938223481943709,5.735075018328072,-0.02171965774653184,14.579365079365079,6.20188260241985,3.7252263573194626,-0.019446289183368548,0.0,0.0,0.00048740392720305573,3.8143090035855867,3.7363408795238584,2.009848661008609,-3.7363408795238584,-2.009848661008609,True,True,0.59375
base_macro_analyst_or_fund_revision_features__fold_04__seed123,base_macro_analyst_or_fund_revision_features,analyst_or_fund_revision_features,False,fold_04,123,checkpoint_robust_score,checkpoint,dow30_trend_filter_overlay,Trend Filter Overlay,structured_trend_filter,False,64,9.938223481943709,5.735075018328072,-0.02171965774653184,14.579365079365079,5.131620620692834,3.318101063173315,-0.01927595496702883,0.03370674236244743,0.004314463022393271,0.0006673008069256994,4.502313241723005,4.806602861250875,2.4169739551547567,-4.806602861250875,-2.4169739551547567,True,True,0.59375
base_macro_analyst_or_fund_revision_features__fold_04__seed42,base_macro_analyst_or_fund_revision_features,analyst_or_fund_revision_features,False,fold_04,42,checkpoint_robust_score,checkpoint,dow30_equal_weight_rebalance_matched,Equal Weight Rebalance Matched,passive_rebalanced,True,64,11.248732280407946,5.552818467566703,-0.02333605876637901,19.134920634920636,6.184681554026161,3.7725813323448136,-0.01927595496702894,0.002957974327769496,0.00037862071395449554,0.0006991012020974255,3.033844665326788,5.064050726381785,1.7802371352218893,-5.064050726381785,-1.7802371352218893,True,True,0.5625
base_macro_analyst_or_fund_revision_features__fold_04__seed42,base_macro_analyst_or_fund_revision_features,analyst_or_fund_revision_features,False,fold_04,42,checkpoint_robust_score,checkpoint,dow30_equal_weight_vol_target,Equal Weight Vol Target,structured_risk_control,False,64,11.248732280407946,5.552818467566703,-0.02333605876637901,19.134920634920636,6.1846815540261835,3.7725813323448136,-0.019275954967028608,0.002957974327769496,0.00037862071395449554,0.0006991012020974255,3.033844665326788,5.064050726381763,1.7802371352218893,-5.064050726381763,-1.7802371352218893,True,True,0.5625
base_macro_analyst_or_fund_revision_features__fold_04__seed42,base_macro_analyst_or_fund_revision_features,analyst_or_fund_revision_features,False,fold_04,42,checkpoint_robust_score,checkpoint,dow30_market_proxy_buy_hold,Market Proxy Buy and Hold,passive_buy_hold,False,64,11.248732280407946,5.552818467566703,-0.02333605876637901,19.134920634920636,6.20188260241985,3.7252263573194626,-0.019446289183368548,0.0,0.0,0.0006758197370674351,2.8752276197209414,5.046849677988096,1.8275921102472403,-5.046849677988096,-1.8275921102472403,True,True,0.59375
base_macro_analyst_or_fund_revision_features__fold_04__seed42,base_macro_analyst_or_fund_revision_features,analyst_or_fund_revision_features,False,fold_04,42,checkpoint_robust_score,checkpoint,dow30_trend_filter_overlay,Trend Filter Overlay,structured_trend_filter,False,64,11.248732280407946,5.552818467566703,-0.02333605876637901,19.134920634920636,5.131620620692834,3.318101063173315,-0.01927595496702883,0.03370674236244743,0.004314463022393271,0.0008557166167900788,3.6954309121431033,6.117111659715112,2.234717404393388,-6.117111659715112,-2.234717404393388,True,True,0.609375
base_macro_analyst_or_fund_revision_features__fold_04__seed999,base_macro_analyst_or_fund_revision_features,analyst_or_fund_revision_features,False,fold_04,999,checkpoint_robust_score,checkpoint,dow30_equal_weight_rebalance_matched,Equal Weight Rebalance Matched,passive_rebalanced,True,64,8.74504821269304,4.66695254577864,-0.021141346977530673,16.182539682539684,6.184681554026161,3.7725813323448136,-0.01927595496702894,0.002957974327769496,0.00037862071395449554,0.00034152945890591634,2.2401848353672045,2.5603666586668794,0.8943712134338266,-2.5603666586668794,-0.8943712134338266,True,True,0.515625
base_macro_analyst_or_fund_revision_features__fold_04__seed999,base_macro_analyst_or_fund_revision_features,analyst_or_fund_revision_features,False,fold_04,999,checkpoint_robust_score,checkpoint,dow30_equal_weight_vol_target,Equal Weight Vol Target,structured_risk_control,False,64,8.74504821269304,4.66695254577864,-0.021141346977530673,16.182539682539684,6.1846815540261835,3.7725813323448136,-0.019275954967028608,0.002957974327769496,0.00037862071395449554,0.00034152945890591634,2.2401848353672045,2.560366658666857,0.8943712134338266,-2.560366658666857,-0.8943712134338266,True,True,0.515625
base_macro_analyst_or_fund_revision_features__fold_04__seed999,base_macro_analyst_or_fund_revision_features,analyst_or_fund_revision_features,False,fold_04,999,checkpoint_robust_score,checkpoint,dow30_market_proxy_buy_hold,Market Proxy Buy and Hold,passive_buy_hold,False,64,8.74504821269304,4.66695254577864,-0.021141346977530673,16.182539682539684,6.20188260241985,3.7252263573194626,-0.019446289183368548,0.0,0.0,0.0003182479938759259,2.2483384183777173,2.5431656102731903,0.9417261884591777,-2.5431656102731903,-0.9417261884591777,True,True,0.578125
base_macro_analyst_or_fund_revision_features__fold_04__seed999,base_macro_analyst_or_fund_revision_features,analyst_or_fund_revision_features,False,fold_04,999,checkpoint_robust_score,checkpoint,dow30_trend_filter_overlay,Trend Filter Overlay,structured_trend_filter,False,64,8.74504821269304,4.66695254577864,-0.021141346977530673,16.182539682539684,5.131620620692834,3.318101063173315,-0.01927595496702883,0.03370674236244743,0.004314463022393271,0.0004981448735985696,2.8322285036348505,3.613427592000207,1.3488514826053253,-3.613427592000207,-1.3488514826053253,True,True,0.5625
base_macro_analyst_or_fund_revision_features__fold_05__seed123,base_macro_analyst_or_fund_revision_features,analyst_or_fund_revision_features,False,fold_05,123,checkpoint_robust_score,checkpoint,dow30_equal_weight_rebalance_matched,Equal Weight Rebalance Matched,passive_rebalanced,True,61,-4.090927914439179,-0.677580224112837,-0.10238309202255047,15.133333333333333,-2.197904046653143,-0.21102849962765233,-0.1018104651132864,0.004006614550557066,0.000488806975167962,-0.0004115022338705898,-2.835014176309145,-1.8930238677860363,-0.46655172448518467,1.8930238677860363,0.46655172448518467,False,False,0.4262295081967213
base_macro_analyst_or_fund_revision_features__fold_05__seed123,base_macro_analyst_or_fund_revision_features,analyst_or_fund_revision_features,False,fold_05,123,checkpoint_robust_score,checkpoint,dow30_equal_weight_vol_target,Equal Weight Vol Target,structured_risk_control,False,61,-4.090927914439179,-0.677580224112837,-0.10238309202255047,15.133333333333333,-4.085857893203537,-0.7488947456175344,-0.11270866882764441,0.01266255195701421,0.0015448313387557344,-6.483323618290724e-05,-0.23543011762173002,-0.005070021235642486,0.07131452150469741,0.005070021235642486,-0.07131452150469741,False,True,0.5245901639344263
base_macro_analyst_or_fund_revision_features__fold_05__seed123,base_macro_analyst_or_fund_revision_features,analyst_or_fund_revision_features,False,fold_05,123,checkpoint_robust_score,checkpoint,dow30_market_proxy_buy_hold,Market Proxy Buy and Hold,passive_buy_hold,False,61,-4.090927914439179,-0.677580224112837,-0.10238309202255047,15.133333333333333,-0.4746316710954268,0.12153369990283441,-0.09755224538655749,0.0,0.0,-0.0006938087005889065,-3.9946680003623025,-3.6162962433437524,-0.7991139240156715,3.6162962433437524,0.7991139240156715,False,False,0.36065573770491804
base_macro_analyst_or_fund_revision_features__fold_05__seed123,base_macro_analyst_or_fund_revision_features,analyst_or_fund_revision_features,False,fold_05,123,checkpoint_robust_score,checkpoint,dow30_trend_filter_overlay,Trend Filter Overlay,structured_trend_filter,False,61,-4.090927914439179,-0.677580224112837,-0.10238309202255047,15.133333333333333,-5.752357063965241,-1.577648897384811,-0.11597939523583212,0.04285051664656708,0.005227763030881185,0.0002485346314412697,0.3545297690436994,1.6614291495260618,0.900068673271974,-1.6614291495260618,-0.900068673271974,True,True,0.5245901639344263
base_macro_analyst_or_fund_revision_features__fold_05__seed42,base_macro_analyst_or_fund_revision_features,analyst_or_fund_revision_features,False,fold_05,42,checkpoint_robust_score,checkpoint,dow30_equal_weight_rebalance_matched,Equal Weight Rebalance Matched,passive_rebalanced,True,61,-4.364329149822199,-0.7079891558133726,-0.10891577194985214,10.833333333333334,-2.197904046653143,-0.21102849962765233,-0.1018104651132864,0.004006614550557066,0.000488806975167962,-0.0004533580805678844,-2.9265892856602473,-2.166425103169056,-0.4969606561857203,2.166425103169056,0.4969606561857203,False,False,0.4098360655737705
base_macro_analyst_or_fund_revision_features__fold_05__seed42,base_macro_analyst_or_fund_revision_features,analyst_or_fund_revision_features,False,fold_05,42,checkpoint_robust_score,checkpoint,dow30_equal_weight_vol_target,Equal Weight Vol Target,structured_risk_control,False,61,-4.364329149822199,-0.7079891558133726,-0.10891577194985214,10.833333333333334,-4.085857893203537,-0.7488947456175344,-0.11270866882764441,0.01266255195701421,0.0015448313387557344,-0.00010668908288020209,-0.3752367469474981,-0.278471256618662,0.04090558980416181,0.278471256618662,-0.04090558980416181,False,True,0.4426229508196721
base_macro_analyst_or_fund_revision_features__fold_05__seed42,base_macro_analyst_or_fund_revision_features,analyst_or_fund_revision_features,False,fold_05,42,checkpoint_robust_score,checkpoint,dow30_market_proxy_buy_hold,Market Proxy Buy and Hold,passive_buy_hold,False,61,-4.364329149822199,-0.7079891558133726,-0.10891577194985214,10.833333333333334,-0.4746316710954268,0.12153369990283441,-0.09755224538655749,0.0,0.0,-0.0007356645472862013,-3.996453817534805,-3.889697478726772,-0.8295228557162071,3.889697478726772,0.8295228557162071,False,False,0.3442622950819672
base_macro_analyst_or_fund_revision_features__fold_05__seed42,base_macro_analyst_or_fund_revision_features,analyst_or_fund_revision_features,False,fold_05,42,checkpoint_robust_score,checkpoint,dow30_trend_filter_overlay,Trend Filter Overlay,structured_trend_filter,False,61,-4.364329149822199,-0.7079891558133726,-0.10891577194985214,10.833333333333334,-5.752357063965241,-1.577648897384811,-0.11597939523583212,0.04285051664656708,0.005227763030881185,0.00020667878474397492,0.2907991698874053,1.3880279141430423,0.8696597415714384,-1.3880279141430423,-0.8696597415714384,True,True,0.47540983606557374
base_macro_analyst_or_fund_revision_features__fold_05__seed999,base_macro_analyst_or_fund_revision_features,analyst_or_fund_revision_features,False,fold_05,999,checkpoint_robust_score,checkpoint,dow30_equal_weight_rebalance_matched,Equal Weight Rebalance Matched,passive_rebalanced,True,61,-7.1987375694097295,-1.2571539974679773,-0.11997360965888848,7.5,-2.197904046653143,-0.21102849962765233,-0.1018104651132864,0.004006614550557066,0.000488806975167962,-0.0009455211255272405,-4.6121228206797165,-5.0008335227565865,-1.046125497840325,5.0008335227565865,1.046125497840325,False,False,0.3770491803278688
base_macro_analyst_or_fund_revision_features__fold_05__seed999,base_macro_analyst_or_fund_revision_features,analyst_or_fund_revision_features,False,fold_05,999,checkpoint_robust_score,checkpoint,dow30_equal_weight_vol_target,Equal Weight Vol Target,structured_risk_control,False,61,-7.1987375694097295,-1.2571539974679773,-0.11997360965888848,7.5,-4.085857893203537,-0.7488947456175344,-0.11270866882764441,0.01266255195701421,0.0015448313387557344,-0.0005988521278395579,-1.827599482476024,-3.1128796762061928,-0.5082592518504429,3.1128796762061928,0.5082592518504429,False,False,0.4426229508196721
base_macro_analyst_or_fund_revision_features__fold_05__seed999,base_macro_analyst_or_fund_revision_features,analyst_or_fund_revision_features,False,fold_05,999,checkpoint_robust_score,checkpoint,dow30_market_proxy_buy_hold,Market Proxy Buy and Hold,passive_buy_hold,False,61,-7.1987375694097295,-1.2571539974679773,-0.11997360965888848,7.5,-0.4746316710954268,0.12153369990283441,-0.09755224538655749,0.0,0.0,-0.0012278275922455563,-5.304297490384761,-6.724105898314303,-1.3786876973708118,6.724105898314303,1.3786876973708118,False,False,0.3442622950819672
base_macro_analyst_or_fund_revision_features__fold_05__seed999,base_macro_analyst_or_fund_revision_features,analyst_or_fund_revision_features,False,fold_05,999,checkpoint_robust_score,checkpoint,dow30_trend_filter_overlay,Trend Filter Overlay,structured_trend_filter,False,61,-7.1987375694097295,-1.2571539974679773,-0.11997360965888848,7.5,-5.752357063965241,-1.577648897384811,-0.11597939523583212,0.04285051664656708,0.005227763030881185,-0.00028548426021538095,-0.3924825537129726,-1.4463805054444885,0.3204948999168338,1.4463805054444885,-0.3204948999168338,False,True,0.45901639344262296
base_macro_analyst_or_fund_revision_features__fold_06__seed123,base_macro_analyst_or_fund_revision_features,analyst_or_fund_revision_features,False,fold_06,123,checkpoint_robust_score,checkpoint,dow30_equal_weight_rebalance_matched,Equal Weight Rebalance Matched,passive_rebalanced,True,64,9.795061849003206,4.734247672326827,-0.01597722943873925,11.555555555555555,10.668136048268352,5.988361923127513,-0.013054279731453344,0.0034908641737591735,0.00044683061424117426,-0.00025817153984932244,-1.323429686859647,-0.8730741992651456,-1.2541142508006864,0.8730741992651456,1.2541142508006864,False,False,0.484375
base_macro_analyst_or_fund_revision_features__fold_06__seed123,base_macro_analyst_or_fund_revision_features,analyst_or_fund_revision_features,False,fold_06,123,checkpoint_robust_score,checkpoint,dow30_equal_weight_vol_target,Equal Weight Vol Target,structured_risk_control,False,64,9.795061849003206,4.734247672326827,-0.01597722943873925,11.555555555555555,10.668136048268352,5.988361923127513,-0.013054279731453344,0.0034908641737591735,0.00044683061424117426,-0.00025817153984932244,-1.323429686859647,-0.8730741992651456,-1.2541142508006864,0.8730741992651456,1.2541142508006864,False,False,0.484375
base_macro_analyst_or_fund_revision_features__fold_06__seed123,base_macro_analyst_or_fund_revision_features,analyst_or_fund_revision_features,False,fold_06,123,checkpoint_robust_score,checkpoint,dow30_market_proxy_buy_hold,Market Proxy Buy and Hold,passive_buy_hold,False,64,9.795061849003206,4.734247672326827,-0.01597722943873925,11.555555555555555,11.78157859623341,5.896917354429322,-0.018542858767121806,0.0,0.0,-0.0004081255934944854,-2.260042615131211,-1.9865167472302048,-1.1626696821024947,1.9865167472302048,1.1626696821024947,False,False,0.453125
base_macro_analyst_or_fund_revision_features__fold_06__seed123,base_macro_analyst_or_fund_revision_features,analyst_or_fund_revision_features,False,fold_06,123,checkpoint_robust_score,checkpoint,dow30_trend_filter_overlay,Trend Filter Overlay,structured_trend_filter,False,64,9.795061849003206,4.734247672326827,-0.01597722943873925,11.555555555555555,7.95104578543262,4.900669078218845,-0.013054279731453344,0.04227217991615985,0.00541083902926846,0.00014753902067981856,0.7403987603536469,1.844016063570586,-0.16642140589201837,-1.844016063570586,0.16642140589201837,True,False,0.515625
base_macro_analyst_or_fund_revision_features__fold_06__seed42,base_macro_analyst_or_fund_revision_features,analyst_or_fund_revision_features,False,fold_06,42,checkpoint_robust_score,checkpoint,dow30_equal_weight_rebalance_matched,Equal Weight Rebalance Matched,passive_rebalanced,True,64,7.704472738988866,4.934788947314138,-0.015065292742668546,26.99206349206349,10.668136048268352,5.988361923127513,-0.013054279731453344,0.0034908641737591735,0.00044683061424117426,-0.0005641086372417336,-2.9968695086056,-2.963663309279486,-1.053572975813375,2.963663309279486,1.053572975813375,False,False,0.4375
base_macro_analyst_or_fund_revision_features__fold_06__seed42,base_macro_analyst_or_fund_revision_features,analyst_or_fund_revision_features,False,fold_06,42,checkpoint_robust_score,checkpoint,dow30_equal_weight_vol_target,Equal Weight Vol Target,structured_risk_control,False,64,7.704472738988866,4.934788947314138,-0.015065292742668546,26.99206349206349,10.668136048268352,5.988361923127513,-0.013054279731453344,0.0034908641737591735,0.00044683061424117426,-0.0005641086372417336,-2.9968695086056,-2.963663309279486,-1.053572975813375,2.963663309279486,1.053572975813375,False,False,0.4375
base_macro_analyst_or_fund_revision_features__fold_06__seed42,base_macro_analyst_or_fund_revision_features,analyst_or_fund_revision_features,False,fold_06,42,checkpoint_robust_score,checkpoint,dow30_market_proxy_buy_hold,Market Proxy Buy and Hold,passive_buy_hold,False,64,7.704472738988866,4.934788947314138,-0.015065292742668546,26.99206349206349,11.78157859623341,5.896917354429322,-0.018542858767121806,0.0,0.0,-0.0007140626908868964,-3.262155588050642,-4.077105857244545,-0.9621284071151832,4.077105857244545,0.9621284071151832,False,False,0.421875
base_macro_analyst_or_fund_revision_features__fold_06__seed42,base_macro_analyst_or_fund_revision_features,analyst_or_fund_revision_features,False,fold_06,42,checkpoint_robust_score,checkpoint,dow30_trend_filter_overlay,Trend Filter Overlay,structured_trend_filter,False,64,7.704472738988866,4.934788947314138,-0.015065292742668546,26.99206349206349,7.95104578543262,4.900669078218845,-0.013054279731453344,0.04227217991615985,0.00541083902926846,-0.0001583980767125924,-0.8956048753895461,-0.24657304644375433,0.034119869095293076,0.24657304644375433,-0.034119869095293076,False,True,0.46875
base_macro_analyst_or_fund_revision_features__fold_06__seed999,base_macro_analyst_or_fund_revision_features,analyst_or_fund_revision_features,False,fold_06,999,checkpoint_robust_score,checkpoint,dow30_equal_weight_rebalance_matched,Equal Weight Rebalance Matched,passive_rebalanced,True,64,8.887770363146586,4.232579222526777,-0.018861578982078187,12.80952380952381,10.668136048268352,5.988361923127513,-0.013054279731453344,0.0034908641737591735,0.00044683061424117426,-0.00038751142806485743,-1.8288524626294431,-1.7803656851217653,-1.7557827006007365,1.7803656851217653,1.7557827006007365,False,False,0.46875
base_macro_analyst_or_fund_revision_features__fold_06__seed999,base_macro_analyst_or_fund_revision_features,analyst_or_fund_revision_features,False,fold_06,999,checkpoint_robust_score,checkpoint,dow30_equal_weight_vol_target,Equal Weight Vol Target,structured_risk_control,False,64,8.887770363146586,4.232579222526777,-0.018861578982078187,12.80952380952381,10.668136048268352,5.988361923127513,-0.013054279731453344,0.0034908641737591735,0.00044683061424117426,-0.00038751142806485743,-1.8288524626294431,-1.7803656851217653,-1.7557827006007365,1.7803656851217653,1.7557827006007365,False,False,0.46875
base_macro_analyst_or_fund_revision_features__fold_06__seed999,base_macro_analyst_or_fund_revision_features,analyst_or_fund_revision_features,False,fold_06,999,checkpoint_robust_score,checkpoint,dow30_market_proxy_buy_hold,Market Proxy Buy and Hold,passive_buy_hold,False,64,8.887770363146586,4.232579222526777,-0.018861578982078187,12.80952380952381,11.78157859623341,5.896917354429322,-0.018542858767121806,0.0,0.0,-0.0005374654817100204,-3.0067772200823932,-2.8938082330868244,-1.6643381319025448,2.8938082330868244,1.6643381319025448,False,False,0.484375
base_macro_analyst_or_fund_revision_features__fold_06__seed999,base_macro_analyst_or_fund_revision_features,analyst_or_fund_revision_features,False,fold_06,999,checkpoint_robust_score,checkpoint,dow30_trend_filter_overlay,Trend Filter Overlay,structured_trend_filter,False,64,8.887770363146586,4.232579222526777,-0.018861578982078187,12.80952380952381,7.95104578543262,4.900669078218845,-0.013054279731453344,0.04227217991615985,0.00541083902926846,1.819913246428362e-05,0.0839096333633092,0.9367245777139663,-0.6680898556920685,-0.9367245777139663,0.6680898556920685,True,False,0.5
base_macro_analyst_or_fund_revision_features__fold_07__seed123,base_macro_analyst_or_fund_revision_features,analyst_or_fund_revision_features,False,fold_07,123,checkpoint_robust_score,best_model,dow30_equal_weight_rebalance_matched,Equal Weight Rebalance Matched,passive_rebalanced,True,62,9.41820117930221,3.631381295504505,-0.029514850326883613,13.114754098360656,12.9682269408677,5.316742554168367,-0.020376675133546573,0.0035299525485280752,0.0004377141160174813,-0.001061563137636589,-3.4771506247343127,-3.5500257615654895,-1.6853612586638618,3.5500257615654895,1.6853612586638618,False,False,0.4838709677419355
base_macro_analyst_or_fund_revision_features__fold_07__seed123,base_macro_analyst_or_fund_revision_features,analyst_or_fund_revision_features,False,fold_07,123,checkpoint_robust_score,best_model,dow30_equal_weight_vol_target,Equal Weight Vol Target,structured_risk_control,False,62,9.41820117930221,3.631381295504505,-0.029514850326883613,13.114754098360656,10.364183539522953,5.034636455621809,-0.020376675133546684,0.00741732551673264,0.0009197483640748474,-0.00041414969253964303,-2.0695379330412296,-0.9459823602207429,-1.4032551601173036,0.9459823602207429,1.4032551601173036,False,False,0.5161290322580645
base_macro_analyst_or_fund_revision_features__fold_07__seed123,base_macro_analyst_or_fund_revision_features,analyst_or_fund_revision_features,False,fold_07,123,checkpoint_robust_score,best_model,dow30_market_proxy_buy_hold,Market Proxy Buy and Hold,passive_buy_hold,False,62,9.41820117930221,3.631381295504505,-0.029514850326883613,13.114754098360656,13.516477013708595,4.980269894120438,-0.024726167559160017,0.0,0.0,-0.0011793685614804354,-3.4359226639907474,-4.098275834406385,-1.348888598615933,4.098275834406385,1.348888598615933,False,False,0.4838709677419355
base_macro_analyst_or_fund_revision_features__fold_07__seed123,base_macro_analyst_or_fund_revision_features,analyst_or_fund_revision_features,False,fold_07,123,checkpoint_robust_score,best_model,dow30_trend_filter_overlay,Trend Filter Overlay,structured_trend_filter,False,62,9.41820117930221,3.631381295504505,-0.029514850326883613,13.114754098360656,10.408564075755056,4.048677811968784,-0.020376675133546684,0.011188886994545285,0.0013874219873236155,-0.00014493519553879399,-1.0212272535512137,-0.9903628964528455,-0.41729651646427923,0.9903628964528455,0.41729651646427923,False,False,0.5645161290322581
base_macro_analyst_or_fund_revision_features__fold_07__seed42,base_macro_analyst_or_fund_revision_features,analyst_or_fund_revision_features,False,fold_07,42,checkpoint_robust_score,best_model,dow30_equal_weight_rebalance_matched,Equal Weight Rebalance Matched,passive_rebalanced,True,62,10.517554834654241,3.3217673603666094,-0.03482188311054657,9.836065573770492,12.9682269408677,5.316742554168367,-0.020376675133546573,0.0035299525485280752,0.0004377141160174813,-0.0008898969437558042,-2.69993224225071,-2.4506721062134584,-1.9949751938017575,2.4506721062134584,1.9949751938017575,False,False,0.5161290322580645
base_macro_analyst_or_fund_revision_features__fold_07__seed42,base_macro_analyst_or_fund_revision_features,analyst_or_fund_revision_features,False,fold_07,42,checkpoint_robust_score,best_model,dow30_equal_weight_vol_target,Equal Weight Vol Target,structured_risk_control,False,62,10.517554834654241,3.3217673603666094,-0.03482188311054657,9.836065573770492,10.364183539522953,5.034636455621809,-0.020376675133546684,0.00741732551673264,0.0009197483640748474,-0.00024248349865885847,-0.9066942712812962,0.15337129513128822,-1.7128690952551993,-0.15337129513128822,1.7128690952551993,True,False,0.5483870967741935
base_macro_analyst_or_fund_revision_features__fold_07__seed42,base_macro_analyst_or_fund_revision_features,analyst_or_fund_revision_features,False,fold_07,42,checkpoint_robust_score,best_model,dow30_market_proxy_buy_hold,Market Proxy Buy and Hold,passive_buy_hold,False,62,10.517554834654241,3.3217673603666094,-0.03482188311054657,9.836065573770492,13.516477013708595,4.980269894120438,-0.024726167559160017,0.0,0.0,-0.0010077023675996507,-2.9281726146994447,-2.998922179054354,-1.6585025337538286,2.998922179054354,1.6585025337538286,False,False,0.5161290322580645
base_macro_analyst_or_fund_revision_features__fold_07__seed42,base_macro_analyst_or_fund_revision_features,analyst_or_fund_revision_features,False,fold_07,42,checkpoint_robust_score,best_model,dow30_trend_filter_overlay,Trend Filter Overlay,structured_trend_filter,False,62,10.517554834654241,3.3217673603666094,-0.03482188311054657,9.836065573770492,10.408564075755056,4.048677811968784,-0.020376675133546684,0.011188886994545285,0.0013874219873236155,2.6730998341990626e-05,0.14591201885386826,0.10899075889918564,-0.7269104516021749,-0.10899075889918564,0.7269104516021749,True,False,0.5806451612903226
base_macro_analyst_or_fund_revision_features__fold_07__seed999,base_macro_analyst_or_fund_revision_features,analyst_or_fund_revision_features,False,fold_07,999,checkpoint_robust_score,checkpoint,dow30_equal_weight_rebalance_matched,Equal Weight Rebalance Matched,passive_rebalanced,True,62,5.924462376200479,2.6423575813320186,-0.02144537907644939,8.032786885245901,12.9682269408677,5.316742554168367,-0.020376675133546573,0.0035299525485280752,0.0004377141160174813,-0.0015902256800147086,-4.723013094754166,-7.043764564667221,-2.6743849728363482,7.043764564667221,2.6743849728363482,False,False,0.3548387096774194
base_macro_analyst_or_fund_revision_features__fold_07__seed999,base_macro_analyst_or_fund_revision_features,analyst_or_fund_revision_features,False,fold_07,999,checkpoint_robust_score,checkpoint,dow30_equal_weight_vol_target,Equal Weight Vol Target,structured_risk_control,False,62,5.924462376200479,2.6423575813320186,-0.02144537907644939,8.032786885245901,10.364183539522953,5.034636455621809,-0.020376675133546684,0.00741732551673264,0.0009197483640748474,-0.0009428122349177628,-4.168993720811198,-4.439721163322474,-2.39227887428979,4.439721163322474,2.39227887428979,False,False,0.3387096774193548
base_macro_analyst_or_fund_revision_features__fold_07__seed999,base_macro_analyst_or_fund_revision_features,analyst_or_fund_revision_features,False,fold_07,999,checkpoint_robust_score,checkpoint,dow30_market_proxy_buy_hold,Market Proxy Buy and Hold,passive_buy_hold,False,62,5.924462376200479,2.6423575813320186,-0.02144537907644939,8.032786885245901,13.516477013708595,4.980269894120438,-0.024726167559160017,0.0,0.0,-0.0017080311038585548,-4.406021331405822,-7.592014637508116,-2.3379123127884194,7.592014637508116,2.3379123127884194,False,False,0.3870967741935484
base_macro_analyst_or_fund_revision_features__fold_07__seed999,base_macro_analyst_or_fund_revision_features,analyst_or_fund_revision_features,False,fold_07,999,checkpoint_robust_score,checkpoint,dow30_trend_filter_overlay,Trend Filter Overlay,structured_trend_filter,False,62,5.924462376200479,2.6423575813320186,-0.02144537907644939,8.032786885245901,10.408564075755056,4.048677811968784,-0.020376675133546684,0.011188886994545285,0.0013874219873236155,-0.0006735977379169136,-3.318701158961868,-4.484101699554577,-1.4063202306367657,4.484101699554577,1.4063202306367657,False,False,0.4032258064516129
base_macro_analyst_or_fund_revision_features__fold_08__seed123,base_macro_analyst_or_fund_revision_features,analyst_or_fund_revision_features,False,fold_08,123,checkpoint_robust_score,checkpoint,dow30_equal_weight_rebalance_matched,Equal Weight Rebalance Matched,passive_rebalanced,True,64,-3.4982751875713203,-0.8544175584002529,-0.06429030346438525,14.444444444444445,-2.190403319732037,-0.5990153921314147,-0.057323168468871866,0.003868327643184435,0.0004951459383276077,-0.00016787546706738732,-1.1414953222490505,-1.307871867839283,-0.25540216626883816,1.307871867839283,0.25540216626883816,False,False,0.4375
base_macro_analyst_or_fund_revision_features__fold_08__seed123,base_macro_analyst_or_fund_revision_features,analyst_or_fund_revision_features,False,fold_08,123,checkpoint_robust_score,checkpoint,dow30_equal_weight_vol_target,Equal Weight Vol Target,structured_risk_control,False,64,-3.4982751875713203,-0.8544175584002529,-0.06429030346438525,14.444444444444445,-3.3874261587000354,-1.0224298181033473,-0.05666765101309834,0.008014296642030449,0.0010258299701798974,3.0453232103728545e-05,0.1841204744419486,-0.1108490288712849,0.1680122597030944,0.1108490288712849,-0.1680122597030944,False,True,0.46875
base_macro_analyst_or_fund_revision_features__fold_08__seed123,base_macro_analyst_or_fund_revision_features,analyst_or_fund_revision_features,False,fold_08,123,checkpoint_robust_score,checkpoint,dow30_market_proxy_buy_hold,Market Proxy Buy and Hold,passive_buy_hold,False,64,-3.4982751875713203,-0.8544175584002529,-0.06429030346438525,14.444444444444445,-2.496020260160614,-0.6432292494334115,-0.06879474749546755,0.0,0.0,-0.00013365889607584334,-0.9325757885765393,-1.0022549274107062,-0.21118830896684138,1.0022549274107062,0.21118830896684138,False,False,0.4375
base_macro_analyst_or_fund_revision_features__fold_08__seed123,base_macro_analyst_or_fund_revision_features,analyst_or_fund_revision_features,False,fold_08,123,checkpoint_robust_score,checkpoint,dow30_trend_filter_overlay,Trend Filter Overlay,structured_trend_filter,False,64,-3.4982751875713203,-0.8544175584002529,-0.06429030346438525,14.444444444444445,-2.3697757991338553,-1.3329469349418939,-0.040772358223871596,0.04135129051360751,0.005292965185741761,-0.00010911317693994651,-0.20922136365688077,-1.128499388437465,0.47852937654164096,1.128499388437465,-0.47852937654164096,False,True,0.46875
base_macro_analyst_or_fund_revision_features__fold_08__seed42,base_macro_analyst_or_fund_revision_features,analyst_or_fund_revision_features,False,fold_08,42,checkpoint_robust_score,checkpoint,dow30_equal_weight_rebalance_matched,Equal Weight Rebalance Matched,passive_rebalanced,True,64,-4.3925579287857115,-0.9993779764698938,-0.0761791541818333,11.11111111111111,-2.190403319732037,-0.5990153921314147,-0.057323168468871866,0.003868327643184435,0.0004951459383276077,-0.0003052079221725531,-1.881217656060035,-2.2021546090536743,-0.40036258433847904,2.2021546090536743,0.40036258433847904,False,False,0.453125
base_macro_analyst_or_fund_revision_features__fold_08__seed42,base_macro_analyst_or_fund_revision_features,analyst_or_fund_revision_features,False,fold_08,42,checkpoint_robust_score,checkpoint,dow30_equal_weight_vol_target,Equal Weight Vol Target,structured_risk_control,False,64,-4.3925579287857115,-0.9993779764698938,-0.0761791541818333,11.11111111111111,-3.3874261587000354,-1.0224298181033473,-0.05666765101309834,0.008014296642030449,0.0010258299701798974,-0.00010687922300143719,-0.5511015469981532,-1.0051317700856761,0.02305184163345353,1.0051317700856761,-0.02305184163345353,False,True,0.5
base_macro_analyst_or_fund_revision_features__fold_08__seed42,base_macro_analyst_or_fund_revision_features,analyst_or_fund_revision_features,False,fold_08,42,checkpoint_robust_score,checkpoint,dow30_market_proxy_buy_hold,Market Proxy Buy and Hold,passive_buy_hold,False,64,-4.3925579287857115,-0.9993779764698938,-0.0761791541818333,11.11111111111111,-2.496020260160614,-0.6432292494334115,-0.06879474749546755,0.0,0.0,-0.0002709913511810091,-1.3980400245713487,-1.8965376686250974,-0.35614872703648226,1.8965376686250974,0.35614872703648226,False,False,0.484375
base_macro_analyst_or_fund_revision_features__fold_08__seed42,base_macro_analyst_or_fund_revision_features,analyst_or_fund_revision_features,False,fold_08,42,checkpoint_robust_score,checkpoint,dow30_trend_filter_overlay,Trend Filter Overlay,structured_trend_filter,False,64,-4.3925579287857115,-0.9993779764698938,-0.0761791541818333,11.11111111111111,-2.3697757991338553,-1.3329469349418939,-0.040772358223871596,0.04135129051360751,0.005292965185741761,-0.0002464456320451123,-0.4447100233172396,-2.022782129651856,0.3335689584720001,2.022782129651856,-0.3335689584720001,False,True,0.578125
base_macro_analyst_or_fund_revision_features__fold_08__seed999,base_macro_analyst_or_fund_revision_features,analyst_or_fund_revision_features,False,fold_08,999,checkpoint_robust_score,checkpoint,dow30_equal_weight_rebalance_matched,Equal Weight Rebalance Matched,passive_rebalanced,True,64,-1.9507330120849153,-0.45671340902417135,-0.053399644808851066,17.50793650793651,-2.190403319732037,-0.5990153921314147,-0.057323168468871866,0.003868327643184435,0.0004951459383276077,7.797682815733017e-05,0.39848872660553203,0.23967030764712183,0.1423019831072434,-0.23967030764712183,-0.1423019831072434,True,True,0.53125
base_macro_analyst_or_fund_revision_features__fold_08__seed999,base_macro_analyst_or_fund_revision_features,analyst_or_fund_revision_features,False,fold_08,999,checkpoint_robust_score,checkpoint,dow30_equal_weight_vol_target,Equal Weight Vol Target,structured_risk_control,False,64,-1.9507330120849153,-0.45671340902417135,-0.053399644808851066,17.50793650793651,-3.3874261587000354,-1.0224298181033473,-0.05666765101309834,0.008014296642030449,0.0010258299701798974,0.00027630552732844606,1.353765353541915,1.43669314661512,0.565716409079176,-1.43669314661512,-0.565716409079176,True,True,0.59375
base_macro_analyst_or_fund_revision_features__fold_08__seed999,base_macro_analyst_or_fund_revision_features,analyst_or_fund_revision_features,False,fold_08,999,checkpoint_robust_score,checkpoint,dow30_market_proxy_buy_hold,Market Proxy Buy and Hold,passive_buy_hold,False,64,-1.9507330120849153,-0.45671340902417135,-0.053399644808851066,17.50793650793651,-2.496020260160614,-0.6432292494334115,-0.06879474749546755,0.0,0.0,0.00011219339914887411,0.5658920172918486,0.5452872480756987,0.18651584040924019,-0.5452872480756987,-0.18651584040924019,True,True,0.546875
base_macro_analyst_or_fund_revision_features__fold_08__seed999,base_macro_analyst_or_fund_revision_features,analyst_or_fund_revision_features,False,fold_08,999,checkpoint_robust_score,checkpoint,dow30_trend_filter_overlay,Trend Filter Overlay,structured_trend_filter,False,64,-1.9507330120849153,-0.45671340902417135,-0.053399644808851066,17.50793650793651,-2.3697757991338553,-1.3329469349418939,-0.040772358223871596,0.04135129051360751,0.005292965185741761,0.000136739118284771,0.25902721676679374,0.41904278704893994,0.8762335259177225,-0.41904278704893994,-0.8762335259177225,True,True,0.5625
base_macro_analyst_or_fund_revision_features__fold_09__seed123,base_macro_analyst_or_fund_revision_features,analyst_or_fund_revision_features,False,fold_09,123,checkpoint_robust_score,checkpoint,dow30_equal_weight_rebalance_matched,Equal Weight Rebalance Matched,passive_rebalanced,True,63,-19.79881584027593,-1.1218071965062921,-0.32060763070404763,13.701612903225806,-21.26096321011869,-1.3324342350158593,-0.3294921903254425,0.007400981379565179,0.0009325236538252126,0.00033112213284704634,0.9453792631415933,1.4621473698427607,0.2106270385095672,-1.4621473698427607,-0.2106270385095672,True,True,0.5714285714285714
base_macro_analyst_or_fund_revision_features__fold_09__seed123,base_macro_analyst_or_fund_revision_features,analyst_or_fund_revision_features,False,fold_09,123,checkpoint_robust_score,checkpoint,dow30_equal_weight_vol_target,Equal Weight Vol Target,structured_risk_control,False,63,-19.79881584027593,-1.1218071965062921,-0.32060763070404763,13.701612903225806,-11.091494824986892,-2.090526409539299,-0.16088145120459163,0.009631361690851272,0.0012135515730472607,-0.00100640723353073,-0.5608971371668129,-8.707321015289036,0.9687192130330069,8.707321015289036,-0.9687192130330069,False,True,0.5079365079365079
base_macro_analyst_or_fund_revision_features__fold_09__seed123,base_macro_analyst_or_fund_revision_features,analyst_or_fund_revision_features,False,fold_09,123,checkpoint_robust_score,checkpoint,dow30_market_proxy_buy_hold,Market Proxy Buy and Hold,passive_buy_hold,False,63,-19.79881584027593,-1.1218071965062921,-0.32060763070404763,13.701612903225806,-20.400146714686084,-1.265645074928371,-0.31696628941530847,0.0,0.0,0.00013633487760018474,0.48102506068499873,0.6013308744101558,0.14383787842207885,-0.6013308744101558,-0.14383787842207885,True,True,0.5238095238095238
base_macro_analyst_or_fund_revision_features__fold_09__seed123,base_macro_analyst_or_fund_revision_features,analyst_or_fund_revision_features,False,fold_09,123,checkpoint_robust_score,checkpoint,dow30_trend_filter_overlay,Trend Filter Overlay,structured_trend_filter,False,63,-19.79881584027593,-1.1218071965062921,-0.32060763070404763,13.701612903225806,-2.118284949104654,-0.687585375996711,-0.046682085064553624,0.025721469034897162,0.0032409050983970428,-0.0024641885332684237,-1.0293433523432232,-17.680530891171273,-0.43422182050958114,17.680530891171273,0.43422182050958114,False,False,0.49206349206349204
base_macro_analyst_or_fund_revision_features__fold_09__seed42,base_macro_analyst_or_fund_revision_features,analyst_or_fund_revision_features,False,fold_09,42,checkpoint_robust_score,checkpoint,dow30_equal_weight_rebalance_matched,Equal Weight Rebalance Matched,passive_rebalanced,True,63,-23.16407723929825,-1.400696171881147,-0.3387116223846023,10.637096774193548,-21.26096321011869,-1.3324342350158593,-0.3294921903254425,0.007400981379565179,0.0009325236538252126,-0.00034751415124472176,-0.9218992256985169,-1.9031140291795623,-0.0682619368652877,1.9031140291795623,0.0682619368652877,False,False,0.5555555555555556
base_macro_analyst_or_fund_revision_features__fold_09__seed42,base_macro_analyst_or_fund_revision_features,analyst_or_fund_revision_features,False,fold_09,42,checkpoint_robust_score,checkpoint,dow30_equal_weight_vol_target,Equal Weight Vol Target,structured_risk_control,False,63,-23.16407723929825,-1.400696171881147,-0.3387116223846023,10.637096774193548,-11.091494824986892,-2.090526409539299,-0.16088145120459163,0.009631361690851272,0.0012135515730472607,-0.001685043517622499,-0.9297272420844779,-12.07258241431136,0.689830237658152,12.07258241431136,-0.689830237658152,False,True,0.49206349206349204
base_macro_analyst_or_fund_revision_features__fold_09__seed42,base_macro_analyst_or_fund_revision_features,analyst_or_fund_revision_features,False,fold_09,42,checkpoint_robust_score,checkpoint,dow30_market_proxy_buy_hold,Market Proxy Buy and Hold,passive_buy_hold,False,63,-23.16407723929825,-1.400696171881147,-0.3387116223846023,10.637096774193548,-20.400146714686084,-1.265645074928371,-0.31696628941530847,0.0,0.0,-0.0005423014064915836,-1.4125448388789659,-2.7639305246121673,-0.13505109695277606,2.7639305246121673,0.13505109695277606,False,False,0.5396825396825397
base_macro_analyst_or_fund_revision_features__fold_09__seed42,base_macro_analyst_or_fund_revision_features,analyst_or_fund_revision_features,False,fold_09,42,checkpoint_robust_score,checkpoint,dow30_trend_filter_overlay,Trend Filter Overlay,structured_trend_filter,False,63,-23.16407723929825,-1.400696171881147,-0.3387116223846023,10.637096774193548,-2.118284949104654,-0.687585375996711,-0.046682085064553624,0.025721469034897162,0.0032409050983970428,-0.003142824817360192,-1.3085096855295681,-21.045792290193596,-0.713110795884436,21.045792290193596,0.713110795884436,False,False,0.47619047619047616
base_macro_analyst_or_fund_revision_features__fold_09__seed999,base_macro_analyst_or_fund_revision_features,analyst_or_fund_revision_features,False,fold_09,999,checkpoint_robust_score,checkpoint,dow30_equal_weight_rebalance_matched,Equal Weight Rebalance Matched,passive_rebalanced,True,63,-28.261667089075114,-1.7269451072977784,-0.39472989411902637,16.822580645161292,-21.26096321011869,-1.3324342350158593,-0.3294921903254425,0.007400981379565179,0.0009325236538252126,-0.0013574732980846634,-3.0925994670777404,-7.0007038789564255,-0.39451087228191906,7.0007038789564255,0.39451087228191906,False,False,0.3492063492063492
base_macro_analyst_or_fund_revision_features__fold_09__seed999,base_macro_analyst_or_fund_revision_features,analyst_or_fund_revision_features,False,fold_09,999,checkpoint_robust_score,checkpoint,dow30_equal_weight_vol_target,Equal Weight Vol Target,structured_risk_control,False,63,-28.261667089075114,-1.7269451072977784,-0.39472989411902637,16.822580645161292,-11.091494824986892,-2.090526409539299,-0.16088145120459163,0.009631361690851272,0.0012135515730472607,-0.0026950026644624405,-1.396102329545996,-17.170172264088222,0.36358130224152063,17.170172264088222,-0.36358130224152063,False,True,0.36507936507936506
base_macro_analyst_or_fund_revision_features__fold_09__seed999,base_macro_analyst_or_fund_revision_features,analyst_or_fund_revision_features,False,fold_09,999,checkpoint_robust_score,checkpoint,dow30_market_proxy_buy_hold,Market Proxy Buy and Hold,passive_buy_hold,False,63,-28.261667089075114,-1.7269451072977784,-0.39472989411902637,16.822580645161292,-20.400146714686084,-1.265645074928371,-0.31696628941530847,0.0,0.0,-0.0015522605533315253,-2.860880792968983,-7.8615203743890305,-0.4613000323694074,7.8615203743890305,0.4613000323694074,False,False,0.3492063492063492
base_macro_analyst_or_fund_revision_features__fold_09__seed999,base_macro_analyst_or_fund_revision_features,analyst_or_fund_revision_features,False,fold_09,999,checkpoint_robust_score,checkpoint,dow30_trend_filter_overlay,Trend Filter Overlay,structured_trend_filter,False,63,-28.261667089075114,-1.7269451072977784,-0.39472989411902637,16.822580645161292,-2.118284949104654,-0.687585375996711,-0.046682085064553624,0.025721469034897162,0.0032409050983970428,-0.004152783964200134,-1.6474543459931448,-26.14338213997046,-1.0393597313010674,26.14338213997046,1.0393597313010674,False,False,0.38095238095238093
base_macro_analyst_or_fund_revision_features__fold_10__seed123,base_macro_analyst_or_fund_revision_features,analyst_or_fund_revision_features,False,fold_10,123,checkpoint_robust_score,checkpoint,dow30_equal_weight_rebalance_matched,Equal Weight Rebalance Matched,passive_rebalanced,True,64,4.821340579849198,1.2357552132337768,-0.09258331972062372,10.80952380952381,5.140182356197354,1.7631856246025919,-0.07834233141860591,0.0053498553911146655,0.0006847814900626773,-0.00030424648811449884,-1.0991237837018044,-0.31884177634815547,-0.5274304113688151,0.31884177634815547,0.5274304113688151,False,False,0.4375
base_macro_analyst_or_fund_revision_features__fold_10__seed123,base_macro_analyst_or_fund_revision_features,analyst_or_fund_revision_features,False,fold_10,123,checkpoint_robust_score,checkpoint,dow30_equal_weight_vol_target,Equal Weight Vol Target,structured_risk_control,False,64,4.821340579849198,1.2357552132337768,-0.09258331972062372,10.80952380952381,4.434125075326278,1.599283820344288,-0.07258155423496293,0.011029724420170084,0.0014118047257817708,-4.828274237377207e-05,-0.19072327394022748,0.38721550452291975,-0.36352860711051127,-0.38721550452291975,0.36352860711051127,True,False,0.484375
base_macro_analyst_or_fund_revision_features__fold_10__seed123,base_macro_analyst_or_fund_revision_features,analyst_or_fund_revision_features,False,fold_10,123,checkpoint_robust_score,checkpoint,dow30_market_proxy_buy_hold,Market Proxy Buy and Hold,passive_buy_hold,False,64,4.821340579849198,1.2357552132337768,-0.09258331972062372,10.80952380952381,7.459383800817432,1.9896585046355737,-0.10061713762766844,0.0,0.0,-0.0007556048620059267,-2.183690493467689,-2.6380432209682336,-0.7539032914017969,2.6380432209682336,0.7539032914017969,False,False,0.515625
base_macro_analyst_or_fund_revision_features__fold_10__seed123,base_macro_analyst_or_fund_revision_features,analyst_or_fund_revision_features,False,fold_10,123,checkpoint_robust_score,checkpoint,dow30_trend_filter_overlay,Trend Filter Overlay,structured_trend_filter,False,64,4.821340579849198,1.2357552132337768,-0.09258331972062372,10.80952380952381,-0.268187000876019,-0.05154333566205412,-0.06774338595118334,0.08890750130911783,0.011380160167567082,0.0008133049623025134,1.9147914534230615,5.089527580725218,1.2872985488958308,-5.089527580725218,-1.2872985488958308,True,True,0.5
base_macro_analyst_or_fund_revision_features__fold_10__seed42,base_macro_analyst_or_fund_revision_features,analyst_or_fund_revision_features,False,fold_10,42,checkpoint_robust_score,best_model,dow30_equal_weight_rebalance_matched,Equal Weight Rebalance Matched,passive_rebalanced,True,64,9.97363353651275,2.1840323919726043,-0.09030127756233997,9.523809523809524,5.140182356197354,1.7631856246025919,-0.07834233141860591,0.0053498553911146655,0.0006847814900626773,0.00045839483509796115,1.2596514127618021,4.8334511803153966,0.4208467673700125,-4.8334511803153966,-0.4208467673700125,True,True,0.546875
base_macro_analyst_or_fund_revision_features__fold_10__seed42,base_macro_analyst_or_fund_revision_features,analyst_or_fund_revision_features,False,fold_10,42,checkpoint_robust_score,best_model,dow30_equal_weight_vol_target,Equal Weight Vol Target,structured_risk_control,False,64,9.97363353651275,2.1840323919726043,-0.09030127756233997,9.523809523809524,4.434125075326278,1.599283820344288,-0.07258155423496293,0.011029724420170084,0.0014118047257817708,0.0007143585808386879,2.0517175877014306,5.539508461186472,0.5847485716283163,-5.539508461186472,-0.5847485716283163,True,True,0.546875
base_macro_analyst_or_fund_revision_features__fold_10__seed42,base_macro_analyst_or_fund_revision_features,analyst_or_fund_revision_features,False,fold_10,42,checkpoint_robust_score,best_model,dow30_market_proxy_buy_hold,Market Proxy Buy and Hold,passive_buy_hold,False,64,9.97363353651275,2.1840323919726043,-0.09030127756233997,9.523809523809524,7.459383800817432,1.9896585046355737,-0.10061713762766844,0.0,0.0,7.036461206533229e-06,0.02232060416985192,2.5142497356953184,0.19437388733703065,-2.5142497356953184,-0.19437388733703065,True,True,0.578125
base_macro_analyst_or_fund_revision_features__fold_10__seed42,base_macro_analyst_or_fund_revision_features,analyst_or_fund_revision_features,False,fold_10,42,checkpoint_robust_score,best_model,dow30_trend_filter_overlay,Trend Filter Overlay,structured_trend_filter,False,64,9.97363353651275,2.1840323919726043,-0.09030127756233997,9.523809523809524,-0.268187000876019,-0.05154333566205412,-0.06774338595118334,0.08890750130911783,0.011380160167567082,0.0015759462855149732,3.3643196035275644,10.241820537388769,2.2355757276346586,-10.241820537388769,-2.2355757276346586,True,True,0.5625
base_macro_analyst_or_fund_revision_features__fold_10__seed999,base_macro_analyst_or_fund_revision_features,analyst_or_fund_revision_features,False,fold_10,999,checkpoint_robust_score,best_model,dow30_equal_weight_rebalance_matched,Equal Weight Rebalance Matched,passive_rebalanced,True,64,6.791435879524221,1.7391085955130317,-0.07534865749286412,14.80952380952381,5.140182356197354,1.7631856246025919,-0.07834233141860591,0.0053498553911146655,0.0006847814900626773,-1.6156098799805955e-05,-0.0661494028267218,1.6512535233268677,-0.02407702908956022,-1.6512535233268677,0.02407702908956022,True,False,0.5625
base_macro_analyst_or_fund_revision_features__fold_10__seed999,base_macro_analyst_or_fund_revision_features,analyst_or_fund_revision_features,False,fold_10,999,checkpoint_robust_score,best_model,dow30_equal_weight_vol_target,Equal Weight Vol Target,structured_risk_control,False,64,6.791435879524221,1.7391085955130317,-0.07534865749286412,14.80952380952381,4.434125075326278,1.599283820344288,-0.07258155423496293,0.011029724420170084,0.0014118047257817708,0.00023980764694092076,1.0702622647117521,2.357310804197943,0.1398247751687436,-2.357310804197943,-0.1398247751687436,True,True,0.5625
base_macro_analyst_or_fund_revision_features__fold_10__seed999,base_macro_analyst_or_fund_revision_features,analyst_or_fund_revision_features,False,fold_10,999,checkpoint_robust_score,best_model,dow30_market_proxy_buy_hold,Market Proxy Buy and Hold,passive_buy_hold,False,64,6.791435879524221,1.7391085955130317,-0.07534865749286412,14.80952380952381,7.459383800817432,1.9896585046355737,-0.10061713762766844,0.0,0.0,-0.0004675144726912338,-1.126521195891727,-0.6679479212932105,-0.25054990912254205,0.6679479212932105,0.25054990912254205,False,False,0.484375
base_macro_analyst_or_fund_revision_features__fold_10__seed999,base_macro_analyst_or_fund_revision_features,analyst_or_fund_revision_features,False,fold_10,999,checkpoint_robust_score,best_model,dow30_trend_filter_overlay,Trend Filter Overlay,structured_trend_filter,False,64,6.791435879524221,1.7391085955130317,-0.07534865749286412,14.80952380952381,-0.268187000876019,-0.05154333566205412,-0.06774338595118334,0.08890750130911783,0.011380160167567082,0.0011013953516172065,2.9873030849658306,7.059622880400241,1.7906519311750857,-7.059622880400241,-1.7906519311750857,True,True,0.609375
base_macro_analyst_or_fund_revision_features__fold_11__seed123,base_macro_analyst_or_fund_revision_features,analyst_or_fund_revision_features,False,fold_11,123,checkpoint_robust_score,checkpoint,dow30_equal_weight_rebalance_matched,Equal Weight Rebalance Matched,passive_rebalanced,True,62,8.573773654787464,2.127133922114114,-0.04474599351616704,10.065573770491802,9.626131912610237,2.445502156979864,-0.03996619039186733,0.005311012658375324,0.00065856556963854,7.362612005194071e-05,0.22952567492466577,-1.0523582578227728,-0.31836823486574994,1.0523582578227728,0.31836823486574994,False,False,0.45161290322580644
base_macro_analyst_or_fund_revision_features__fold_11__seed123,base_macro_analyst_or_fund_revision_features,analyst_or_fund_revision_features,False,fold_11,123,checkpoint_robust_score,checkpoint,dow30_equal_weight_vol_target,Equal Weight Vol Target,structured_risk_control,False,62,8.573773654787464,2.127133922114114,-0.04474599351616704,10.065573770491802,9.639302843992947,2.4548290487327655,-0.03996619039186722,0.005903367426034547,0.0007320175608282838,7.186282432654959e-05,0.22353289796578973,-1.065529189205483,-0.3276951266186514,1.065529189205483,0.3276951266186514,False,False,0.45161290322580644
base_macro_analyst_or_fund_revision_features__fold_11__seed123,base_macro_analyst_or_fund_revision_features,analyst_or_fund_revision_features,False,fold_11,123,checkpoint_robust_score,checkpoint,dow30_market_proxy_buy_hold,Market Proxy Buy and Hold,passive_buy_hold,False,62,8.573773654787464,2.127133922114114,-0.04474599351616704,10.065573770491802,5.717347352607272,1.2247854304167016,-0.048699019769914864,0.0,0.0,0.00068106456784699,1.455709872099862,2.8564263021801928,0.9023484916974125,-2.8564263021801928,-0.9023484916974125,True,True,0.5967741935483871
base_macro_analyst_or_fund_revision_features__fold_11__seed123,base_macro_analyst_or_fund_revision_features,analyst_or_fund_revision_features,False,fold_11,123,checkpoint_robust_score,checkpoint,dow30_trend_filter_overlay,Trend Filter Overlay,structured_trend_filter,False,62,8.573773654787464,2.127133922114114,-0.04474599351616704,10.065573770491802,5.518215688309258,1.3314018921606159,-0.05370350862846396,0.037091197659943564,0.004599308509833003,0.0006925445173614906,1.7939588889141909,3.055557966478206,0.7957320299534982,-3.055557966478206,-0.7957320299534982,True,True,0.46774193548387094
base_macro_analyst_or_fund_revision_features__fold_11__seed42,base_macro_analyst_or_fund_revision_features,analyst_or_fund_revision_features,False,fold_11,42,checkpoint_robust_score,checkpoint,dow30_equal_weight_rebalance_matched,Equal Weight Rebalance Matched,passive_rebalanced,True,62,8.664560493052642,2.238414040360351,-0.049522315118821325,13.221311475409836,9.626131912610237,2.445502156979864,-0.03996619039186733,0.005311012658375324,0.00065856556963854,8.258732878919658e-05,0.3414537788604306,-0.9615714195575951,-0.20708811661951287,0.9615714195575951,0.20708811661951287,False,False,0.4838709677419355
base_macro_analyst_or_fund_revision_features__fold_11__seed42,base_macro_analyst_or_fund_revision_features,analyst_or_fund_revision_features,False,fold_11,42,checkpoint_robust_score,checkpoint,dow30_equal_weight_vol_target,Equal Weight Vol Target,structured_risk_control,False,62,8.664560493052642,2.238414040360351,-0.049522315118821325,13.221311475409836,9.639302843992947,2.4548290487327655,-0.03996619039186722,0.005903367426034547,0.0007320175608282838,8.082403306380546e-05,0.33201942819120217,-0.9747423509403053,-0.21641500837241434,0.9747423509403053,0.21641500837241434,False,False,0.4838709677419355
base_macro_analyst_or_fund_revision_features__fold_11__seed42,base_macro_analyst_or_fund_revision_features,analyst_or_fund_revision_features,False,fold_11,42,checkpoint_robust_score,checkpoint,dow30_market_proxy_buy_hold,Market Proxy Buy and Hold,passive_buy_hold,False,62,8.664560493052642,2.238414040360351,-0.049522315118821325,13.221311475409836,5.717347352607272,1.2247854304167016,-0.048699019769914864,0.0,0.0,0.000690025776584246,1.8905408066919422,2.9472131404453705,1.0136286099436496,-2.9472131404453705,-1.0136286099436496,True,True,0.532258064516129
base_macro_analyst_or_fund_revision_features__fold_11__seed42,base_macro_analyst_or_fund_revision_features,analyst_or_fund_revision_features,False,fold_11,42,checkpoint_robust_score,checkpoint,dow30_trend_filter_overlay,Trend Filter Overlay,structured_trend_filter,False,62,8.664560493052642,2.238414040360351,-0.049522315118821325,13.221311475409836,5.518215688309258,1.3314018921606159,-0.05370350862846396,0.037091197659943564,0.004599308509833003,0.0007015057260987465,2.2616835654575427,3.146344804743384,0.9070121481997353,-3.146344804743384,-0.9070121481997353,True,True,0.5
base_macro_analyst_or_fund_revision_features__fold_11__seed999,base_macro_analyst_or_fund_revision_features,analyst_or_fund_revision_features,False,fold_11,999,checkpoint_robust_score,best_model,dow30_equal_weight_rebalance_matched,Equal Weight Rebalance Matched,passive_rebalanced,True,62,9.681684169314542,2.481190092060696,-0.06326976297091069,11.819672131147541,9.626131912610237,2.445502156979864,-0.03996619039186733,0.005311012658375324,0.00065856556963854,0.0002330201710276543,0.8115419322864269,0.055552256704304526,0.03568793508083212,-0.055552256704304526,-0.03568793508083212,True,True,0.4838709677419355
base_macro_analyst_or_fund_revision_features__fold_11__seed999,base_macro_analyst_or_fund_revision_features,analyst_or_fund_revision_features,False,fold_11,999,checkpoint_robust_score,best_model,dow30_equal_weight_vol_target,Equal Weight Vol Target,structured_risk_control,False,62,9.681684169314542,2.481190092060696,-0.06326976297091069,11.819672131147541,9.639302843992947,2.4548290487327655,-0.03996619039186722,0.005903367426034547,0.0007320175608282838,0.00023125687530226326,0.8034968757433685,0.04238132532159433,0.026361043327930656,-0.04238132532159433,-0.026361043327930656,True,True,0.4838709677419355
base_macro_analyst_or_fund_revision_features__fold_11__seed999,base_macro_analyst_or_fund_revision_features,analyst_or_fund_revision_features,False,fold_11,999,checkpoint_robust_score,best_model,dow30_market_proxy_buy_hold,Market Proxy Buy and Hold,passive_buy_hold,False,62,9.681684169314542,2.481190092060696,-0.06326976297091069,11.819672131147541,5.717347352607272,1.2247854304167016,-0.048699019769914864,0.0,0.0,0.000840458618822704,1.9395867185192244,3.96433681670727,1.2564046616439946,-3.96433681670727,-1.2564046616439946,True,True,0.5161290322580645
base_macro_analyst_or_fund_revision_features__fold_11__seed999,base_macro_analyst_or_fund_revision_features,analyst_or_fund_revision_features,False,fold_11,999,checkpoint_robust_score,best_model,dow30_trend_filter_overlay,Trend Filter Overlay,structured_trend_filter,False,62,9.681684169314542,2.481190092060696,-0.06326976297091069,11.819672131147541,5.518215688309258,1.3314018921606159,-0.05370350862846396,0.037091197659943564,0.004599308509833003,0.0008519385683372043,2.3825589694362828,4.1634684810052836,1.1497881999000803,-4.1634684810052836,-1.1497881999000803,True,True,0.4838709677419355
base_macro_analyst_or_fund_revision_features__fold_12__seed123,base_macro_analyst_or_fund_revision_features,analyst_or_fund_revision_features,False,fold_12,123,checkpoint_robust_score,checkpoint,dow30_equal_weight_rebalance_matched,Equal Weight Rebalance Matched,passive_rebalanced,True,63,-2.8329373409923475,-0.9107203221689272,-0.06432752910953199,9.5,-0.351746227559091,-0.21408463407166145,-0.04399176990944553,0.003664931129901141,0.00046178132236754377,-0.0003321576397006035,-1.5191079724997947,-2.4811911134332565,-0.6966356880972657,2.4811911134332565,0.6966356880972657,False,False,0.47619047619047616
base_macro_analyst_or_fund_revision_features__fold_12__seed123,base_macro_analyst_or_fund_revision_features,analyst_or_fund_revision_features,False,fold_12,123,checkpoint_robust_score,checkpoint,dow30_equal_weight_vol_target,Equal Weight Vol Target,structured_risk_control,False,63,-2.8329373409923475,-0.9107203221689272,-0.06432752910953199,9.5,-0.35174622755917984,-0.21408463407166145,-0.04399176990944598,0.003664931129901141,0.00046178132236754377,-0.0003321576397006035,-1.5191079724997947,-2.4811911134331677,-0.6966356880972657,2.4811911134331677,0.6966356880972657,False,False,0.47619047619047616
base_macro_analyst_or_fund_revision_features__fold_12__seed123,base_macro_analyst_or_fund_revision_features,analyst_or_fund_revision_features,False,fold_12,123,checkpoint_robust_score,checkpoint,dow30_market_proxy_buy_hold,Market Proxy Buy and Hold,passive_buy_hold,False,63,-2.8329373409923475,-0.9107203221689272,-0.06432752910953199,9.5,-1.4071747139956847,-0.28822638652451393,-0.04548849729616222,0.0,0.0,-0.00029602144786563866,-1.4355201137149292,-1.4257626269966628,-0.6224939356444132,1.4257626269966628,0.6224939356444132,False,False,0.5238095238095238
base_macro_analyst_or_fund_revision_features__fold_12__seed123,base_macro_analyst_or_fund_revision_features,analyst_or_fund_revision_features,False,fold_12,123,checkpoint_robust_score,checkpoint,dow30_trend_filter_overlay,Trend Filter Overlay,structured_trend_filter,False,63,-2.8329373409923475,-0.9107203221689272,-0.06432752910953199,9.5,-1.8390758029476317,-1.5528790012536,-0.027743946109697215,0.05749376882447524,0.007244214871883882,-7.469379256123788e-05,-0.17059681536584426,-0.9938615380447158,0.6421586790846728,0.9938615380447158,-0.6421586790846728,False,True,0.5079365079365079
base_macro_analyst_or_fund_revision_features__fold_12__seed42,base_macro_analyst_or_fund_revision_features,analyst_or_fund_revision_features,False,fold_12,42,checkpoint_robust_score,checkpoint,dow30_equal_weight_rebalance_matched,Equal Weight Rebalance Matched,passive_rebalanced,True,63,-0.03120189057812528,0.048626028690476504,-0.051575196340925,11.5,-0.351746227559091,-0.21408463407166145,-0.04399176990944553,0.003664931129901141,0.00046178132236754377,0.00011877154412332199,0.6787129285029884,0.32054433698096574,0.26271066276213795,-0.32054433698096574,-0.26271066276213795,True,True,0.5079365079365079
base_macro_analyst_or_fund_revision_features__fold_12__seed42,base_macro_analyst_or_fund_revision_features,analyst_or_fund_revision_features,False,fold_12,42,checkpoint_robust_score,checkpoint,dow30_equal_weight_vol_target,Equal Weight Vol Target,structured_risk_control,False,63,-0.03120189057812528,0.048626028690476504,-0.051575196340925,11.5,-0.35174622755917984,-0.21408463407166145,-0.04399176990944598,0.003664931129901141,0.00046178132236754377,0.00011877154412332199,0.6787129285029884,0.32054433698105456,0.26271066276213795,-0.32054433698105456,-0.26271066276213795,True,True,0.5079365079365079
base_macro_analyst_or_fund_revision_features__fold_12__seed42,base_macro_analyst_or_fund_revision_features,analyst_or_fund_revision_features,False,fold_12,42,checkpoint_robust_score,checkpoint,dow30_market_proxy_buy_hold,Market Proxy Buy and Hold,passive_buy_hold,False,63,-0.03120189057812528,0.048626028690476504,-0.051575196340925,11.5,-1.4071747139956847,-0.28822638652451393,-0.04548849729616222,0.0,0.0,0.00015490773595828672,1.164204111061802,1.3759728234175594,0.33685241521499043,-1.3759728234175594,-0.33685241521499043,True,True,0.5555555555555556
base_macro_analyst_or_fund_revision_features__fold_12__seed42,base_macro_analyst_or_fund_revision_features,analyst_or_fund_revision_features,False,fold_12,42,checkpoint_robust_score,checkpoint,dow30_trend_filter_overlay,Trend Filter Overlay,structured_trend_filter,False,63,-0.03120189057812528,0.048626028690476504,-0.051575196340925,11.5,-1.8390758029476317,-1.5528790012536,-0.027743946109697215,0.05749376882447524,0.007244214871883882,0.0003762353912626874,0.8594696439772372,1.8078739123695065,1.6015050299440765,-1.8078739123695065,-1.6015050299440765,True,True,0.5555555555555556
base_macro_analyst_or_fund_revision_features__fold_12__seed999,base_macro_analyst_or_fund_revision_features,analyst_or_fund_revision_features,False,fold_12,999,checkpoint_robust_score,checkpoint,dow30_equal_weight_rebalance_matched,Equal Weight Rebalance Matched,passive_rebalanced,True,63,-1.8982094610386135,-0.5014224085721157,-0.06127523197812579,12.951612903225806,-0.351746227559091,-0.21408463407166145,-0.04399176990944553,0.003664931129901141,0.00046178132236754377,-0.00017212714901859981,-0.8015676164128788,-1.5464632334795225,-0.2873377745004543,1.5464632334795225,0.2873377745004543,False,False,0.47619047619047616
base_macro_analyst_or_fund_revision_features__fold_12__seed999,base_macro_analyst_or_fund_revision_features,analyst_or_fund_revision_features,False,fold_12,999,checkpoint_robust_score,checkpoint,dow30_equal_weight_vol_target,Equal Weight Vol Target,structured_risk_control,False,63,-1.8982094610386135,-0.5014224085721157,-0.06127523197812579,12.951612903225806,-0.35174622755917984,-0.21408463407166145,-0.04399176990944598,0.003664931129901141,0.00046178132236754377,-0.00017212714901859981,-0.8015676164128788,-1.5464632334794337,-0.2873377745004543,1.5464632334794337,0.2873377745004543,False,False,0.47619047619047616
base_macro_analyst_or_fund_revision_features__fold_12__seed999,base_macro_analyst_or_fund_revision_features,analyst_or_fund_revision_features,False,fold_12,999,checkpoint_robust_score,checkpoint,dow30_market_proxy_buy_hold,Market Proxy Buy and Hold,passive_buy_hold,False,63,-1.8982094610386135,-0.5014224085721157,-0.06127523197812579,12.951612903225806,-1.4071747139956847,-0.28822638652451393,-0.04548849729616222,0.0,0.0,-0.0001359909571836353,-0.5648167645632914,-0.4910347470429288,-0.2131960220476018,0.4910347470429288,0.2131960220476018,False,False,0.5079365079365079
base_macro_analyst_or_fund_revision_features__fold_12__seed999,base_macro_analyst_or_fund_revision_features,analyst_or_fund_revision_features,False,fold_12,999,checkpoint_robust_score,checkpoint,dow30_trend_filter_overlay,Trend Filter Overlay,structured_trend_filter,False,63,-1.8982094610386135,-0.5014224085721157,-0.06127523197812579,12.951612903225806,-1.8390758029476317,-1.5528790012536,-0.027743946109697215,0.05749376882447524,0.007244214871883882,8.533669812076551e-05,0.1776041231097498,-0.05913365809098181,1.0514565926814843,0.05913365809098181,-1.0514565926814843,False,True,0.5079365079365079
base_macro_analyst_or_fund_revision_features__fold_13__seed123,base_macro_analyst_or_fund_revision_features,analyst_or_fund_revision_features,False,fold_13,123,checkpoint_robust_score,checkpoint,dow30_equal_weight_rebalance_matched,Equal Weight Rebalance Matched,passive_rebalanced,True,62,-3.191386013992281,-0.7379007759204933,-0.09003463751718876,9.852459016393443,-3.046155359535585,-0.5308881648519479,-0.09496867879714077,0.005569598465803378,0.0006906302097596189,-0.00012629084645948886,-0.44366750413937894,-0.14523065445669614,-0.2070126110685454,0.14523065445669614,0.2070126110685454,False,False,0.5
base_macro_analyst_or_fund_revision_features__fold_13__seed123,base_macro_analyst_or_fund_revision_features,analyst_or_fund_revision_features,False,fold_13,123,checkpoint_robust_score,checkpoint,dow30_equal_weight_vol_target,Equal Weight Vol Target,structured_risk_control,False,62,-3.191386013992281,-0.7379007759204933,-0.09003463751718876,9.852459016393443,-4.300405425539388,-0.964620586578637,-0.08964534860722251,0.010770572468625624,0.0013355509861095777,9.430660453605609e-05,0.3522283033188722,1.109019411547107,0.22671981065814373,-1.109019411547107,-0.22671981065814373,True,True,0.5161290322580645
base_macro_analyst_or_fund_revision_features__fold_13__seed123,base_macro_analyst_or_fund_revision_features,analyst_or_fund_revision_features,False,fold_13,123,checkpoint_robust_score,checkpoint,dow30_market_proxy_buy_hold,Market Proxy Buy and Hold,passive_buy_hold,False,62,-3.191386013992281,-0.7379007759204933,-0.09003463751718876,9.852459016393443,-5.302949918931521,-1.0064765826763502,-0.13181292872152395,0.0,0.0,0.00035659133544372457,0.8570581214794106,2.11156390493924,0.2685758067558569,-2.11156390493924,-0.2685758067558569,True,True,0.532258064516129
base_macro_analyst_or_fund_revision_features__fold_13__seed123,base_macro_analyst_or_fund_revision_features,analyst_or_fund_revision_features,False,fold_13,123,checkpoint_robust_score,checkpoint,dow30_trend_filter_overlay,Trend Filter Overlay,structured_trend_filter,False,62,-3.191386013992281,-0.7379007759204933,-0.09003463751718876,9.852459016393443,-4.718087715647368,-2.3013960688312034,-0.06194820424729519,0.04993988644269342,0.006192545918893984,0.0001967319819559607,0.35239438472447165,1.5267017016550866,1.56349529291071,-1.5267017016550866,-1.56349529291071,True,True,0.43548387096774194
base_macro_analyst_or_fund_revision_features__fold_13__seed42,base_macro_analyst_or_fund_revision_features,analyst_or_fund_revision_features,False,fold_13,42,checkpoint_robust_score,checkpoint,dow30_equal_weight_rebalance_matched,Equal Weight Rebalance Matched,passive_rebalanced,True,62,-3.198279641584756,-0.6612504546635813,-0.10482948788965973,15.229508196721312,-3.046155359535585,-0.5308881648519479,-0.09496867879714077,0.005569598465803378,0.0006906302097596189,-0.00011723303779666519,-0.5804677008361333,-0.15212428204917083,-0.13036228981163345,0.15212428204917083,0.13036228981163345,False,False,0.5161290322580645
base_macro_analyst_or_fund_revision_features__fold_13__seed42,base_macro_analyst_or_fund_revision_features,analyst_or_fund_revision_features,False,fold_13,42,checkpoint_robust_score,checkpoint,dow30_equal_weight_vol_target,Equal Weight Vol Target,structured_risk_control,False,62,-3.198279641584756,-0.6612504546635813,-0.10482948788965973,15.229508196721312,-4.300405425539388,-0.964620586578637,-0.08964534860722251,0.010770572468625624,0.0013355509861095777,0.00010336441319887993,0.44492970130752385,1.1021257839546323,0.3033701319150557,-1.1021257839546323,-0.3033701319150557,True,True,0.532258064516129
base_macro_analyst_or_fund_revision_features__fold_13__seed42,base_macro_analyst_or_fund_revision_features,analyst_or_fund_revision_features,False,fold_13,42,checkpoint_robust_score,checkpoint,dow30_market_proxy_buy_hold,Market Proxy Buy and Hold,passive_buy_hold,False,62,-3.198279641584756,-0.6612504546635813,-0.10482948788965973,15.229508196721312,-5.302949918931521,-1.0064765826763502,-0.13181292872152395,0.0,0.0,0.00036564914410654826,1.3522519813356657,2.104670277346765,0.34522612801276886,-2.104670277346765,-0.34522612801276886,True,True,0.532258064516129
base_macro_analyst_or_fund_revision_features__fold_13__seed42,base_macro_analyst_or_fund_revision_features,analyst_or_fund_revision_features,False,fold_13,42,checkpoint_robust_score,checkpoint,dow30_trend_filter_overlay,Trend Filter Overlay,structured_trend_filter,False,62,-3.198279641584756,-0.6612504546635813,-0.10482948788965973,15.229508196721312,-4.718087715647368,-2.3013960688312034,-0.06194820424729519,0.04993988644269342,0.006192545918893984,0.00020578979061878429,0.32109774694267257,1.5198080740626119,1.640145614167622,-1.5198080740626119,-1.640145614167622,True,True,0.45161290322580644
base_macro_analyst_or_fund_revision_features__fold_13__seed999,base_macro_analyst_or_fund_revision_features,analyst_or_fund_revision_features,False,fold_13,999,checkpoint_robust_score,best_model,dow30_equal_weight_rebalance_matched,Equal Weight Rebalance Matched,passive_rebalanced,True,62,-6.894488234502038,-1.605572445929575,-0.1049601908243295,7.377049180327869,-3.046155359535585,-0.5308881648519479,-0.09496867879714077,0.005569598465803378,0.0006906302097596189,-0.0007478354118365091,-2.046849774690004,-3.848332874966453,-1.0746842810776271,3.848332874966453,1.0746842810776271,False,False,0.46774193548387094
base_macro_analyst_or_fund_revision_features__fold_13__seed999,base_macro_analyst_or_fund_revision_features,analyst_or_fund_revision_features,False,fold_13,999,checkpoint_robust_score,best_model,dow30_equal_weight_vol_target,Equal Weight Vol Target,structured_risk_control,False,62,-6.894488234502038,-1.605572445929575,-0.1049601908243295,7.377049180327869,-4.300405425539388,-0.964620586578637,-0.08964534860722251,0.010770572468625624,0.0013355509861095777,-0.0005272379608409638,-1.4439858281048483,-2.59408280896265,-0.640951859350938,2.59408280896265,0.640951859350938,False,False,0.4838709677419355
base_macro_analyst_or_fund_revision_features__fold_13__seed999,base_macro_analyst_or_fund_revision_features,analyst_or_fund_revision_features,False,fold_13,999,checkpoint_robust_score,best_model,dow30_market_proxy_buy_hold,Market Proxy Buy and Hold,passive_buy_hold,False,62,-6.894488234502038,-1.605572445929575,-0.1049601908243295,7.377049180327869,-5.302949918931521,-1.0064765826763502,-0.13181292872152395,0.0,0.0,-0.0002649532299332954,-0.5086869059801601,-1.5915383155705172,-0.5990958632532248,1.5915383155705172,0.5990958632532248,False,False,0.45161290322580644
base_macro_analyst_or_fund_revision_features__fold_13__seed999,base_macro_analyst_or_fund_revision_features,analyst_or_fund_revision_features,False,fold_13,999,checkpoint_robust_score,best_model,dow30_trend_filter_overlay,Trend Filter Overlay,structured_trend_filter,False,62,-6.894488234502038,-1.605572445929575,-0.1049601908243295,7.377049180327869,-4.718087715647368,-2.3013960688312034,-0.06194820424729519,0.04993988644269342,0.006192545918893984,-0.00042481258342105935,-0.7088569728151176,-2.1764005188546705,0.6958236229016284,2.1764005188546705,-0.6958236229016284,False,True,0.43548387096774194
base_macro_analyst_or_fund_revision_features__fold_14__seed123,base_macro_analyst_or_fund_revision_features,analyst_or_fund_revision_features,False,fold_14,123,checkpoint_robust_score,checkpoint,dow30_equal_weight_rebalance_matched,Equal Weight Rebalance Matched,passive_rebalanced,True,64,-7.224901864548294,-1.4691622182778976,-0.16137746651635942,11.174603174603174,-5.470057748183854,-1.047426736312697,-0.166542016330829,0.004734147387864755,0.0006059708656466888,-0.00028367703445870854,-1.3065453152411368,-1.7548441163644402,-0.4217354819652006,1.7548441163644402,0.4217354819652006,False,False,0.46875
base_macro_analyst_or_fund_revision_features__fold_14__seed123,base_macro_analyst_or_fund_revision_features,analyst_or_fund_revision_features,False,fold_14,123,checkpoint_robust_score,checkpoint,dow30_equal_weight_vol_target,Equal Weight Vol Target,structured_risk_control,False,64,-7.224901864548294,-1.4691622182778976,-0.16137746651635942,11.174603174603174,-4.329986090312232,-0.9996518325015702,-0.13757682401150262,0.014419826794338172,0.001845737829675286,-0.00045251449434377495,-1.8899471747134404,-2.894915774236062,-0.4695103857763274,2.894915774236062,0.4695103857763274,False,False,0.421875
base_macro_analyst_or_fund_revision_features__fold_14__seed123,base_macro_analyst_or_fund_revision_features,analyst_or_fund_revision_features,False,fold_14,123,checkpoint_robust_score,checkpoint,dow30_market_proxy_buy_hold,Market Proxy Buy and Hold,passive_buy_hold,False,64,-7.224901864548294,-1.4691622182778976,-0.16137746651635942,11.174603174603174,-3.9645591474144926,-0.5401831149505794,-0.17192110699829977,0.0,0.0,-0.0006326041291125307,-2.2949872632182284,-3.2603427171338017,-0.9289791033273183,3.2603427171338017,0.9289791033273183,False,False,0.484375
base_macro_analyst_or_fund_revision_features__fold_14__seed123,base_macro_analyst_or_fund_revision_features,analyst_or_fund_revision_features,False,fold_14,123,checkpoint_robust_score,checkpoint,dow30_trend_filter_overlay,Trend Filter Overlay,structured_trend_filter,False,64,-7.224901864548294,-1.4691622182778976,-0.16137746651635942,11.174603174603174,3.839907230489259,1.289844925587516,-0.05532206671099604,0.017786531141699112,0.0022766759861374865,-0.0017180879062760844,-2.885839303080621,-11.064809095037553,-2.7590071438654133,11.064809095037553,2.7590071438654133,False,False,0.390625
base_macro_analyst_or_fund_revision_features__fold_14__seed42,base_macro_analyst_or_fund_revision_features,analyst_or_fund_revision_features,False,fold_14,42,checkpoint_robust_score,best_model,dow30_equal_weight_rebalance_matched,Equal Weight Rebalance Matched,passive_rebalanced,True,64,-3.7602977300731144,-0.609800905264566,-0.153119114464228,24.746031746031747,-5.470057748183854,-1.047426736312697,-0.166542016330829,0.004734147387864755,0.0006059708656466888,0.0003062832040755727,1.2184964043616349,1.7097600181107397,0.437625831048131,-1.7097600181107397,-0.437625831048131,True,True,0.53125
base_macro_analyst_or_fund_revision_features__fold_14__seed42,base_macro_analyst_or_fund_revision_features,analyst_or_fund_revision_features,False,fold_14,42,checkpoint_robust_score,best_model,dow30_equal_weight_vol_target,Equal Weight Vol Target,structured_risk_control,False,64,-3.7602977300731144,-0.609800905264566,-0.153119114464228,24.746031746031747,-4.329986090312232,-0.9996518325015702,-0.13757682401150262,0.014419826794338172,0.001845737829675286,0.00013744574419050635,0.46019079293550513,0.5696883602391178,0.3898509272370042,-0.5696883602391178,-0.3898509272370042,True,True,0.515625
base_macro_analyst_or_fund_revision_features__fold_14__seed42,base_macro_analyst_or_fund_revision_features,analyst_or_fund_revision_features,False,fold_14,42,checkpoint_robust_score,best_model,dow30_market_proxy_buy_hold,Market Proxy Buy and Hold,passive_buy_hold,False,64,-3.7602977300731144,-0.609800905264566,-0.153119114464228,24.746031746031747,-3.9645591474144926,-0.5401831149505794,-0.17192110699829977,0.0,0.0,-4.264389057824936e-05,-0.14135811185416117,0.20426141734137815,-0.06961779031398663,-0.20426141734137815,0.06961779031398663,True,False,0.53125
base_macro_analyst_or_fund_revision_features__fold_14__seed42,base_macro_analyst_or_fund_revision_features,analyst_or_fund_revision_features,False,fold_14,42,checkpoint_robust_score,best_model,dow30_trend_filter_overlay,Trend Filter Overlay,structured_trend_filter,False,64,-3.7602977300731144,-0.609800905264566,-0.153119114464228,24.746031746031747,3.839907230489259,1.289844925587516,-0.05532206671099604,0.017786531141699112,0.0022766759861374865,-0.0011281276677418029,-1.6913974900614752,-7.600204960562373,-1.8996458308520818,7.600204960562373,1.8996458308520818,False,False,0.421875
base_macro_analyst_or_fund_revision_features__fold_14__seed999,base_macro_analyst_or_fund_revision_features,analyst_or_fund_revision_features,False,fold_14,999,checkpoint_robust_score,best_model,dow30_equal_weight_rebalance_matched,Equal Weight Rebalance Matched,passive_rebalanced,True,64,-2.7156561077998687,-0.5195952193065615,-0.13519775950645319,10.333333333333334,-5.470057748183854,-1.047426736312697,-0.166542016330829,0.004734147387864755,0.0006059708656466888,0.0004494288446560667,2.116128564695826,2.7544016403839855,0.5278315170061355,-2.7544016403839855,-0.5278315170061355,True,True,0.59375
base_macro_analyst_or_fund_revision_features__fold_14__seed999,base_macro_analyst_or_fund_revision_features,analyst_or_fund_revision_features,False,fold_14,999,checkpoint_robust_score,best_model,dow30_equal_weight_vol_target,Equal Weight Vol Target,structured_risk_control,False,64,-2.7156561077998687,-0.5195952193065615,-0.13519775950645319,10.333333333333334,-4.329986090312232,-0.9996518325015702,-0.13757682401150262,0.014419826794338172,0.001845737829675286,0.0002805913847710003,1.3319573706511894,1.6143299825123636,0.4800566131950087,-1.6143299825123636,-0.4800566131950087,True,True,0.546875
base_macro_analyst_or_fund_revision_features__fold_14__seed999,base_macro_analyst_or_fund_revision_features,analyst_or_fund_revision_features,False,fold_14,999,checkpoint_robust_score,best_model,dow30_market_proxy_buy_hold,Market Proxy Buy and Hold,passive_buy_hold,False,64,-2.7156561077998687,-0.5195952193065615,-0.13519775950645319,10.333333333333334,-3.9645591474144926,-0.5401831149505794,-0.17192110699829977,0.0,0.0,0.00010050175000224457,0.32781604060017877,1.248903039614624,0.020587895644017862,-1.248903039614624,-0.020587895644017862,True,True,0.53125
base_macro_analyst_or_fund_revision_features__fold_14__seed999,base_macro_analyst_or_fund_revision_features,analyst_or_fund_revision_features,False,fold_14,999,checkpoint_robust_score,best_model,dow30_trend_filter_overlay,Trend Filter Overlay,structured_trend_filter,False,64,-2.7156561077998687,-0.5195952193065615,-0.13519775950645319,10.333333333333334,3.839907230489259,1.289844925587516,-0.05532206671099604,0.017786531141699112,0.0022766759861374865,-0.000984982027161309,-1.7224812731035835,-6.555563338289128,-1.8094401448940776,6.555563338289128,1.8094401448940776,False,False,0.421875
