feature_set,short_label,date,daily_return,cumulative_return
base_macro,Base+Macro,2016-01-04,0.0,0.0
base_macro,Base+Macro,2016-01-05,9.579792785531886e-06,9.579792785485708e-06
base_macro,Base+Macro,2016-01-06,-0.0020453065493594665,-0.0020357463501868844
base_macro,Base+Macro,2016-01-07,-0.0054032179257868665,-0.007427964694802114
base_macro,Base+Macro,2016-01-08,-0.0025936376320364334,-0.010002336878076723
base_macro,Base+Macro,2016-01-11,0.0006698730152787333,-0.009339164158362334
base_macro,Base+Macro,2016-01-12,0.003526180676332133,-0.005845915062218654
base_macro,Base+Macro,2016-01-13,-0.012891258495845367,-0.01866181235585218
base_macro,Base+Macro,2016-01-14,0.009420525031082467,-0.009417091395193422
base_macro,Base+Macro,2016-01-15,-0.0141904759063322,-0.023473934292974397
base_macro,Base+Macro,2016-01-19,0.0015606572512628335,-0.021949911807481626
base_macro,Base+Macro,2016-01-20,-0.010345501541181001,-0.03206833050222946
base_macro,Base+Macro,2016-01-21,0.006052150519270101,-0.026210262346060498
base_macro,Base+Macro,2016-01-22,0.012275485041090698,-0.014256520988321975
base_macro,Base+Macro,2016-01-25,-0.009066474230632567,-0.023193738838795386
base_macro,Base+Macro,2016-01-26,0.018463203888260733,-0.005158765679646349
base_macro,Base+Macro,2016-01-27,-0.009184212633763832,-0.014295599112480462
base_macro,Base+Macro,2016-01-28,0.009971079119366967,-0.004467062542922728
base_macro,Base+Macro,2016-01-29,0.02086122633867207,0.016300975392972372
base_macro,Base+Macro,2016-02-01,-0.0022763499847292335,0.013987518683156175
base_macro,Base+Macro,2016-02-02,-0.020069589244533833,-0.006362794315898812
base_macro,Base+Macro,2016-02-03,0.005671375704925634,-0.0007275044080717885
base_macro,Base+Macro,2016-02-04,0.00046339504620283335,-0.0002644464838078564
base_macro,Base+Macro,2016-02-05,-0.01956766490264403,-0.01982693678627212
base_macro,Base+Macro,2016-02-08,-0.008064525452083733,-0.027731567402006108
base_macro,Base+Macro,2016-02-09,0.0003811026586977668,-0.02736103331737516
base_macro,Base+Macro,2016-02-10,-0.0037601841077725333,-0.031018334902495504
base_macro,Base+Macro,2016-02-11,-0.008592416688563967,-0.039344229132591724
base_macro,Base+Macro,2016-02-12,0.017582074819985933,-0.02245390749294962
base_macro,Base+Macro,2016-02-16,0.0147267015887982,-0.008057877899302568
base_macro,Base+Macro,2016-02-17,0.014698883268387366,0.006522563562452177
base_macro,Base+Macro,2016-02-18,-0.003976875442687467,0.0025197486969099625
base_macro,Base+Macro,2016-02-19,0.0004942871994953333,0.0030152813759320996
base_macro,Base+Macro,2016-02-22,0.010753070094068432,0.013800775001989285
base_macro,Base+Macro,2016-02-23,-0.011304951971999468,0.002339805931415917
base_macro,Base+Macro,2016-02-24,0.0032922560472541,0.005639765218897086
base_macro,Base+Macro,2016-02-25,0.009458119836760034,0.015151226630948589
base_macro,Base+Macro,2016-02-26,-0.0041714254293758,0.010916598989518356
base_macro,Base+Macro,2016-02-29,-0.007440151577041,0.003395226261289519
base_macro,Base+Macro,2016-03-01,0.025301217255200365,0.02878234687375736
base_macro,Base+Macro,2016-03-02,0.0015543814676475946,0.03038146708798095
base_macro,Base+Macro,2016-03-03,0.0018835166172146,0.03232220770331118
base_macro,Base+Macro,2016-03-04,0.0010210590656103333,0.033376269652117596
base_macro,Base+Macro,2016-03-07,0.0035585136177450996,0.03705355317992942
base_macro,Base+Macro,2016-03-08,-0.0044242374636746665,0.032465381998113774
base_macro,Base+Macro,2016-03-09,0.005325290658459567,0.037963560252051165
base_macro,Base+Macro,2016-03-10,0.0005106500432141922,0.03849359638894856
base_macro,Base+Macro,2016-03-11,0.012456743885360999,0.05142984514575333
base_macro,Base+Macro,2016-03-14,0.001340255540093912,0.052839029820729966
base_macro,Base+Macro,2016-03-15,0.0007231658727470864,0.05360040707659253
base_macro,Base+Macro,2016-03-16,0.0027631421315789002,0.05651165475123454
base_macro,Base+Macro,2016-03-17,0.004419941718177166,0.06118137468981
base_macro,Base+Macro,2016-03-18,0.006228825608785467,0.06779128841204396
base_macro,Base+Macro,2016-03-21,0.00011252531960706661,0.06791144196804622
base_macro,Base+Macro,2016-03-22,-0.0006294805910395408,0.0672392124423784
base_macro,Base+Macro,2016-03-23,-0.0032428456346091997,0.06377832042122589
base_macro,Base+Macro,2016-03-24,0.0014760841625085664,0.06534854675241952
base_macro,Base+Macro,2016-03-28,0.000470420482465728,0.0658497085297769
base_macro,Base+Macro,2016-03-29,0.006560932409541867,0.0728426764261707
base_macro,Base+Macro,2016-03-30,0.004827407688275967,0.07802172541066099
base_macro,Base+Macro,2016-03-31,-0.0019971136102156,0.07586879355073517
base_macro,Base+Macro,2016-04-01,0.007288993162201568,0.08371079383035251
base_macro,Base+Macro,2016-07-05,0.0,0.08371079383035251
base_macro,Base+Macro,2016-07-06,0.0004082594861983,0.0841532290422291
base_macro,Base+Macro,2016-07-07,-0.0003874228200131,0.08373320334090728
base_macro,Base+Macro,2016-07-08,0.004776936511400133,0.08891012804856313
base_macro,Base+Macro,2016-07-11,0.0015266805314674001,0.09057254594157249
base_macro,Base+Macro,2016-07-12,0.0025813583867205334,0.09338770452936584
base_macro,Base+Macro,2016-07-13,0.0002311592108983,0.09364045116835085
base_macro,Base+Macro,2016-07-14,0.003887937010761167,0.09789245635491373
base_macro,Base+Macro,2016-07-15,0.0005796684655252666,0.09852886999040078
base_macro,Base+Macro,2016-07-18,0.00014046546992556175,0.09868317536435067
base_macro,Base+Macro,2016-07-19,0.0018332876241986,0.1006973776326614
base_macro,Base+Macro,2016-07-20,0.0041900367408336334,0.10530934008548143
base_macro,Base+Macro,2016-07-21,-0.005528079668514134,0.09919910199513615
base_macro,Base+Macro,2016-07-22,0.0038407702942955,0.10342087325359528
base_macro,Base+Macro,2016-07-25,-0.003592697422192467,0.09945661592666366
base_macro,Base+Macro,2016-07-26,0.00032313807968813326,0.09981189222623477
base_macro,Base+Macro,2016-07-27,-9.074109658910002e-05,0.09971209408909232
base_macro,Base+Macro,2016-07-28,-0.0003750078857405333,0.0992996933817647
base_macro,Base+Macro,2016-07-29,0.0012445842512265094,0.10066786446752585
base_macro,Base+Macro,2016-08-01,-0.0010186168458076667,0.09954670563914014
base_macro,Base+Macro,2016-08-02,-0.004469393403964233,0.09463239884560593
base_macro,Base+Macro,2016-08-03,0.0009043489124278666,0.09562232846501018
base_macro,Base+Macro,2016-08-04,5.1232801840533383e-05,0.0956784602666565
base_macro,Base+Macro,2016-08-05,0.011671432544430232,0.10846659750604393
base_macro,Base+Macro,2016-08-08,-0.0011985662633476155,0.1071380268382256
base_macro,Base+Macro,2016-08-09,-0.0002574707603201667,0.10685297116867631
base_macro,Base+Macro,2016-08-10,-0.0012086647449668665,0.10551515700456293
base_macro,Base+Macro,2016-08-11,0.0071992143986905335,0.11347399764084076
base_macro,Base+Macro,2016-08-12,-0.0014631646649339999,0.11184480183216983
base_macro,Base+Macro,2016-08-15,0.0022294039634408,0.11432355304010544
base_macro,Base+Macro,2016-08-16,-0.0048603752334111005,0.10890752244090263
base_macro,Base+Macro,2016-08-17,0.0025122213799499333,0.1116933436271661
base_macro,Base+Macro,2016-08-18,0.0009960683431723,0.11280066617406836
base_macro,Base+Macro,2016-08-19,-0.0013161504206515666,0.11133605310918204
base_macro,Base+Macro,2016-08-22,-0.00034964500972943334,0.11094748000407995
base_macro,Base+Macro,2016-08-23,0.0013637554909788666,0.11246254073012474
base_macro,Base+Macro,2016-08-24,-0.005194370323406299,0.10668399832265507
base_macro,Base+Macro,2016-08-25,-0.0011492144211465666,0.10541218111213047
base_macro,Base+Macro,2016-08-26,-0.0009449575089386333,0.10436761357111624
base_macro,Base+Macro,2016-08-29,0.005114117968054533,0.11001547982701765
base_macro,Base+Macro,2016-08-30,-0.0026700842785002334,0.10705164494543973
base_macro,Base+Macro,2016-08-31,-0.0031539581170697667,0.10356005042384853
base_macro,Base+Macro,2016-09-01,0.00028156434678866673,0.1038707735885882
base_macro,Base+Macro,2016-09-02,0.0031786880695678665,0.10737963444693888
base_macro,Base+Macro,2016-09-06,0.003937389550160534,0.11173981944767064
base_macro,Base+Macro,2016-09-07,-0.0012913817934024666,0.11030413888583546
base_macro,Base+Macro,2016-09-08,-0.0006555343609268667,0.1095762963717164
base_macro,Base+Macro,2016-09-09,-0.020798662649840035,0.08649859329922216
base_macro,Base+Macro,2016-09-12,0.014518568143350799,0.10227299716369176
base_macro,Base+Macro,2016-09-13,-0.0148035823411396,0.08595540808776425
base_macro,Base+Macro,2016-09-14,-0.002211445793198467,0.08355387656894742
base_macro,Base+Macro,2016-09-15,0.0096982169822104,0.0940624171758282
base_macro,Base+Macro,2016-09-16,-0.0016793643324797,0.09222508777491645
base_macro,Base+Macro,2016-09-19,-0.0007143771672191668,0.0914448271107462
base_macro,Base+Macro,2016-09-20,0.0016570575065377668,0.09325341395448183
base_macro,Base+Macro,2016-09-21,0.0099394879504916,0.10411979308931629
base_macro,Base+Macro,2016-09-22,0.0063382899393203,0.11111802446565866
base_macro,Base+Macro,2016-09-23,-0.008178233854341735,0.10203104142180441
base_macro,Base+Macro,2016-09-26,-0.008804133589066733,0.09232861291382854
base_macro,Base+Macro,2016-09-27,0.007131794682303967,0.10011887630673577
base_macro,Base+Macro,2016-09-28,0.006380771792888168,0.10713848380149749
base_macro,Base+Macro,2016-09-29,-0.011741136630547535,0.09413941959424688
base_macro,Base+Macro,2016-09-30,0.009278070454860532,0.10429092221668257
base_macro,Base+Macro,2016-10-03,-0.0029491133904307,0.10103424307104225
base_macro,Base+Macro,2017-01-04,0.0,0.10103424307104225
base_macro,Base+Macro,2017-01-05,-0.00019797612304673336,0.10081626458025728
base_macro,Base+Macro,2017-01-06,0.0016406766709432332,0.10262234814454896
base_macro,Base+Macro,2017-01-09,-0.0013590558876791,0.10112382275041654
base_macro,Base+Macro,2017-01-10,-0.0005929209189027,0.10047094340160578
base_macro,Base+Macro,2017-01-11,0.003229372932882167,0.10402477447965008
base_macro,Base+Macro,2017-01-12,-0.0025321681217232335,0.1012291981401201
base_macro,Base+Macro,2017-01-13,0.0005987529598703667,0.10188856238200206
base_macro,Base+Macro,2017-01-17,-0.0083493281203948,0.09268853322256465
base_macro,Base+Macro,2017-01-18,-0.0020142235178297334,0.09048761428128493
base_macro,Base+Macro,2017-01-19,-0.0032497376762853,0.08694381559563258
base_macro,Base+Macro,2017-01-20,0.004865068200551634,0.09223187138867295
base_macro,Base+Macro,2017-01-23,-0.0022479317311944334,0.08977660870715654
base_macro,Base+Macro,2017-01-24,0.008652964300455033,0.09920640679777049
base_macro,Base+Macro,2017-01-25,0.013188901258089867,0.11370373155928615
base_macro,Base+Macro,2017-01-26,0.004322970897157466,0.11851824037887271
base_macro,Base+Macro,2017-01-27,-0.00039786522455823324,0.11807322086799199
base_macro,Base+Macro,2017-01-30,-0.005677526428926434,0.11172533060703915
base_macro,Base+Macro,2017-01-31,-0.007680448738348634,0.10318678119418823
base_macro,Base+Macro,2017-02-01,0.0033667353752788996,0.10690091915597466
base_macro,Base+Macro,2017-02-02,-0.0022396760552168,0.10442181967184361
base_macro,Base+Macro,2017-02-03,0.014599353182503,0.12054566387969556
base_macro,Base+Macro,2017-02-06,-0.0011440050880268335,0.1192637539388508
base_macro,Base+Macro,2017-02-07,0.0033872148699182667,0.12305494076955314
base_macro,Base+Macro,2017-02-08,-0.0024434468489866333,0.12031081571329083
base_macro,Base+Macro,2017-02-09,0.005645689348831733,0.1266357425529443
base_macro,Base+Macro,2017-02-10,0.004410918265727967,0.13160524072859303
base_macro,Base+Macro,2017-02-13,0.008496872020218267,0.14122034563647223
base_macro,Base+Macro,2017-02-14,0.006149396073475766,0.1482381615488999
base_macro,Base+Macro,2017-02-15,0.006131690654027633,0.15527880275266726
base_macro,Base+Macro,2017-02-16,0.000540933272225121,0.15590373149577252
base_macro,Base+Macro,2017-02-17,-0.0011983967469194,0.154518500224196
base_macro,Base+Macro,2017-02-21,0.0074492135729585,0.1631187551062978
base_macro,Base+Macro,2017-02-22,0.0003916629515166666,0.16357430563088715
base_macro,Base+Macro,2017-02-23,0.0029114264981859334,0.16696196669690933
base_macro,Base+Macro,2017-02-24,-0.0012919585248772666,0.16545430023582774
base_macro,Base+Macro,2017-02-27,0.0037081060289176336,0.1697759283529603
base_macro,Base+Macro,2017-02-28,5.988830873039997e-05,0.16984598425490294
base_macro,Base+Macro,2017-03-01,0.016027783712343133,0.18859602266729358
base_macro,Base+Macro,2017-03-02,-0.006036962611387067,0.18142051291840766
base_macro,Base+Macro,2017-03-03,0.0018116696069616332,0.1835608565547029
base_macro,Base+Macro,2017-03-06,-0.0025088526202264334,0.18059147679853815
base_macro,Base+Macro,2017-03-07,-0.0006594847990740115,0.17981289466567318
base_macro,Base+Macro,2017-03-08,-0.000857936962571,0.17880068957442163
base_macro,Base+Macro,2017-03-09,-0.0012938731238568,0.17727547104379737
base_macro,Base+Macro,2017-03-10,1.1448857130001364e-07,0.17727560582838398
base_macro,Base+Macro,2017-03-13,-0.0006614022295164,0.1764969531179339
base_macro,Base+Macro,2017-03-14,-0.0018045344726031335,0.17437392380911998
base_macro,Base+Macro,2017-03-15,0.0030682181689844,0.17797715921933266
base_macro,Base+Macro,2017-03-16,-9.234459674769997e-05,0.17786837939358668
base_macro,Base+Macro,2017-03-17,-0.005711436744714833,0.17114105865108042
base_macro,Base+Macro,2017-03-20,-0.002708835990387567,0.16796862960158587
base_macro,Base+Macro,2017-03-21,-0.015485581467928567,0.14988195623590572
base_macro,Base+Macro,2017-03-22,-0.00042441046514923316,0.14939393429999304
base_macro,Base+Macro,2017-03-23,-0.0007493328953699,0.14853265561528328
base_macro,Base+Macro,2017-03-24,-0.0045723741425843,0.1432811345988343
base_macro,Base+Macro,2017-03-27,-0.002599054309946633,0.1403096848384744
base_macro,Base+Macro,2017-03-28,0.0078226903888063,0.14922997445032316
base_macro,Base+Macro,2017-03-29,-0.0028006064825200666,0.14601143353397106
base_macro,Base+Macro,2017-03-30,0.005059559012759066,0.15180974601123287
base_macro,Base+Macro,2017-03-31,-0.003279389876628533,0.14803251279036145
base_macro,Base+Macro,2017-04-03,-4.754725037491792e-05,0.1479779270010373
base_macro,Base+Macro,2017-07-05,0.0,0.1479779270010373
base_macro,Base+Macro,2017-07-06,-0.0011044185631432666,0.1467100788683786
base_macro,Base+Macro,2017-07-07,0.0014657216738060332,0.1483908366845479
base_macro,Base+Macro,2017-07-10,0.00031298254344633335,0.14875026296948368
base_macro,Base+Macro,2017-07-11,-0.00026074818714995313,0.14845072842092644
base_macro,Base+Macro,2017-07-12,0.0034891783877059666,0.15245787788187792
base_macro,Base+Macro,2017-07-13,-0.0005921339183728,0.15177546848288825
base_macro,Base+Macro,2017-07-14,0.0045710108064994995,0.1570402465959846
base_macro,Base+Macro,2017-07-17,-0.00029008088664533334,0.15670461133536784
base_macro,Base+Macro,2017-07-18,-0.0002982666450582334,0.15635960493162138
base_macro,Base+Macro,2017-07-19,0.005295689378685933,0.1624833262093992
base_macro,Base+Macro,2017-07-20,0.00012545502501457714,0.16262916558416762
base_macro,Base+Macro,2017-07-21,0.00022829101326966668,0.16289458337443552
base_macro,Base+Macro,2017-07-24,-0.0016389832355470666,0.1609886186475762
base_macro,Base+Macro,2017-07-25,0.0034896458681029333,0.16504005778355424
base_macro,Base+Macro,2017-07-26,0.004692870001461,0.17050743932122714
base_macro,Base+Macro,2017-07-27,0.002487432270218033,0.17341899729832488
base_macro,Base+Macro,2017-07-28,0.0022696360211177332,0.17608223132245682
base_macro,Base+Macro,2017-07-31,0.0019037085018535002,0.178321149065104
base_macro,Base+Macro,2017-08-01,0.0018594228772091667,0.18051214636637503
base_macro,Base+Macro,2017-08-02,0.0020469230978003,0.1829285639460061
base_macro,Base+Macro,2017-08-03,0.0013848778176556332,0.1845667754740863
base_macro,Base+Macro,2017-08-04,-0.00041553096822046664,0.18407455129495176
base_macro,Base+Macro,2017-08-07,0.0015658907001890332,0.18592868262315498
base_macro,Base+Macro,2017-08-08,-0.0015949130713941,0.18403722946549816
base_macro,Base+Macro,2017-08-09,-0.002500206060197067,0.18107689240888947
base_macro,Base+Macro,2017-08-10,-0.0085612781259031,0.17096536464489964
base_macro,Base+Macro,2017-08-11,0.0011664486220229,0.1723312355809261
base_macro,Base+Macro,2017-08-14,0.007018813170550301,0.18055960949746885
base_macro,Base+Macro,2017-08-15,0.0018158426572151335,0.1827033199957797
base_macro,Base+Macro,2017-08-16,0.0025633519452184666,0.18573500485170724
base_macro,Base+Macro,2017-08-17,-0.011605790519125567,0.17197361277420398
base_macro,Base+Macro,2017-08-18,-0.0040780398229396326,0.1671942577098764
base_macro,Base+Macro,2017-08-21,0.0020210086664873,0.16955316742018223
base_macro,Base+Macro,2017-08-22,0.0095746105395776,0.1807511835035598
base_macro,Base+Macro,2017-08-23,-0.005303681533643166,0.17448885525578461
base_macro,Base+Macro,2017-08-24,0.0005742448335164333,0.17516329941293796
base_macro,Base+Macro,2017-08-25,0.00033443133846813335,0.17555631084807932
base_macro,Base+Macro,2017-08-28,0.0011331189746633333,0.17688835600968655
base_macro,Base+Macro,2017-08-29,0.0030464834905968,0.18047372695654573
base_macro,Base+Macro,2017-08-30,0.0023344979378342335,0.18322954043779327
base_macro,Base+Macro,2017-08-31,0.004302235448805334,0.18832007251073835
base_macro,Base+Macro,2017-09-01,0.0014747823134184667,0.19007258593635723
base_macro,Base+Macro,2017-09-05,-0.008596693396796902,0.17984189679512919
base_macro,Base+Macro,2017-09-06,0.0013043257553891666,0.1813807949684061
base_macro,Base+Macro,2017-09-07,0.0028936029513233,0.1847992419233635
base_macro,Base+Macro,2017-09-08,0.001654059659474267,0.1867589705540047
base_macro,Base+Macro,2017-09-11,0.014993394343694767,0.2045525157904382
base_macro,Base+Macro,2017-09-12,0.00025340807978916664,0.20485775913046989
base_macro,Base+Macro,2017-09-13,0.0005452023492158,0.20551465041121886
base_macro,Base+Macro,2017-09-14,0.0014947956133855667,0.2073166484225255
base_macro,Base+Macro,2017-09-15,0.0035061698942551334,0.21154970570805753
base_macro,Base+Macro,2017-09-18,0.0025130276332753,0.21459436359758843
base_macro,Base+Macro,2017-09-19,0.0002615648936138098,0.21491205884308662
base_macro,Base+Macro,2017-09-20,0.0027718983167266662,0.21827967153396477
base_macro,Base+Macro,2017-09-21,-0.0028910070386403332,0.21475761642852764
base_macro,Base+Macro,2017-09-22,-0.0010057115662517333,0.21353592064349303
base_macro,Base+Macro,2017-09-25,-0.0035127624458021005,0.2092730572348247
base_macro,Base+Macro,2017-09-26,-0.0019211863930598668,0.20694981829177128
base_macro,Base+Macro,2017-09-27,0.00020907795447065402,0.20720216489092835
base_macro,Base+Macro,2017-09-28,0.003013389229867667,0.21083993489288355
base_macro,Base+Macro,2017-09-29,0.0008341609425431667,0.21184997027424268
base_macro,Base+Macro,2017-10-02,0.006139233451687667,0.21928980015017707
base_macro,Base+Macro,2017-10-03,0.003585733229174067,0.2236618481025685
base_macro,Base+Macro,2018-01-04,0.0,0.2236618481025685
base_macro,Base+Macro,2018-01-05,0.0016512748214721335,0.22568245010233623
base_macro,Base+Macro,2018-01-08,6.965059189516665e-05,0.22576781961046133
base_macro,Base+Macro,2018-01-09,0.0020796839652565996,0.22831702929003272
base_macro,Base+Macro,2018-01-10,-0.00046002319644786665,0.22775197496396737
base_macro,Base+Macro,2018-01-11,0.007536518317864334,0.23700495021307755
base_macro,Base+Macro,2018-01-12,0.009048788414349999,0.2481983462750592
base_macro,Base+Macro,2018-01-16,-0.0002002880726287,0.24794834703402535
base_macro,Base+Macro,2018-01-17,0.015246578158867333,0.266975289045309
base_macro,Base+Macro,2018-01-18,-0.0032407122835327665,0.2628693866631675
base_macro,Base+Macro,2018-01-19,0.0012570215502143666,0.2644568406973091
base_macro,Base+Macro,2018-01-22,0.006373497726486267,0.27251585349673335
base_macro,Base+Macro,2018-01-23,0.0007605729062072334,0.2734836945776222
base_macro,Base+Macro,2018-01-24,0.0004699326166593,0.27408214610248804
base_macro,Base+Macro,2018-01-25,0.005072513779825733,0.2805449453452229
base_macro,Base+Macro,2018-01-26,0.009992609658419834,0.2933409311341202
base_macro,Base+Macro,2018-01-29,-0.007984841532477867,0.2830138087515468
base_macro,Base+Macro,2018-01-30,-0.0132815453827516,0.2659734026239162
base_macro,Base+Macro,2018-01-31,0.005619607488721999,0.2730876762378245
base_macro,Base+Macro,2018-02-01,-0.0014740815276961,0.2712110412111448
base_macro,Base+Macro,2018-02-02,-0.022195912282314035,0.2429953524481132
base_macro,Base+Macro,2018-02-05,-0.045493809926293066,0.18644675814457323
base_macro,Base+Macro,2018-02-06,0.024909072636828834,0.2160000466229266
base_macro,Base+Macro,2018-02-07,2.319713826109988e-05,0.21602825434413364
base_macro,Base+Macro,2018-02-08,-0.042880772004994495,0.1638840240179713
base_macro,Base+Macro,2018-02-09,0.016640302226001734,0.18325140593364542
base_macro,Base+Macro,2018-02-12,0.016379314983944133,0.20263225341662738
base_macro,Base+Macro,2018-02-13,0.0010917691948704,0.20394525026366517
base_macro,Base+Macro,2018-02-14,0.011970477102326535,0.21835704931440114
base_macro,Base+Macro,2018-02-15,0.01287619167870977,0.23404484821448057
base_macro,Base+Macro,2018-02-16,0.0006456755949042,0.2348416408559899
base_macro,Base+Macro,2018-02-20,-0.005983867346347767,0.22745251228336127
base_macro,Base+Macro,2018-02-21,-0.007589621572406666,0.21813661221703073
base_macro,Base+Macro,2018-02-22,0.004760464523259067,0.2239355083439729
base_macro,Base+Macro,2018-02-23,0.0147004861020182,0.24192795527415
base_macro,Base+Macro,2018-02-26,0.0160366596839447,0.26184433124485884
base_macro,Base+Macro,2018-02-27,-0.0103241922135421,0.2488168078255184
base_macro,Base+Macro,2018-02-28,-0.013976929698180466,0.23136218309663503
base_macro,Base+Macro,2018-03-01,-0.0145068731928122,0.21349896805202784
base_macro,Base+Macro,2018-03-02,-0.0005069027223335334,0.2128838421215733
base_macro,Base+Macro,2018-03-05,0.013401258186053434,0.22913801163953695
base_macro,Base+Macro,2018-03-06,0.00021919543898413335,0.2294074330855702
base_macro,Base+Macro,2018-03-07,-0.0011144532264705334,0.22803731600512123
base_macro,Base+Macro,2018-03-08,0.0025857242285281996,0.23121268184665222
base_macro,Base+Macro,2018-03-09,0.01771396506423213,0.2530223402795235
base_macro,Base+Macro,2018-03-12,-0.008360138805035533,0.24254689958897635
base_macro,Base+Macro,2018-03-13,-0.0051073511481506,0.23620077625472957
base_macro,Base+Macro,2018-03-14,-0.0077527269817879,0.2266168491417524
base_macro,Base+Macro,2018-03-15,0.0031256668808999667,0.23045084480266853
base_macro,Base+Macro,2018-03-16,0.001646259069491767,0.23247648566548862
base_macro,Base+Macro,2018-03-19,-0.011290903172703032,0.21856071300320634
base_macro,Base+Macro,2018-03-20,0.007313587292111067,0.2274727631484923
base_macro,Base+Macro,2018-03-21,-0.002377596488450333,0.22455432821716204
base_macro,Base+Macro,2018-03-22,-0.0308327675305106,0.18679792928676164
base_macro,Base+Macro,2018-03-23,-0.015933721701463868,0.16788782136563274
base_macro,Base+Macro,2018-03-26,0.02907778684865753,0.20184741449844568
base_macro,Base+Macro,2018-03-27,-0.0157201123821893,0.18295423807628652
base_macro,Base+Macro,2018-03-28,-0.004733150096241,0.17735513811048698
base_macro,Base+Macro,2018-03-29,0.013778428364311599,0.19357724154029654
base_macro,Base+Macro,2018-04-02,-0.020964291003972468,0.1685547409129271
base_macro,Base+Macro,2018-04-03,0.016612992739533265,0.18796793233946074
base_macro,Base+Macro,2018-07-05,0.0,0.18796793233946074
base_macro,Base+Macro,2018-07-06,0.0005429884501773999,0.1886129852059022
base_macro,Base+Macro,2018-07-09,0.0024952319464442,0.19157885029854627
base_macro,Base+Macro,2018-07-10,0.0016714178935536333,0.1935704765105155
base_macro,Base+Macro,2018-07-11,-0.0021592528070285334,0.19099325610872375
base_macro,Base+Macro,2018-07-12,0.0052134992960400665,0.197202498611035
base_macro,Base+Macro,2018-07-13,0.0023708373463899334,0.20004087100593337
base_macro,Base+Macro,2018-07-16,-0.0012404050431415333,0.1985523342575617
base_macro,Base+Macro,2018-07-17,-0.0030670409364432333,0.19487632518392406
base_macro,Base+Macro,2018-07-18,0.0049229622325523,0.20075865620537559
base_macro,Base+Macro,2018-07-19,-0.004244633754282067,0.19566187548249991
base_macro,Base+Macro,2018-07-20,-0.0010852200293957335,0.1943643192668414
base_macro,Base+Macro,2018-07-23,0.0005968955319243333,0.19507722999250166
base_macro,Base+Macro,2018-07-24,0.0043874188092642335,0.20032053430989416
base_macro,Base+Macro,2018-07-25,0.008710129655314034,0.21077548179166916
base_macro,Base+Macro,2018-07-26,-0.0005965217906502,0.21005322783319547
base_macro,Base+Macro,2018-07-27,-0.004090329061814699,0.20510371194904664
base_macro,Base+Macro,2018-07-30,-0.0074878371192705325,0.1960800916421439
base_macro,Base+Macro,2018-07-31,0.0028310176125383,0.19946621544758925
base_macro,Base+Macro,2018-08-01,-0.0013312454739189334,0.19786943147715585
base_macro,Base+Macro,2018-08-02,0.004894339577580467,0.2037322112444082
base_macro,Base+Macro,2018-08-03,0.005613225617577167,0.21048903172926803
base_macro,Base+Macro,2018-08-06,0.0029048630199376003,0.21400533655357834
base_macro,Base+Macro,2018-08-07,0.006200304118357466,0.22153253884151924
base_macro,Base+Macro,2018-08-08,-2.5891494055666712e-05,0.22150091153905116
base_macro,Base+Macro,2018-08-09,0.0007751490134850332,0.2224477567656018
base_macro,Base+Macro,2018-08-10,-0.005743779019261967,0.2154262869881478
base_macro,Base+Macro,2018-08-13,-0.0012021627392448193,0.2139651467936321
base_macro,Base+Macro,2018-08-14,0.006243250182724567,0.22154423491817266
base_macro,Base+Macro,2018-08-15,-0.006236178228264867,0.21392646735551346
base_macro,Base+Macro,2018-08-16,0.010611427562987934,0.2268079601306503
base_macro,Base+Macro,2018-08-17,0.0018047912011499,0.22902209234259474
base_macro,Base+Macro,2018-08-20,0.0021285146852364997,0.23163808391462615
base_macro,Base+Macro,2018-08-21,0.0013737227407950331,0.23333001315892887
base_macro,Base+Macro,2018-08-22,-0.00048802029927349995,0.23272812307680413
base_macro,Base+Macro,2018-08-23,-0.0006653092488267334,0.2319079776552324
base_macro,Base+Macro,2018-08-24,0.0049049861595993,0.23795046923553143
base_macro,Base+Macro,2018-08-27,0.008307848337712401,0.24823517398354
base_macro,Base+Macro,2018-08-28,0.0024528370092231334,0.25129689141450084
base_macro,Base+Macro,2018-08-29,0.005198038680989634,0.2578011810574754
base_macro,Base+Macro,2018-08-30,-0.0040470130739505,0.2527108432333054
base_macro,Base+Macro,2018-08-31,0.0006470780120893667,0.25352144487546746
base_macro,Base+Macro,2018-09-04,-0.0005825054423398001,0.25279126181173783
base_macro,Base+Macro,2018-09-05,-0.0019558313389290666,0.25034101340075
base_macro,Base+Macro,2018-09-06,0.0010393418613732668,0.2516405451569692
base_macro,Base+Macro,2018-09-07,-0.0010367723223157668,0.25034287888226214
base_macro,Base+Macro,2018-09-10,-0.0006696854442920999,0.2495055424559003
base_macro,Base+Macro,2018-09-11,0.003183387201754533,0.2534832024082758
base_macro,Base+Macro,2018-09-12,0.002565462698641267,0.25669896680742776
base_macro,Base+Macro,2018-09-13,0.007027076306071234,0.2655298863409443
base_macro,Base+Macro,2018-09-14,-0.0038213729735587,0.2606938246360502
base_macro,Base+Macro,2018-09-17,-0.005339050576463767,0.2539629165448827
base_macro,Base+Macro,2018-09-18,0.0043585570259276,0.2594283854250421
base_macro,Base+Macro,2018-09-19,0.002449328838924633,0.262513139690024
base_macro,Base+Macro,2018-09-20,0.008975502679224668,0.27384482975786817
base_macro,Base+Macro,2018-09-21,0.001396760282171633,0.2756240856217236
base_macro,Base+Macro,2018-09-24,-0.0008981069107819,0.2744784388148669
base_macro,Base+Macro,2018-09-25,-0.00022593642850660004,0.27419048770819243
base_macro,Base+Macro,2018-09-26,-0.002136129138892833,0.27146865227889894
base_macro,Base+Macro,2018-09-27,0.005470702480430499,0.2784244789887109
base_macro,Base+Macro,2018-09-28,3.93112489526e-05,0.27847473545167145
base_macro,Base+Macro,2018-10-01,0.0049054785730335325,0.28474626587259433
base_macro,Base+Macro,2018-10-02,0.0006786238863536667,0.2856181253765191
base_macro,Base+Macro,2018-10-03,-0.0009650655647204746,0.2843774195943378
base_macro,Base+Macro,2019-01-04,0.0,0.2843774195943378
base_macro,Base+Macro,2019-01-07,0.0006101211426670334,0.2851610454131963
base_macro,Base+Macro,2019-01-08,0.0017974787664200664,0.2874710951037569
base_macro,Base+Macro,2019-01-09,0.00017596381985813332,0.28769764343560844
base_macro,Base+Macro,2019-01-10,0.0015833540811644332,0.2897365247546482
base_macro,Base+Macro,2019-01-11,0.00017686974696473333,0.2899646401274325
base_macro,Base+Macro,2019-01-14,-0.0023974202807807,0.2868720527377011
base_macro,Base+Macro,2019-01-15,0.008708989570959532,0.2980794080241531
base_macro,Base+Macro,2019-01-16,0.0015528923385701332,0.30009518559172954
base_macro,Base+Macro,2019-01-17,0.005337244705775834,0.3070341117380335
base_macro,Base+Macro,2019-01-18,0.0128360386275874,0.3238112520838774
base_macro,Base+Macro,2019-01-22,-0.010664751477797933,0.3096931340768905
base_macro,Base+Macro,2019-01-23,0.0035417601907983,0.3143317530813259
base_macro,Base+Macro,2019-01-24,-0.0021401114324652334,0.31151893667050445
base_macro,Base+Macro,2019-01-25,0.005484191927591367,0.31871155823587616
base_macro,Base+Macro,2019-01-28,-0.0096258121528389,0.3060178884925202
base_macro,Base+Macro,2019-01-29,-0.000857129735332,0.3048984617254178
base_macro,Base+Macro,2019-01-30,0.0141552756413317,0.32336965913509075
base_macro,Base+Macro,2019-01-31,0.005028515506705967,0.3300242439871559
base_macro,Base+Macro,2019-02-01,0.0009603100016629998,0.3313014795711111
base_macro,Base+Macro,2019-02-04,0.0055830000410572005,0.33873413578621614
base_macro,Base+Macro,2019-02-05,0.003274980787751833,0.3431184643608236
base_macro,Base+Macro,2019-02-06,-0.00023316772225730003,0.3428052924877669
base_macro,Base+Macro,2019-02-07,-0.008609073589010667,0.3312449829090267
base_macro,Base+Macro,2019-02-08,-0.0028164428983463337,0.3274956074309534
base_macro,Base+Macro,2019-02-11,-0.0005402193741042999,0.32677846858478077
base_macro,Base+Macro,2019-02-12,0.017235853508760033,0.3496466279078849
base_macro,Base+Macro,2019-02-13,0.002998449791740767,0.35369347555825903
base_macro,Base+Macro,2019-02-14,-0.0033606116817037,0.349144237450852
base_macro,Base+Macro,2019-02-15,0.014544792015726832,0.368767259783791
base_macro,Base+Macro,2019-02-19,-6.933677614299994e-06,0.3687577691928827
base_macro,Base+Macro,2019-02-20,0.0010003681918121,0.3701270309274789
base_macro,Base+Macro,2019-02-21,-0.0011870164327282332,0.36850066762684275
base_macro,Base+Macro,2019-02-22,0.0067608285754121,0.377752866046005
base_macro,Base+Macro,2019-02-25,0.0019504605440126335,0.3804401186506281
base_macro,Base+Macro,2019-02-26,0.00013234579960863337,0.38062281410194254
base_macro,Base+Macro,2019-02-27,-0.005088758573243766,0.37359715792026527
base_macro,Base+Macro,2019-02-28,-0.0038163842772117665,0.36835498332355554
base_macro,Base+Macro,2019-03-01,0.0071246267702374,0.37810400186893034
base_macro,Base+Macro,2019-03-04,-0.010022507226779699,0.36429194455094493
base_macro,Base+Macro,2019-03-05,0.00022663849267080005,0.3646011456208209
base_macro,Base+Macro,2019-03-06,-0.0038992876545040334,0.35928017322037964
base_macro,Base+Macro,2019-03-07,-0.008820287042072,0.3472909319219786
base_macro,Base+Macro,2019-03-08,-0.0011540954791538337,0.3457360295483425
base_macro,Base+Macro,2019-03-11,0.0171661296763736,0.3688371087417375
base_macro,Base+Macro,2019-03-12,0.0026124184542007,0.3724130840654092
base_macro,Base+Macro,2019-03-13,0.008312360208246668,0.38382107597467163
base_macro,Base+Macro,2019-03-14,0.0026338336423698664,0.38746583047959415
base_macro,Base+Macro,2019-03-15,0.0045829636805907,0.3938245359887429
base_macro,Base+Macro,2019-03-18,0.004728000299244633,0.4004145388119922
base_macro,Base+Macro,2019-03-19,0.001536951394927306,0.4025669078908958
base_macro,Base+Macro,2019-03-20,-0.0060703997220025,0.394052766123145
base_macro,Base+Macro,2019-03-21,0.009065054718052967,0.40668993072790416
base_macro,Base+Macro,2019-03-22,-0.020321322324997934,0.37810413123425346
base_macro,Base+Macro,2019-03-25,-0.0012433446510468668,0.3763906728340978
base_macro,Base+Macro,2019-03-26,0.005869949694293067,0.38447001684332816
base_macro,Base+Macro,2019-03-27,-0.005495055745064067,0.37686227692340424
base_macro,Base+Macro,2019-03-28,0.004230430371881067,0.3826869969175981
base_macro,Base+Macro,2019-03-29,0.007767171057393001,0.3934265633414902
base_macro,Base+Macro,2019-04-01,0.0111125166914308,0.4089110392849056
base_macro,Base+Macro,2019-04-02,-0.0018932832801977668,0.4062435715709414
base_macro,Base+Macro,2019-04-03,0.0029159494884248662,0.4103441067940643
base_macro,Base+Macro,2019-07-05,0.0,0.4103441067940643
base_macro,Base+Macro,2019-07-08,-0.0007370335416156667,0.40930463588213706
base_macro,Base+Macro,2019-07-09,9.176878897131247e-05,0.40943396606186355
base_macro,Base+Macro,2019-07-10,0.0015758014583469669,0.4116549541610275
base_macro,Base+Macro,2019-07-11,0.004485591307566,0.4179870613526948
base_macro,Base+Macro,2019-07-12,0.0029133705436606666,0.42211818308853166
base_macro,Base+Macro,2019-07-15,0.0007691760903187334,0.42321204239257093
base_macro,Base+Macro,2019-07-16,-0.0007090416621527998,0.42220292576043694
base_macro,Base+Macro,2019-07-17,-0.005472693200885733,0.414419645478348
base_macro,Base+Macro,2019-07-18,0.0048300142223468,0.42125131248237513
base_macro,Base+Macro,2019-07-19,-0.0085427170060244,0.4091099647253975
base_macro,Base+Macro,2019-07-22,0.002743143873264167,0.4129753560918894
base_macro,Base+Macro,2019-07-23,0.007052608919346367,0.42294051869107974
base_macro,Base+Macro,2019-07-24,0.004331954328990333,0.4291046320309193
base_macro,Base+Macro,2019-07-25,-0.0026318875197152334,0.42534338938550986
base_macro,Base+Macro,2019-07-26,0.004594580242862267,0.4318922439616748
base_macro,Base+Macro,2019-07-29,0.00010681267114323333,0.4320451881970415
base_macro,Base+Macro,2019-07-30,-0.003919286545809934,0.42643259275794887
base_macro,Base+Macro,2019-07-31,-0.012645622419886501,0.4083944647825122
base_macro,Base+Macro,2019-08-01,-0.008048604276567435,0.3970588550701699
base_macro,Base+Macro,2019-08-02,-0.0054609734019420006,0.3894295538216843
base_macro,Base+Macro,2019-08-05,-0.0296199237383908,0.3482747563976196
base_macro,Base+Macro,2019-08-06,0.014649404203749066,0.36802617828179973
base_macro,Base+Macro,2019-08-07,6.574062355340007e-05,0.3681161131757973
base_macro,Base+Macro,2019-08-08,0.014183062846012534,0.3875201899896119
base_macro,Base+Macro,2019-08-09,-0.0018774237202048335,0.3849152266726623
base_macro,Base+Macro,2019-08-12,-0.015578086912546566,0.36334089690504645
base_macro,Base+Macro,2019-08-13,0.0153428313776385,0.3842584063964989
base_macro,Base+Macro,2019-08-14,-0.029403078483797,0.3435569478313669
base_macro,Base+Macro,2019-08-15,0.004840832441960466,0.3500608818920503
base_macro,Base+Macro,2019-08-16,0.012304316006658067,0.3666724576110776
base_macro,Base+Macro,2019-08-19,0.0078698980244309,0.3774280304852753
base_macro,Base+Macro,2019-08-20,-0.008880109025960134,0.36519631939915254
base_macro,Base+Macro,2019-08-21,0.008036504071408566,0.3761677251782758
base_macro,Base+Macro,2019-08-22,-0.0008211566273006,0.37503767593046833
base_macro,Base+Macro,2019-08-23,-0.025698747495351032,0.3397009299001368
base_macro,Base+Macro,2019-08-26,0.012466027564861168,0.3564016786209421
base_macro,Base+Macro,2019-08-27,-0.0021923316597163,0.353427996277609
base_macro,Base+Macro,2019-08-28,0.006550379717786434,0.3622934635739101
base_macro,Base+Macro,2019-08-29,0.013699190503659467,0.3809557812532991
base_macro,Base+Macro,2019-08-30,-2.0478037295166656e-05,0.38092750198930747
base_macro,Base+Macro,2019-09-03,-0.009448232443149468,0.3678801779633747
base_macro,Base+Macro,2019-09-04,0.0101966825135517,0.3818280178546478
base_macro,Base+Macro,2019-09-05,0.014929085356090402,0.40245744628063695
base_macro,Base+Macro,2019-09-06,0.0006474231993209667,0.4033654297674194
base_macro,Base+Macro,2019-09-09,-0.0019819789535488333,0.4005839890214824
base_macro,Base+Macro,2019-09-10,-0.0055558755461639665,0.39280251868652916
base_macro,Base+Macro,2019-09-11,0.001967674445186246,0.39554310060973963
base_macro,Base+Macro,2019-09-12,0.007824666068178034,0.4064627593557606
base_macro,Base+Macro,2019-09-13,-0.0006207094289032265,0.4055897546596272
base_macro,Base+Macro,2019-09-16,-0.0069830616244956,0.3957744347840795
base_macro,Base+Macro,2019-09-17,0.0016968989136934333,0.39814292290622566
base_macro,Base+Macro,2019-09-18,0.0011710931712625335,0.3997802785356901
base_macro,Base+Macro,2019-09-19,2.0749703876433333e-05,0.39980932356196175
base_macro,Base+Macro,2019-09-20,-0.004528810412024066,0.39346985252256594
base_macro,Base+Macro,2019-09-23,0.0021784463753741334,0.39650545187198705
base_macro,Base+Macro,2019-09-24,-0.007103483334622,0.38658539866790576
base_macro,Base+Macro,2019-09-25,0.0061458177537386,0.39510709982811365
base_macro,Base+Macro,2019-09-26,-0.002492758222405,0.3916294351338816
base_macro,Base+Macro,2019-09-27,-0.0025727416951673667,0.3880491320618904
base_macro,Base+Macro,2019-09-30,0.0025707090092052,0.3916174024709016
base_macro,Base+Macro,2019-10-01,-0.013223818922911334,0.3732149059306542
base_macro,Base+Macro,2019-10-02,-0.01742379440886663,0.34928829173052733
base_macro,Base+Macro,2019-10-03,0.0048576138190508334,0.3558426131823209
base_macro,Base+Macro,2020-01-06,0.0,0.3558426131823209
base_macro,Base+Macro,2020-01-07,-0.0011625672313689665,0.35426635498934145
base_macro,Base+Macro,2020-01-08,0.0022197249075808,0.35727245374900996
base_macro,Base+Macro,2020-01-09,0.0028683489177515667,0.361165584722815
base_macro,Base+Macro,2020-01-10,-0.0021122685774590667,0.3582904374294864
base_macro,Base+Macro,2020-01-13,0.001488513576051867,0.36031227118582154
base_macro,Base+Macro,2020-01-14,0.002501777931995067,0.36371547040649643
base_macro,Base+Macro,2020-01-15,0.005064490252942433,0.37062199411415686
base_macro,Base+Macro,2020-01-16,0.007430491669102701,0.3808063894229108
base_macro,Base+Macro,2020-01-17,0.0029698299492353,0.3849071495923144
base_macro,Base+Macro,2020-01-21,-0.003139739063577767,0.3805589025153113
base_macro,Base+Macro,2020-01-22,-0.00033523980937359997,0.38009608421200314
base_macro,Base+Macro,2020-01-23,-0.003797504729601333,0.3748551628049037
base_macro,Base+Macro,2020-01-24,-0.011356868028484767,0.3592411141626475
base_macro,Base+Macro,2020-01-27,-0.016558810888894368,0.33673369760081817
base_macro,Base+Macro,2020-01-28,0.008085989010988733,0.34754251159023686
base_macro,Base+Macro,2020-01-29,-0.002365286468866733,0.34435518752134975
base_macro,Base+Macro,2020-01-30,0.0049914667896636,0.35106549179337443
base_macro,Base+Macro,2020-01-31,-0.018514338009225667,0.32605140860571113
base_macro,Base+Macro,2020-02-03,0.0064561659320038,0.33461261653403684
base_macro,Base+Macro,2020-02-04,0.017583670631812032,0.3580800052042321
base_macro,Base+Macro,2020-02-05,0.017961728856143066,0.38247347002265997
base_macro,Base+Macro,2020-02-06,-0.0002826070432566,0.3820827732829162
base_macro,Base+Macro,2020-02-07,-0.006934326710609767,0.37249895979186687
base_macro,Base+Macro,2020-02-10,0.005186336197392233,0.3796172008279186
base_macro,Base+Macro,2020-02-11,0.001964017374085733,0.38232679297993233
base_macro,Base+Macro,2020-02-12,0.008341193806284201,0.39385704866379734
base_macro,Base+Macro,2020-02-13,-0.003820456870571967,0.3885318779256346
base_macro,Base+Macro,2020-02-14,-0.0006188003538104,0.3876726539082973
base_macro,Base+Macro,2020-02-18,-0.0024433914670366,0.38428202638669773
base_macro,Base+Macro,2020-02-19,0.006957407664622933,0.3939130407670801
base_macro,Base+Macro,2020-02-20,-0.005422439190362833,0.38635463206686693
base_macro,Base+Macro,2020-02-21,-0.008638596176626667,0.37437847424284554
base_macro,Base+Macro,2020-02-24,-0.0376991372045115,0.3225655915714374
base_macro,Base+Macro,2020-02-25,-0.03438174894367283,0.27709347344048796
base_macro,Base+Macro,2020-02-26,-0.0019139750772099,0.27464914836105536
base_macro,Base+Macro,2020-02-27,-0.042362804979325035,0.22065143507197327
base_macro,Base+Macro,2020-02-28,-0.007709608384436833,0.21124069053366767
base_macro,Base+Macro,2020-03-02,0.0487442056324941,0.27028165582348485
base_macro,Base+Macro,2020-03-03,-0.034201347813216036,0.22683631109191782
base_macro,Base+Macro,2020-03-04,0.053132501290708935,0.2920211929744976
base_macro,Base+Macro,2020-03-05,-0.0283563888062939,0.255384137680541
base_macro,Base+Macro,2020-03-06,-0.012054071965534935,0.24025164694054868
base_macro,Base+Macro,2020-03-09,-0.0674270600903436,0.15662512461514067
base_macro,Base+Macro,2020-03-10,0.047926480191649135,0.21205809573917178
base_macro,Base+Macro,2020-03-11,-0.041669738475428035,0.16155195187269533
base_macro,Base+Macro,2020-03-12,-0.09395036969854566,0.052423716570188406
base_macro,Base+Macro,2020-03-13,0.10166019772311213,0.15941331968520633
base_macro,Base+Macro,2020-03-16,-0.11601391428258263,0.02490524219716228
base_macro,Base+Macro,2020-03-17,0.06387164052854456,0.09036762140260035
base_macro,Base+Macro,2020-03-18,-0.056136173010818,0.02915855596214989
base_macro,Base+Macro,2020-03-19,0.006143562762417666,0.035481256143182316
base_macro,Base+Macro,2020-03-20,-0.04188884708445576,-0.007893859854219532
base_macro,Base+Macro,2020-03-23,-0.03234154021154,-0.039980100479860003
base_macro,Base+Macro,2020-03-24,0.1003461055070027,0.0563541576462101
base_macro,Base+Macro,2020-03-25,0.013591944298169267,0.07071206451607703
base_macro,Base+Macro,2020-03-26,0.05988620874312197,0.13483295071546597
base_macro,Base+Macro,2020-03-27,-0.0369022198340667,0.09295509569322125
base_macro,Base+Macro,2020-03-30,0.03948664080978317,0.13611222097808162
base_macro,Base+Macro,2020-03-31,-0.017950018085827232,0.11571898606399578
base_macro,Base+Macro,2020-04-01,-0.04010776562301627,0.0709699904697918
base_macro,Base+Macro,2020-04-02,0.0295211371158443,0.10258624240540515
base_macro,Base+Macro,2020-04-03,-0.022057989360640396,0.07826540680123828
base_macro,Base+Macro,2020-07-06,0.0,0.07826540680123828
base_macro,Base+Macro,2020-07-07,-0.0037248786551159,0.0742489990028945
base_macro,Base+Macro,2020-07-08,0.0037175127388411667,0.07824253334137499
base_macro,Base+Macro,2020-07-09,-0.0058339327442674,0.07195213891985297
base_macro,Base+Macro,2020-07-10,0.0067286125451042665,0.07916488952954048
base_macro,Base+Macro,2020-07-13,-0.006550659835070033,0.07209564743228158
base_macro,Base+Macro,2020-07-14,0.0194063815485576,0.09290114462290044
base_macro,Base+Macro,2020-07-15,0.003525781192875967,0.09675447492428435
base_macro,Base+Macro,2020-07-16,-0.0046197792445724665,0.09168771136463727
base_macro,Base+Macro,2020-07-17,0.00034635310563473336,0.09206582079385162
base_macro,Base+Macro,2020-07-20,0.010376887038191366,0.10339806445449917
base_macro,Base+Macro,2020-07-21,-7.64406083163336e-06,0.10338963001257295
base_macro,Base+Macro,2020-07-22,0.003537533608149967,0.10729290791162671
base_macro,Base+Macro,2020-07-23,-0.014475475317102632,0.0912643167543492
base_macro,Base+Macro,2020-07-24,-0.0049708638383742,0.08583979042408685
base_macro,Base+Macro,2020-07-27,0.0085349608447605,0.09510739051903938
base_macro,Base+Macro,2020-07-28,-0.007779273948332134,0.08658825012534876
base_macro,Base+Macro,2020-07-29,0.006242739079859366,0.09337153705812229
base_macro,Base+Macro,2020-07-30,-0.008596706876290367,0.08397214244715467
base_macro,Base+Macro,2020-07-31,0.0037663230187259,0.08805473167891109
base_macro,Base+Macro,2020-08-03,0.010051980382707432,0.09899183649705967
base_macro,Base+Macro,2020-08-04,0.0022795794057754665,0.10149707565465382
base_macro,Base+Macro,2020-08-05,0.0124468859578262,0.11520728413820636
base_macro,Base+Macro,2020-08-06,0.008666939237284933,0.12487271790680965
base_macro,Base+Macro,2020-08-07,-0.0023862211852558666,0.12218852279662396
base_macro,Base+Macro,2020-08-10,0.005919932260521566,0.12883180283511475
base_macro,Base+Macro,2020-08-11,-0.006176173435555067,0.12185994184123472
base_macro,Base+Macro,2020-08-12,0.0130279287157964,0.13647545319264975
base_macro,Base+Macro,2020-08-13,-0.0011147308800205,0.13520858891059073
base_macro,Base+Macro,2020-08-14,-0.00022979855421513336,0.13494771961812657
base_macro,Base+Macro,2020-08-17,0.0028664092235752333,0.1382009442299157
base_macro,Base+Macro,2020-08-18,0.003131424254472933,0.1417651342731412
base_macro,Base+Macro,2020-08-19,-0.0028155091824356333,0.1385504840534102
base_macro,Base+Macro,2020-08-20,0.003330692988471367,0.14234264616766756
base_macro,Base+Macro,2020-08-21,0.0031983798004570664,0.14599629181237095
base_macro,Base+Macro,2020-08-24,0.009990647428003332,0.1574455367176677
base_macro,Base+Macro,2020-08-25,0.0080281407346967,0.1667376723791838
base_macro,Base+Macro,2020-08-26,0.031329494810272265,0.20329097423093656
base_macro,Base+Macro,2020-08-27,0.004828900719757134,0.2091015468824775
base_macro,Base+Macro,2020-08-28,0.0017736873854975667,0.21124611504396862
base_macro,Base+Macro,2020-08-31,-0.003140031274193133,0.2074427643619856
base_macro,Base+Macro,2020-09-01,0.009556442727344733,0.21898162198615756
base_macro,Base+Macro,2020-09-02,0.012227809320343633,0.23388709682480746
base_macro,Base+Macro,2020-09-03,-0.03368429426480687,0.19232448076581243
base_macro,Base+Macro,2020-09-04,-0.009715180969872667,0.180740832660363
base_macro,Base+Macro,2020-09-08,-0.0269723187376183,0.14889351457532696
base_macro,Base+Macro,2020-09-09,0.0216861123648369,0.17380854842763993
base_macro,Base+Macro,2020-09-10,-0.016256413891955233,0.154726630834485
base_macro,Base+Macro,2020-09-11,0.0011160774488018267,0.1560153951866905
base_macro,Base+Macro,2020-09-14,0.012082273654418633,0.1699826895400569
base_macro,Base+Macro,2020-09-15,0.0033523653074547,0.17390489891879368
base_macro,Base+Macro,2020-09-16,-0.0021657553055716,0.17136250815572374
base_macro,Base+Macro,2020-09-17,-0.0080178410554368,0.16197070974703331
base_macro,Base+Macro,2020-09-18,-0.010114908741014566,0.15021748205821006
base_macro,Base+Macro,2020-09-21,-0.013978355800531033,0.13413933284600943
base_macro,Base+Macro,2020-09-22,0.009459539700936668,0.14486776889146014
base_macro,Base+Macro,2020-09-23,-0.024891150898536833,0.11637069249711152
base_macro,Base+Macro,2020-09-24,0.0037706819757855996,0.12058017134560584
base_macro,Base+Macro,2020-09-25,0.015919891917362598,0.1384196865581675
base_macro,Base+Macro,2020-09-28,0.0157328940774605,0.15633032290248305
base_macro,Base+Macro,2020-09-29,-0.0043410087102172005,0.15131068289887506
base_macro,Base+Macro,2020-09-30,0.012303682958942666,0.16547604452850662
base_macro,Base+Macro,2020-10-01,0.0030625128169985663,0.16904532985277987
base_macro,Base+Macro,2020-10-02,-0.008317679329916167,0.15932158567692833
base_macro,Base+Macro,2021-01-04,0.0,0.15932158567692833
base_macro,Base+Macro,2021-01-05,0.0016474588218686002,0.16123152025063447
base_macro,Base+Macro,2021-01-06,0.006669043891436866,0.16897582422730606
base_macro,Base+Macro,2021-01-07,0.0048754095838219,0.17467506016399992
base_macro,Base+Macro,2021-01-08,-0.0015354349302691,0.1728714230449082
base_macro,Base+Macro,2021-01-11,-0.003785027044179767,0.1684320729893376
base_macro,Base+Macro,2021-01-12,0.0037388370612075335,0.1728006501273336
base_macro,Base+Macro,2021-01-13,-0.0012319698583317666,0.17135579507654475
base_macro,Base+Macro,2021-01-14,0.0012162843782976332,0.17278049683152474
base_macro,Base+Macro,2021-01-15,-0.011625723790592768,0.15914607470836728
base_macro,Base+Macro,2021-01-19,0.006313005846890333,0.16646377065540108
base_macro,Base+Macro,2021-01-20,0.0067452142995423,0.17433181876112402
base_macro,Base+Macro,2021-01-21,-0.002205337847963567,0.17174202035514208
base_macro,Base+Macro,2021-01-22,-0.008637960963623932,0.16162055852387658
base_macro,Base+Macro,2021-01-25,-0.004822766724622433,0.1560183335475902
base_macro,Base+Macro,2021-01-26,-0.002236236400874467,0.15343320327003296
base_macro,Base+Macro,2021-01-27,-0.0211888639953788,0.1289932639981901
base_macro,Base+Macro,2021-01-28,0.011178357902275301,0.14161355477241977
base_macro,Base+Macro,2021-01-29,-0.0199577359741332,0.11882953286178011
base_macro,Base+Macro,2021-02-01,0.011000113576127832,0.13113678479558555
base_macro,Base+Macro,2021-02-02,0.019740703700703768,0.15346622090920192
base_macro,Base+Macro,2021-02-03,0.002443132005389,0.15628429115064035
base_macro,Base+Macro,2021-02-04,0.011269704700179567,0.16931527366136456
base_macro,Base+Macro,2021-02-05,0.0015580269292471667,0.17113709834650903
base_macro,Base+Macro,2021-02-08,0.013703716221725934,0.18718602879898505
base_macro,Base+Macro,2021-02-09,0.0008942076767455334,0.18824761965966208
base_macro,Base+Macro,2021-02-10,0.0010249176883032,0.18946547566313554
base_macro,Base+Macro,2021-02-11,-0.0018882260678381665,0.18721949594519494
base_macro,Base+Macro,2021-02-12,0.0010159793846221453,0.18842568647809665
base_macro,Base+Macro,2021-02-16,0.004855357538206667,0.19419591809353642
base_macro,Base+Macro,2021-02-17,0.0005399070876155,0.19484067293371665
base_macro,Base+Macro,2021-02-18,-0.005700519907578299,0.18802945989127373
base_macro,Base+Macro,2021-02-19,0.006727062068487201,0.1960214078071536
base_macro,Base+Macro,2021-02-22,0.005580320073416433,0.20269559007737548
base_macro,Base+Macro,2021-02-23,0.005591528985725967,0.209420497330298
base_macro,Base+Macro,2021-02-24,0.01973047839107547,0.23328294231859714
base_macro,Base+Macro,2021-02-25,-0.02022976190338367,0.20833392203598744
base_macro,Base+Macro,2021-02-26,-0.013889147415567599,0.19155119406559873
base_macro,Base+Macro,2021-03-01,0.026178421686297266,0.222744123684659
base_macro,Base+Macro,2021-03-02,-0.0046954853467021,0.21700274656913154
base_macro,Base+Macro,2021-03-03,0.0013553409681458667,0.21865220024990273
base_macro,Base+Macro,2021-03-04,-0.011246952762086433,0.2049460765202793
base_macro,Base+Macro,2021-03-05,0.015392870330795802,0.22349365523175702
base_macro,Base+Macro,2021-03-08,0.011018243053025034,0.23697440569893446
base_macro,Base+Macro,2021-03-09,-0.0010466638670707333,0.23567970928399817
base_macro,Base+Macro,2021-03-10,0.018286243968334833,0.25827564991468654
base_macro,Base+Macro,2021-03-11,0.005672694190881767,0.26541346288448553
base_macro,Base+Macro,2021-03-12,0.015170625997760067,0.2846105772624363
base_macro,Base+Macro,2021-03-15,0.0006119334330008667,0.28539667342304975
base_macro,Base+Macro,2021-03-16,-0.011374848081961568,0.27077548153780384
base_macro,Base+Macro,2021-03-17,0.009736254858107,0.28314807549348964
base_macro,Base+Macro,2021-03-18,-0.007265111270759866,0.27382586194816794
base_macro,Base+Macro,2021-03-19,-0.0061414449030654334,0.2660027306009134
base_macro,Base+Macro,2021-03-22,-0.00021191727362503335,0.2657344427538426
base_macro,Base+Macro,2021-03-23,-0.0137520403749782,0.24832801159309126
base_macro,Base+Macro,2021-03-24,-0.0005489642684649666,0.2476427241194028
base_macro,Base+Macro,2021-03-25,0.010400341194424801,0.2606186341389862
base_macro,Base+Macro,2021-03-26,0.008435009921064766,0.2712519648246279
base_macro,Base+Macro,2021-03-29,0.0020420702991803333,0.27384795070477086
base_macro,Base+Macro,2021-03-30,-0.00022566345415960006,0.27356048977614056
base_macro,Base+Macro,2021-03-31,-0.0029885265318499005,0.26975442046252884
base_macro,Base+Macro,2021-04-01,0.004924137404529033,0.27600686569889454
base_macro,Base+Macro,2021-07-06,0.0,0.27600686569889454
base_macro,Base+Macro,2021-07-07,0.00020886930491123332,0.276273384365995
base_macro,Base+Macro,2021-07-08,-0.0030150596797712,0.27242534394442797
base_macro,Base+Macro,2021-07-09,0.006998932257818567,0.2813309627298266
base_macro,Base+Macro,2021-07-12,0.0030394506386173564,0.2852255049427759
base_macro,Base+Macro,2021-07-13,-0.0022767665211787668,0.2822993465409571
base_macro,Base+Macro,2021-07-14,0.0002265190024056334,0.282589811709721
base_macro,Base+Macro,2021-07-15,-0.0008273543055042666,0.28152865550680706
base_macro,Base+Macro,2021-07-16,-0.0082352247444593,0.27097497901224377
base_macro,Base+Macro,2021-07-19,-0.018466209666270068,0.24750488856922037
base_macro,Base+Macro,2021-07-20,0.014034346232541703,0.2650128041021891
base_macro,Base+Macro,2021-07-21,0.009385890239999,0.2768860754336857
base_macro,Base+Macro,2021-07-22,0.0031367328842822335,0.28089132597598065
base_macro,Base+Macro,2021-07-23,0.006228685372127133,0.2888695950413718
base_macro,Base+Macro,2021-07-26,0.0018627075350972336,0.2912703821478131
base_macro,Base+Macro,2021-07-27,-0.004304923959684633,0.28571156134127396
base_macro,Base+Macro,2021-07-28,-0.002461540560647267,0.2825467301837392
base_macro,Base+Macro,2021-07-29,0.0030564656407399333,0.2864667901971891
base_macro,Base+Macro,2021-07-30,-0.009265616892206332,0.2745468817746757
base_macro,Base+Macro,2021-08-02,-0.0014087870095552,0.27275131668456254
base_macro,Base+Macro,2021-08-03,0.008842733955442734,0.2840059179694434
base_macro,Base+Macro,2021-08-04,-0.0093589737160243,0.27198894033194776
base_macro,Base+Macro,2021-08-05,0.009435621436317267,0.2839909464441026
base_macro,Base+Macro,2021-08-06,0.004958721334930334,0.2903578997440923
base_macro,Base+Macro,2021-08-09,-0.0023916088101324,0.28727186842284036
base_macro,Base+Macro,2021-08-10,0.0017606257290187666,0.2895382723946278
base_macro,Base+Macro,2021-08-11,0.003678573899251966,0.29428193422554516
base_macro,Base+Macro,2021-08-12,0.00239257191269,0.29737859682847545
base_macro,Base+Macro,2021-08-13,0.0005575064446750998,0.2981018937573907
base_macro,Base+Macro,2021-08-16,0.0020541943312305665,0.30076844730890695
base_macro,Base+Macro,2021-08-17,-0.006394627034404267,0.29245051823024526
base_macro,Base+Macro,2021-08-18,-0.010595439387672633,0.27875643710277065
base_macro,Base+Macro,2021-08-19,-0.0009839462094392998,0.2774982095536873
base_macro,Base+Macro,2021-08-20,0.006811279372135566,0.28619960675636036
base_macro,Base+Macro,2021-08-23,0.0081867956292022,0.2967294600752348
base_macro,Base+Macro,2021-08-24,0.002241779523851567,0.2996364416268067
base_macro,Base+Macro,2021-08-25,0.0023971688285536,0.3027518895931267
base_macro,Base+Macro,2021-08-26,-0.002821370744661667,0.2990763435242758
base_macro,Base+Macro,2021-08-27,0.0068219022222395,0.30793851531902283
base_macro,Base+Macro,2021-08-30,-0.00134867771397,0.306174527792169
base_macro,Base+Macro,2021-08-31,0.0002959937411864333,0.30656114727729267
base_macro,Base+Macro,2021-09-01,-0.0007870739332816666,0.30553278705603204
base_macro,Base+Macro,2021-09-02,0.0006358374686182333,0.30636289371855185
base_macro,Base+Macro,2021-09-03,-0.0021018054786859,0.30361717303138236
base_macro,Base+Macro,2021-09-07,-0.006545335263587333,0.29508456157852203
base_macro,Base+Macro,2021-09-08,-0.002996043652122867,0.29120443169884225
base_macro,Base+Macro,2021-09-09,-0.005566731933972967,0.284016642755617
base_macro,Base+Macro,2021-09-10,-0.006322449317830134,0.27589851260854426
base_macro,Base+Macro,2021-09-13,0.006795537671256233,0.28456892901567543
base_macro,Base+Macro,2021-09-14,-0.005976240883251667,0.2768920356647371
base_macro,Base+Macro,2021-09-15,0.0070907043740669334,0.28594609960723627
base_macro,Base+Macro,2021-09-16,-0.001987711650045267,0.28339000956371674
base_macro,Base+Macro,2021-09-17,-0.005531582372029766,0.27629083201037496
base_macro,Base+Macro,2021-09-20,-0.019144586268589066,0.25185677207314305
base_macro,Base+Macro,2021-09-21,-0.0005625284843785333,0.2511525669804897
base_macro,Base+Macro,2021-09-22,0.011348704489321166,0.2653515277342069
base_macro,Base+Macro,2021-09-23,0.01775285326316853,0.28781512773239837
base_macro,Base+Macro,2021-09-24,0.0010245916442460001,0.28913461235160653
base_macro,Base+Macro,2021-09-27,-0.0009621687240178334,0.2878942473465529
base_macro,Base+Macro,2021-09-28,-0.018425735210664033,0.26416384896560774
base_macro,Base+Macro,2021-09-29,0.0010061751862972333,0.2654358192618511
base_macro,Base+Macro,2021-09-30,-0.012456801181959265,0.24967253685277657
base_macro,Base+Macro,2021-10-01,0.0157766918455769,0.2693882353745831
base_macro,Base+Macro,2022-01-04,0.0,0.2693882353745831
base_macro,Base+Macro,2022-01-05,-0.0019338702568052668,0.26693340322185377
base_macro,Base+Macro,2022-01-06,-0.003468869457927967,0.2625385766341888
base_macro,Base+Macro,2022-01-07,-0.0016500232071356001,0.2604553586828384
base_macro,Base+Macro,2022-01-10,-0.004377488859885534,0.25493772939182135
base_macro,Base+Macro,2022-01-11,0.006305487729200333,0.2628507238454121
base_macro,Base+Macro,2022-01-12,0.0027291720595417662,0.266297260756303
base_macro,Base+Macro,2022-01-13,-0.004680892326064167,0.26036985962591275
base_macro,Base+Macro,2022-01-14,-0.0021858015048157003,0.2576149412901181
base_macro,Base+Macro,2022-01-18,-0.0135971228170152,0.2405149964768829
base_macro,Base+Macro,2022-01-19,-0.010978506513830366,0.22689599450755726
base_macro,Base+Macro,2022-01-20,-0.0116702964919951,0.21257775448681282
base_macro,Base+Macro,2022-01-21,-0.013566154346936135,0.19612773751178358
base_macro,Base+Macro,2022-01-24,0.00229944941297431,0.19887817273564723
base_macro,Base+Macro,2022-01-25,-0.004466898898208167,0.19352290514676862
base_macro,Base+Macro,2022-01-26,-0.004309501280061933,0.1883794166592554
base_macro,Base+Macro,2022-01-27,-0.00026550962135063813,0.18806389049031735
base_macro,Base+Macro,2022-01-28,0.009476688393851634,0.1993228017724813
base_macro,Base+Macro,2022-01-31,0.014849240591690566,0.21713183460310126
base_macro,Base+Macro,2022-02-01,0.005707733173735667,0.224078898352275
base_macro,Base+Macro,2022-02-02,0.008123940341802834,0.23402324229614857
base_macro,Base+Macro,2022-02-03,-0.017341856737243765,0.21262298801781965
base_macro,Base+Macro,2022-02-04,0.005991220992447334,0.2198880803195562
base_macro,Base+Macro,2022-02-07,0.0015469635784733666,0.22177520274962426
base_macro,Base+Macro,2022-02-08,0.0103108989318368,0.23437280338260003
base_macro,Base+Macro,2022-02-09,0.007971230497061834,0.24421227351766706
base_macro,Base+Macro,2022-02-10,-0.015682001328936632,0.22470053499088372
base_macro,Base+Macro,2022-02-11,-0.015494601028639332,0.20572428882163885
base_macro,Base+Macro,2022-02-14,-0.0035803454786334002,0.20140737931567787
base_macro,Base+Macro,2022-02-15,0.011332161954754299,0.21502192231172024
base_macro,Base+Macro,2022-02-16,-0.0002013190210928,0.21477731528771415
base_macro,Base+Macro,2022-02-17,-0.019485927151306766,0.1911062530169576
base_macro,Base+Macro,2022-02-18,-0.006539890394669033,0.18331654867382174
base_macro,Base+Macro,2022-02-22,-0.013027969812932931,0.16790033639855517
base_macro,Base+Macro,2022-02-23,-0.016938372243026134,0.14811800575788103
base_macro,Base+Macro,2022-02-24,0.004403761235984267,0.15317404332597295
base_macro,Base+Macro,2022-02-25,0.025769678932133267,0.18289096817535322
base_macro,Base+Macro,2022-02-28,-0.0015945319142437666,0.18100481077552688
base_macro,Base+Macro,2022-03-01,-0.015589854337113502,0.16259311780410624
base_macro,Base+Macro,2022-03-02,0.019718060960236466,0.18551719977291903
base_macro,Base+Macro,2022-03-03,-0.0035142684761169333,0.18135097404986267
base_macro,Base+Macro,2022-03-04,-0.001926731248503867,0.17907482821271037
base_macro,Base+Macro,2022-03-07,-0.0253606854126754,0.14917268241640347
base_macro,Base+Macro,2022-03-08,-0.0004734960364057114,0.1486285537061336
base_macro,Base+Macro,2022-03-09,0.017246323438316034,0.1684381732538347
base_macro,Base+Macro,2022-03-10,0.0022710570056417665,0.17109176295286188
base_macro,Base+Macro,2022-03-11,-0.0066991403029365995,0.16324645492522727
base_macro,Base+Macro,2022-03-14,-0.002562438325397133,0.16026570762724446
base_macro,Base+Macro,2022-03-15,0.018441943861028934,0.18166326267118316
base_macro,Base+Macro,2022-03-16,0.014501799685114532,0.19879950660169943
base_macro,Base+Macro,2022-03-17,0.013450253870119467,0.21492366430486642
base_macro,Base+Macro,2022-03-18,0.007801219455444468,0.22440155043172139
base_macro,Base+Macro,2022-03-21,-0.0019245790676100999,0.22204509283741114
base_macro,Base+Macro,2022-03-22,0.007386484781216801,0.23107171031761542
base_macro,Base+Macro,2022-03-23,-0.008847600922680466,0.22017967911752345
base_macro,Base+Macro,2022-03-24,0.010095013817771,0.23249740983837808
base_macro,Base+Macro,2022-03-25,0.0049180538233805,0.23855889843714007
base_macro,Base+Macro,2022-03-28,0.002687796563869967,0.24188789278850975
base_macro,Base+Macro,2022-03-29,0.0069956576430204335,0.25057571531747014
base_macro,Base+Macro,2022-03-30,0.0006484036388194666,0.25138659316190126
base_macro,Base+Macro,2022-03-31,-0.014795690502756835,0.23287146443017837
base_macro,Base+Macro,2022-04-01,0.0027386237877320666,0.23624783554988293
base_macro,Base+Macro,2022-07-05,0.0,0.23624783554988293
base_macro,Base+Macro,2022-07-06,0.00041811016342177066,0.23676472333443455
base_macro,Base+Macro,2022-07-07,0.0033762551902036335,0.24094035665065316
base_macro,Base+Macro,2022-07-08,-0.00027888480742579996,0.24059427723826188
base_macro,Base+Macro,2022-07-11,-0.003059766093958133,0.23679834893240992
base_macro,Base+Macro,2022-07-12,-0.006859508817707333,0.2283145197521821
base_macro,Base+Macro,2022-07-13,-0.0037411225966007353,0.2237192445466043
base_macro,Base+Macro,2022-07-14,-0.003060339336998634,0.21997424840507596
base_macro,Base+Macro,2022-07-15,0.017827575900109634,0.24172343191469658
base_macro,Base+Macro,2022-07-18,-0.008928731149580066,0.2306364172289963
base_macro,Base+Macro,2022-07-19,0.020142391635926033,0.2554243779062555
base_macro,Base+Macro,2022-07-20,-0.0010956596826271333,0.2540488600307964
base_macro,Base+Macro,2022-07-21,0.0035231931532517333,0.2584671163883001
base_macro,Base+Macro,2022-07-22,-0.0014145026458964333,0.25668701132239513
base_macro,Base+Macro,2022-07-25,0.0033245345097087666,0.2608649106594392
base_macro,Base+Macro,2022-07-26,-0.005298852602087833,0.25418377334671005
base_macro,Base+Macro,2022-07-27,0.0098499620428761,0.2665374359089663
base_macro,Base+Macro,2022-07-28,0.0081941862476977,0.27691567954848595
base_macro,Base+Macro,2022-07-29,0.004880734100574167,0.28314796544921594
base_macro,Base+Macro,2022-08-01,0.0009300735329770333,0.28434138741077364
base_macro,Base+Macro,2022-08-02,-0.009939685809876567,0.27157543754728963
base_macro,Base+Macro,2022-08-03,0.013252289327114633,0.28842672314691864
base_macro,Base+Macro,2022-08-04,-0.0020890543580895666,0.28573512968584946
base_macro,Base+Macro,2022-08-05,0.0013579561118683334,0.2874811015634502
base_macro,Base+Macro,2022-08-08,0.0020752937362498998,0.2901530030290649
base_macro,Base+Macro,2022-08-09,-0.0027916362107886,0.28655136518835134
base_macro,Base+Macro,2022-08-10,0.014702607211167734,0.30546702456770736
base_macro,Base+Macro,2022-08-11,-0.0021982796545499,0.30259724296791446
base_macro,Base+Macro,2022-08-12,0.011838618178199799,0.3180181943673872
base_macro,Base+Macro,2022-08-15,0.003252963251208,0.32230565911808773
base_macro,Base+Macro,2022-08-16,0.010114602403111234,0.33568025511545097
base_macro,Base+Macro,2022-08-17,-0.003479568965337467,0.33103266355213723
base_macro,Base+Macro,2022-08-18,0.0017836809779812333,0.33340680119518673
base_macro,Base+Macro,2022-08-19,-0.0062238631449763335,0.3251078597479671
base_macro,Base+Macro,2022-08-22,-0.018620358650716734,0.3004338761485763
base_macro,Base+Macro,2022-08-23,-0.0075228288165960335,0.290650934711008
base_macro,Base+Macro,2022-08-24,0.0017547550079019998,0.29291571090214563
base_macro,Base+Macro,2022-08-25,0.007818110787993432,0.30302386916951574
base_macro,Base+Macro,2022-08-26,-0.029414240336473097,0.2646964119176025
base_macro,Base+Macro,2022-08-29,-0.006340087008671433,0.25667812662649037
base_macro,Base+Macro,2022-08-30,-0.0084488736555108,0.2460606119089792
base_macro,Base+Macro,2022-08-31,-0.007686513246919567,0.23648275050907608
base_macro,Base+Macro,2022-09-01,0.0092227160151291,0.24788647977462697
base_macro,Base+Macro,2022-09-02,-0.0102956303571292,0.23503870185120812
base_macro,Base+Macro,2022-09-06,-0.006063866859128967,0.22754959159731092
base_macro,Base+Macro,2022-09-07,0.015467817503696532,0.2465371046568754
base_macro,Base+Macro,2022-09-08,0.005753075344386499,0.25370852653953957
base_macro,Base+Macro,2022-09-09,0.009627663305012333,0.26577881011568527
base_macro,Base+Macro,2022-09-12,0.0007129302750907666,0.2666812221509851
base_macro,Base+Macro,2022-09-13,-0.041188045566791835,0.21450909825443087
base_macro,Base+Macro,2022-09-14,0.0016704008713746335,0.21653781531044736
base_macro,Base+Macro,2022-09-15,-0.006788025237720166,0.20827992591747901
base_macro,Base+Macro,2022-09-16,0.0016270373065649334,0.21024584243372035
base_macro,Base+Macro,2022-09-19,0.005539779368019,0.2169503373818653
base_macro,Base+Macro,2022-09-20,-0.012548284806113134,0.20167969795350227
base_macro,Base+Macro,2022-09-21,-0.015353203988376434,0.1832300644221314
base_macro,Base+Macro,2022-09-22,-0.0009445512090938667,0.1821124430341452
base_macro,Base+Macro,2022-09-23,-0.0113337031634831,0.16871473149893634
base_macro,Base+Macro,2022-09-26,-0.0102262678238799,0.15676314164491423
base_macro,Base+Macro,2022-09-27,-0.003641369008079633,0.1525509401912395
base_macro,Base+Macro,2022-09-28,0.021851669799696164,0.17773610276362795
base_macro,Base+Macro,2022-09-29,-0.014272252097311899,0.16092715620087983
base_macro,Base+Macro,2022-09-30,-0.016679404116538732,0.1415635830127413
base_macro,Base+Macro,2022-10-03,0.025525954153770968,0.17070308269633894
base_macro_credit_stress_proxies,Credit,2016-01-04,0.0,0.0
base_macro_credit_stress_proxies,Credit,2016-01-05,6.385218938191203e-05,6.385218938187442e-05
base_macro_credit_stress_proxies,Credit,2016-01-06,-0.0020201878863065,-0.001956464690344162
base_macro_credit_stress_proxies,Credit,2016-01-07,-0.005807752291183334,-0.007752854319239555
base_macro_credit_stress_proxies,Credit,2016-01-08,-0.0032814819404121,-0.01100889540821648
base_macro_credit_stress_proxies,Credit,2016-01-11,0.0016910638202559333,-0.009336448332686431
base_macro_credit_stress_proxies,Credit,2016-01-12,0.0044229738764646,-0.004954769323296304
base_macro_credit_stress_proxies,Credit,2016-01-13,-0.013723719871487567,-0.018610491328563072
base_macro_credit_stress_proxies,Credit,2016-01-14,0.007205352658702099,-0.0115392338230349
base_macro_credit_stress_proxies,Credit,2016-01-15,-0.016514174389614666,-0.02786284729297339
base_macro_credit_stress_proxies,Credit,2016-01-19,0.0053810516935534,-0.02263172702103322
base_macro_credit_stress_proxies,Credit,2016-01-20,-0.010623054769412832,-0.033014363714775175
base_macro_credit_stress_proxies,Credit,2016-01-21,0.0067055725760288,-0.02653017135068725
base_macro_credit_stress_proxies,Credit,2016-01-22,0.011724768568992468,-0.015116462900877203
base_macro_credit_stress_proxies,Credit,2016-01-25,-0.008746589598782533,-0.02373083500248052
base_macro_credit_stress_proxies,Credit,2016-01-26,0.019690549456058734,-0.004507558726671745
base_macro_credit_stress_proxies,Credit,2016-01-27,-0.008753520623410267,-0.013221622341806905
base_macro_credit_stress_proxies,Credit,2016-01-28,0.005208596640413899,-0.008081891799103458
base_macro_credit_stress_proxies,Credit,2016-01-29,0.026753912851675204,0.01845579882370174
base_macro_credit_stress_proxies,Credit,2016-02-01,-0.0006815993439660334,0.0177616200193651
base_macro_credit_stress_proxies,Credit,2016-02-02,-0.016110878374288932,0.0013645863452138585
base_macro_credit_stress_proxies,Credit,2016-02-03,0.006407335977222767,0.007780665685620303
base_macro_credit_stress_proxies,Credit,2016-02-04,0.0013901550814277332,0.009181637098987672
base_macro_credit_stress_proxies,Credit,2016-02-05,-0.02090705782922887,-0.011917381748036693
base_macro_credit_stress_proxies,Credit,2016-02-08,-0.0107606781539732,-0.022549820792581277
base_macro_credit_stress_proxies,Credit,2016-02-09,0.0051086219112772,-0.017556397389900336
base_macro_credit_stress_proxies,Credit,2016-02-10,-0.0019507593488718542,-0.019472908432431324
base_macro_credit_stress_proxies,Credit,2016-02-11,-0.011160226991931801,-0.030415813346064025
base_macro_credit_stress_proxies,Credit,2016-02-12,0.017326293255228734,-0.013616513392465501
base_macro_credit_stress_proxies,Credit,2016-02-16,0.012865764929440934,-0.000925935323490501
base_macro_credit_stress_proxies,Credit,2016-02-17,0.014175318110791334,0.013236257359540371
base_macro_credit_stress_proxies,Credit,2016-02-18,-0.0032904976788333666,0.00990220580658896
base_macro_credit_stress_proxies,Credit,2016-02-19,0.0006361777014268333,0.010544683070544902
base_macro_credit_stress_proxies,Credit,2016-02-22,0.0115767628884128,0.022243519254598665
base_macro_credit_stress_proxies,Credit,2016-02-23,-0.007167351154389833,0.014916740986801624
base_macro_credit_stress_proxies,Credit,2016-02-24,0.0016316541865463998,0.01657273413622873
base_macro_credit_stress_proxies,Credit,2016-02-25,0.0128423653984285,0.02962793264208563
base_macro_credit_stress_proxies,Credit,2016-02-26,-0.0049605775123797,0.02452038347330343
base_macro_credit_stress_proxies,Credit,2016-02-29,-0.008511356391500267,0.015800325359205614
base_macro_credit_stress_proxies,Credit,2016-03-01,0.021519670947017133,0.03766001410880859
base_macro_credit_stress_proxies,Credit,2016-03-02,0.0011353479693433333,0.03883811929869574
base_macro_credit_stress_proxies,Credit,2016-03-03,0.0014206681617867,0.040313963540033804
base_macro_credit_stress_proxies,Credit,2016-03-04,0.0014804295497566667,0.041854075072682795
base_macro_credit_stress_proxies,Credit,2016-03-07,0.00026732260746209767,0.04213258622062632
base_macro_credit_stress_proxies,Credit,2016-03-08,-0.0008406112732278,0.041256557820451345
base_macro_credit_stress_proxies,Credit,2016-03-09,0.0031562195828882,0.044542992159054995
base_macro_credit_stress_proxies,Credit,2016-03-10,-0.0010788498725935,0.04341608708504574
base_macro_credit_stress_proxies,Credit,2016-03-11,0.0118538233487215,0.055784557060566176
base_macro_credit_stress_proxies,Credit,2016-03-14,0.0010472437747346666,0.056890220865408736
base_macro_credit_stress_proxies,Credit,2016-03-15,0.002441427627997733,0.059470541850390246
base_macro_credit_stress_proxies,Credit,2016-03-16,0.0031570560085983335,0.06281534969047198
base_macro_credit_stress_proxies,Credit,2016-03-17,0.005044490493091267,0.06817671161789707
base_macro_credit_stress_proxies,Credit,2016-03-18,0.006139821542249267,0.07473512600281751
base_macro_credit_stress_proxies,Credit,2016-03-21,0.0002515772756831667,0.07500550493789837
base_macro_credit_stress_proxies,Credit,2016-03-22,-0.0007919586040038333,0.07415414507891138
base_macro_credit_stress_proxies,Credit,2016-03-23,-0.0003751453797953,0.0737511811141971
base_macro_credit_stress_proxies,Credit,2016-03-24,-0.0004797890361959,0.07323600706989608
base_macro_credit_stress_proxies,Credit,2016-03-28,0.0017453787043385334,0.07510921034136508
base_macro_credit_stress_proxies,Credit,2016-03-29,0.004389396322231401,0.07982829075523457
base_macro_credit_stress_proxies,Credit,2016-03-30,0.0062296880168402,0.08655528411839741
base_macro_credit_stress_proxies,Credit,2016-03-31,-0.0030373665352470005,0.08325501745972042
base_macro_credit_stress_proxies,Credit,2016-04-01,0.0079488215324353,0.09186561826762274
base_macro_credit_stress_proxies,Credit,2016-07-05,0.0,0.09186561826762274
base_macro_credit_stress_proxies,Credit,2016-07-06,0.00023979554100033332,0.09212744277425489
base_macro_credit_stress_proxies,Credit,2016-07-07,-0.00031233900710526876,0.09178632877314641
base_macro_credit_stress_proxies,Credit,2016-07-08,0.0030594386248489667,0.09512658203747715
base_macro_credit_stress_proxies,Credit,2016-07-11,0.0009214092679462666,0.09613564181974099
base_macro_credit_stress_proxies,Credit,2016-07-12,0.0016515039464605667,0.09794591415806253
base_macro_credit_stress_proxies,Credit,2016-07-13,0.0010979027087309667,0.0991513519512568
base_macro_credit_stress_proxies,Credit,2016-07-14,0.003044731999937333,0.10249797324531729
base_macro_credit_stress_proxies,Credit,2016-07-15,4.908157849619999e-05,0.10255208558613305
base_macro_credit_stress_proxies,Credit,2016-07-18,-0.0002696953697457,0.10225473239374705
base_macro_credit_stress_proxies,Credit,2016-07-19,0.0026932002733553334,0.10522332514033694
base_macro_credit_stress_proxies,Credit,2016-07-20,0.0021243625202653333,0.10757122014878817
base_macro_credit_stress_proxies,Credit,2016-07-21,-0.0035337670730787,0.10365732143993678
base_macro_credit_stress_proxies,Credit,2016-07-22,0.003228038392258367,0.10721996964544189
base_macro_credit_stress_proxies,Credit,2016-07-25,-0.004229729070047467,0.10253672915289558
base_macro_credit_stress_proxies,Credit,2016-07-26,-0.0021305963686880096,0.10018766840141713
base_macro_credit_stress_proxies,Credit,2016-07-27,-0.0020306698815623337,0.09795355043912801
base_macro_credit_stress_proxies,Credit,2016-07-28,0.0006277380387742666,0.09864277764754581
base_macro_credit_stress_proxies,Credit,2016-07-29,0.0004254149008654999,0.0991101566558854
base_macro_credit_stress_proxies,Credit,2016-08-01,0.0012764018124266,0.10051306285189732
base_macro_credit_stress_proxies,Credit,2016-08-02,-0.0038942680061374003,0.09622737004089688
base_macro_credit_stress_proxies,Credit,2016-08-03,0.0006891994714358748,0.09698288936490274
base_macro_credit_stress_proxies,Credit,2016-08-04,0.0001465723746722667,0.09714367675197177
base_macro_credit_stress_proxies,Credit,2016-08-05,0.009286875242439799,0.10733271320099891
base_macro_credit_stress_proxies,Credit,2016-08-08,-0.0022257591551624665,0.10486805727678083
base_macro_credit_stress_proxies,Credit,2016-08-09,0.00024767687625930275,0.10514170754588581
base_macro_credit_stress_proxies,Credit,2016-08-10,0.0019108437922840669,0.1072534607173441
base_macro_credit_stress_proxies,Credit,2016-08-11,0.0049592316672242,0.1127445871433772
base_macro_credit_stress_proxies,Credit,2016-08-12,-0.0020087593786115333,0.11050935101795378
base_macro_credit_stress_proxies,Credit,2016-08-15,-0.00040807953735596674,0.11005617487576091
base_macro_credit_stress_proxies,Credit,2016-08-16,-0.005027262627042666,0.10447563095389012
base_macro_credit_stress_proxies,Credit,2016-08-17,0.0029573777934053663,0.10774198265823043
base_macro_credit_stress_proxies,Credit,2016-08-18,0.0012347327760086,0.10910974799157924
base_macro_credit_stress_proxies,Credit,2016-08-19,-0.0027100108720918004,0.10610404851617905
base_macro_credit_stress_proxies,Credit,2016-08-22,-0.0007737508712874,0.10524819954490505
base_macro_credit_stress_proxies,Credit,2016-08-23,0.0005028549747067,0.10580397910033179
base_macro_credit_stress_proxies,Credit,2016-08-24,-0.005946762055995733,0.09922802595604874
base_macro_credit_stress_proxies,Credit,2016-08-25,-0.004003278795306166,0.09482750970853271
base_macro_credit_stress_proxies,Credit,2016-08-26,-0.0016763012491612002,0.09299224898639236
base_macro_credit_stress_proxies,Credit,2016-08-29,0.0052473617497794,0.09872757470652904
base_macro_credit_stress_proxies,Credit,2016-08-30,-0.0020700467903042,0.09645315721708903
base_macro_credit_stress_proxies,Credit,2016-08-31,-0.0029612140263224665,0.09320632474873225
base_macro_credit_stress_proxies,Credit,2016-09-01,0.0014984275325583335,0.09484441520450249
base_macro_credit_stress_proxies,Credit,2016-09-02,0.0034325905504277335,0.098602567798322
base_macro_credit_stress_proxies,Credit,2016-09-06,0.0023488260923189667,0.10118299417465537
base_macro_credit_stress_proxies,Credit,2016-09-07,-0.0019872444795144997,0.09899467434854659
base_macro_credit_stress_proxies,Credit,2016-09-08,-7.869586154253334e-05,0.09890818801581802
base_macro_credit_stress_proxies,Credit,2016-09-09,-0.01933081464666257,0.07766539751958446
base_macro_credit_stress_proxies,Credit,2016-09-12,0.014702272273521466,0.09350952761367015
base_macro_credit_stress_proxies,Credit,2016-09-13,-0.012987713367458334,0.079307339304439
base_macro_credit_stress_proxies,Credit,2016-09-14,-0.0016434900218439,0.07753350846178919
base_macro_credit_stress_proxies,Credit,2016-09-15,0.010169403178608835,0.08849138114779809
base_macro_credit_stress_proxies,Credit,2016-09-16,0.0026771836476858,0.09140547247405384
base_macro_credit_stress_proxies,Credit,2016-09-19,-0.0015346950592988,0.08973049788775622
base_macro_credit_stress_proxies,Credit,2016-09-20,0.0014339496890723002,0.09129311659637507
base_macro_credit_stress_proxies,Credit,2016-09-21,0.0093141544966031,0.10145758928543325
base_macro_credit_stress_proxies,Credit,2016-09-22,0.0070134701437679,0.10918262920251309
base_macro_credit_stress_proxies,Credit,2016-09-23,-0.005892483740994333,0.10264678859414378
base_macro_credit_stress_proxies,Credit,2016-09-26,-0.008243423673333099,0.09355720395372202
base_macro_credit_stress_proxies,Credit,2016-09-27,0.007442858052265866,0.10169639499478222
base_macro_credit_stress_proxies,Credit,2016-09-28,0.004442704054094367,0.10659090603520682
base_macro_credit_stress_proxies,Credit,2016-09-29,-0.011334107032918468,0.09404868626454954
base_macro_credit_stress_proxies,Credit,2016-09-30,0.009960418983563833,0.10494586956816199
base_macro_credit_stress_proxies,Credit,2016-10-03,-0.004742901148711333,0.09970522053412334
base_macro_credit_stress_proxies,Credit,2017-01-04,0.0,0.09970522053412334
base_macro_credit_stress_proxies,Credit,2017-01-05,-8.571214968351314e-05,0.09961096243565315
base_macro_credit_stress_proxies,Credit,2017-01-06,0.0010783847441931,0.10079676612209121
base_macro_credit_stress_proxies,Credit,2017-01-09,-0.0013739021936617667,0.09928437903034038
base_macro_credit_stress_proxies,Credit,2017-01-10,-0.0007695212668079668,0.09843845632240678
base_macro_credit_stress_proxies,Credit,2017-01-11,0.0030665691754114335,0.1018068938336516
base_macro_credit_stress_proxies,Credit,2017-01-12,-0.0024361212948439334,0.09912275859677755
base_macro_credit_stress_proxies,Credit,2017-01-13,0.0007456585877557999,0.09994232892072308
base_macro_credit_stress_proxies,Credit,2017-01-17,-0.006874402794187301,0.09238088230134567
base_macro_credit_stress_proxies,Credit,2017-01-18,-0.0015066160606910335,0.09073508371967853
base_macro_credit_stress_proxies,Credit,2017-01-19,-0.0024917030058669667,0.08801729583296969
base_macro_credit_stress_proxies,Credit,2017-01-20,0.005637011952641599,0.09415046233426105
base_macro_credit_stress_proxies,Credit,2017-01-23,-0.0021192132044105666,0.09183172422687047
base_macro_credit_stress_proxies,Credit,2017-01-24,0.006877366876965299,0.09934065156228833
base_macro_credit_stress_proxies,Credit,2017-01-25,0.0113578041314284,0.1118267473564496
base_macro_credit_stress_proxies,Credit,2017-01-26,0.0028817120337767664,0.11503071187378144
base_macro_credit_stress_proxies,Credit,2017-01-27,0.00012209646268543337,0.11516685317948672
base_macro_credit_stress_proxies,Credit,2017-01-30,-0.004405641345798167,0.11025382798365557
base_macro_credit_stress_proxies,Credit,2017-01-31,-0.005972444612147468,0.10362289849059847
base_macro_credit_stress_proxies,Credit,2017-02-01,0.0017210366131653332,0.10552227390602842
base_macro_credit_stress_proxies,Credit,2017-02-02,-0.0012674048603515,0.10412112960285302
base_macro_credit_stress_proxies,Credit,2017-02-03,0.009673855523450433,0.11480223789101984
base_macro_credit_stress_proxies,Credit,2017-02-06,-0.0017668124887426334,0.11283259137463575
base_macro_credit_stress_proxies,Credit,2017-02-07,0.0025573519319359,0.11567849595210888
base_macro_credit_stress_proxies,Credit,2017-02-08,-0.0021283682602013664,0.11330392125273514
base_macro_credit_stress_proxies,Credit,2017-02-09,0.0054187787532438665,0.11933666888712247
base_macro_credit_stress_proxies,Credit,2017-02-10,0.0032882246620999332,0.12301729932695005
base_macro_credit_stress_proxies,Credit,2017-02-13,0.007534906332504633,0.1314791294871609
base_macro_credit_stress_proxies,Credit,2017-02-14,0.0056517411500718664,0.13787395664373103
base_macro_credit_stress_proxies,Credit,2017-02-15,0.006944908930812133,0.14577638764736478
base_macro_credit_stress_proxies,Credit,2017-02-16,0.0009571246983691666,0.14687303852679023
base_macro_credit_stress_proxies,Credit,2017-02-17,-0.002989557166521367,0.1434443960153724
base_macro_credit_stress_proxies,Credit,2017-02-21,0.008735140338700901,0.15343254328406775
base_macro_credit_stress_proxies,Credit,2017-02-22,-0.000315386366487,0.15306876638525346
base_macro_credit_stress_proxies,Credit,2017-02-23,0.004351372108986533,0.15808619765504583
base_macro_credit_stress_proxies,Credit,2017-02-24,0.0003512668871259999,0.15849299498871972
base_macro_credit_stress_proxies,Credit,2017-02-27,0.0034475642350192998,0.1624869740047632
base_macro_credit_stress_proxies,Credit,2017-02-28,0.00018282288437936666,0.16269950322640425
base_macro_credit_stress_proxies,Credit,2017-03-01,0.015327648467595366,0.1805209524853062
base_macro_credit_stress_proxies,Credit,2017-03-02,-0.0057438828556056,0.1737401784256427
base_macro_credit_stress_proxies,Credit,2017-03-03,0.0014856763168367333,0.17548397641084934
base_macro_credit_stress_proxies,Credit,2017-03-06,-0.0028623557458787,0.17211932309678146
base_macro_credit_stress_proxies,Credit,2017-03-07,-0.0006349527926200333,0.17137508265929724
base_macro_credit_stress_proxies,Credit,2017-03-08,-0.0011459565212192,0.1700327377445301
base_macro_credit_stress_proxies,Credit,2017-03-09,0.00048031147131643334,0.17059471789028446
base_macro_credit_stress_proxies,Credit,2017-03-10,0.0007399782357459061,0.17146093250440253
base_macro_credit_stress_proxies,Credit,2017-03-13,-0.00011186518081515923,0.1713298868153701
base_macro_credit_stress_proxies,Credit,2017-03-14,-0.0013029369895568666,0.16980371777886494
base_macro_credit_stress_proxies,Credit,2017-03-15,0.004289750033983966,0.17482188331696147
base_macro_credit_stress_proxies,Credit,2017-03-16,-0.0007568875872428667,0.17393267521625755
base_macro_credit_stress_proxies,Credit,2017-03-17,-0.003156667918479,0.1702269596019481
base_macro_credit_stress_proxies,Credit,2017-03-20,-0.0027805463670253334,0.16697308928083188
base_macro_credit_stress_proxies,Credit,2017-03-21,-0.012438787105271966,0.15245735946568595
base_macro_credit_stress_proxies,Credit,2017-03-22,-3.0067326032666663e-05,0.1524227081545202
base_macro_credit_stress_proxies,Credit,2017-03-23,-0.0019587698554216003,0.15016537729308377
base_macro_credit_stress_proxies,Credit,2017-03-24,-0.0037837556332092,0.1458134325676288
base_macro_credit_stress_proxies,Credit,2017-03-27,-0.0017166028706105455,0.14384652594009895
base_macro_credit_stress_proxies,Credit,2017-03-28,0.0069395395021055,0.15178429409120642
base_macro_credit_stress_proxies,Credit,2017-03-29,-0.0029256095723181673,0.1484146229351675
base_macro_credit_stress_proxies,Credit,2017-03-30,0.0042335242131601005,0.1532764640481108
base_macro_credit_stress_proxies,Credit,2017-03-31,-0.0032765950308445003,0.14949764411682076
base_macro_credit_stress_proxies,Credit,2017-04-03,0.0007879946507231001,0.15040344211140355
base_macro_credit_stress_proxies,Credit,2017-07-05,0.0,0.15040344211140355
base_macro_credit_stress_proxies,Credit,2017-07-06,-0.0005410008855742672,0.1497810728304536
base_macro_credit_stress_proxies,Credit,2017-07-07,0.0007830947254093803,0.15068146032396257
base_macro_credit_stress_proxies,Credit,2017-07-10,0.00020592405520473923,0.15091841331652156
base_macro_credit_stress_proxies,Credit,2017-07-11,2.454574939237903e-05,0.1509466634714658
base_macro_credit_stress_proxies,Credit,2017-07-12,0.0025938899596649645,0.15393209246595418
base_macro_credit_stress_proxies,Credit,2017-07-13,-0.0006800185136131292,0.15314739727962512
base_macro_credit_stress_proxies,Credit,2017-07-14,0.0029218785561977343,0.1565167539318717
base_macro_credit_stress_proxies,Credit,2017-07-17,0.00013969173989638608,0.15667830976944774
base_macro_credit_stress_proxies,Credit,2017-07-18,0.0002924203705156056,0.157016546069358
base_macro_credit_stress_proxies,Credit,2017-07-19,0.003321765439808238,0.16085988364537762
base_macro_credit_stress_proxies,Credit,2017-07-20,-0.0013165886989198212,0.15933150864154078
base_macro_credit_stress_proxies,Credit,2017-07-21,-0.00020529855737310725,0.1590934995552995
base_macro_credit_stress_proxies,Credit,2017-07-24,-0.0026339869787661615,0.15604046237029845
base_macro_credit_stress_proxies,Credit,2017-07-25,0.00018287320084555322,0.15625187118995898
base_macro_credit_stress_proxies,Credit,2017-07-26,0.011133329701135739,0.16912480448947198
base_macro_credit_stress_proxies,Credit,2017-07-27,0.004505296770657527,0.174392058695634
base_macro_credit_stress_proxies,Credit,2017-07-28,0.0004115613927833483,0.1748753931269844
base_macro_credit_stress_proxies,Credit,2017-07-31,0.0020047200475336127,0.1772306893809401
base_macro_credit_stress_proxies,Credit,2017-08-01,0.000317551666184833,0.17760452094783696
base_macro_credit_stress_proxies,Credit,2017-08-02,0.0008577985536546585,0.17861466840268325
base_macro_credit_stress_proxies,Credit,2017-08-03,0.0018233293494429737,0.18076367111926595
base_macro_credit_stress_proxies,Credit,2017-08-04,0.0005587450647089063,0.18142341699309128
base_macro_credit_stress_proxies,Credit,2017-08-07,0.0021347972307200276,0.18394551643199586
base_macro_credit_stress_proxies,Credit,2017-08-08,-0.0008570037123531005,0.1829308707291899
base_macro_credit_stress_proxies,Credit,2017-08-09,-0.0017536533152998502,0.18085642008596503
base_macro_credit_stress_proxies,Credit,2017-08-10,-0.005532928276426261,0.17432282620887185
base_macro_credit_stress_proxies,Credit,2017-08-11,0.002968117573098861,0.17780835442583354
base_macro_credit_stress_proxies,Credit,2017-08-14,0.004346935713496228,0.18292821162534145
base_macro_credit_stress_proxies,Credit,2017-08-15,0.00014291180053244387,0.18309726602596554
base_macro_credit_stress_proxies,Credit,2017-08-16,0.0017533131880786551,0.1851716060652686
base_macro_credit_stress_proxies,Credit,2017-08-17,-0.0074495897592748855,0.17634256380574143
base_macro_credit_stress_proxies,Credit,2017-08-18,-0.0027921250796799795,0.1730580682310443
base_macro_credit_stress_proxies,Credit,2017-08-21,0.0026165561667290424,0.17612744055340546
base_macro_credit_stress_proxies,Credit,2017-08-22,0.007215128356574347,0.18461335100068776
base_macro_credit_stress_proxies,Credit,2017-08-23,-0.004453648201067972,0.17933749988104242
base_macro_credit_stress_proxies,Credit,2017-08-24,-0.00015363067556471916,0.17915631746421679
base_macro_credit_stress_proxies,Credit,2017-08-25,-0.0006839012327427003,0.17834989100510668
base_macro_credit_stress_proxies,Credit,2017-08-28,0.0022392198660397453,0.18098847549019093
base_macro_credit_stress_proxies,Credit,2017-08-29,0.0031504285475507355,0.18470909529770374
base_macro_credit_stress_proxies,Credit,2017-08-30,0.0010132127922312122,0.18590945770813216
base_macro_credit_stress_proxies,Credit,2017-08-31,0.00209520944085882,0.1883941863999261
base_macro_credit_stress_proxies,Credit,2017-09-01,0.0004139257168324616,0.18888609331541129
base_macro_credit_stress_proxies,Credit,2017-09-05,-0.0034076681103102535,0.18483476408842914
base_macro_credit_stress_proxies,Credit,2017-09-06,0.0006259931566464298,0.18557646254250515
base_macro_credit_stress_proxies,Credit,2017-09-07,0.004213747024471974,0.19057218183382774
base_macro_credit_stress_proxies,Credit,2017-09-08,0.0007756581843313956,0.1914956588907044
base_macro_credit_stress_proxies,Credit,2017-09-11,0.0065108193397856,0.1992532718698805
base_macro_credit_stress_proxies,Credit,2017-09-12,-0.0007897225308976999,0.19830619454083198
base_macro_credit_stress_proxies,Credit,2017-09-13,0.0011110562709923716,0.1996375801528456
base_macro_credit_stress_proxies,Credit,2017-09-14,0.002302897470470306,0.2024002225016608
base_macro_credit_stress_proxies,Credit,2017-09-15,0.0029768629561324686,0.20597960318247144
base_macro_credit_stress_proxies,Credit,2017-09-18,0.0025019903234997664,0.20899695247997196
base_macro_credit_stress_proxies,Credit,2017-09-19,-0.0011173736463686093,0.20764605114673085
base_macro_credit_stress_proxies,Credit,2017-09-20,0.0005705714809851419,0.20833509954263962
base_macro_credit_stress_proxies,Credit,2017-09-21,-0.0015959025306432513,0.2064067144994144
base_macro_credit_stress_proxies,Credit,2017-09-22,-0.00048393477060331536,0.20582289234277895
base_macro_credit_stress_proxies,Credit,2017-09-25,-0.0036580872439374522,0.20141188700185197
base_macro_credit_stress_proxies,Credit,2017-09-26,-0.0003776366199646799,0.20095818987765912
base_macro_credit_stress_proxies,Credit,2017-09-27,0.001056176244677678,0.202226613388659
base_macro_credit_stress_proxies,Credit,2017-09-28,0.0014240784137403777,0.20393867835721013
base_macro_credit_stress_proxies,Credit,2017-09-29,0.0015872218060261165,0.20584959608061704
base_macro_credit_stress_proxies,Credit,2017-10-02,0.004336816858363711,0.21107914493755064
base_macro_credit_stress_proxies,Credit,2017-10-03,0.0026732051451026427,0.21431660793892426
base_macro_credit_stress_proxies,Credit,2018-01-04,0.0,0.21431660793892426
base_macro_credit_stress_proxies,Credit,2018-01-05,0.0013554639704385998,0.21596257034969057
base_macro_credit_stress_proxies,Credit,2018-01-08,-0.00024266482275523337,0.21566749900807958
base_macro_credit_stress_proxies,Credit,2018-01-09,0.0024401969605214666,0.21863396714416372
base_macro_credit_stress_proxies,Credit,2018-01-10,-0.00040117362275423333,0.218145083340753
base_macro_credit_stress_proxies,Credit,2018-01-11,0.006483225121890868,0.2260425921471756
base_macro_credit_stress_proxies,Credit,2018-01-12,0.008817380557570533,0.23685307626192764
base_macro_credit_stress_proxies,Credit,2018-01-16,-0.0009669268475478334,0.23565712981601794
base_macro_credit_stress_proxies,Credit,2018-01-17,0.0116345598098244,0.25003345659729836
base_macro_credit_stress_proxies,Credit,2018-01-18,-0.004460356688205366,0.2444578615086841
base_macro_credit_stress_proxies,Credit,2018-01-19,0.0032920129816577,0.24855463294389657
base_macro_credit_stress_proxies,Credit,2018-01-22,0.007262789854615133,0.2576226228649743
base_macro_credit_stress_proxies,Credit,2018-01-23,-0.00021573870770840003,0.2573513049855325
base_macro_credit_stress_proxies,Credit,2018-01-24,0.002630562586998567,0.2606588462871413
base_macro_credit_stress_proxies,Credit,2018-01-25,0.0062780275705898005,0.26857329728124
base_macro_credit_stress_proxies,Credit,2018-01-26,0.007352082924137234,0.27789995335819784
base_macro_credit_stress_proxies,Credit,2018-01-29,-0.004171955939199634,0.2725686110580823
base_macro_credit_stress_proxies,Credit,2018-01-30,-0.012056784962980599,0.25722552496391615
base_macro_credit_stress_proxies,Credit,2018-01-31,0.005552937393499199,0.2642068195935501
base_macro_credit_stress_proxies,Credit,2018-02-01,0.001641923684306,0.26628255071250173
base_macro_credit_stress_proxies,Credit,2018-02-02,-0.02301727783404453,0.23713617342634952
base_macro_credit_stress_proxies,Credit,2018-02-05,-0.04376762352003427,0.18298966314480913
base_macro_credit_stress_proxies,Credit,2018-02-06,0.02384038546663263,0.21119259271722335
base_macro_credit_stress_proxies,Credit,2018-02-07,0.0004133939064471334,0.21169329235458667
base_macro_credit_stress_proxies,Credit,2018-02-08,-0.043945445401890604,0.1584448909315812
base_macro_credit_stress_proxies,Credit,2018-02-09,0.016526660617070067,0.17759011648758616
base_macro_credit_stress_proxies,Credit,2018-02-12,0.017725701340924833,0.19846372719447003
base_macro_credit_stress_proxies,Credit,2018-02-13,0.0016537768278247333,0.20044571873549266
base_macro_credit_stress_proxies,Credit,2018-02-14,0.011103792583886002,0.21377521900454544
base_macro_credit_stress_proxies,Credit,2018-02-15,0.014888022558193567,0.23184593184566138
base_macro_credit_stress_proxies,Credit,2018-02-16,-0.0011109950346254334,0.23047735713195738
base_macro_credit_stress_proxies,Credit,2018-02-20,-0.006001787976893168,0.2230922929240835
base_macro_credit_stress_proxies,Credit,2018-02-21,-0.004901659675137134,0.2170971107528865
base_macro_credit_stress_proxies,Credit,2018-02-22,0.002901565229808433,0.22062859741074736
base_macro_credit_stress_proxies,Credit,2018-02-23,0.014434333648364198,0.23824755784650886
base_macro_credit_stress_proxies,Credit,2018-02-26,0.015997885399635235,0.2580569003733155
base_macro_credit_stress_proxies,Credit,2018-02-27,-0.010457373326079133,0.2449009297006619
base_macro_credit_stress_proxies,Credit,2018-02-28,-0.013612686557988767,0.22795448354889802
base_macro_credit_stress_proxies,Credit,2018-03-01,-0.014258860547532866,0.21044525180925655
base_macro_credit_stress_proxies,Credit,2018-03-02,-0.003111367590146233,0.2066791116831308
base_macro_credit_stress_proxies,Credit,2018-03-05,0.014419189336692867,0.22407844626312223
base_macro_credit_stress_proxies,Credit,2018-03-06,0.002510197237943567,0.22715112459795805
base_macro_credit_stress_proxies,Credit,2018-03-07,-0.0020970285655820334,0.22457775363539012
base_macro_credit_stress_proxies,Credit,2018-03-08,0.005576218777562134,0.2314062670997965
base_macro_credit_stress_proxies,Credit,2018-03-09,0.016467801601922433,0.2516848211977598
base_macro_credit_stress_proxies,Credit,2018-03-12,-0.006093656772634268,0.24405748350986456
base_macro_credit_stress_proxies,Credit,2018-03-13,-0.0069524875705779,0.2354081893186779
base_macro_credit_stress_proxies,Credit,2018-03-14,-0.0083996342093302,0.22503121242919
base_macro_credit_stress_proxies,Credit,2018-03-15,0.0041596232139889,0.23012688069827147
base_macro_credit_stress_proxies,Credit,2018-03-16,0.0021331447302412334,0.23275091937136105
base_macro_credit_stress_proxies,Credit,2018-03-19,-0.0122348994319987,0.21766833584814838
base_macro_credit_stress_proxies,Credit,2018-03-20,0.006034920175795066,0.225016867055585
base_macro_credit_stress_proxies,Credit,2018-03-21,-0.004602933098146467,0.21937819637242706
base_macro_credit_stress_proxies,Credit,2018-03-22,-0.030639522433953497,0.1820170307692004
base_macro_credit_stress_proxies,Credit,2018-03-23,-0.017166824485947765,0.16172555186258442
base_macro_credit_stress_proxies,Credit,2018-03-26,0.029202839668070666,0.19565123689192832
base_macro_credit_stress_proxies,Credit,2018-03-27,-0.01704282187148293,0.17527396584116084
base_macro_credit_stress_proxies,Credit,2018-03-28,-0.0008614622989616001,0.17426151162863768
base_macro_credit_stress_proxies,Credit,2018-03-29,0.0112421382250251,0.18746272185469381
base_macro_credit_stress_proxies,Credit,2018-04-02,-0.0181502333569253,0.1659099963503814
base_macro_credit_stress_proxies,Credit,2018-04-03,0.016439981038774466,0.18507753458329934
base_macro_credit_stress_proxies,Credit,2018-07-05,0.0,0.18507753458329934
base_macro_credit_stress_proxies,Credit,2018-07-06,0.00039356280053456667,0.1855439370166605
base_macro_credit_stress_proxies,Credit,2018-07-09,0.002238116354777,0.1881973222914044
base_macro_credit_stress_proxies,Credit,2018-07-10,0.0020795101384743666,0.1906681906696175
base_macro_credit_stress_proxies,Credit,2018-07-11,-0.0014138599573958997,0.18898475259228475
base_macro_credit_stress_proxies,Credit,2018-07-12,0.005956620952620233,0.19606708408192208
base_macro_credit_stress_proxies,Credit,2018-07-13,0.0024899450880128,0.19904522544286563
base_macro_credit_stress_proxies,Credit,2018-07-16,6.605202614383338e-05,0.19912442480944414
base_macro_credit_stress_proxies,Credit,2018-07-17,0.002402913892979967,0.2020058175492303
base_macro_credit_stress_proxies,Credit,2018-07-18,0.0025579771003395395,0.20508052090499596
base_macro_credit_stress_proxies,Credit,2018-07-19,-0.0042669379378029995,0.19993851711223898
base_macro_credit_stress_proxies,Credit,2018-07-20,0.0023002618075564835,0.20269868985456818
base_macro_credit_stress_proxies,Credit,2018-07-23,-0.00020607825778445952,0.2024508398039233
base_macro_credit_stress_proxies,Credit,2018-07-24,0.004150975964230666,0.20744218433811845
base_macro_credit_stress_proxies,Credit,2018-07-25,0.009284848858569367,0.21865310252515857
base_macro_credit_stress_proxies,Credit,2018-07-26,0.0013099149942713665,0.22024943449697165
base_macro_credit_stress_proxies,Credit,2018-07-27,-0.005875400869123366,0.21307997990898087
base_macro_credit_stress_proxies,Credit,2018-07-30,-0.007555534900030167,0.20391451178425068
base_macro_credit_stress_proxies,Credit,2018-07-31,0.002972560701455933,0.20749322074989296
base_macro_credit_stress_proxies,Credit,2018-08-01,-0.0015862907683350334,0.20557778540099014
base_macro_credit_stress_proxies,Credit,2018-08-02,0.004511192842522067,0.21101637927759476
base_macro_credit_stress_proxies,Credit,2018-08-03,0.0038890283207647335,0.21572605627351527
base_macro_credit_stress_proxies,Credit,2018-08-06,0.0035288256415262668,0.22001614155396476
base_macro_credit_stress_proxies,Credit,2018-08-07,0.005382350788835033,0.22658269639584927
base_macro_credit_stress_proxies,Credit,2018-08-08,-0.0004272022013437333,0.22605869756781893
base_macro_credit_stress_proxies,Credit,2018-08-09,0.00014222682689766665,0.2262330760059641
base_macro_credit_stress_proxies,Credit,2018-08-10,-0.006408104552211633,0.21837524624953786
base_macro_credit_stress_proxies,Credit,2018-08-13,-0.004786881226968767,0.2125430286558625
base_macro_credit_stress_proxies,Credit,2018-08-14,0.004461374115175066,0.2179526367374438
base_macro_credit_stress_proxies,Credit,2018-08-15,-0.0047864264254509,0.21212299605201612
base_macro_credit_stress_proxies,Credit,2018-08-16,0.007992422664251634,0.2218107953575228
base_macro_credit_stress_proxies,Credit,2018-08-17,0.0015862163478364336,0.22374885161508185
base_macro_credit_stress_proxies,Credit,2018-08-20,0.002377508503646667,0.22665832491612448
base_macro_credit_stress_proxies,Credit,2018-08-21,0.0019324724551863,0.22902880834094996
base_macro_credit_stress_proxies,Credit,2018-08-22,-0.0017431172477719668,0.22688646702712223
base_macro_credit_stress_proxies,Credit,2018-08-23,0.0023204014861771,0.2297333362085825
base_macro_credit_stress_proxies,Credit,2018-08-24,0.007519170381415666,0.23897991068724167
base_macro_credit_stress_proxies,Credit,2018-08-27,0.007008397017935133,0.2476631737985837
base_macro_credit_stress_proxies,Credit,2018-08-28,0.0020746456369034,0.2502516327584301
base_macro_credit_stress_proxies,Credit,2018-08-29,0.006191013120462667,0.25799195702071764
base_macro_credit_stress_proxies,Credit,2018-08-30,-0.004884529475665866,0.25184725822649945
base_macro_credit_stress_proxies,Credit,2018-08-31,0.0013994351687561333,0.2535991373055724
base_macro_credit_stress_proxies,Credit,2018-09-04,0.0009962475389001999,0.2548480323608806
base_macro_credit_stress_proxies,Credit,2018-09-05,-0.0054605368975603,0.24799588837934294
base_macro_credit_stress_proxies,Credit,2018-09-06,0.0014866531800271,0.2498512254354628
base_macro_credit_stress_proxies,Credit,2018-09-07,-0.0015055054204238,0.24796956764084643
base_macro_credit_stress_proxies,Credit,2018-09-10,-0.0005109415783102,0.24733192810027282
base_macro_credit_stress_proxies,Credit,2018-09-11,0.005959441887941099,0.25476533024076
base_macro_credit_stress_proxies,Credit,2018-09-12,0.00012221846451083326,0.25491868573274346
base_macro_credit_stress_proxies,Credit,2018-09-13,0.006044000241118733,0.26250341457189674
base_macro_credit_stress_proxies,Credit,2018-09-14,-0.0023649495753249,0.2595176576577587
base_macro_credit_stress_proxies,Credit,2018-09-17,-0.004390448195034167,0.25398781063108156
base_macro_credit_stress_proxies,Credit,2018-09-18,0.0065447570636976,0.26219485621250005
base_macro_credit_stress_proxies,Credit,2018-09-19,0.0007275992686159999,0.2631132282667312
base_macro_credit_stress_proxies,Credit,2018-09-20,0.0089209587524287,0.2743814092757457
base_macro_credit_stress_proxies,Credit,2018-09-21,0.0011146684684957334,0.2758019220495025
base_macro_credit_stress_proxies,Credit,2018-09-24,-0.0024205055822975664,0.2727138363752757
base_macro_credit_stress_proxies,Credit,2018-09-25,-0.0029043905384778333,0.2690173783507175
base_macro_credit_stress_proxies,Credit,2018-09-26,-0.0016482197727786666,0.2669257588157201
base_macro_credit_stress_proxies,Credit,2018-09-27,0.0037466725078304335,0.27167251472573706
base_macro_credit_stress_proxies,Credit,2018-09-28,0.0010755434552503333,0.273040253776172
base_macro_credit_stress_proxies,Credit,2018-10-01,0.004909670848972033,0.2792904623997048
base_macro_credit_stress_proxies,Credit,2018-10-02,-5.66416609703334e-06,0.27928321628603947
base_macro_credit_stress_proxies,Credit,2018-10-03,-0.0013555816299555,0.2775490434585317
base_macro_credit_stress_proxies,Credit,2019-01-04,0.0,0.2775490434585317
base_macro_credit_stress_proxies,Credit,2019-01-07,0.0010894645189284333,0.27894088781257054
base_macro_credit_stress_proxies,Credit,2019-01-08,0.0026208256436339662,0.28229276888804167
base_macro_credit_stress_proxies,Credit,2019-01-09,0.000933300773917,0.283489533721633
base_macro_credit_stress_proxies,Credit,2019-01-10,0.0029547238958372666,0.2872818909169772
base_macro_credit_stress_proxies,Credit,2019-01-11,6.560274364376809e-05,0.2873663401408644
base_macro_credit_stress_proxies,Credit,2019-01-14,-0.005054301938373934,0.28085960195249293
base_macro_credit_stress_proxies,Credit,2019-01-15,0.007951751391899799,0.29104467907514686
base_macro_credit_stress_proxies,Credit,2019-01-16,0.0027738589392853007,0.2946258548992162
base_macro_credit_stress_proxies,Credit,2019-01-17,0.006882553681111532,0.3035361868425148
base_macro_credit_stress_proxies,Credit,2019-01-18,0.013374149018736634,0.32096987405666244
base_macro_credit_stress_proxies,Credit,2019-01-22,-0.010667098101028468,0.30687895882159677
base_macro_credit_stress_proxies,Credit,2019-01-23,0.006542343928249366,0.3154290104427999
base_macro_credit_stress_proxies,Credit,2019-01-24,-0.0008455800350042333,0.3143167099341042
base_macro_credit_stress_proxies,Credit,2019-01-25,0.0014852271268735,0.31626876876500143
base_macro_credit_stress_proxies,Credit,2019-01-28,-0.010011960108491867,0.3030903383600727
base_macro_credit_stress_proxies,Credit,2019-01-29,-0.0023108459511788667,0.30007909732765303
base_macro_credit_stress_proxies,Credit,2019-01-30,0.013862009175743,0.3181008057040007
base_macro_credit_stress_proxies,Credit,2019-01-31,0.0028424365648158,0.3218474236302469
base_macro_credit_stress_proxies,Credit,2019-02-01,0.0010796705315848998,0.32327458334079195
base_macro_credit_stress_proxies,Credit,2019-02-04,0.009621955405187533,0.3360070723705151
base_macro_credit_stress_proxies,Credit,2019-02-05,0.0077232813087267,0.34632543082088096
base_macro_credit_stress_proxies,Credit,2019-02-06,-8.635437884049995e-05,0.34620916972458526
base_macro_credit_stress_proxies,Credit,2019-02-07,-0.010394276425116967,0.3322162994884408
base_macro_credit_stress_proxies,Credit,2019-02-08,0.00016531204388056664,0.3324365308878001
base_macro_credit_stress_proxies,Credit,2019-02-11,-5.480182665773331e-05,0.332363510932002
base_macro_credit_stress_proxies,Credit,2019-02-12,0.014774273940516633,0.3520482144308599
base_macro_credit_stress_proxies,Credit,2019-02-13,0.0030415359218274,0.356160517643094
base_macro_credit_stress_proxies,Credit,2019-02-14,-0.003225908697001367,0.3517856676346993
base_macro_credit_stress_proxies,Credit,2019-02-15,0.013744937924460533,0.3703658777235137
base_macro_credit_stress_proxies,Credit,2019-02-19,-0.00010986226696186663,0.3702153262216199
base_macro_credit_stress_proxies,Credit,2019-02-20,0.00048194766241309983,0.37087569829509515
base_macro_credit_stress_proxies,Credit,2019-02-21,0.0005255843689562666,0.3715962091339009
base_macro_credit_stress_proxies,Credit,2019-02-22,0.0083499322582714,0.3830489445658709
base_macro_credit_stress_proxies,Credit,2019-02-25,0.0011459421120060857,0.3846338385944146
base_macro_credit_stress_proxies,Credit,2019-02-26,0.0010384157021877001,0.38607166411419147
base_macro_credit_stress_proxies,Credit,2019-02-27,-0.0014541807472362332,0.38405606538594683
base_macro_credit_stress_proxies,Credit,2019-02-28,-7.377260044206666e-05,0.3839539599708457
base_macro_credit_stress_proxies,Credit,2019-03-01,0.0057354530735012,0.3918915629641446
base_macro_credit_stress_proxies,Credit,2019-03-04,-0.0110485883519491,0.3765131260544028
base_macro_credit_stress_proxies,Credit,2019-03-05,-0.0017079938201929668,0.37416205014168735
base_macro_credit_stress_proxies,Credit,2019-03-06,-0.005929252679384367,0.3660142961239765
base_macro_credit_stress_proxies,Credit,2019-03-07,-0.008667403915104734,0.3541744984656625
base_macro_credit_stress_proxies,Credit,2019-03-08,-0.0023190338873414333,0.35103412191434713
base_macro_credit_stress_proxies,Credit,2019-03-11,0.009556027631015,0.36394464131380455
base_macro_credit_stress_proxies,Credit,2019-03-12,-0.002771981730529167,0.3601638116866295
base_macro_credit_stress_proxies,Credit,2019-03-13,0.007744329230692866,0.3706973680520049
base_macro_credit_stress_proxies,Credit,2019-03-14,0.0004447713581843333,0.3713070149820532
base_macro_credit_stress_proxies,Credit,2019-03-15,0.008196716467036699,0.3825472297731196
base_macro_credit_stress_proxies,Credit,2019-03-18,0.0012139883479887334,0.3842256260006083
base_macro_credit_stress_proxies,Credit,2019-03-19,0.0020388269249268665,0.38704782247707215
base_macro_credit_stress_proxies,Credit,2019-03-20,-0.0005140085996706668,0.3863348679681644
base_macro_credit_stress_proxies,Credit,2019-03-21,0.0097745529699507,0.39988567156920873
base_macro_credit_stress_proxies,Credit,2019-03-22,-0.01836174726560717,0.3741813246671102
base_macro_credit_stress_proxies,Credit,2019-03-25,0.0009371334630015,0.37546911597068755
base_macro_credit_stress_proxies,Credit,2019-03-26,0.005244139682666166,0.38268226814403117
base_macro_credit_stress_proxies,Credit,2019-03-27,-0.004782644590513433,0.3760693902738932
base_macro_credit_stress_proxies,Credit,2019-03-28,0.0040408012641021665,0.3816298132056044
base_macro_credit_stress_proxies,Credit,2019-03-29,0.008739802825820034,0.39370498535129594
base_macro_credit_stress_proxies,Credit,2019-04-01,0.010779885731001367,0.40872896583610974
base_macro_credit_stress_proxies,Credit,2019-04-02,-0.0018078634580321999,0.4061821762165032
base_macro_credit_stress_proxies,Credit,2019-04-03,0.003414498340471,0.41098358292359416
base_macro_credit_stress_proxies,Credit,2019-07-05,0.0,0.41098358292359416
base_macro_credit_stress_proxies,Credit,2019-07-08,-0.0002922553086597667,0.410571215481053
base_macro_credit_stress_proxies,Credit,2019-07-09,-0.0007451617102503666,0.4095201118216951
base_macro_credit_stress_proxies,Credit,2019-07-10,0.0006242049067857,0.4103999411917074
base_macro_credit_stress_proxies,Credit,2019-07-11,0.0047485825742385,0.41709734177515756
base_macro_credit_stress_proxies,Credit,2019-07-12,0.003764679051955934,0.4224322584523208
base_macro_credit_stress_proxies,Credit,2019-07-15,0.0008342585946250333,0.42361893478920654
base_macro_credit_stress_proxies,Credit,2019-07-16,-0.0026913221028487,0.4197875176839745
base_macro_credit_stress_proxies,Credit,2019-07-17,-0.005697253666311,0.4116986280434669
base_macro_credit_stress_proxies,Credit,2019-07-18,0.002116627329652667,0.414686667940817
base_macro_credit_stress_proxies,Credit,2019-07-19,-0.0078478772107406,0.4035843806791457
base_macro_credit_stress_proxies,Credit,2019-07-22,-9.455902591493338e-05,0.40345165910731917
base_macro_credit_stress_proxies,Credit,2019-07-23,0.003754576466467534,0.40872102567842816
base_macro_credit_stress_proxies,Credit,2019-07-24,-0.0009400920946349001,0.4073966981786419
base_macro_credit_stress_proxies,Credit,2019-07-25,-0.0006399595093256333,0.4064960212782489
base_macro_credit_stress_proxies,Credit,2019-07-26,0.006518087792124867,0.41566368582421487
base_macro_credit_stress_proxies,Credit,2019-07-29,0.0027959072856777335,0.4196217502374804
base_macro_credit_stress_proxies,Credit,2019-07-30,-0.0014282791723623331,0.4175941340589837
base_macro_credit_stress_proxies,Credit,2019-07-31,-0.012593567432191166,0.3997415667402333
base_macro_credit_stress_proxies,Credit,2019-08-01,-0.006162415629467534,0.3911157774321379
base_macro_credit_stress_proxies,Credit,2019-08-02,-0.0026528643949060332,0.3874253359169961
base_macro_credit_stress_proxies,Credit,2019-08-05,-0.026964813972900233,0.3500136698327059
base_macro_credit_stress_proxies,Credit,2019-08-06,0.014716384854370268,0.3698809905566247
base_macro_credit_stress_proxies,Credit,2019-08-07,-0.0011948038538935335,0.36824425146973216
base_macro_credit_stress_proxies,Credit,2019-08-08,0.013871962396514401,0.3872244842753674
base_macro_credit_stress_proxies,Credit,2019-08-09,0.00015306680209603327,0.38743682229096454
base_macro_credit_stress_proxies,Credit,2019-08-12,-0.012214354250224066,0.3704901774436975
base_macro_credit_stress_proxies,Credit,2019-08-13,0.015696888028160567,0.39200260830272504
base_macro_credit_stress_proxies,Credit,2019-08-14,-0.026583466369263998,0.3549983537789818
base_macro_credit_stress_proxies,Credit,2019-08-15,0.002412044371647567,0.358266669931806
base_macro_credit_stress_proxies,Credit,2019-08-16,0.011845584571380465,0.37435613264097056
base_macro_credit_stress_proxies,Credit,2019-08-19,0.007895305388812434,0.38520709402115827
base_macro_credit_stress_proxies,Credit,2019-08-20,-0.006633510414867833,0.3760183083362201
base_macro_credit_stress_proxies,Credit,2019-08-21,0.007733168324264833,0.38665928953185413
base_macro_credit_stress_proxies,Credit,2019-08-22,-0.004456650844502322,0.38047943323812494
base_macro_credit_stress_proxies,Credit,2019-08-23,-0.0240598915671441,0.34726524776374323
base_macro_credit_stress_proxies,Credit,2019-08-26,0.011341111924369934,0.36254473373044593
base_macro_credit_stress_proxies,Credit,2019-08-27,-0.0042748012577916335,0.35672012578889767
base_macro_credit_stress_proxies,Credit,2019-08-28,0.008940140511108266,0.3688493943476989
base_macro_credit_stress_proxies,Credit,2019-08-29,0.013391992546635265,0.3871810152342694
base_macro_credit_stress_proxies,Credit,2019-08-30,0.0014943543923984666,0.38925395527743634
base_macro_credit_stress_proxies,Credit,2019-09-03,-0.0075778867437897,0.378726346145982
base_macro_credit_stress_proxies,Credit,2019-09-04,0.007644572126884033,0.38926611914233034
base_macro_credit_stress_proxies,Credit,2019-09-05,0.013132468159005968,0.40751061221635276
base_macro_credit_stress_proxies,Credit,2019-09-06,0.0014468738554566667,0.4095471025224464
base_macro_credit_stress_proxies,Credit,2019-09-09,-0.0023833182644344,0.406187703168424
base_macro_credit_stress_proxies,Credit,2019-09-10,-0.005631259268771033,0.39826909563132484
base_macro_credit_stress_proxies,Credit,2019-09-11,0.003886926463984967,0.40370406478290644
base_macro_credit_stress_proxies,Credit,2019-09-12,0.0025123411938498337,0.40723064832883504
base_macro_credit_stress_proxies,Credit,2019-09-13,0.0015954819033457332,0.4094758593620771
base_macro_credit_stress_proxies,Credit,2019-09-16,-0.007184932364062333,0.3993488706437818
base_macro_credit_stress_proxies,Credit,2019-09-17,0.0019115126748884667,0.4020237437466083
base_macro_credit_stress_proxies,Credit,2019-09-18,0.0015422260897780668,0.4041859813427029
base_macro_credit_stress_proxies,Credit,2019-09-19,0.0011772570092022667,0.40583906913146217
base_macro_credit_stress_proxies,Credit,2019-09-20,-0.0035917336409875336,0.4007896696530482
base_macro_credit_stress_proxies,Credit,2019-09-23,0.0002384652922265,0.40112370937096986
base_macro_credit_stress_proxies,Credit,2019-09-24,-0.006809032437804632,0.3915834125844857
base_macro_credit_stress_proxies,Credit,2019-09-25,0.0047829946962459,0.398239348666261
base_macro_credit_stress_proxies,Credit,2019-09-26,-0.003113968267883,0.3938852757036089
base_macro_credit_stress_proxies,Credit,2019-09-27,-0.0011383829312613667,0.3922985004976114
base_macro_credit_stress_proxies,Credit,2019-09-30,0.0056570851445013,0.4001748516614878
base_macro_credit_stress_proxies,Credit,2019-10-01,-0.011946809745236866,0.38344722909862283
base_macro_credit_stress_proxies,Credit,2019-10-02,-0.014405709851409232,0.363517689721492
base_macro_credit_stress_proxies,Credit,2019-10-03,0.0046088064720381005,0.3698018788746189
base_macro_credit_stress_proxies,Credit,2020-01-06,0.0,0.3698018788746189
base_macro_credit_stress_proxies,Credit,2020-01-07,-0.0008693126851398667,0.36861109272518466
base_macro_credit_stress_proxies,Credit,2020-01-08,0.0017359518689595667,0.3709869357094797
base_macro_credit_stress_proxies,Credit,2020-01-09,0.0021967176480284334,0.3739986069063692
base_macro_credit_stress_proxies,Credit,2020-01-10,-0.0025708434900130997,0.3704662715325169
base_macro_credit_stress_proxies,Credit,2020-01-13,-0.0017478869049901667,0.3680708514827744
base_macro_credit_stress_proxies,Credit,2020-01-14,0.003652227673273533,0.37306735770555877
base_macro_credit_stress_proxies,Credit,2020-01-15,0.004317250719322833,0.3789952337432918
base_macro_credit_stress_proxies,Credit,2020-01-16,0.008569144348304934,0.39081204295686245
base_macro_credit_stress_proxies,Credit,2020-01-17,-0.0002443893315575334,0.39047214333136204
base_macro_credit_stress_proxies,Credit,2020-01-21,-0.0033740299027009333,0.38578064874088924
base_macro_credit_stress_proxies,Credit,2020-01-22,0.0005982102487951,0.386609636927548
base_macro_credit_stress_proxies,Credit,2020-01-23,-0.0020218386000408,0.38380613604041924
base_macro_credit_stress_proxies,Credit,2020-01-24,-0.012567146726463566,0.3664156412878188
base_macro_credit_stress_proxies,Credit,2020-01-27,-0.017228853116853,0.34287386690750044
base_macro_credit_stress_proxies,Credit,2020-01-28,0.0081318943907274,0.35379397537325996
base_macro_credit_stress_proxies,Credit,2020-01-29,-0.0032072043977007,0.349452081381862
base_macro_credit_stress_proxies,Credit,2020-01-30,0.0016267064412050665,0.3516472437747433
base_macro_credit_stress_proxies,Credit,2020-01-31,-0.015685211122238366,0.33044637139334476
base_macro_credit_stress_proxies,Credit,2020-02-03,0.008590976044851066,0.34187620429894405
base_macro_credit_stress_proxies,Credit,2020-02-04,0.0185063154392618,0.36670938861613944
base_macro_credit_stress_proxies,Credit,2020-02-05,0.0225075499427118,0.3974706684375904
base_macro_credit_stress_proxies,Credit,2020-02-06,0.0010606804578499,0.39895293826602063
base_macro_credit_stress_proxies,Credit,2020-02-07,-0.0092993700668286,0.3859435571870078
base_macro_credit_stress_proxies,Credit,2020-02-10,0.0036278706444313664,0.39097158113296526
base_macro_credit_stress_proxies,Credit,2020-02-11,0.0009175099510527668,0.3922478114002863
base_macro_credit_stress_proxies,Credit,2020-02-12,0.013036549882178899,0.4103979194419607
base_macro_credit_stress_proxies,Credit,2020-02-13,-0.0037512216147221667,0.40510720428119074
base_macro_credit_stress_proxies,Credit,2020-02-14,-0.004184871286137767,0.3992270114880492
base_macro_credit_stress_proxies,Credit,2020-02-18,-0.0014720231593339718,0.39716731692197316
base_macro_credit_stress_proxies,Credit,2020-02-19,0.0060635394840029,0.40563909611388804
base_macro_credit_stress_proxies,Credit,2020-02-20,-0.004823894164558167,0.3988584418806693
base_macro_credit_stress_proxies,Credit,2020-02-21,-0.0071666539028956665,0.3888333075685668
base_macro_credit_stress_proxies,Credit,2020-02-24,-0.04217121131288363,0.33026452467672174
base_macro_credit_stress_proxies,Credit,2020-02-25,-0.0336218116742117,0.28553862135115615
base_macro_credit_stress_proxies,Credit,2020-02-26,-0.0041445836057086,0.28021059905659884
base_macro_credit_stress_proxies,Credit,2020-02-27,-0.042835284862015176,0.22537241336263847
base_macro_credit_stress_proxies,Credit,2020-02-28,-0.011674469846934966,0.21106684007157028
base_macro_credit_stress_proxies,Credit,2020-03-02,0.05183676167949874,0.27384462323830405
base_macro_credit_stress_proxies,Credit,2020-03-03,-0.0338244337393462,0.2307575501853576
base_macro_credit_stress_proxies,Credit,2020-03-04,0.05492224792533249,0.2983535214926125
base_macro_credit_stress_proxies,Credit,2020-03-05,-0.030141862002002532,0.25921872881796815
base_macro_credit_stress_proxies,Credit,2020-03-06,-0.007489596417726199,0.24978768873747947
base_macro_credit_stress_proxies,Credit,2020-03-09,-0.06601343144950546,0.16728491482057195
base_macro_credit_stress_proxies,Credit,2020-03-10,0.04455266414523484,0.21929056759237175
base_macro_credit_stress_proxies,Credit,2020-03-11,-0.04684573141532474,0.16217200914570062
base_macro_credit_stress_proxies,Credit,2020-03-12,-0.09979288905187633,0.046195506777827466
base_macro_credit_stress_proxies,Credit,2020-03-13,0.09824698799900411,0.14898106417684054
base_macro_credit_stress_proxies,Credit,2020-03-16,-0.12127395159270382,0.00963959021892502
base_macro_credit_stress_proxies,Credit,2020-03-17,0.0634768939880308,0.07372837545337063
base_macro_credit_stress_proxies,Credit,2020-03-18,-0.059281999932215,0.010075609972526545
base_macro_credit_stress_proxies,Credit,2020-03-19,0.0006561490833589331,0.010738370158133392
base_macro_credit_stress_proxies,Credit,2020-03-20,-0.05457399517841419,-0.04442166078151477
base_macro_credit_stress_proxies,Credit,2020-03-23,-0.0296237615721886,-0.07272948566607118
base_macro_credit_stress_proxies,Credit,2020-03-24,0.10807804810707522,0.027488101590383396
base_macro_credit_stress_proxies,Credit,2020-03-25,0.025359359564808504,0.05354454180717649
base_macro_credit_stress_proxies,Credit,2020-03-26,0.06654446818758723,0.12365210305367036
base_macro_credit_stress_proxies,Credit,2020-03-27,-0.04118400538888867,0.07737560878627181
base_macro_credit_stress_proxies,Credit,2020-03-30,0.0393273204700981,0.11974590461967649
base_macro_credit_stress_proxies,Credit,2020-03-31,-0.019206660857697,0.09823932478285125
base_macro_credit_stress_proxies,Credit,2020-04-01,-0.0403561246182187,0.05391864173128624
base_macro_credit_stress_proxies,Credit,2020-04-02,0.0253135866815504,0.08059710262405306
base_macro_credit_stress_proxies,Credit,2020-04-03,-0.021639035142454632,0.05721402394553654
base_macro_credit_stress_proxies,Credit,2020-07-06,0.0,0.05721402394553654
base_macro_credit_stress_proxies,Credit,2020-07-07,-0.0035836868340811,0.05342529996711698
base_macro_credit_stress_proxies,Credit,2020-07-08,0.0031531549995366666,0.056746913218346684
base_macro_credit_stress_proxies,Credit,2020-07-09,-0.005273981106887967,0.051173649963270895
base_macro_credit_stress_proxies,Credit,2020-07-10,0.008397027619152167,0.06000038413453734
base_macro_credit_stress_proxies,Credit,2020-07-13,-0.0057406454424112005,0.05391529776040138
base_macro_credit_stress_proxies,Credit,2020-07-14,0.018660558658241035,0.07358194599507706
base_macro_credit_stress_proxies,Credit,2020-07-15,0.0058088056398988,0.0798181748578668
base_macro_credit_stress_proxies,Credit,2020-07-16,-0.006609135495841867,0.07268151022935854
base_macro_credit_stress_proxies,Credit,2020-07-17,-0.0020597448730242333,0.07047205998827577
base_macro_credit_stress_proxies,Credit,2020-07-20,0.009939429936487767,0.08111194202749683
base_macro_credit_stress_proxies,Credit,2020-07-21,0.00030847689362060527,0.08144544008102961
base_macro_credit_stress_proxies,Credit,2020-07-22,0.001928840362415251,0.08353137569560776
base_macro_credit_stress_proxies,Credit,2020-07-23,-0.014089267402579065,0.06826521240434791
base_macro_credit_stress_proxies,Credit,2020-07-24,-0.005389047388473,0.0625082805512438
base_macro_credit_stress_proxies,Credit,2020-07-27,0.007786546630018834,0.07078155082253734
base_macro_credit_stress_proxies,Credit,2020-07-28,-0.010022540738740433,0.060049599107126816
base_macro_credit_stress_proxies,Credit,2020-07-29,0.0067320660966021335,0.06718592307399263
base_macro_credit_stress_proxies,Credit,2020-07-30,-0.0103322688510193,0.056159471202768874
base_macro_credit_stress_proxies,Credit,2020-07-31,0.0013145707645034668,0.05754786756626551
base_macro_credit_stress_proxies,Credit,2020-08-03,0.0095382681622381,0.06763504272151555
base_macro_credit_stress_proxies,Credit,2020-08-04,0.003310451838183933,0.07116939711120263
base_macro_credit_stress_proxies,Credit,2020-08-05,0.014421668508636567,0.0866174470729364
base_macro_credit_stress_proxies,Credit,2020-08-06,0.006551128823623333,0.09373601795070785
base_macro_credit_stress_proxies,Credit,2020-08-07,-0.00012291039574643345,0.09360158642389949
base_macro_credit_stress_proxies,Credit,2020-08-10,0.009433197690999567,0.103917746383827
base_macro_credit_stress_proxies,Credit,2020-08-11,-0.0039455709917322,0.09956216054643652
base_macro_credit_stress_proxies,Credit,2020-08-12,0.008050107461658934,0.1084137540996093
base_macro_credit_stress_proxies,Credit,2020-08-13,-0.0022806712688703667,0.10588582669661362
base_macro_credit_stress_proxies,Credit,2020-08-14,-0.0003815523483746,0.10546387336240337
base_macro_credit_stress_proxies,Credit,2020-08-17,-0.0022071105503530335,0.10302399238447113
base_macro_credit_stress_proxies,Credit,2020-08-18,0.0035730171645358666,0.10696511604215564
base_macro_credit_stress_proxies,Credit,2020-08-19,-0.0024550865430870332,0.10424742088209382
base_macro_credit_stress_proxies,Credit,2020-08-20,0.003028081669019833,0.10759117225532933
base_macro_credit_stress_proxies,Credit,2020-08-21,0.0011427645280607998,0.10885688815857608
base_macro_credit_stress_proxies,Credit,2020-08-24,0.014591598004143466,0.12503688211471164
base_macro_credit_stress_proxies,Credit,2020-08-25,0.006214138626772333,0.13202801726040403
base_macro_credit_stress_proxies,Credit,2020-08-26,0.034360078396968564,0.17092458868103644
base_macro_credit_stress_proxies,Credit,2020-08-27,0.0071975527683728335,0.17935238019585342
base_macro_credit_stress_proxies,Credit,2020-08-28,-0.00012048098807763338,0.17921029065579575
base_macro_credit_stress_proxies,Credit,2020-08-31,-0.0035205969828589335,0.1750587664643568
base_macro_credit_stress_proxies,Credit,2020-09-01,0.010265960826817867,0.18712187373008882
base_macro_credit_stress_proxies,Credit,2020-09-02,0.0125442835312978,0.2020134671003646
base_macro_credit_stress_proxies,Credit,2020-09-03,-0.031067809411445168,0.1646695417945001
base_macro_credit_stress_proxies,Credit,2020-09-04,-0.007425262011642433,0.15602156528969635
base_macro_credit_stress_proxies,Credit,2020-09-08,-0.029821689780309333,0.12154704879027944
base_macro_credit_stress_proxies,Credit,2020-09-09,0.01959670069435473,0.1435256706200594
base_macro_credit_stress_proxies,Credit,2020-09-10,-0.015863430558133,0.12538543055273554
base_macro_credit_stress_proxies,Credit,2020-09-11,0.0023023098781360667,0.12797641654620762
base_macro_credit_stress_proxies,Credit,2020-09-14,0.013152213807284934,0.1428118035461985
base_macro_credit_stress_proxies,Credit,2020-09-15,0.0006026230635726781,0.14350048829633866
base_macro_credit_stress_proxies,Credit,2020-09-16,0.00011280445099626643,0.1436294802411351
base_macro_credit_stress_proxies,Credit,2020-09-17,-0.008379596987857132,0.13404632609328182
base_macro_credit_stress_proxies,Credit,2020-09-18,-0.0116824131894322,0.12079792833590264
base_macro_credit_stress_proxies,Credit,2020-09-21,-0.015656278036638067,0.10325040434698773
base_macro_credit_stress_proxies,Credit,2020-09-22,0.008849569191797099,0.11301369513613446
base_macro_credit_stress_proxies,Credit,2020-09-23,-0.027608070246620334,0.0822855348553655
base_macro_credit_stress_proxies,Credit,2020-09-24,0.005002474769092167,0.08769964093643301
base_macro_credit_stress_proxies,Credit,2020-09-25,0.01622215345876887,0.10534447142875147
base_macro_credit_stress_proxies,Credit,2020-09-28,0.01891991415270043,0.1262574939373453
base_macro_credit_stress_proxies,Credit,2020-09-29,-0.0060699354391496,0.11942118366128729
base_macro_credit_stress_proxies,Credit,2020-09-30,0.013006239442237768,0.13398064361269912
base_macro_credit_stress_proxies,Credit,2020-10-01,0.0034778124939037,0.13792441566290026
base_macro_credit_stress_proxies,Credit,2020-10-02,-0.0062352303003203,0.1308291948668847
base_macro_credit_stress_proxies,Credit,2021-01-04,0.0,0.1308291948668847
base_macro_credit_stress_proxies,Credit,2021-01-05,0.0009409973672229333,0.13189330216203343
base_macro_credit_stress_proxies,Credit,2021-01-06,0.006050163438024367,0.13874144163451874
base_macro_credit_stress_proxies,Credit,2021-01-07,0.0053200565066505,0.14479961045047895
base_macro_credit_stress_proxies,Credit,2021-01-08,0.0008572730690508333,0.14578101632597806
base_macro_credit_stress_proxies,Credit,2021-01-11,-0.0012934473469024333,0.14429900891028002
base_macro_credit_stress_proxies,Credit,2021-01-12,0.0041387483388301,0.14903497453253234
base_macro_credit_stress_proxies,Credit,2021-01-13,0.00036415032607873334,0.1494533959931843
base_macro_credit_stress_proxies,Credit,2021-01-14,-0.0007761367598929,0.14856126295877026
base_macro_credit_stress_proxies,Credit,2021-01-15,-0.0067232513215062,0.14083919692975178
base_macro_credit_stress_proxies,Credit,2021-01-19,7.464183483316671e-05,0.14092435126066016
base_macro_credit_stress_proxies,Credit,2021-01-20,0.006102773614365832,0.14788715428752108
base_macro_credit_stress_proxies,Credit,2021-01-21,0.0028080746203899,0.15111050707254736
base_macro_credit_stress_proxies,Credit,2021-01-22,-0.0093235533370717,0.1403780668629928
base_macro_credit_stress_proxies,Credit,2021-01-25,-0.0036703781420092,0.1361924481327521
base_macro_credit_stress_proxies,Credit,2021-01-26,-0.0046226517900449,0.1309402260785557
base_macro_credit_stress_proxies,Credit,2021-01-27,-0.0234275580748847,0.10444505825287709
base_macro_credit_stress_proxies,Credit,2021-01-28,0.009887533526616733,0.11536529579465848
base_macro_credit_stress_proxies,Credit,2021-01-29,-0.018535355477684267,0.09469160354963213
base_macro_credit_stress_proxies,Credit,2021-02-01,0.008585890007848334,0.10409050525022434
base_macro_credit_stress_proxies,Credit,2021-02-02,0.018620020932277066,0.12464869356911201
base_macro_credit_stress_proxies,Credit,2021-02-03,0.0009729743870964333,0.12574294794243634
base_macro_credit_stress_proxies,Credit,2021-02-04,0.0089919206627416,0.13586553921697564
base_macro_credit_stress_proxies,Credit,2021-02-05,0.0012254375758955667,0.1372574715298971
base_macro_credit_stress_proxies,Credit,2021-02-08,0.008671059831833167,0.1471186991097322
base_macro_credit_stress_proxies,Credit,2021-02-09,0.0023965883019867666,0.14986787036500893
base_macro_credit_stress_proxies,Credit,2021-02-10,0.003398568549807033,0.15377577514566498
base_macro_credit_stress_proxies,Credit,2021-02-11,-0.0007793473086661335,0.152876583100501
base_macro_credit_stress_proxies,Credit,2021-02-12,0.0013257909423158999,0.15440505643198366
base_macro_credit_stress_proxies,Credit,2021-02-16,0.0025366717293208666,0.15733340310281974
base_macro_credit_stress_proxies,Credit,2021-02-17,0.0030893198977182666,0.16090877621331923
base_macro_credit_stress_proxies,Credit,2021-02-18,-0.0025489619425423,0.15794966392398813
base_macro_credit_stress_proxies,Credit,2021-02-19,-0.0004050963352819333,0.1574805827586916
base_macro_credit_stress_proxies,Credit,2021-02-22,0.00042946761464430003,0.1579776831835662
base_macro_credit_stress_proxies,Credit,2021-02-23,0.002691632207025033,0.16109453321063927
base_macro_credit_stress_proxies,Credit,2021-02-24,0.014684892393377433,0.17814508148937613
base_macro_credit_stress_proxies,Credit,2021-02-25,-0.015104105502325068,0.16035025388151514
base_macro_credit_stress_proxies,Credit,2021-02-26,-0.010521808282612101,0.1481412709694936
base_macro_credit_stress_proxies,Credit,2021-03-01,0.022919791817728033,0.17445642987745602
base_macro_credit_stress_proxies,Credit,2021-03-02,-0.002643174224967933,0.17135213691365614
base_macro_credit_stress_proxies,Credit,2021-03-03,-0.0007923013908077334,0.1704240729864539
base_macro_credit_stress_proxies,Credit,2021-03-04,-0.0098421579143381,0.15890457443337858
base_macro_credit_stress_proxies,Credit,2021-03-05,0.0165454848383537,0.1780792124987649
base_macro_credit_stress_proxies,Credit,2021-03-08,0.010809250757458968,0.19081336611881383
base_macro_credit_stress_proxies,Credit,2021-03-09,0.0008651503431998667,0.19184359871119838
base_macro_credit_stress_proxies,Credit,2021-03-10,0.014522511704387333,0.20915216132328074
base_macro_credit_stress_proxies,Credit,2021-03-11,0.0051058918352473006,0.21532596147135297
base_macro_credit_stress_proxies,Credit,2021-03-12,0.010003337382087233,0.2274832770931603
base_macro_credit_stress_proxies,Credit,2021-03-15,0.004156962004499466,0.23258587843719503
base_macro_credit_stress_proxies,Credit,2021-03-16,-0.004978957463429967,0.2264488857784317
base_macro_credit_stress_proxies,Credit,2021-03-17,0.005407946296572367,0.23308145548821257
base_macro_credit_stress_proxies,Credit,2021-03-18,0.00019758583588706658,0.2333250949183121
base_macro_credit_stress_proxies,Credit,2021-03-19,-0.007114064179179633,0.22455114103927043
base_macro_credit_stress_proxies,Credit,2021-03-22,-0.00012547846710559977,0.22439748623920042
base_macro_credit_stress_proxies,Credit,2021-03-23,-0.0090619777992862,0.21330202340139892
base_macro_credit_stress_proxies,Credit,2021-03-24,-0.00043789392283769994,0.21277072581878476
base_macro_credit_stress_proxies,Credit,2021-03-25,0.0057394865806757,0.219731407125058
base_macro_credit_stress_proxies,Credit,2021-03-26,0.010732787670212435,0.23282252533242054
base_macro_credit_stress_proxies,Credit,2021-03-29,0.0009506238163404667,0.23399447578632238
base_macro_credit_stress_proxies,Credit,2021-03-30,-0.001958980559897933,0.23157710459723546
base_macro_credit_stress_proxies,Credit,2021-03-31,-0.005981377313782767,0.22421057724362337
base_macro_credit_stress_proxies,Credit,2021-04-01,0.0022766884804438334,0.2269977233624716
base_macro_credit_stress_proxies,Credit,2021-07-06,0.0,0.2269977233624716
base_macro_credit_stress_proxies,Credit,2021-07-07,0.00039665928319286667,0.2274844233998996
base_macro_credit_stress_proxies,Credit,2021-07-08,-0.0032645259832487002,0.22347726860567763
base_macro_credit_stress_proxies,Credit,2021-07-09,0.008449626380104833,0.2338151944099467
base_macro_credit_stress_proxies,Credit,2021-07-12,0.0020649797195232337,0.23636299776404268
base_macro_credit_stress_proxies,Credit,2021-07-13,-0.002424899393120633,0.23336494188108792
base_macro_credit_stress_proxies,Credit,2021-07-14,0.0018573652196689997,0.23565575102729697
base_macro_credit_stress_proxies,Credit,2021-07-15,0.0004591725492299901,0.23622313022846697
base_macro_credit_stress_proxies,Credit,2021-07-16,-0.007889067423862235,0.22647048260315672
base_macro_credit_stress_proxies,Credit,2021-07-19,-0.020762561113554002,0.20100581425413866
base_macro_credit_stress_proxies,Credit,2021-07-20,0.0156731859800011,0.21982940174400634
base_macro_credit_stress_proxies,Credit,2021-07-21,0.0073677547184854,0.22881680557445305
base_macro_credit_stress_proxies,Credit,2021-07-22,0.0034257857277789003,0.23302646864904486
base_macro_credit_stress_proxies,Credit,2021-07-23,0.007907072135879333,0.24277609788210142
base_macro_credit_stress_proxies,Credit,2021-07-26,0.0017393199911263665,0.24493768319364184
base_macro_credit_stress_proxies,Credit,2021-07-27,-0.003617360900406933,0.24043429429501395
base_macro_credit_stress_proxies,Credit,2021-07-28,-0.0040589052316769665,0.2353994890483484
base_macro_credit_stress_proxies,Credit,2021-07-29,0.0036551288962712665,0.23991503341920772
base_macro_credit_stress_proxies,Credit,2021-07-30,-0.006928067444269233,0.23132481844251607
base_macro_credit_stress_proxies,Credit,2021-08-02,-0.0029893929133990335,0.22764390475617158
base_macro_credit_stress_proxies,Credit,2021-08-03,0.0067305564058665,0.23590663130345102
base_macro_credit_stress_proxies,Credit,2021-08-04,-0.005391377580021233,0.22924339200044197
base_macro_credit_stress_proxies,Credit,2021-08-05,0.0075940628253009,0.23857834354687935
base_macro_credit_stress_proxies,Credit,2021-08-06,0.002783303119672,0.24202568251443157
base_macro_credit_stress_proxies,Credit,2021-08-09,-0.0033704776226938,0.23783946274470558
base_macro_credit_stress_proxies,Credit,2021-08-10,0.0010567277539075667,0.23914752205987
base_macro_credit_stress_proxies,Credit,2021-08-11,0.0026253722308122334,0.2424007455541659
base_macro_credit_stress_proxies,Credit,2021-08-12,0.0017344570943643,0.2445556363413357
base_macro_credit_stress_proxies,Credit,2021-08-13,0.0019044417089309998,0.24692582000426921
base_macro_credit_stress_proxies,Credit,2021-08-16,0.0038071561968276,0.2516730613668827
base_macro_credit_stress_proxies,Credit,2021-08-17,-0.0077913571465014,0.24192082951511873
base_macro_credit_stress_proxies,Credit,2021-08-18,-0.0089337722389241,0.23082579168545503
base_macro_credit_stress_proxies,Credit,2021-08-19,0.0008677348289245333,0.23189382209323917
base_macro_credit_stress_proxies,Credit,2021-08-20,0.0077400297679539,0.24142871694719936
base_macro_credit_stress_proxies,Credit,2021-08-23,0.006091300336281268,0.24899063210820893
base_macro_credit_stress_proxies,Credit,2021-08-24,-0.0006065425329331665,0.24823306616660035
base_macro_credit_stress_proxies,Credit,2021-08-25,4.4298600234366674e-05,0.24828836114419794
base_macro_credit_stress_proxies,Credit,2021-08-26,-0.004206116092307233,0.24303791538054953
base_macro_credit_stress_proxies,Credit,2021-08-27,0.006027244325130367,0.25053000860194885
base_macro_credit_stress_proxies,Credit,2021-08-30,6.38777225680963e-06,0.25053799670284405
base_macro_credit_stress_proxies,Credit,2021-08-31,-0.0005189728914383482,0.24988900138284165
base_macro_credit_stress_proxies,Credit,2021-09-01,0.0006316294158985775,0.2506784680427232
base_macro_credit_stress_proxies,Credit,2021-09-02,0.0008875766752388333,0.25178854107918136
base_macro_credit_stress_proxies,Credit,2021-09-03,-0.0005522948324406,0.251097184736635
base_macro_credit_stress_proxies,Credit,2021-09-07,-0.005716085423642567,0.24394580635540164
base_macro_credit_stress_proxies,Credit,2021-09-08,-0.0014499498282379666,0.24214214734713924
base_macro_credit_stress_proxies,Credit,2021-09-09,-0.0035385707811911335,0.2377467394384507
base_macro_credit_stress_proxies,Credit,2021-09-10,-0.0087152155375186,0.22695950982338364
base_macro_credit_stress_proxies,Credit,2021-09-13,0.005988800796317566,0.2343075259128633
base_macro_credit_stress_proxies,Credit,2021-09-14,-0.006137866306055533,0.22673151133825198
base_macro_credit_stress_proxies,Credit,2021-09-15,0.0066410326458264,0.23487827535271322
base_macro_credit_stress_proxies,Credit,2021-09-16,0.0006957525387767,0.2357374450478702
base_macro_credit_stress_proxies,Credit,2021-09-17,-0.003992876222696633,0.23080329838604263
base_macro_credit_stress_proxies,Credit,2021-09-20,-0.016083343405900133,0.2110078662729853
base_macro_credit_stress_proxies,Credit,2021-09-21,-0.0009884475719607333,0.2098108484879424
base_macro_credit_stress_proxies,Credit,2021-09-22,0.0097337795575817,0.22158688059349485
base_macro_credit_stress_proxies,Credit,2021-09-23,0.01595803696406273,0.24108100918882003
base_macro_credit_stress_proxies,Credit,2021-09-24,0.0023429829081383,0.2439888407809645
base_macro_credit_stress_proxies,Credit,2021-09-27,-0.0017290481621962334,0.24183792416201966
base_macro_credit_stress_proxies,Credit,2021-09-28,-0.0190019663633417,0.21824056169837092
base_macro_credit_stress_proxies,Credit,2021-09-29,0.003199290709653133,0.22213806740953523
base_macro_credit_stress_proxies,Credit,2021-09-30,-0.013856783981978033,0.2052031642132892
base_macro_credit_stress_proxies,Credit,2021-10-01,0.014551530278846633,0.22274071454950062
base_macro_credit_stress_proxies,Credit,2022-01-04,0.0,0.22274071454950062
base_macro_credit_stress_proxies,Credit,2022-01-05,-0.0031141279308319002,0.21893294353815662
base_macro_credit_stress_proxies,Credit,2022-01-06,-0.005080291464214967,0.2127404089096494
base_macro_credit_stress_proxies,Credit,2022-01-07,-0.0031736896249232,0.20889154725616788
base_macro_credit_stress_proxies,Credit,2022-01-10,-0.0035673718189702663,0.2045789816182948
base_macro_credit_stress_proxies,Credit,2022-01-11,0.0049827951679025,0.21058115194725935
base_macro_credit_stress_proxies,Credit,2022-01-12,0.002464699760837001,0.21356487102293764
base_macro_credit_stress_proxies,Credit,2022-01-13,-0.0036533627678316666,0.209131278306794
base_macro_credit_stress_proxies,Credit,2022-01-14,-0.004863573965136834,0.20325057890118847
base_macro_credit_stress_proxies,Credit,2022-01-18,-0.013385052714708566,0.18714500647359245
base_macro_credit_stress_proxies,Credit,2022-01-19,-0.009307253705109401,0.17609594671358897
base_macro_credit_stress_proxies,Credit,2022-01-20,-0.010499729862306502,0.1637472569809426
base_macro_credit_stress_proxies,Credit,2022-01-21,-0.011988110556523967,0.14979612620440363
base_macro_credit_stress_proxies,Credit,2022-01-24,0.0026210019081069663,0.1528097440451195
base_macro_credit_stress_proxies,Credit,2022-01-25,-0.0029123211055565,0.14945239189684578
base_macro_credit_stress_proxies,Credit,2022-01-26,-0.004597619765856,0.14416764685995043
base_macro_credit_stress_proxies,Credit,2022-01-27,-0.0001909889616959,0.14394912346907063
base_macro_credit_stress_proxies,Credit,2022-01-28,0.014853784173102999,0.16094109685409053
base_macro_credit_stress_proxies,Credit,2022-01-31,0.012374568257781798,0.1753072417003756
base_macro_credit_stress_proxies,Credit,2022-02-01,0.0064022915228465664,0.18283190129065408
base_macro_credit_stress_proxies,Credit,2022-02-02,0.0082292118732592,0.1925656756168248
base_macro_credit_stress_proxies,Credit,2022-02-03,-0.012198973883764633,0.17801759808530093
base_macro_credit_stress_proxies,Credit,2022-02-04,0.0017852178799292334,0.18012061616427388
base_macro_credit_stress_proxies,Credit,2022-02-07,0.0009681148816586332,0.18126310849493477
base_macro_credit_stress_proxies,Credit,2022-02-08,0.011981529547223367,0.1954164473324118
base_macro_credit_stress_proxies,Credit,2022-02-09,0.006129708695085067,0.2027440019238731
base_macro_credit_stress_proxies,Credit,2022-02-10,-0.015656200456491968,0.18391360073190954
base_macro_credit_stress_proxies,Credit,2022-02-11,-0.014264248147433566,0.1670259633459481
base_macro_credit_stress_proxies,Credit,2022-02-14,-0.004803892423679834,0.16141969616239282
base_macro_credit_stress_proxies,Credit,2022-02-15,0.010409983623866234,0.17351005617987902
base_macro_credit_stress_proxies,Credit,2022-02-16,-0.0006331591255360333,0.17276703757890033
base_macro_credit_stress_proxies,Credit,2022-02-17,-0.017070671956689234,0.1527471161987728
base_macro_credit_stress_proxies,Credit,2022-02-18,-0.006719049615465766,0.14500175113094826
base_macro_credit_stress_proxies,Credit,2022-02-22,-0.017603681572519833,0.12484550490406154
base_macro_credit_stress_proxies,Credit,2022-02-23,-0.014801127970001366,0.10819652263949586
base_macro_credit_stress_proxies,Credit,2022-02-24,0.0008748889511295668,0.10916607153283353
base_macro_credit_stress_proxies,Credit,2022-02-25,0.0265850027673597,0.13865325461399536
base_macro_credit_stress_proxies,Credit,2022-02-28,-0.0033920661251039,0.13479086748077984
base_macro_credit_stress_proxies,Credit,2022-03-01,-0.013340010959793066,0.11965274487151323
base_macro_credit_stress_proxies,Credit,2022-03-02,0.016931550845327267,0.13861020225041543
base_macro_credit_stress_proxies,Credit,2022-03-03,-0.0037724272472018996,0.13431487809950382
base_macro_credit_stress_proxies,Credit,2022-03-04,-0.0017181962151089,0.13236590256921144
base_macro_credit_stress_proxies,Credit,2022-03-07,-0.022251188974633365,0.1071694148827127
base_macro_credit_stress_proxies,Credit,2022-03-08,-0.006038358542427967,0.10048392898844072
base_macro_credit_stress_proxies,Credit,2022-03-09,0.0167933416172493,0.11896473155223619
base_macro_credit_stress_proxies,Credit,2022-03-10,0.0006170174311625,0.11965515229646018
base_macro_credit_stress_proxies,Credit,2022-03-11,-0.005400695612693834,0.1136082356277226
base_macro_credit_stress_proxies,Credit,2022-03-14,0.0014446793641599998,0.11521704246549258
base_macro_credit_stress_proxies,Credit,2022-03-15,0.020385056379547,0.13795080475158317
base_macro_credit_stress_proxies,Credit,2022-03-16,0.0134081961495182,0.15320867235019464
base_macro_credit_stress_proxies,Credit,2022-03-17,0.013029838914755199,0.1682347955860164
base_macro_credit_stress_proxies,Credit,2022-03-18,0.0068086036116945005,0.17618884323455064
base_macro_credit_stress_proxies,Credit,2022-03-21,-0.005847225113827233,0.16931140229178632
base_macro_credit_stress_proxies,Credit,2022-03-22,0.006294921344291,0.17667212559619583
base_macro_credit_stress_proxies,Credit,2022-03-23,-0.011911878923553568,0.16265574970337338
base_macro_credit_stress_proxies,Credit,2022-03-24,0.0098077650228718,0.17405880409895502
base_macro_credit_stress_proxies,Credit,2022-03-25,0.0032768107710136,0.17790597263402974
base_macro_credit_stress_proxies,Credit,2022-03-28,0.0037397566420904332,0.1823110543189459
base_macro_credit_stress_proxies,Credit,2022-03-29,0.007769609951877167,0.19149715005279666
base_macro_credit_stress_proxies,Credit,2022-03-30,-0.00021084712388283336,0.19124592630559345
base_macro_credit_stress_proxies,Credit,2022-03-31,-0.0153183259735301,0.1729980328918046
base_macro_credit_stress_proxies,Credit,2022-04-01,0.004284107026975933,0.17802328200714523
base_macro_credit_stress_proxies,Credit,2022-07-05,0.0,0.17802328200714523
base_macro_credit_stress_proxies,Credit,2022-07-06,0.0008854533498128,0.17906636666835607
base_macro_credit_stress_proxies,Credit,2022-07-07,0.0053526334523829,0.18537747674516458
base_macro_credit_stress_proxies,Credit,2022-07-08,-0.0005182206995747007,0.18476318959990556
base_macro_credit_stress_proxies,Credit,2022-07-11,-0.0050021277955393,0.17883685271807614
base_macro_credit_stress_proxies,Credit,2022-07-12,-0.005172754256702934,0.17273901937022051
base_macro_credit_stress_proxies,Credit,2022-07-13,-0.0081175195484525,0.1632192874552496
base_macro_credit_stress_proxies,Credit,2022-07-14,-0.0015578661218149,0.16140714753508156
base_macro_credit_stress_proxies,Credit,2022-07-15,0.023161643672712836,0.18830724604523108
base_macro_credit_stress_proxies,Credit,2022-07-18,-0.010483385787490133,0.17584976275086905
base_macro_credit_stress_proxies,Credit,2022-07-19,0.023132342114316067,0.20304992173785963
base_macro_credit_stress_proxies,Credit,2022-07-20,-0.0012267439225068,0.20157408755789552
base_macro_credit_stress_proxies,Credit,2022-07-21,0.0055664281958684005,0.20826256343830285
base_macro_credit_stress_proxies,Credit,2022-07-22,-0.004673141102762667,0.20261618199016995
base_macro_credit_stress_proxies,Credit,2022-07-25,0.0033269537608991337,0.2066172304197602
base_macro_credit_stress_proxies,Credit,2022-07-26,-0.0050884439584551,0.200477426263463
base_macro_credit_stress_proxies,Credit,2022-07-27,0.010842129104670402,0.21349315750625375
base_macro_credit_stress_proxies,Credit,2022-07-28,0.009398468097805833,0.22489813423398197
base_macro_credit_stress_proxies,Credit,2022-07-29,0.010505353426701466,0.23776612204581715
base_macro_credit_stress_proxies,Credit,2022-08-01,-0.0011772500393794456,0.23630896182989614
base_macro_credit_stress_proxies,Credit,2022-08-02,-0.012272189653229201,0.22113674378033288
base_macro_credit_stress_proxies,Credit,2022-08-03,0.013248962372142167,0.2373155385499186
base_macro_credit_stress_proxies,Credit,2022-08-04,-0.0020335105405001664,0.23479944436035272
base_macro_credit_stress_proxies,Credit,2022-08-05,0.0021986677909608668,0.2375143581269643
base_macro_credit_stress_proxies,Credit,2022-08-08,0.0001577618440456333,0.23770959067413533
base_macro_credit_stress_proxies,Credit,2022-08-09,-0.003158550563673033,0.233800222348848
base_macro_credit_stress_proxies,Credit,2022-08-10,0.013909817305095199,0.25096215803270616
base_macro_credit_stress_proxies,Credit,2022-08-11,-0.0007128144116193333,0.25007045417807006
base_macro_credit_stress_proxies,Credit,2022-08-12,0.0134429866438164,0.2668751345974154
base_macro_credit_stress_proxies,Credit,2022-08-15,0.004866632410489733,0.27304055018749085
base_macro_credit_stress_proxies,Credit,2022-08-16,0.006795789849507933,0.2816918662364669
base_macro_credit_stress_proxies,Credit,2022-08-17,-0.004712354975516933,0.27565207919352797
base_macro_credit_stress_proxies,Credit,2022-08-18,0.0013119342206674336,0.27732565080988736
base_macro_credit_stress_proxies,Credit,2022-08-19,-0.007530374223236133,0.26770691065435037
base_macro_credit_stress_proxies,Credit,2022-08-22,-0.017820197270739867,0.24511612342500966
base_macro_credit_stress_proxies,Credit,2022-08-23,-0.005898413951593867,0.23777191311124524
base_macro_credit_stress_proxies,Credit,2022-08-24,0.0021329065704318666,0.24041196495741612
base_macro_credit_stress_proxies,Credit,2022-08-25,0.010558965349801601,0.25350943191488073
base_macro_credit_stress_proxies,Credit,2022-08-26,-0.029042495162192067,0.21710439030273077
base_macro_credit_stress_proxies,Credit,2022-08-29,-0.004593468363056033,0.21151365979133852
base_macro_credit_stress_proxies,Credit,2022-08-30,-0.0103538464718043,0.19896983335936524
base_macro_credit_stress_proxies,Credit,2022-08-31,-0.009122715948435165,0.188031972138885
base_macro_credit_stress_proxies,Credit,2022-09-01,0.0048005288777673,0.19373515392884855
base_macro_credit_stress_proxies,Credit,2022-09-02,-0.010634866209271532,0.18103994027751114
base_macro_credit_stress_proxies,Credit,2022-09-06,-0.0029345623250645,0.17757410496437642
base_macro_credit_stress_proxies,Credit,2022-09-07,0.012996801218135968,0.19287880152622283
base_macro_credit_stress_proxies,Credit,2022-09-08,0.006833631487724,0.2010304956653708
base_macro_credit_stress_proxies,Credit,2022-09-09,0.0098407578823321,0.21284954598251105
base_macro_credit_stress_proxies,Credit,2022-09-12,0.008789792196593,0.22351024145742948
base_macro_credit_stress_proxies,Credit,2022-09-13,-0.03916629322533607,0.1755898805763061
base_macro_credit_stress_proxies,Credit,2022-09-14,0.0018400744431102999,0.1777530534711338
base_macro_credit_stress_proxies,Credit,2022-09-15,-0.003650922845278433,0.17345316794211962
base_macro_credit_stress_proxies,Credit,2022-09-16,-0.004667092998309833,0.16797655287817248
base_macro_credit_stress_proxies,Credit,2022-09-19,0.006415441238146633,0.17546963782069525
base_macro_credit_stress_proxies,Credit,2022-09-20,-0.009002139460950099,0.16488789620892086
base_macro_credit_stress_proxies,Credit,2022-09-21,-0.019216959613011664,0.142502292553788
base_macro_credit_stress_proxies,Credit,2022-09-22,-0.0014808160893666333,0.140810456776836
base_macro_credit_stress_proxies,Credit,2022-09-23,-0.0144425973948827,0.12433419064573581
base_macro_credit_stress_proxies,Credit,2022-09-26,-0.0118271158117951,0.11103655996180772
base_macro_credit_stress_proxies,Credit,2022-09-27,-0.003714093588476067,0.10691006619789101
base_macro_credit_stress_proxies,Credit,2022-09-28,0.017162645654715532,0.1259075714356832
base_macro_credit_stress_proxies,Credit,2022-09-29,-0.0147776708012626,0.10926927999235758
base_macro_credit_stress_proxies,Credit,2022-09-30,-0.0172455373356535,0.0901393352089559
base_macro_credit_stress_proxies,Credit,2022-10-03,0.026050118823061564,0.11853759442484257
base_macro_rates_credit_vol_risk_state_context,Rates/Credit/Vol,2016-01-04,0.0,0.0
base_macro_rates_credit_vol_risk_state_context,Rates/Credit/Vol,2016-01-05,3.38869820911938e-05,3.388698209128016e-05
base_macro_rates_credit_vol_risk_state_context,Rates/Credit/Vol,2016-01-06,-0.0028155521283735664,-0.0027817605568468684
base_macro_rates_credit_vol_risk_state_context,Rates/Credit/Vol,2016-01-07,-0.0079347919784518,-0.010694479843946225
base_macro_rates_credit_vol_risk_state_context,Rates/Credit/Vol,2016-01-08,-0.0040579251313329,-0.014709007576753752
base_macro_rates_credit_vol_risk_state_context,Rates/Credit/Vol,2016-01-11,0.002304028972832,-0.012438868583540152
base_macro_rates_credit_vol_risk_state_context,Rates/Credit/Vol,2016-01-12,0.004617934902210433,-0.007878375566705675
base_macro_rates_credit_vol_risk_state_context,Rates/Credit/Vol,2016-01-13,-0.017046749155406934,-0.02479082403007493
base_macro_rates_credit_vol_risk_state_context,Rates/Credit/Vol,2016-01-14,0.009122711114848968,-0.01589427244115149
base_macro_rates_credit_vol_risk_state_context,Rates/Credit/Vol,2016-01-15,-0.018093751110611633,-0.03370043654212862
base_macro_rates_credit_vol_risk_state_context,Rates/Credit/Vol,2016-01-19,0.0051550124955946665,-0.028719150218015743
base_macro_rates_credit_vol_risk_state_context,Rates/Credit/Vol,2016-01-20,-0.014393526583431565,-0.04269930694933066
base_macro_rates_credit_vol_risk_state_context,Rates/Credit/Vol,2016-01-21,0.0046771793218359,-0.03822183994301498
base_macro_rates_credit_vol_risk_state_context,Rates/Credit/Vol,2016-01-22,0.013398469808212467,-0.025335484303293243
base_macro_rates_credit_vol_risk_state_context,Rates/Credit/Vol,2016-01-25,-0.011101596888118898,-0.03615581685771163
base_macro_rates_credit_vol_risk_state_context,Rates/Credit/Vol,2016-01-26,0.018220546093579166,-0.018594049491739373
base_macro_rates_credit_vol_risk_state_context,Rates/Credit/Vol,2016-01-27,-0.013644988542685968,-0.031985322442148356
base_macro_rates_credit_vol_risk_state_context,Rates/Credit/Vol,2016-01-28,0.0084872090791125,-0.02376957948206515
base_macro_rates_credit_vol_risk_state_context,Rates/Credit/Vol,2016-01-29,0.025109093682956937,0.0007426816028721639
base_macro_rates_credit_vol_risk_state_context,Rates/Credit/Vol,2016-02-01,-0.0007908206846380666,-4.872640973963005e-05
base_macro_rates_credit_vol_risk_state_context,Rates/Credit/Vol,2016-02-02,-0.020594031674576966,-0.02064175461109108
base_macro_rates_credit_vol_risk_state_context,Rates/Credit/Vol,2016-02-03,0.005616062506104968,-0.015141617489117576
base_macro_rates_credit_vol_risk_state_context,Rates/Credit/Vol,2016-02-04,0.0046563773340546665,-0.01055574523954017
base_macro_rates_credit_vol_risk_state_context,Rates/Credit/Vol,2016-02-05,-0.020643658488558866,-0.030981494528281694
base_macro_rates_credit_vol_risk_state_context,Rates/Credit/Vol,2016-02-08,-0.013057560555065998,-0.04363451234245819
base_macro_rates_credit_vol_risk_state_context,Rates/Credit/Vol,2016-02-09,0.0020966021848996996,-0.04162939437147284
base_macro_rates_credit_vol_risk_state_context,Rates/Credit/Vol,2016-02-10,-0.0008766030419740668,-0.04246950495970536
base_macro_rates_credit_vol_risk_state_context,Rates/Credit/Vol,2016-02-11,-0.01642872938055,-0.05820051433634643
base_macro_rates_credit_vol_risk_state_context,Rates/Credit/Vol,2016-02-12,0.0205543087245694,-0.03884247695137499
base_macro_rates_credit_vol_risk_state_context,Rates/Credit/Vol,2016-02-16,0.014877771601207799,-0.024542594850674893
base_macro_rates_credit_vol_risk_state_context,Rates/Credit/Vol,2016-02-17,0.014451801090426167,-0.010445478459273572
base_macro_rates_credit_vol_risk_state_context,Rates/Credit/Vol,2016-02-18,-0.0053389919167157,-0.015728702050929022
base_macro_rates_credit_vol_risk_state_context,Rates/Credit/Vol,2016-02-19,-0.0009010198644045335,-0.016615550042344385
base_macro_rates_credit_vol_risk_state_context,Rates/Credit/Vol,2016-02-22,0.013266378032512198,-0.00356960017791208
base_macro_rates_credit_vol_risk_state_context,Rates/Credit/Vol,2016-02-23,-0.011754941685200233,-0.01528258142118144
base_macro_rates_credit_vol_risk_state_context,Rates/Credit/Vol,2016-02-24,0.0013549629693970664,-0.013948325783686988
base_macro_rates_credit_vol_risk_state_context,Rates/Credit/Vol,2016-02-25,0.014165722155953867,1.9808264674514575e-05
base_macro_rates_credit_vol_risk_state_context,Rates/Credit/Vol,2016-02-26,-0.0030703104292574336,-0.0030505629821044877
base_macro_rates_credit_vol_risk_state_context,Rates/Credit/Vol,2016-02-29,-0.007123134698014966,-0.010151968109093135
base_macro_rates_credit_vol_risk_state_context,Rates/Credit/Vol,2016-03-01,0.024186914788725866,0.013789401892040365
base_macro_rates_credit_vol_risk_state_context,Rates/Credit/Vol,2016-03-02,0.0012101439909265714,0.01501623304480515
base_macro_rates_credit_vol_risk_state_context,Rates/Credit/Vol,2016-03-03,0.00017820624136260005,0.015197115272618245
base_macro_rates_credit_vol_risk_state_context,Rates/Credit/Vol,2016-03-04,0.0033598829271705333,0.018608058727935584
base_macro_rates_credit_vol_risk_state_context,Rates/Credit/Vol,2016-03-07,-0.00036257768878183343,0.018238734172227433
base_macro_rates_credit_vol_risk_state_context,Rates/Credit/Vol,2016-03-08,-0.0033952306418299333,0.014781578821267738
base_macro_rates_credit_vol_risk_state_context,Rates/Credit/Vol,2016-03-09,0.004258417914343534,0.01910294287566594
base_macro_rates_credit_vol_risk_state_context,Rates/Credit/Vol,2016-03-10,0.00039564873515000003,0.01950614966600228
base_macro_rates_credit_vol_risk_state_context,Rates/Credit/Vol,2016-03-11,0.013625001054614866,0.0333969220303878
base_macro_rates_credit_vol_risk_state_context,Rates/Credit/Vol,2016-03-14,0.0015593861014074667,0.035008386827839244
base_macro_rates_credit_vol_risk_state_context,Rates/Credit/Vol,2016-03-15,0.0016016466610803666,0.036666104554792245
base_macro_rates_credit_vol_risk_state_context,Rates/Credit/Vol,2016-03-16,0.0026884610735999335,0.039453141023208405
base_macro_rates_credit_vol_risk_state_context,Rates/Credit/Vol,2016-03-17,0.0052264284702449,0.044885768512937574
base_macro_rates_credit_vol_risk_state_context,Rates/Credit/Vol,2016-03-18,0.0086286012222027,0.05390167113219069
base_macro_rates_credit_vol_risk_state_context,Rates/Credit/Vol,2016-03-21,0.0008669580250873668,0.0548153596436316
base_macro_rates_credit_vol_risk_state_context,Rates/Credit/Vol,2016-03-22,-0.0012748639315936,0.05347061358713101
base_macro_rates_credit_vol_risk_state_context,Rates/Credit/Vol,2016-03-23,-0.0018728959133559,0.05149757278010303
base_macro_rates_credit_vol_risk_state_context,Rates/Credit/Vol,2016-03-24,-0.0008995064073483001,0.05055174397607609
base_macro_rates_credit_vol_risk_state_context,Rates/Credit/Vol,2016-03-28,0.0006316990975419,0.05121537656466679
base_macro_rates_credit_vol_risk_state_context,Rates/Credit/Vol,2016-03-29,0.0055521336407805995,0.05705186482059732
base_macro_rates_credit_vol_risk_state_context,Rates/Credit/Vol,2016-03-30,0.007143736068668167,0.06460316435376923
base_macro_rates_credit_vol_risk_state_context,Rates/Credit/Vol,2016-03-31,-0.002178868857798815,0.06228353367304473
base_macro_rates_credit_vol_risk_state_context,Rates/Credit/Vol,2016-04-01,0.009270922421858766,0.07213188190374553
base_macro_rates_credit_vol_risk_state_context,Rates/Credit/Vol,2016-07-05,0.0,0.07213188190374553
base_macro_rates_credit_vol_risk_state_context,Rates/Credit/Vol,2016-07-06,0.00028694414760333577,0.0724395238727169
base_macro_rates_credit_vol_risk_state_context,Rates/Credit/Vol,2016-07-07,-0.00036627320201157123,0.07204671801434426
base_macro_rates_credit_vol_risk_state_context,Rates/Credit/Vol,2016-07-08,0.0023829073668045256,0.07460130603625914
base_macro_rates_credit_vol_risk_state_context,Rates/Credit/Vol,2016-07-11,0.0005311805191558087,0.07517211331588514
base_macro_rates_credit_vol_risk_state_context,Rates/Credit/Vol,2016-07-12,0.0018609028413606027,0.07717290415650635
base_macro_rates_credit_vol_risk_state_context,Rates/Credit/Vol,2016-07-13,0.0004383545836954526,0.07764508783647583
base_macro_rates_credit_vol_risk_state_context,Rates/Credit/Vol,2016-07-14,0.0024053584062782483,0.08023721050748778
base_macro_rates_credit_vol_risk_state_context,Rates/Credit/Vol,2016-07-15,-5.685293376805369e-05,0.08017579585290502
base_macro_rates_credit_vol_risk_state_context,Rates/Credit/Vol,2016-07-18,-0.0007290976551081792,0.07938824221304408
base_macro_rates_credit_vol_risk_state_context,Rates/Credit/Vol,2016-07-19,0.0010759803570793622,0.08054964275932774
base_macro_rates_credit_vol_risk_state_context,Rates/Credit/Vol,2016-07-20,0.0010752651521250412,0.08171152013532801
base_macro_rates_credit_vol_risk_state_context,Rates/Credit/Vol,2016-07-21,-0.002517348207987088,0.07898847557855637
base_macro_rates_credit_vol_risk_state_context,Rates/Credit/Vol,2016-07-22,0.0016310203713699714,0.08074832776269836
base_macro_rates_credit_vol_risk_state_context,Rates/Credit/Vol,2016-07-25,-0.0028561250498153005,0.07766157539122931
base_macro_rates_credit_vol_risk_state_context,Rates/Credit/Vol,2016-07-26,-0.0015100020956460146,0.07603430415399148
base_macro_rates_credit_vol_risk_state_context,Rates/Credit/Vol,2016-07-27,-0.0006177122130735853,0.07536962462262942
base_macro_rates_credit_vol_risk_state_context,Rates/Credit/Vol,2016-07-28,0.0007942679704574557,0.07622375627187017
base_macro_rates_credit_vol_risk_state_context,Rates/Credit/Vol,2016-07-29,0.0004907008031570446,0.07675186013344937
base_macro_rates_credit_vol_risk_state_context,Rates/Credit/Vol,2016-08-01,-0.0013524553609800844,0.07529560130776658
base_macro_rates_credit_vol_risk_state_context,Rates/Credit/Vol,2016-08-02,-0.0022381203154452174,0.0728889603773708
base_macro_rates_credit_vol_risk_state_context,Rates/Credit/Vol,2016-08-03,0.0010824878223787608,0.07405034961174395
base_macro_rates_credit_vol_risk_state_context,Rates/Credit/Vol,2016-08-04,-0.0006990673843791556,0.07329951604314933
base_macro_rates_credit_vol_risk_state_context,Rates/Credit/Vol,2016-08-05,0.006442688329493414,0.08021445030921148
base_macro_rates_credit_vol_risk_state_context,Rates/Credit/Vol,2016-08-08,-0.0012371542387229688,0.07887805842328177
base_macro_rates_credit_vol_risk_state_context,Rates/Credit/Vol,2016-08-09,-0.00021757176594237664,0.07864332501887406
base_macro_rates_credit_vol_risk_state_context,Rates/Credit/Vol,2016-08-10,-0.0010535059162382688,0.07750696789445577
base_macro_rates_credit_vol_risk_state_context,Rates/Credit/Vol,2016-08-11,0.005020133067154667,0.08291619625407232
base_macro_rates_credit_vol_risk_state_context,Rates/Credit/Vol,2016-08-12,-0.0010338124787269804,0.08179666397696916
base_macro_rates_credit_vol_risk_state_context,Rates/Credit/Vol,2016-08-15,-6.217281436057386e-05,0.08172940563380382
base_macro_rates_credit_vol_risk_state_context,Rates/Credit/Vol,2016-08-16,-0.0046535058398339,0.07669557152756679
base_macro_rates_credit_vol_risk_state_context,Rates/Credit/Vol,2016-08-17,0.0024858040739476664,0.07937202576567137
base_macro_rates_credit_vol_risk_state_context,Rates/Credit/Vol,2016-08-18,0.0012263744074212373,0.0806957399941568
base_macro_rates_credit_vol_risk_state_context,Rates/Credit/Vol,2016-08-19,-0.0010253064472442893,0.07958769568443125
base_macro_rates_credit_vol_risk_state_context,Rates/Credit/Vol,2016-08-22,-0.0010397372114874276,0.07846520818416414
base_macro_rates_credit_vol_risk_state_context,Rates/Credit/Vol,2016-08-23,0.0011853784237140978,0.07974359757267191
base_macro_rates_credit_vol_risk_state_context,Rates/Credit/Vol,2016-08-24,-0.003363093755662933,0.07611231862195833
base_macro_rates_credit_vol_risk_state_context,Rates/Credit/Vol,2016-08-25,-0.0012433722614847468,0.07477431041474181
base_macro_rates_credit_vol_risk_state_context,Rates/Credit/Vol,2016-08-26,-0.0004710186444043378,0.07426807167600957
base_macro_rates_credit_vol_risk_state_context,Rates/Credit/Vol,2016-08-29,0.0032464573330661,0.07775563713498101
base_macro_rates_credit_vol_risk_state_context,Rates/Credit/Vol,2016-08-30,-0.0007161622101909144,0.0769837892758447
base_macro_rates_credit_vol_risk_state_context,Rates/Credit/Vol,2016-08-31,-0.0021371229632424485,0.07468214248874339
base_macro_rates_credit_vol_risk_state_context,Rates/Credit/Vol,2016-09-01,-0.0016421215006420535,0.0729173838362065
base_macro_rates_credit_vol_risk_state_context,Rates/Credit/Vol,2016-09-02,0.0017510997086677667,0.07479616915446674
base_macro_rates_credit_vol_risk_state_context,Rates/Credit/Vol,2016-09-06,0.0014042106721085107,0.07630540940553487
base_macro_rates_credit_vol_risk_state_context,Rates/Credit/Vol,2016-09-07,-0.0008193152535114,0.07542357596617211
base_macro_rates_credit_vol_risk_state_context,Rates/Credit/Vol,2016-09-08,-2.887407268395129e-05,0.07539252410767361
base_macro_rates_credit_vol_risk_state_context,Rates/Credit/Vol,2016-09-09,-0.0128360053980202,0.06158877986323685
base_macro_rates_credit_vol_risk_state_context,Rates/Credit/Vol,2016-09-12,0.009264668794719867,0.07142404830486049
base_macro_rates_credit_vol_risk_state_context,Rates/Credit/Vol,2016-09-13,-0.010277706022040266,0.06041226691143886
base_macro_rates_credit_vol_risk_state_context,Rates/Credit/Vol,2016-09-14,-0.0010449521022848438,0.05930418688384109
base_macro_rates_credit_vol_risk_state_context,Rates/Credit/Vol,2016-09-15,0.0062913706529223665,0.06596866215772001
base_macro_rates_credit_vol_risk_state_context,Rates/Credit/Vol,2016-09-16,-0.001979912626887109,0.06385813734364798
base_macro_rates_credit_vol_risk_state_context,Rates/Credit/Vol,2016-09-19,-0.00032924525005123117,0.06350786710519918
base_macro_rates_credit_vol_risk_state_context,Rates/Credit/Vol,2016-09-20,0.0012200328255604,0.0648053816133094
base_macro_rates_credit_vol_risk_state_context,Rates/Credit/Vol,2016-09-21,0.0066363619134960335,0.07187181549313348
base_macro_rates_credit_vol_risk_state_context,Rates/Credit/Vol,2016-09-22,0.004168754922440467,0.0763401864001958
base_macro_rates_credit_vol_risk_state_context,Rates/Credit/Vol,2016-09-23,-0.006322648727124733,0.06953486549069932
base_macro_rates_credit_vol_risk_state_context,Rates/Credit/Vol,2016-09-26,-0.0061417272543965,0.06296607405778776
base_macro_rates_credit_vol_risk_state_context,Rates/Credit/Vol,2016-09-27,0.0039449988714480334,0.06715947402033318
base_macro_rates_credit_vol_risk_state_context,Rates/Credit/Vol,2016-09-28,0.0029620609905266003,0.07032046546899973
base_macro_rates_credit_vol_risk_state_context,Rates/Credit/Vol,2016-09-29,-0.0088846221117854,0.060811072594797455
base_macro_rates_credit_vol_risk_state_context,Rates/Credit/Vol,2016-09-30,0.006003726296237434,0.06717989192667462
base_macro_rates_credit_vol_risk_state_context,Rates/Credit/Vol,2016-10-03,-0.002633595824361233,0.0643693714194542
base_macro_rates_credit_vol_risk_state_context,Rates/Credit/Vol,2017-01-04,0.0,0.0643693714194542
base_macro_rates_credit_vol_risk_state_context,Rates/Credit/Vol,2017-01-05,-0.00021808961056001092,0.06413724351774941
base_macro_rates_credit_vol_risk_state_context,Rates/Credit/Vol,2017-01-06,0.000979915650613449,0.06518000825707304
base_macro_rates_credit_vol_risk_state_context,Rates/Credit/Vol,2017-01-09,-0.001107282420552208,0.06400055315920627
base_macro_rates_credit_vol_risk_state_context,Rates/Credit/Vol,2017-01-10,-0.00024876845382188856,0.0637358633867311
base_macro_rates_credit_vol_risk_state_context,Rates/Credit/Vol,2017-01-11,0.0021309648054569337,0.06600264707391035
base_macro_rates_credit_vol_risk_state_context,Rates/Credit/Vol,2017-01-12,-0.002053503086984758,0.06381360734741026
base_macro_rates_credit_vol_risk_state_context,Rates/Credit/Vol,2017-01-13,0.0007663992246227302,0.06462891327122433
base_macro_rates_credit_vol_risk_state_context,Rates/Credit/Vol,2017-01-17,-0.004125913104315773,0.06023634688672508
base_macro_rates_credit_vol_risk_state_context,Rates/Credit/Vol,2017-01-18,-5.6588824820141543e-05,0.06017634935782312
base_macro_rates_credit_vol_risk_state_context,Rates/Credit/Vol,2017-01-19,-0.002290810426716194,0.057747686322556335
base_macro_rates_credit_vol_risk_state_context,Rates/Credit/Vol,2017-01-20,0.0030476528909291513,0.0609713341166509
base_macro_rates_credit_vol_risk_state_context,Rates/Credit/Vol,2017-01-23,-0.0009680540768417569,0.05994425649124713
base_macro_rates_credit_vol_risk_state_context,Rates/Credit/Vol,2017-01-24,0.0036058109630535094,0.0637662151115288
base_macro_rates_credit_vol_risk_state_context,Rates/Credit/Vol,2017-01-25,0.007694697946035303,0.0719515748220092
base_macro_rates_credit_vol_risk_state_context,Rates/Credit/Vol,2017-01-26,0.0012774506201952407,0.0733209400260848
base_macro_rates_credit_vol_risk_state_context,Rates/Credit/Vol,2017-01-27,-0.0005485730190982379,0.07273214511755333
base_macro_rates_credit_vol_risk_state_context,Rates/Credit/Vol,2017-01-30,-0.004800529228136754,0.06758246310095473
base_macro_rates_credit_vol_risk_state_context,Rates/Credit/Vol,2017-01-31,-0.004166612667523452,0.06313426048657234
base_macro_rates_credit_vol_risk_state_context,Rates/Credit/Vol,2017-02-01,0.0013054542889989473,0.06452213366670634
base_macro_rates_credit_vol_risk_state_context,Rates/Credit/Vol,2017-02-02,-0.0005820948612377811,0.06390248080302507
base_macro_rates_credit_vol_risk_state_context,Rates/Credit/Vol,2017-02-03,0.007309242161835033,0.07167880167179153
base_macro_rates_credit_vol_risk_state_context,Rates/Credit/Vol,2017-02-06,-0.0010917360372436503,0.07050881130365627
base_macro_rates_credit_vol_risk_state_context,Rates/Credit/Vol,2017-02-07,0.0019170908013247535,0.0725610738985436
base_macro_rates_credit_vol_risk_state_context,Rates/Credit/Vol,2017-02-08,-0.00012601780156655865,0.07242591210996507
base_macro_rates_credit_vol_risk_state_context,Rates/Credit/Vol,2017-02-09,0.004112777462605167,0.07683656123160465
base_macro_rates_credit_vol_risk_state_context,Rates/Credit/Vol,2017-02-10,0.0033484714116079808,0.08044231767186272
base_macro_rates_credit_vol_risk_state_context,Rates/Credit/Vol,2017-02-13,0.0054270692818101,0.08630595298486754
base_macro_rates_credit_vol_risk_state_context,Rates/Credit/Vol,2017-02-14,0.0030057123284218997,0.08957107618019222
base_macro_rates_credit_vol_risk_state_context,Rates/Credit/Vol,2017-02-15,0.004783903673458367,0.09478347925402453
base_macro_rates_credit_vol_risk_state_context,Rates/Credit/Vol,2017-02-16,0.00015079501388909648,0.09494856714398403
base_macro_rates_credit_vol_risk_state_context,Rates/Credit/Vol,2017-02-17,0.001240615309686382,0.09630697709970204
base_macro_rates_credit_vol_risk_state_context,Rates/Credit/Vol,2017-02-21,0.004788205342961834,0.10155632002497716
base_macro_rates_credit_vol_risk_state_context,Rates/Credit/Vol,2017-02-22,0.0002741406979230667,0.10185830144335029
base_macro_rates_credit_vol_risk_state_context,Rates/Credit/Vol,2017-02-23,0.0011418034401308155,0.10311640704247482
base_macro_rates_credit_vol_risk_state_context,Rates/Credit/Vol,2017-02-24,-0.0005997299481387924,0.10245483509688813
base_macro_rates_credit_vol_risk_state_context,Rates/Credit/Vol,2017-02-27,0.00245334396199281,0.10515953600994266
base_macro_rates_credit_vol_risk_state_context,Rates/Credit/Vol,2017-02-28,-0.0002951154313968419,0.1048333863767108
base_macro_rates_credit_vol_risk_state_context,Rates/Credit/Vol,2017-03-01,0.010422870694011266,0.11634892190134183
base_macro_rates_credit_vol_risk_state_context,Rates/Credit/Vol,2017-03-02,-0.004084205023999,0.11178952402597653
base_macro_rates_credit_vol_risk_state_context,Rates/Credit/Vol,2017-03-03,0.0005950950704530062,0.1124511444911056
base_macro_rates_credit_vol_risk_state_context,Rates/Credit/Vol,2017-03-06,-0.0020777373406273966,0.11013976320857277
base_macro_rates_credit_vol_risk_state_context,Rates/Credit/Vol,2017-03-07,-0.0008671612358819577,0.10917709303950707
base_macro_rates_credit_vol_risk_state_context,Rates/Credit/Vol,2017-03-08,-0.0014729781663568465,0.10754329939883678
base_macro_rates_credit_vol_risk_state_context,Rates/Credit/Vol,2017-03-09,-0.000309830205360895,0.107200149030938
base_macro_rates_credit_vol_risk_state_context,Rates/Credit/Vol,2017-03-10,0.0008837948898477565,0.10817868686469012
base_macro_rates_credit_vol_risk_state_context,Rates/Credit/Vol,2017-03-13,-0.00043925341828103797,0.10769191558841862
base_macro_rates_credit_vol_risk_state_context,Rates/Credit/Vol,2017-03-14,-0.001671322583364229,0.10584060507448578
base_macro_rates_credit_vol_risk_state_context,Rates/Credit/Vol,2017-03-15,0.0028888428575566077,0.1090352048080514
base_macro_rates_credit_vol_risk_state_context,Rates/Credit/Vol,2017-03-16,-0.0006640356392491474,0.10829876590687681
base_macro_rates_credit_vol_risk_state_context,Rates/Credit/Vol,2017-03-17,-0.003075896005318827,0.10488975416012392
base_macro_rates_credit_vol_risk_state_context,Rates/Credit/Vol,2017-03-20,-0.0006186037733238095,0.1042062651890936
base_macro_rates_credit_vol_risk_state_context,Rates/Credit/Vol,2017-03-21,-0.009326730074654134,0.09390763140693292
base_macro_rates_credit_vol_risk_state_context,Rates/Credit/Vol,2017-03-22,-0.00019111317412718316,0.09369857124729264
base_macro_rates_credit_vol_risk_state_context,Rates/Credit/Vol,2017-03-23,-0.0006515409828968586,0.09298598180518924
base_macro_rates_credit_vol_risk_state_context,Rates/Credit/Vol,2017-03-24,-0.0026994340386397,0.09003553824214827
base_macro_rates_credit_vol_risk_state_context,Rates/Credit/Vol,2017-03-27,-0.0024441223691306336,0.0873713579999833
base_macro_rates_credit_vol_risk_state_context,Rates/Credit/Vol,2017-03-28,0.005238159102415267,0.09306718217659671
base_macro_rates_credit_vol_risk_state_context,Rates/Credit/Vol,2017-03-29,-0.0009848145030468276,0.09199071376278467
base_macro_rates_credit_vol_risk_state_context,Rates/Credit/Vol,2017-03-30,0.002648523544926,0.09488287687902597
base_macro_rates_credit_vol_risk_state_context,Rates/Credit/Vol,2017-03-31,-0.0018419438218329998,0.09286616412832793
base_macro_rates_credit_vol_risk_state_context,Rates/Credit/Vol,2017-04-03,-0.00048052497405386667,0.0923410146431658
base_macro_rates_credit_vol_risk_state_context,Rates/Credit/Vol,2017-07-05,0.0,0.0923410146431658
base_macro_rates_credit_vol_risk_state_context,Rates/Credit/Vol,2017-07-06,-0.0006102434584933999,0.0916744206845359
base_macro_rates_credit_vol_risk_state_context,Rates/Credit/Vol,2017-07-07,0.0012686349209134666,0.09305935697688428
base_macro_rates_credit_vol_risk_state_context,Rates/Credit/Vol,2017-07-10,8.5992519002178e-05,0.09315335190440965
base_macro_rates_credit_vol_risk_state_context,Rates/Credit/Vol,2017-07-11,-0.00030022426762543335,0.09282516073993197
base_macro_rates_credit_vol_risk_state_context,Rates/Credit/Vol,2017-07-12,0.0026772775670864334,0.09575095702752856
base_macro_rates_credit_vol_risk_state_context,Rates/Credit/Vol,2017-07-13,-0.0001864317543739,0.095546674254253
base_macro_rates_credit_vol_risk_state_context,Rates/Credit/Vol,2017-07-14,0.0026515416339648336,0.09845156187298976
base_macro_rates_credit_vol_risk_state_context,Rates/Credit/Vol,2017-07-17,0.0001895177986531552,0.098659737994923
base_macro_rates_credit_vol_risk_state_context,Rates/Credit/Vol,2017-07-18,-0.0011743446123699001,0.09736953285078087
base_macro_rates_credit_vol_risk_state_context,Rates/Credit/Vol,2017-07-19,0.0050170006668255,0.10287503652884733
base_macro_rates_credit_vol_risk_state_context,Rates/Credit/Vol,2017-07-20,-0.0029763415596447003,0.09959250372253181
base_macro_rates_credit_vol_risk_state_context,Rates/Credit/Vol,2017-07-21,0.0013432225670575,0.10106950118809932
base_macro_rates_credit_vol_risk_state_context,Rates/Credit/Vol,2017-07-24,-0.0005879306663978,0.10042214866251542
base_macro_rates_credit_vol_risk_state_context,Rates/Credit/Vol,2017-07-25,0.005063182432016267,0.10599378675342508
base_macro_rates_credit_vol_risk_state_context,Rates/Credit/Vol,2017-07-26,0.010802988994118001,0.11794182545928522
base_macro_rates_credit_vol_risk_state_context,Rates/Credit/Vol,2017-07-27,0.0037472814094400664,0.12213106807866447
base_macro_rates_credit_vol_risk_state_context,Rates/Credit/Vol,2017-07-28,0.0006493352035856667,0.12285970728420526
base_macro_rates_credit_vol_risk_state_context,Rates/Credit/Vol,2017-07-31,0.0018849557004369667,0.12497624809024166
base_macro_rates_credit_vol_risk_state_context,Rates/Credit/Vol,2017-08-01,0.0029016992882278333,0.1282405908685984
base_macro_rates_credit_vol_risk_state_context,Rates/Credit/Vol,2017-08-02,0.0031581661254132,0.1318037620839958
base_macro_rates_credit_vol_risk_state_context,Rates/Credit/Vol,2017-08-03,0.0012771583028132667,0.13324925465589676
base_macro_rates_credit_vol_risk_state_context,Rates/Credit/Vol,2017-08-04,0.0012393284097732334,0.13465372265254616
base_macro_rates_credit_vol_risk_state_context,Rates/Credit/Vol,2017-08-07,0.0024313119220969333,0.1374124197758828
base_macro_rates_credit_vol_risk_state_context,Rates/Credit/Vol,2017-08-08,-0.0016011439714266,0.13559125873693278
base_macro_rates_credit_vol_risk_state_context,Rates/Credit/Vol,2017-08-09,0.00022745396016060005,0.13584955346585614
base_macro_rates_credit_vol_risk_state_context,Rates/Credit/Vol,2017-08-10,-0.0085191363705503,0.12617309622345174
base_macro_rates_credit_vol_risk_state_context,Rates/Credit/Vol,2017-08-11,0.0009367703367307,0.12722806177401802
base_macro_rates_credit_vol_risk_state_context,Rates/Credit/Vol,2017-08-14,0.008294247614832766,0.13657757043675955
base_macro_rates_credit_vol_risk_state_context,Rates/Credit/Vol,2017-08-15,0.0009635930051241,0.13767276863341338
base_macro_rates_credit_vol_risk_state_context,Rates/Credit/Vol,2017-08-16,0.0028822901756746996,0.14095187167757794
base_macro_rates_credit_vol_risk_state_context,Rates/Credit/Vol,2017-08-17,-0.0126366523905687,0.12653405948081975
base_macro_rates_credit_vol_risk_state_context,Rates/Credit/Vol,2017-08-18,-0.004600498568405266,0.1213514411529184
base_macro_rates_credit_vol_risk_state_context,Rates/Credit/Vol,2017-08-21,0.0012002582118833332,0.12269735242856927
base_macro_rates_credit_vol_risk_state_context,Rates/Credit/Vol,2017-08-22,0.008418070434032832,0.1321482978174151
base_macro_rates_credit_vol_risk_state_context,Rates/Credit/Vol,2017-08-23,-0.004967218120112367,0.12652467027784198
base_macro_rates_credit_vol_risk_state_context,Rates/Credit/Vol,2017-08-24,-0.0014844112041171333,0.1248524444355672
base_macro_rates_credit_vol_risk_state_context,Rates/Credit/Vol,2017-08-25,0.0005864779161756333,0.1255121455531849
base_macro_rates_credit_vol_risk_state_context,Rates/Credit/Vol,2017-08-28,-0.0008775046430764332,0.12452450341962296
base_macro_rates_credit_vol_risk_state_context,Rates/Credit/Vol,2017-08-29,0.0026069086707584,0.12745603609806766
base_macro_rates_credit_vol_risk_state_context,Rates/Credit/Vol,2017-08-30,0.0017386223029513335,0.129416256308025
base_macro_rates_credit_vol_risk_state_context,Rates/Credit/Vol,2017-08-31,0.001418932612469506,0.13101882186715375
base_macro_rates_credit_vol_risk_state_context,Rates/Credit/Vol,2017-09-01,0.00014194820098109998,0.1311793679541935
base_macro_rates_credit_vol_risk_state_context,Rates/Credit/Vol,2017-09-05,-0.009914366582598467,0.11996444102962367
base_macro_rates_credit_vol_risk_state_context,Rates/Credit/Vol,2017-09-06,0.002822886001867067,0.12312597297279515
base_macro_rates_credit_vol_risk_state_context,Rates/Credit/Vol,2017-09-07,0.0026255316573430333,0.12607477577001958
base_macro_rates_credit_vol_risk_state_context,Rates/Credit/Vol,2017-09-08,0.004074556409378133,0.13066303096507226
base_macro_rates_credit_vol_risk_state_context,Rates/Credit/Vol,2017-09-11,0.012812655103728665,0.14514982641936425
base_macro_rates_credit_vol_risk_state_context,Rates/Credit/Vol,2017-09-12,-0.0006111259905435333,0.14444999559737282
base_macro_rates_credit_vol_risk_state_context,Rates/Credit/Vol,2017-09-13,7.777019286154915e-05,0.14453899969425077
base_macro_rates_credit_vol_risk_state_context,Rates/Credit/Vol,2017-09-14,0.0004988828792736998,0.1451099906058595
base_macro_rates_credit_vol_risk_state_context,Rates/Credit/Vol,2017-09-15,0.005611224941667433,0.15153546034609944
base_macro_rates_credit_vol_risk_state_context,Rates/Credit/Vol,2017-09-18,0.0028278610151746,0.1547918425820034
base_macro_rates_credit_vol_risk_state_context,Rates/Credit/Vol,2017-09-19,0.0014716395875844,0.15649127997296675
base_macro_rates_credit_vol_risk_state_context,Rates/Credit/Vol,2017-09-20,0.0023461384055172,0.1592045685805572
base_macro_rates_credit_vol_risk_state_context,Rates/Credit/Vol,2017-09-21,-0.0013649491627980668,0.15762231327516152
base_macro_rates_credit_vol_risk_state_context,Rates/Credit/Vol,2017-09-22,0.0012013241185909,0.1590129928803179
base_macro_rates_credit_vol_risk_state_context,Rates/Credit/Vol,2017-09-25,-0.0047199903141466005,0.15354246277995265
base_macro_rates_credit_vol_risk_state_context,Rates/Credit/Vol,2017-09-26,-0.0009708052558513,0.15242259769423838
base_macro_rates_credit_vol_risk_state_context,Rates/Credit/Vol,2017-09-27,0.0007374938155868,0.1532725022329804
base_macro_rates_credit_vol_risk_state_context,Rates/Credit/Vol,2017-09-28,0.0031009024424627336,0.1568486877519797
base_macro_rates_credit_vol_risk_state_context,Rates/Credit/Vol,2017-09-29,0.0014634095742131331,0.15854163119755182
base_macro_rates_credit_vol_risk_state_context,Rates/Credit/Vol,2017-10-02,0.005213186362793501,0.1645813246300396
base_macro_rates_credit_vol_risk_state_context,Rates/Credit/Vol,2017-10-03,0.0036672662730182666,0.16885215444404222
base_macro_rates_credit_vol_risk_state_context,Rates/Credit/Vol,2018-01-04,0.0,0.16885215444404222
base_macro_rates_credit_vol_risk_state_context,Rates/Credit/Vol,2018-01-05,0.0009492324212392,0.16996166680467573
base_macro_rates_credit_vol_risk_state_context,Rates/Credit/Vol,2018-01-08,0.0002615366994807183,0.1702676547175308
base_macro_rates_credit_vol_risk_state_context,Rates/Credit/Vol,2018-01-09,0.0012467131149838516,0.17172664275070848
base_macro_rates_credit_vol_risk_state_context,Rates/Credit/Vol,2018-01-10,-0.0002898110114732333,0.17138706346720278
base_macro_rates_credit_vol_risk_state_context,Rates/Credit/Vol,2018-01-11,0.006178697924111634,0.17862471028457882
base_macro_rates_credit_vol_risk_state_context,Rates/Credit/Vol,2018-01-12,0.007310283929480033,0.18724079156306028
base_macro_rates_credit_vol_risk_state_context,Rates/Credit/Vol,2018-01-16,-0.0034560098826631664,0.1831376756543175
base_macro_rates_credit_vol_risk_state_context,Rates/Credit/Vol,2018-01-17,0.012937572321249632,0.19844460489909044
base_macro_rates_credit_vol_risk_state_context,Rates/Credit/Vol,2018-01-18,-0.0043977177492658,0.19317418378861384
base_macro_rates_credit_vol_risk_state_context,Rates/Credit/Vol,2018-01-19,0.0014203347756442002,0.1948688905752498
base_macro_rates_credit_vol_risk_state_context,Rates/Credit/Vol,2018-01-22,0.0068335510029340005,0.20303408808081502
base_macro_rates_credit_vol_risk_state_context,Rates/Credit/Vol,2018-01-23,0.0024147707878772336,0.20593913965353305
base_macro_rates_credit_vol_risk_state_context,Rates/Credit/Vol,2018-01-24,0.0011923159481781332,0.2073770001222741
base_macro_rates_credit_vol_risk_state_context,Rates/Credit/Vol,2018-01-25,0.004509431130246266,0.21282158355256886
base_macro_rates_credit_vol_risk_state_context,Rates/Credit/Vol,2018-01-26,0.011218705507583965,0.22642787173168655
base_macro_rates_credit_vol_risk_state_context,Rates/Credit/Vol,2018-01-29,-0.007958125820356066,0.21666780441885436
base_macro_rates_credit_vol_risk_state_context,Rates/Credit/Vol,2018-01-30,-0.011434360211052133,0.20275598648593918
base_macro_rates_credit_vol_risk_state_context,Rates/Credit/Vol,2018-01-31,0.0033846176013621995,0.2068268555679431
base_macro_rates_credit_vol_risk_state_context,Rates/Credit/Vol,2018-02-01,-0.0008043637427289667,0.2058561278015727
base_macro_rates_credit_vol_risk_state_context,Rates/Credit/Vol,2018-02-02,-0.021421996284234232,0.18002428231248624
base_macro_rates_credit_vol_risk_state_context,Rates/Credit/Vol,2018-02-05,-0.04429193081200227,0.12775872844381908
base_macro_rates_credit_vol_risk_state_context,Rates/Credit/Vol,2018-02-06,0.023861504435861266,0.15466874834516253
base_macro_rates_credit_vol_risk_state_context,Rates/Credit/Vol,2018-02-07,-0.0020889791574518666,0.1522566693961085
base_macro_rates_credit_vol_risk_state_context,Rates/Credit/Vol,2018-02-08,-0.043969384290822804,0.10159265309776755
base_macro_rates_credit_vol_risk_state_context,Rates/Credit/Vol,2018-02-09,0.016680240733015068,0.11996748374115906
base_macro_rates_credit_vol_risk_state_context,Rates/Credit/Vol,2018-02-12,0.015256775255428,0.13705457593398518
base_macro_rates_credit_vol_risk_state_context,Rates/Credit/Vol,2018-02-13,0.00209289827282,0.13943431549205965
base_macro_rates_credit_vol_risk_state_context,Rates/Credit/Vol,2018-02-14,0.011063085145958865,0.15203997434257555
base_macro_rates_credit_vol_risk_state_context,Rates/Credit/Vol,2018-02-15,0.012962761597756134,0.16697359388106348
base_macro_rates_credit_vol_risk_state_context,Rates/Credit/Vol,2018-02-16,-0.0011706536291308668,0.16560747200828674
base_macro_rates_credit_vol_risk_state_context,Rates/Credit/Vol,2018-02-20,-0.0038741598585607996,0.16109172232939373
base_macro_rates_credit_vol_risk_state_context,Rates/Credit/Vol,2018-02-21,-0.006360124199370767,0.15370703476851744
base_macro_rates_credit_vol_risk_state_context,Rates/Credit/Vol,2018-02-22,0.005118992040317866,0.1596128518963562
base_macro_rates_credit_vol_risk_state_context,Rates/Credit/Vol,2018-02-23,0.015625653693891732,0.17773256073907473
base_macro_rates_credit_vol_risk_state_context,Rates/Credit/Vol,2018-02-26,0.01593934698591243,0.1965048486813019
base_macro_rates_credit_vol_risk_state_context,Rates/Credit/Vol,2018-02-27,-0.01315172437678,0.18076874669596443
base_macro_rates_credit_vol_risk_state_context,Rates/Credit/Vol,2018-02-28,-0.013603664554466566,0.1647059647495146
base_macro_rates_credit_vol_risk_state_context,Rates/Credit/Vol,2018-03-01,-0.014618367204272266,0.1476798652718001
base_macro_rates_credit_vol_risk_state_context,Rates/Credit/Vol,2018-03-02,-0.004230742234994733,0.1428243275935417
base_macro_rates_credit_vol_risk_state_context,Rates/Credit/Vol,2018-03-05,0.013554614573278133,0.15831487087903784
base_macro_rates_credit_vol_risk_state_context,Rates/Credit/Vol,2018-03-06,0.0027952174998392004,0.16155261287644285
base_macro_rates_credit_vol_risk_state_context,Rates/Credit/Vol,2018-03-07,-0.0016999220528198667,0.15957806397430363
base_macro_rates_credit_vol_risk_state_context,Rates/Credit/Vol,2018-03-08,0.004287552312073134,0.16454981558352588
base_macro_rates_credit_vol_risk_state_context,Rates/Credit/Vol,2018-03-09,0.019795761310367966,0.18760296576685032
base_macro_rates_credit_vol_risk_state_context,Rates/Credit/Vol,2018-03-12,-0.006082723937117034,0.18037910477918917
base_macro_rates_credit_vol_risk_state_context,Rates/Credit/Vol,2018-03-13,-0.007868252231242634,0.17109158425429816
base_macro_rates_credit_vol_risk_state_context,Rates/Credit/Vol,2018-03-14,-0.006980257017862167,0.1629170640047477
base_macro_rates_credit_vol_risk_state_context,Rates/Credit/Vol,2018-03-15,0.0033594574731640667,0.1668238344260886
base_macro_rates_credit_vol_risk_state_context,Rates/Credit/Vol,2018-03-16,0.0028041956397546666,0.1700958367349481
base_macro_rates_credit_vol_risk_state_context,Rates/Credit/Vol,2018-03-19,-0.013477702106059032,0.15432563361189455
base_macro_rates_credit_vol_risk_state_context,Rates/Credit/Vol,2018-03-20,0.006184539035969334,0.16146460555318742
base_macro_rates_credit_vol_risk_state_context,Rates/Credit/Vol,2018-03-21,-0.0003833419300531332,0.1610193674696061
base_macro_rates_credit_vol_risk_state_context,Rates/Credit/Vol,2018-03-22,-0.029484684425098235,0.12678707780833753
base_macro_rates_credit_vol_risk_state_context,Rates/Credit/Vol,2018-03-23,-0.019539993058325333,0.10476966612975191
base_macro_rates_credit_vol_risk_state_context,Rates/Credit/Vol,2018-03-26,0.03011931823157887,0.13804457527650915
base_macro_rates_credit_vol_risk_state_context,Rates/Credit/Vol,2018-03-27,-0.017668043336161034,0.1179375544020409
base_macro_rates_credit_vol_risk_state_context,Rates/Credit/Vol,2018-03-28,-0.004692102808590367,0.11269207646320245
base_macro_rates_credit_vol_risk_state_context,Rates/Credit/Vol,2018-03-29,0.014627791491435534,0.12896830415187854
base_macro_rates_credit_vol_risk_state_context,Rates/Credit/Vol,2018-04-02,-0.022713788082072865,0.10332515733999559
base_macro_rates_credit_vol_risk_state_context,Rates/Credit/Vol,2018-04-03,0.013773643717222601,0.11852196496144529
base_macro_rates_credit_vol_risk_state_context,Rates/Credit/Vol,2018-07-05,0.0,0.11852196496144529
base_macro_rates_credit_vol_risk_state_context,Rates/Credit/Vol,2018-07-06,0.0002715916356099333,0.11882574617137487
base_macro_rates_credit_vol_risk_state_context,Rates/Credit/Vol,2018-07-09,0.0023012165615540667,0.12140040650795769
base_macro_rates_credit_vol_risk_state_context,Rates/Credit/Vol,2018-07-10,0.0019510443206628666,0.1235883084022642
base_macro_rates_credit_vol_risk_state_context,Rates/Credit/Vol,2018-07-11,-0.0013846142709546668,0.12203257199577267
base_macro_rates_credit_vol_risk_state_context,Rates/Credit/Vol,2018-07-12,0.005302624199351867,0.1279822890644986
base_macro_rates_credit_vol_risk_state_context,Rates/Credit/Vol,2018-07-13,0.0011505528133244334,0.12928009226056192
base_macro_rates_credit_vol_risk_state_context,Rates/Credit/Vol,2018-07-16,-0.0012660339362379665,0.12785038534024218
base_macro_rates_credit_vol_risk_state_context,Rates/Credit/Vol,2018-07-17,0.0006578560876588334,0.1285923485822067
base_macro_rates_credit_vol_risk_state_context,Rates/Credit/Vol,2018-07-18,0.004075285453288267,0.13319168456307606
base_macro_rates_credit_vol_risk_state_context,Rates/Credit/Vol,2018-07-19,-0.0045547465184694,0.1280302836830538
base_macro_rates_credit_vol_risk_state_context,Rates/Credit/Vol,2018-07-20,-0.0010858933414766,0.12680536310901847
base_macro_rates_credit_vol_risk_state_context,Rates/Credit/Vol,2018-07-23,-0.0015907897251913666,0.1250128527150942
base_macro_rates_credit_vol_risk_state_context,Rates/Credit/Vol,2018-07-24,0.0033318264742094998,0.12876120032159633
base_macro_rates_credit_vol_risk_state_context,Rates/Credit/Vol,2018-07-25,0.009052890495189,0.13897975186332578
base_macro_rates_credit_vol_risk_state_context,Rates/Credit/Vol,2018-07-26,0.0007381227726819666,0.13982045875579963
base_macro_rates_credit_vol_risk_state_context,Rates/Credit/Vol,2018-07-27,-0.0060231725135225,0.1329551234982711
base_macro_rates_credit_vol_risk_state_context,Rates/Credit/Vol,2018-07-30,-0.010505188637227833,0.12105321620840792
base_macro_rates_credit_vol_risk_state_context,Rates/Credit/Vol,2018-07-31,0.0006015841945364334,0.1217276241045131
base_macro_rates_credit_vol_risk_state_context,Rates/Credit/Vol,2018-08-01,-0.0005670176873461,0.12109158470126102
base_macro_rates_credit_vol_risk_state_context,Rates/Credit/Vol,2018-08-02,0.005414664733253934,0.12716191976769076
base_macro_rates_credit_vol_risk_state_context,Rates/Credit/Vol,2018-08-03,0.004697202130736033,0.13245642713890815
base_macro_rates_credit_vol_risk_state_context,Rates/Credit/Vol,2018-08-06,0.0032403279898393666,0.13612595739703992
base_macro_rates_credit_vol_risk_state_context,Rates/Credit/Vol,2018-08-07,0.005927360102758,0.14286018506862286
base_macro_rates_credit_vol_risk_state_context,Rates/Credit/Vol,2018-08-08,0.0011451778439187665,0.14416896323126038
base_macro_rates_credit_vol_risk_state_context,Rates/Credit/Vol,2018-08-09,0.0013402639291217955,0.14570245162149997
base_macro_rates_credit_vol_risk_state_context,Rates/Credit/Vol,2018-08-10,-0.006176174527726667,0.1386263933234413
base_macro_rates_credit_vol_risk_state_context,Rates/Credit/Vol,2018-08-13,-0.0035515823737700997,0.13458246789460437
base_macro_rates_credit_vol_risk_state_context,Rates/Credit/Vol,2018-08-14,0.003435050932870033,0.1384798164593637
base_macro_rates_credit_vol_risk_state_context,Rates/Credit/Vol,2018-08-15,-0.005041125550856067,0.1327405967674764
base_macro_rates_credit_vol_risk_state_context,Rates/Credit/Vol,2018-08-16,0.010426260096348934,0.14455084485106773
base_macro_rates_credit_vol_risk_state_context,Rates/Credit/Vol,2018-08-17,0.0021997219123467333,0.14706853842428158
base_macro_rates_credit_vol_risk_state_context,Rates/Credit/Vol,2018-08-20,0.0037488043695459,0.15136867397329512
base_macro_rates_credit_vol_risk_state_context,Rates/Credit/Vol,2018-08-21,0.0026900629926767668,0.1544659282340779
base_macro_rates_credit_vol_risk_state_context,Rates/Credit/Vol,2018-08-22,-0.0010718044685780667,0.15322856649337546
base_macro_rates_credit_vol_risk_state_context,Rates/Credit/Vol,2018-08-23,0.0013304495526681667,0.15476287892379093
base_macro_rates_credit_vol_risk_state_context,Rates/Credit/Vol,2018-08-24,0.008593341918022001,0.16468615117662244
base_macro_rates_credit_vol_risk_state_context,Rates/Credit/Vol,2018-08-27,0.006972991888134667,0.17280749826099995
base_macro_rates_credit_vol_risk_state_context,Rates/Credit/Vol,2018-08-28,0.0023907634723132998,0.1756114035878975
base_macro_rates_credit_vol_risk_state_context,Rates/Credit/Vol,2018-08-29,0.005900045684645733,0.1825475645764565
base_macro_rates_credit_vol_risk_state_context,Rates/Credit/Vol,2018-08-30,-0.0062640197431636,0.17514006328471954
base_macro_rates_credit_vol_risk_state_context,Rates/Credit/Vol,2018-08-31,0.0020147024955802,0.17750762090287542
base_macro_rates_credit_vol_risk_state_context,Rates/Credit/Vol,2018-09-04,0.003210861391186227,0.18128843466066002
base_macro_rates_credit_vol_risk_state_context,Rates/Credit/Vol,2018-09-05,-0.006488130928068668,0.17362408063276846
base_macro_rates_credit_vol_risk_state_context,Rates/Credit/Vol,2018-09-06,0.0006653685275633999,0.1744049731592121
base_macro_rates_credit_vol_risk_state_context,Rates/Credit/Vol,2018-09-07,-0.0016507865430817998,0.17246628123339258
base_macro_rates_credit_vol_risk_state_context,Rates/Credit/Vol,2018-09-10,0.0005001480281887333,0.1730526879320693
base_macro_rates_credit_vol_risk_state_context,Rates/Credit/Vol,2018-09-11,0.0076019560840291335,0.18197018294998113
base_macro_rates_credit_vol_risk_state_context,Rates/Credit/Vol,2018-09-12,0.0006138424407853333,0.1826957264120186
base_macro_rates_credit_vol_risk_state_context,Rates/Credit/Vol,2018-09-13,0.006478465462703333,0.1903577798284657
base_macro_rates_credit_vol_risk_state_context,Rates/Credit/Vol,2018-09-14,-0.0009558899243209667,0.18921992882039063
base_macro_rates_credit_vol_risk_state_context,Rates/Credit/Vol,2018-09-17,-0.006005505284469766,0.182078062253463
base_macro_rates_credit_vol_risk_state_context,Rates/Credit/Vol,2018-09-18,0.0077519897455966,0.19124151927054656
base_macro_rates_credit_vol_risk_state_context,Rates/Credit/Vol,2018-09-19,0.0006592281150592334,0.1920268191718757
base_macro_rates_credit_vol_risk_state_context,Rates/Credit/Vol,2018-09-20,0.008788358615542367,0.20250277833810237
base_macro_rates_credit_vol_risk_state_context,Rates/Credit/Vol,2018-09-21,0.0010733116870734667,0.20379343862383092
base_macro_rates_credit_vol_risk_state_context,Rates/Credit/Vol,2018-09-24,-0.0035475619420093,0.19952290683492846
base_macro_rates_credit_vol_risk_state_context,Rates/Credit/Vol,2018-09-25,-0.0021827628935494666,0.19690463274392656
base_macro_rates_credit_vol_risk_state_context,Rates/Credit/Vol,2018-09-26,-0.004048398487669867,0.1920590858388409
base_macro_rates_credit_vol_risk_state_context,Rates/Credit/Vol,2018-09-27,0.0041164096962517,0.19696608941829274
base_macro_rates_credit_vol_risk_state_context,Rates/Credit/Vol,2018-09-28,-7.209525364489996e-05,0.19687979384447174
base_macro_rates_credit_vol_risk_state_context,Rates/Credit/Vol,2018-10-01,0.0047711347357341,0.20259026860338158
base_macro_rates_credit_vol_risk_state_context,Rates/Credit/Vol,2018-10-02,-0.0012043138450223334,0.20114197249301347
base_macro_rates_credit_vol_risk_state_context,Rates/Credit/Vol,2018-10-03,0.0001452526960557045,0.20131644160286366
base_macro_rates_credit_vol_risk_state_context,Rates/Credit/Vol,2019-01-04,0.0,0.20131644160286366
base_macro_rates_credit_vol_risk_state_context,Rates/Credit/Vol,2019-01-07,0.0009497443166095666,0.20245738506572564
base_macro_rates_credit_vol_risk_state_context,Rates/Credit/Vol,2019-01-08,0.0016415479020301332,0.20443127646346104
base_macro_rates_credit_vol_risk_state_context,Rates/Credit/Vol,2019-01-09,0.0007392985717281333,0.20532171078589512
base_macro_rates_credit_vol_risk_state_context,Rates/Credit/Vol,2019-01-10,0.0022643482015163,0.20805097883396173
base_macro_rates_credit_vol_risk_state_context,Rates/Credit/Vol,2019-01-11,0.00011229527796073332,0.20818663725442055
base_macro_rates_credit_vol_risk_state_context,Rates/Credit/Vol,2019-01-14,-0.0029739804710354335,0.2045935137898598
base_macro_rates_credit_vol_risk_state_context,Rates/Credit/Vol,2019-01-15,0.004781629546908,0.2103534337274111
base_macro_rates_credit_vol_risk_state_context,Rates/Credit/Vol,2019-01-16,-6.073585155356665e-05,0.21027992188093303
base_macro_rates_credit_vol_risk_state_context,Rates/Credit/Vol,2019-01-17,0.004376708231175433,0.21557696397705572
base_macro_rates_credit_vol_risk_state_context,Rates/Credit/Vol,2019-01-18,0.011821709338482367,0.2299471615237474
base_macro_rates_credit_vol_risk_state_context,Rates/Credit/Vol,2019-01-22,-0.0104401363233001,0.2171063454869835
base_macro_rates_credit_vol_risk_state_context,Rates/Credit/Vol,2019-01-23,0.0046516641849728,0.22276791548358843
base_macro_rates_credit_vol_risk_state_context,Rates/Credit/Vol,2019-01-24,0.0013893679706553249,0.2244667900609063
base_macro_rates_credit_vol_risk_state_context,Rates/Credit/Vol,2019-01-25,0.004064922435678833,0.22944415258756856
base_macro_rates_credit_vol_risk_state_context,Rates/Credit/Vol,2019-01-28,-0.014349339063416634,0.21180244158255457
base_macro_rates_credit_vol_risk_state_context,Rates/Credit/Vol,2019-01-29,-0.0016989184729514332,0.20974368802898224
base_macro_rates_credit_vol_risk_state_context,Rates/Credit/Vol,2019-01-30,0.0149307968051648,0.22780612522127375
base_macro_rates_credit_vol_risk_state_context,Rates/Credit/Vol,2019-01-31,0.004189369054907467,0.23294985820770164
base_macro_rates_credit_vol_risk_state_context,Rates/Credit/Vol,2019-02-01,0.0044511248268535334,0.2384378719318354
base_macro_rates_credit_vol_risk_state_context,Rates/Credit/Vol,2019-02-04,0.007397275663842867,0.24759893826305834
base_macro_rates_credit_vol_risk_state_context,Rates/Credit/Vol,2019-02-05,0.0048698949175871335,0.2536746139916928
base_macro_rates_credit_vol_risk_state_context,Rates/Credit/Vol,2019-02-06,-0.002758224852872833,0.25021669751396525
base_macro_rates_credit_vol_risk_state_context,Rates/Credit/Vol,2019-02-07,-0.008060325575189533,0.2401395438924645
base_macro_rates_credit_vol_risk_state_context,Rates/Credit/Vol,2019-02-08,-0.0008611931097347999,0.2390715442621547
base_macro_rates_credit_vol_risk_state_context,Rates/Credit/Vol,2019-02-11,0.0005222037611653333,0.23971859208292146
base_macro_rates_credit_vol_risk_state_context,Rates/Credit/Vol,2019-02-12,0.013619040463028467,0.2566023697512676
base_macro_rates_credit_vol_risk_state_context,Rates/Credit/Vol,2019-02-13,0.0042459219773671,0.26193780536980626
base_macro_rates_credit_vol_risk_state_context,Rates/Credit/Vol,2019-02-14,-0.0039764056860122,0.25691982870513996
base_macro_rates_credit_vol_risk_state_context,Rates/Credit/Vol,2019-02-15,0.013322498741281033,0.2736651415409552
base_macro_rates_credit_vol_risk_state_context,Rates/Credit/Vol,2019-02-19,0.0015183477808204335,0.27559900818212246
base_macro_rates_credit_vol_risk_state_context,Rates/Credit/Vol,2019-02-20,0.0019909002601004,0.2781385985792961
base_macro_rates_credit_vol_risk_state_context,Rates/Credit/Vol,2019-02-21,-0.0007549046902806614,0.2771737257564
base_macro_rates_credit_vol_risk_state_context,Rates/Credit/Vol,2019-02-22,0.007017102579436299,0.2861357848017936
base_macro_rates_credit_vol_risk_state_context,Rates/Credit/Vol,2019-02-25,0.0005998899566241666,0.28690732474195113
base_macro_rates_credit_vol_risk_state_context,Rates/Credit/Vol,2019-02-26,-0.00010066785805556667,0.2867777745380533
base_macro_rates_credit_vol_risk_state_context,Rates/Credit/Vol,2019-02-27,-0.0031330943099338003,0.2827461784144989
base_macro_rates_credit_vol_risk_state_context,Rates/Credit/Vol,2019-02-28,-0.0014039115975990665,0.2809453161778468
base_macro_rates_credit_vol_risk_state_context,Rates/Credit/Vol,2019-03-01,0.0064980348283903006,0.2892689434556339
base_macro_rates_credit_vol_risk_state_context,Rates/Credit/Vol,2019-03-04,-0.008497710265709033,0.2783131095195712
base_macro_rates_credit_vol_risk_state_context,Rates/Credit/Vol,2019-03-05,-0.0010595783946603999,0.27695863656711306
base_macro_rates_credit_vol_risk_state_context,Rates/Credit/Vol,2019-03-06,-0.003152037483644033,0.27293361507959046
base_macro_rates_credit_vol_risk_state_context,Rates/Credit/Vol,2019-03-07,-0.008645040416266667,0.26192905253000287
base_macro_rates_credit_vol_risk_state_context,Rates/Credit/Vol,2019-03-08,-0.0018142939452267333,0.2596395422906921
base_macro_rates_credit_vol_risk_state_context,Rates/Credit/Vol,2019-03-11,0.0166298353847304,0.28058714052308353
base_macro_rates_credit_vol_risk_state_context,Rates/Credit/Vol,2019-03-12,0.0031672719568549,0.28464310826157146
base_macro_rates_credit_vol_risk_state_context,Rates/Credit/Vol,2019-03-13,0.0067279069472158,0.29328606755433717
base_macro_rates_credit_vol_risk_state_context,Rates/Credit/Vol,2019-03-14,0.0029696464691860666,0.29712666995849735
base_macro_rates_credit_vol_risk_state_context,Rates/Credit/Vol,2019-03-15,0.005495269958220567,0.30425473117992685
base_macro_rates_credit_vol_risk_state_context,Rates/Credit/Vol,2019-03-18,0.0018901583997468,0.3067199792154762
base_macro_rates_credit_vol_risk_state_context,Rates/Credit/Vol,2019-03-19,-0.0008310854413207,0.30563398326486735
base_macro_rates_credit_vol_risk_state_context,Rates/Credit/Vol,2019-03-20,-0.0029260936828752163,0.3018135759142888
base_macro_rates_credit_vol_risk_state_context,Rates/Credit/Vol,2019-03-21,0.010943084843479564,0.31605943232591227
base_macro_rates_credit_vol_risk_state_context,Rates/Credit/Vol,2019-03-22,-0.016559041273784336,0.2942667498672742
base_macro_rates_credit_vol_risk_state_context,Rates/Credit/Vol,2019-03-25,-0.0006374054794865666,0.29344177714899145
base_macro_rates_credit_vol_risk_state_context,Rates/Credit/Vol,2019-03-26,0.007096650751171767,0.30262088170839285
base_macro_rates_credit_vol_risk_state_context,Rates/Credit/Vol,2019-03-27,-0.004660887894457833,0.2965495118097703
base_macro_rates_credit_vol_risk_state_context,Rates/Credit/Vol,2019-03-28,0.0040720454676726,0.3018291203729484
base_macro_rates_credit_vol_risk_state_context,Rates/Credit/Vol,2019-03-29,0.0081884188179287,0.3124890424399378
base_macro_rates_credit_vol_risk_state_context,Rates/Credit/Vol,2019-04-01,0.010699523369978899,0.32653204962236515
base_macro_rates_credit_vol_risk_state_context,Rates/Credit/Vol,2019-04-02,-0.0016883134558128333,0.3242924477134206
base_macro_rates_credit_vol_risk_state_context,Rates/Credit/Vol,2019-04-03,0.0039122997598533,0.3294734767385854
base_macro_rates_credit_vol_risk_state_context,Rates/Credit/Vol,2019-07-05,0.0,0.3294734767385854
base_macro_rates_credit_vol_risk_state_context,Rates/Credit/Vol,2019-07-08,-0.0006429197325388666,0.32861873200650327
base_macro_rates_credit_vol_risk_state_context,Rates/Credit/Vol,2019-07-09,0.00030168487410037106,0.3290195561813962
base_macro_rates_credit_vol_risk_state_context,Rates/Credit/Vol,2019-07-10,0.0024454878656717666,0.33226965737927827
base_macro_rates_credit_vol_risk_state_context,Rates/Credit/Vol,2019-07-11,0.0014722075923063998,0.3342310348838715
base_macro_rates_credit_vol_risk_state_context,Rates/Credit/Vol,2019-07-12,0.002790291832410831,0.33795392884305686
base_macro_rates_credit_vol_risk_state_context,Rates/Credit/Vol,2019-07-15,0.0025271496713909,0.3413351386746688
base_macro_rates_credit_vol_risk_state_context,Rates/Credit/Vol,2019-07-16,-0.003838165986621333,0.33618687176874773
base_macro_rates_credit_vol_risk_state_context,Rates/Credit/Vol,2019-07-17,-0.004160391241178667,0.3306278116108632
base_macro_rates_credit_vol_risk_state_context,Rates/Credit/Vol,2019-07-18,0.0042978983473450335,0.3363467146833168
base_macro_rates_credit_vol_risk_state_context,Rates/Credit/Vol,2019-07-19,-0.008683906347612834,0.32474200496506667
base_macro_rates_credit_vol_risk_state_context,Rates/Credit/Vol,2019-07-22,0.0024289984591882668,0.32795980125394886
base_macro_rates_credit_vol_risk_state_context,Rates/Credit/Vol,2019-07-23,0.003123941670479833,0.33210827021380807
base_macro_rates_credit_vol_risk_state_context,Rates/Credit/Vol,2019-07-24,0.0023648984626763,0.3352585710141551
base_macro_rates_credit_vol_risk_state_context,Rates/Credit/Vol,2019-07-25,-0.0025399933674885664,0.331867023099897
base_macro_rates_credit_vol_risk_state_context,Rates/Credit/Vol,2019-07-26,0.0039270813726573,0.33709737327716915
base_macro_rates_credit_vol_risk_state_context,Rates/Credit/Vol,2019-07-29,-5.703754760033304e-06,0.3370897468016616
base_macro_rates_credit_vol_risk_state_context,Rates/Credit/Vol,2019-07-30,-0.003946391980708934,0.3318130665473955
base_macro_rates_credit_vol_risk_state_context,Rates/Credit/Vol,2019-07-31,-0.009614161275827367,0.31900880093635453
base_macro_rates_credit_vol_risk_state_context,Rates/Credit/Vol,2019-08-01,-0.0031592756030739,0.31484168861131656
base_macro_rates_credit_vol_risk_state_context,Rates/Credit/Vol,2019-08-02,-0.004541002528016934,0.3088709891793906
base_macro_rates_credit_vol_risk_state_context,Rates/Credit/Vol,2019-08-05,-0.029668704331416,0.2700384827934592
base_macro_rates_credit_vol_risk_state_context,Rates/Credit/Vol,2019-08-06,0.015272910410619301,0.2894356667592026
base_macro_rates_credit_vol_risk_state_context,Rates/Credit/Vol,2019-08-07,-0.0028996480849002005,0.28569675709748243
base_macro_rates_credit_vol_risk_state_context,Rates/Credit/Vol,2019-08-08,0.016721368286604935,0.30719536607780307
base_macro_rates_credit_vol_risk_state_context,Rates/Credit/Vol,2019-08-09,0.001953290524962567,0.3097486984006379
base_macro_rates_credit_vol_risk_state_context,Rates/Credit/Vol,2019-08-12,-0.010653569226449265,0.2957951999729749
base_macro_rates_credit_vol_risk_state_context,Rates/Credit/Vol,2019-08-13,0.0143985789227868,0.31445280942755405
base_macro_rates_credit_vol_risk_state_context,Rates/Credit/Vol,2019-08-14,-0.028857896264129167,0.27652046660900065
base_macro_rates_credit_vol_risk_state_context,Rates/Credit/Vol,2019-08-15,0.0035246284385713335,0.281019726948029
base_macro_rates_credit_vol_risk_state_context,Rates/Credit/Vol,2019-08-16,0.012207740921967233,0.2966580838905397
base_macro_rates_credit_vol_risk_state_context,Rates/Credit/Vol,2019-08-19,0.008370633541679934,0.30751193353964434
base_macro_rates_credit_vol_risk_state_context,Rates/Credit/Vol,2019-08-20,-0.004130819462752967,0.3021108377967969
base_macro_rates_credit_vol_risk_state_context,Rates/Credit/Vol,2019-08-21,0.009107232836719934,0.31396946437582884
base_macro_rates_credit_vol_risk_state_context,Rates/Credit/Vol,2019-08-22,-0.004108018957142333,0.3085716529070668
base_macro_rates_credit_vol_risk_state_context,Rates/Credit/Vol,2019-08-23,-0.024126241672158932,0.2770007369636944
base_macro_rates_credit_vol_risk_state_context,Rates/Credit/Vol,2019-08-26,0.0123811602245071,0.29281148769485577
base_macro_rates_credit_vol_risk_state_context,Rates/Credit/Vol,2019-08-27,-0.0027732844760641334,0.28922615366555426
base_macro_rates_credit_vol_risk_state_context,Rates/Credit/Vol,2019-08-28,0.007845675059306067,0.2993410031451733
base_macro_rates_credit_vol_risk_state_context,Rates/Credit/Vol,2019-08-29,0.0130820586270803,0.31633905832488796
base_macro_rates_credit_vol_risk_state_context,Rates/Credit/Vol,2019-08-30,0.00047843632600930007,0.3169688427477355
base_macro_rates_credit_vol_risk_state_context,Rates/Credit/Vol,2019-09-03,-0.009730777859334032,0.3041537114912931
base_macro_rates_credit_vol_risk_state_context,Rates/Credit/Vol,2019-09-04,0.007585711018917667,0.3140466446709149
base_macro_rates_credit_vol_risk_state_context,Rates/Credit/Vol,2019-09-05,0.013508536723739235,0.33179749202715847
base_macro_rates_credit_vol_risk_state_context,Rates/Credit/Vol,2019-09-06,0.0019814735766363997,0.3344364135670408
base_macro_rates_credit_vol_risk_state_context,Rates/Credit/Vol,2019-09-09,-0.0070689145908649,0.32500339653259536
base_macro_rates_credit_vol_risk_state_context,Rates/Credit/Vol,2019-09-10,-0.011183655696627999,0.310185014748912
base_macro_rates_credit_vol_risk_state_context,Rates/Credit/Vol,2019-09-11,0.0017398231960748002,0.3124645050287218
base_macro_rates_credit_vol_risk_state_context,Rates/Credit/Vol,2019-09-12,0.004641159376844666,0.3185558619730118
base_macro_rates_credit_vol_risk_state_context,Rates/Credit/Vol,2019-09-13,0.00014016496026616655,0.3187406773030139
base_macro_rates_credit_vol_risk_state_context,Rates/Credit/Vol,2019-09-16,-0.007141378422039099,0.3093230510858569
base_macro_rates_credit_vol_risk_state_context,Rates/Credit/Vol,2019-09-17,0.003237987271261166,0.3135626224592416
base_macro_rates_credit_vol_risk_state_context,Rates/Credit/Vol,2019-09-18,-0.00017436263019040004,0.3133335862254698
base_macro_rates_credit_vol_risk_state_context,Rates/Credit/Vol,2019-09-19,-0.0004309506835241666,0.3127676042187908
base_macro_rates_credit_vol_risk_state_context,Rates/Credit/Vol,2019-09-20,-0.004541288850250034,0.3068059473347826
base_macro_rates_credit_vol_risk_state_context,Rates/Credit/Vol,2019-09-23,0.0013395347388107336,0.30855645929812203
base_macro_rates_credit_vol_risk_state_context,Rates/Credit/Vol,2019-09-24,-0.0067297781011030665,0.2997501646942806
base_macro_rates_credit_vol_risk_state_context,Rates/Credit/Vol,2019-09-25,0.0049759571655693,0.30621766583974086
base_macro_rates_credit_vol_risk_state_context,Rates/Credit/Vol,2019-09-26,-0.0043124556333956334,0.30058466010824936
base_macro_rates_credit_vol_risk_state_context,Rates/Credit/Vol,2019-09-27,-0.005198558797585466,0.29382349428143884
base_macro_rates_credit_vol_risk_state_context,Rates/Credit/Vol,2019-09-30,0.003425750507598333,0.2982558107737161
base_macro_rates_credit_vol_risk_state_context,Rates/Credit/Vol,2019-10-01,-0.0079497614673698,0.2879349867544383
base_macro_rates_credit_vol_risk_state_context,Rates/Credit/Vol,2019-10-02,-0.019126547916317765,0.2633012365171774
base_macro_rates_credit_vol_risk_state_context,Rates/Credit/Vol,2019-10-03,0.0082830990072353,0.27376528573521197
base_macro_rates_credit_vol_risk_state_context,Rates/Credit/Vol,2020-01-06,0.0,0.27376528573521197
base_macro_rates_credit_vol_risk_state_context,Rates/Credit/Vol,2020-01-07,-0.0011688093374937667,0.2722764969754692
base_macro_rates_credit_vol_risk_state_context,Rates/Credit/Vol,2020-01-08,0.002361064996178433,0.27528042447793855
base_macro_rates_credit_vol_risk_state_context,Rates/Credit/Vol,2020-01-09,0.002221211631258067,0.27811309218990465
base_macro_rates_credit_vol_risk_state_context,Rates/Credit/Vol,2020-01-10,-0.0019266249007197,0.2756506476805558
base_macro_rates_credit_vol_risk_state_context,Rates/Credit/Vol,2020-01-13,-0.0009446181031403333,0.2744456449854742
base_macro_rates_credit_vol_risk_state_context,Rates/Credit/Vol,2020-01-14,0.0015897778145752002,0.2764717303977542
base_macro_rates_credit_vol_risk_state_context,Rates/Credit/Vol,2020-01-15,0.006455246861719467,0.2847116705294779
base_macro_rates_credit_vol_risk_state_context,Rates/Credit/Vol,2020-01-16,0.0088424348396726,0.29607164976390155
base_macro_rates_credit_vol_risk_state_context,Rates/Credit/Vol,2020-01-17,0.0014248518904626,0.29791835990424276
base_macro_rates_credit_vol_risk_state_context,Rates/Credit/Vol,2020-01-21,-0.002687977148260767,0.29442958501251204
base_macro_rates_credit_vol_risk_state_context,Rates/Credit/Vol,2020-01-22,0.0005954613453291334,0.29520036779463754
base_macro_rates_credit_vol_risk_state_context,Rates/Credit/Vol,2020-01-23,-0.004290303598534833,0.2896435649958644
base_macro_rates_credit_vol_risk_state_context,Rates/Credit/Vol,2020-01-24,-0.008891452598810167,0.27817676036834316
base_macro_rates_credit_vol_risk_state_context,Rates/Credit/Vol,2020-01-27,-0.017793837096135398,0.2554330913142828
base_macro_rates_credit_vol_risk_state_context,Rates/Credit/Vol,2020-01-28,0.0076838579259345665,0.2650796608234587
base_macro_rates_credit_vol_risk_state_context,Rates/Credit/Vol,2020-01-29,-0.0018770504503012,0.2627050424764432
base_macro_rates_credit_vol_risk_state_context,Rates/Credit/Vol,2020-01-30,0.004193766165582966,0.26800053216069175
base_macro_rates_credit_vol_risk_state_context,Rates/Credit/Vol,2020-01-31,-0.0193265703286964,0.24349443069906362
base_macro_rates_credit_vol_risk_state_context,Rates/Credit/Vol,2020-02-03,0.005423572323547333,0.2502386126778884
base_macro_rates_credit_vol_risk_state_context,Rates/Credit/Vol,2020-02-04,0.015693449324927933,0.26985916899001694
base_macro_rates_credit_vol_risk_state_context,Rates/Credit/Vol,2020-02-05,0.0192445525576032,0.2942970405083998
base_macro_rates_credit_vol_risk_state_context,Rates/Credit/Vol,2020-02-06,-0.0013378288773639665,0.29256549255172093
base_macro_rates_credit_vol_risk_state_context,Rates/Credit/Vol,2020-02-07,-0.0085620016673487,0.28149854464933566
base_macro_rates_credit_vol_risk_state_context,Rates/Credit/Vol,2020-02-10,0.004037892986728434,0.2866730986352779
base_macro_rates_credit_vol_risk_state_context,Rates/Credit/Vol,2020-02-11,0.0031096190101889327,0.2906741617626929
base_macro_rates_credit_vol_risk_state_context,Rates/Credit/Vol,2020-02-12,0.010603136779178067,0.3043593564372138
base_macro_rates_credit_vol_risk_state_context,Rates/Credit/Vol,2020-02-13,-0.0029325964774928,0.3005341967831412
base_macro_rates_credit_vol_risk_state_context,Rates/Credit/Vol,2020-02-14,-0.001743857256867351,0.2982662507862768
base_macro_rates_credit_vol_risk_state_context,Rates/Credit/Vol,2020-02-18,-0.0026965522986068997,0.29476540794351536
base_macro_rates_credit_vol_risk_state_context,Rates/Credit/Vol,2020-02-19,0.0056983543955032995,0.302143440097016
base_macro_rates_credit_vol_risk_state_context,Rates/Credit/Vol,2020-02-20,-0.006198453473396533,0.2940721645678861
base_macro_rates_credit_vol_risk_state_context,Rates/Credit/Vol,2020-02-21,-0.0062424257328983004,0.28599401518755996
base_macro_rates_credit_vol_risk_state_context,Rates/Credit/Vol,2020-02-24,-0.0392139829766758,0.235565067767888
base_macro_rates_credit_vol_risk_state_context,Rates/Credit/Vol,2020-02-25,-0.03220092015724397,0.19577873567161452
base_macro_rates_credit_vol_risk_state_context,Rates/Credit/Vol,2020-02-26,-0.004825435697965866,0.19000858227363615
base_macro_rates_credit_vol_risk_state_context,Rates/Credit/Vol,2020-02-27,-0.04213224114488364,0.1398708537208022
base_macro_rates_credit_vol_risk_state_context,Rates/Credit/Vol,2020-02-28,-0.010413532947125033,0.1280007710301132
base_macro_rates_credit_vol_risk_state_context,Rates/Credit/Vol,2020-03-02,0.05262599563569894,0.18736293468340892
base_macro_rates_credit_vol_risk_state_context,Rates/Credit/Vol,2020-03-03,-0.032125311764852865,0.1492185302286737
base_macro_rates_credit_vol_risk_state_context,Rates/Credit/Vol,2020-03-04,0.05429993647981549,0.21162102342151767
base_macro_rates_credit_vol_risk_state_context,Rates/Credit/Vol,2020-03-05,-0.028251260457658366,0.17739120231286187
base_macro_rates_credit_vol_risk_state_context,Rates/Credit/Vol,2020-03-06,-0.0091506402007543,0.16661731904496335
base_macro_rates_credit_vol_risk_state_context,Rates/Credit/Vol,2020-03-09,-0.07007439379930243,0.08486731761712019
base_macro_rates_credit_vol_risk_state_context,Rates/Credit/Vol,2020-03-10,0.046317614841018505,0.13511578418811876
base_macro_rates_credit_vol_risk_state_context,Rates/Credit/Vol,2020-03-11,-0.04226792882367606,0.08713679101542415
base_macro_rates_credit_vol_risk_state_context,Rates/Credit/Vol,2020-03-12,-0.0925949264373178,-0.013526560175950775
base_macro_rates_credit_vol_risk_state_context,Rates/Credit/Vol,2020-03-13,0.0973698995772007,0.0825262595952927
base_macro_rates_credit_vol_risk_state_context,Rates/Credit/Vol,2020-03-16,-0.12221594062180352,-0.049775705468948606
base_macro_rates_credit_vol_risk_state_context,Rates/Credit/Vol,2020-03-17,0.06199959507349614,0.009137816020975187
base_macro_rates_credit_vol_risk_state_context,Rates/Credit/Vol,2020-03-18,-0.0647090613029081,-0.05616254477900884
base_macro_rates_credit_vol_risk_state_context,Rates/Credit/Vol,2020-03-19,0.0095851763759802,-0.04711569630045931
base_macro_rates_credit_vol_risk_state_context,Rates/Credit/Vol,2020-03-20,-0.04202564962240443,-0.087161278178425
base_macro_rates_credit_vol_risk_state_context,Rates/Credit/Vol,2020-03-23,-0.036846367920344535,-0.12079606957459987
base_macro_rates_credit_vol_risk_state_context,Rates/Credit/Vol,2020-03-24,0.10501315282791764,-0.028468092861931416
base_macro_rates_credit_vol_risk_state_context,Rates/Credit/Vol,2020-03-25,0.014775301719864133,-0.014113415803491347
base_macro_rates_credit_vol_risk_state_context,Rates/Credit/Vol,2020-03-26,0.061253443909675666,0.046275532782891204
base_macro_rates_credit_vol_risk_state_context,Rates/Credit/Vol,2020-03-27,-0.038398084187384066,0.0061005567918936965
base_macro_rates_credit_vol_risk_state_context,Rates/Credit/Vol,2020-03-30,0.0410905882092244,0.04744182046810086
base_macro_rates_credit_vol_risk_state_context,Rates/Credit/Vol,2020-03-31,-0.014385772326780835,0.032373560913298016
base_macro_rates_credit_vol_risk_state_context,Rates/Credit/Vol,2020-04-01,-0.04153970863591153,-0.010510936010458827
base_macro_rates_credit_vol_risk_state_context,Rates/Credit/Vol,2020-04-02,0.030412050857318032,0.01958145572635117
base_macro_rates_credit_vol_risk_state_context,Rates/Credit/Vol,2020-04-03,-0.020785302519323066,-0.0016108532740128911
base_macro_rates_credit_vol_risk_state_context,Rates/Credit/Vol,2020-07-06,0.0,-0.0016108532740128911
base_macro_rates_credit_vol_risk_state_context,Rates/Credit/Vol,2020-07-07,-0.002308532782491033,-0.003915667348913021
base_macro_rates_credit_vol_risk_state_context,Rates/Credit/Vol,2020-07-08,0.0023634296356831665,-0.0015614921174857965
base_macro_rates_credit_vol_risk_state_context,Rates/Credit/Vol,2020-07-09,-0.0036122535843947333,-0.005168105196382222
base_macro_rates_credit_vol_risk_state_context,Rates/Credit/Vol,2020-07-10,0.005429631058985367,0.00023346495811282786
base_macro_rates_credit_vol_risk_state_context,Rates/Credit/Vol,2020-07-13,-0.0025204569876132667,-0.002287580467885464
base_macro_rates_credit_vol_risk_state_context,Rates/Credit/Vol,2020-07-14,0.0149389907484472,0.01261723613711574
base_macro_rates_credit_vol_risk_state_context,Rates/Credit/Vol,2020-07-15,0.0016888820459119668,0.014327427206608734
base_macro_rates_credit_vol_risk_state_context,Rates/Credit/Vol,2020-07-16,-0.0029720027151538334,0.011312843338895595
base_macro_rates_credit_vol_risk_state_context,Rates/Credit/Vol,2020-07-17,-0.001823371150389111,0.009468844676333577
base_macro_rates_credit_vol_risk_state_context,Rates/Credit/Vol,2020-07-20,0.008469753399364033,0.01801879685508312
base_macro_rates_credit_vol_risk_state_context,Rates/Credit/Vol,2020-07-21,0.0001933020773342333,0.01821558200328033
base_macro_rates_credit_vol_risk_state_context,Rates/Credit/Vol,2020-07-22,0.0020919669776370002,0.020345655376946548
base_macro_rates_credit_vol_risk_state_context,Rates/Credit/Vol,2020-07-23,-0.0144428732461975,0.005608932409028933
base_macro_rates_credit_vol_risk_state_context,Rates/Credit/Vol,2020-07-24,-0.005799029118011334,-0.00022262307134335302
base_macro_rates_credit_vol_risk_state_context,Rates/Credit/Vol,2020-07-27,0.0089114407044211,0.008686833740777944
base_macro_rates_credit_vol_risk_state_context,Rates/Credit/Vol,2020-07-28,-0.0100639475121263,-0.0014645376101620755
base_macro_rates_credit_vol_risk_state_context,Rates/Credit/Vol,2020-07-29,0.010026848104319567,0.008547625797997283
base_macro_rates_credit_vol_risk_state_context,Rates/Credit/Vol,2020-07-30,-0.007784948061675967,0.0006961349134333439
base_macro_rates_credit_vol_risk_state_context,Rates/Credit/Vol,2020-07-31,0.008821056281188067,0.009523331839872196
base_macro_rates_credit_vol_risk_state_context,Rates/Credit/Vol,2020-08-03,0.009867480722057467,0.019484783855269416
base_macro_rates_credit_vol_risk_state_context,Rates/Credit/Vol,2020-08-04,0.0017802055341830667,0.021299676309504134
base_macro_rates_credit_vol_risk_state_context,Rates/Credit/Vol,2020-08-05,0.013552309972253533,0.03514064609741263
base_macro_rates_credit_vol_risk_state_context,Rates/Credit/Vol,2020-08-06,0.009600583323376334,0.04507860012168452
base_macro_rates_credit_vol_risk_state_context,Rates/Credit/Vol,2020-08-07,-0.0023084712772412333,0.04266606619084423
base_macro_rates_credit_vol_risk_state_context,Rates/Credit/Vol,2020-08-10,0.0069126579597563005,0.04987366007266614
base_macro_rates_credit_vol_risk_state_context,Rates/Credit/Vol,2020-08-11,-0.007543734146863,0.04195369229328394
base_macro_rates_credit_vol_risk_state_context,Rates/Credit/Vol,2020-08-12,0.014241731513806232,0.05679291702874378
base_macro_rates_credit_vol_risk_state_context,Rates/Credit/Vol,2020-08-13,-0.00018566463016600002,0.05659670796264149
base_macro_rates_credit_vol_risk_state_context,Rates/Credit/Vol,2020-08-14,-0.0010655281168259333,0.0554708744621617
base_macro_rates_credit_vol_risk_state_context,Rates/Credit/Vol,2020-08-17,0.00040554786123066667,0.055898918417891075
base_macro_rates_credit_vol_risk_state_context,Rates/Credit/Vol,2020-08-18,0.0034350734988210668,0.05952600880998227
base_macro_rates_credit_vol_risk_state_context,Rates/Credit/Vol,2020-08-19,-0.0032230214333892004,0.056111133774354505
base_macro_rates_credit_vol_risk_state_context,Rates/Credit/Vol,2020-08-20,0.004222313685488967,0.060570366267887144
base_macro_rates_credit_vol_risk_state_context,Rates/Credit/Vol,2020-08-21,0.0056615090483968,0.06657479499297447
base_macro_rates_credit_vol_risk_state_context,Rates/Credit/Vol,2020-08-24,0.009332258167591067,0.07652834633489425
base_macro_rates_credit_vol_risk_state_context,Rates/Credit/Vol,2020-08-25,0.005965121574451486,0.08294996879912508
base_macro_rates_credit_vol_risk_state_context,Rates/Credit/Vol,2020-08-26,0.031698015282142895,0.11727733345991598
base_macro_rates_credit_vol_risk_state_context,Rates/Credit/Vol,2020-08-27,0.0075845017762900665,0.12575132538015144
base_macro_rates_credit_vol_risk_state_context,Rates/Credit/Vol,2020-08-28,0.0019053438202213998,0.12789626871107052
base_macro_rates_credit_vol_risk_state_context,Rates/Credit/Vol,2020-08-31,-0.0007872830382450333,0.12700829510981437
base_macro_rates_credit_vol_risk_state_context,Rates/Credit/Vol,2020-09-01,0.015268787626407898,0.1442163454210461
base_macro_rates_credit_vol_risk_state_context,Rates/Credit/Vol,2020-09-02,0.009511199538591199,0.15509921539766336
base_macro_rates_credit_vol_risk_state_context,Rates/Credit/Vol,2020-09-03,-0.03409510839311697,0.11571598244387582
base_macro_rates_credit_vol_risk_state_context,Rates/Credit/Vol,2020-09-04,-0.008258138802809133,0.10650224499634176
base_macro_rates_credit_vol_risk_state_context,Rates/Credit/Vol,2020-09-08,-0.030907586006673704,0.07230293169253987
base_macro_rates_credit_vol_risk_state_context,Rates/Credit/Vol,2020-09-09,0.02254385684948093,0.0964767754838951
base_macro_rates_credit_vol_risk_state_context,Rates/Credit/Vol,2020-09-10,-0.01855133211520173,0.07613567066528781
base_macro_rates_credit_vol_risk_state_context,Rates/Credit/Vol,2020-09-11,-0.0002288228427201667,0.07588942624197359
base_macro_rates_credit_vol_risk_state_context,Rates/Credit/Vol,2020-09-14,0.012811975099951868,0.08967369478128728
base_macro_rates_credit_vol_risk_state_context,Rates/Credit/Vol,2020-09-15,0.0007835379649827999,0.09052749549059147
base_macro_rates_credit_vol_risk_state_context,Rates/Credit/Vol,2020-09-16,-0.004244037741382367,0.08589925564171419
base_macro_rates_credit_vol_risk_state_context,Rates/Credit/Vol,2020-09-17,-0.0073892402812169,0.07787528512058306
base_macro_rates_credit_vol_risk_state_context,Rates/Credit/Vol,2020-09-18,-0.0108596001197349,0.06616999054522843
base_macro_rates_credit_vol_risk_state_context,Rates/Credit/Vol,2020-09-21,-0.012027407621446532,0.05334672947518726
base_macro_rates_credit_vol_risk_state_context,Rates/Credit/Vol,2020-09-22,0.010060383808219567,0.06394380185684057
base_macro_rates_credit_vol_risk_state_context,Rates/Credit/Vol,2020-09-23,-0.027776253368653536,0.03439142924645644
base_macro_rates_credit_vol_risk_state_context,Rates/Credit/Vol,2020-09-24,0.005874542697829433,0.04046800586383359
base_macro_rates_credit_vol_risk_state_context,Rates/Credit/Vol,2020-09-25,0.015427913448297333,0.056520256204023234
base_macro_rates_credit_vol_risk_state_context,Rates/Credit/Vol,2020-09-28,0.014792228231731167,0.07214854496524037
base_macro_rates_credit_vol_risk_state_context,Rates/Credit/Vol,2020-09-29,-0.005304751675531234,0.06646106317491762
base_macro_rates_credit_vol_risk_state_context,Rates/Credit/Vol,2020-09-30,0.0135208410013841,0.08088051364427273
base_macro_rates_credit_vol_risk_state_context,Rates/Credit/Vol,2020-10-01,0.0038294515502132667,0.08501969320284308
base_macro_rates_credit_vol_risk_state_context,Rates/Credit/Vol,2020-10-02,-0.010757753314623699,0.07334731900185831
base_macro_rates_credit_vol_risk_state_context,Rates/Credit/Vol,2021-01-04,0.0,0.07334731900185831
base_macro_rates_credit_vol_risk_state_context,Rates/Credit/Vol,2021-01-05,0.0010894622089383666,0.07451669034297614
base_macro_rates_credit_vol_risk_state_context,Rates/Credit/Vol,2021-01-06,0.004027309693013033,0.07884410182529877
base_macro_rates_credit_vol_risk_state_context,Rates/Credit/Vol,2021-01-07,0.003641850569183567,0.08277309083159157
base_macro_rates_credit_vol_risk_state_context,Rates/Credit/Vol,2021-01-08,-0.00010114499886446668,0.08266357374854882
base_macro_rates_credit_vol_risk_state_context,Rates/Credit/Vol,2021-01-11,-0.0043466128420622,0.07795765435526048
base_macro_rates_credit_vol_risk_state_context,Rates/Credit/Vol,2021-01-12,0.0019248344861651334,0.08003254442298902
base_macro_rates_credit_vol_risk_state_context,Rates/Credit/Vol,2021-01-13,-0.0002586850031142667,0.07975315620087153
base_macro_rates_credit_vol_risk_state_context,Rates/Credit/Vol,2021-01-14,-0.0024928651171844,0.07706147722260859
base_macro_rates_credit_vol_risk_state_context,Rates/Credit/Vol,2021-01-15,-0.008790835866991,0.06759320655768564
base_macro_rates_credit_vol_risk_state_context,Rates/Credit/Vol,2021-01-19,0.0039743557466091,0.07183620175320904
base_macro_rates_credit_vol_risk_state_context,Rates/Credit/Vol,2021-01-20,0.008754037631190432,0.08121909619782897
base_macro_rates_credit_vol_risk_state_context,Rates/Credit/Vol,2021-01-21,-8.09751379450001e-05,0.08113154433236547
base_macro_rates_credit_vol_risk_state_context,Rates/Credit/Vol,2021-01-22,-0.0045544273033488,0.07620760930834658
base_macro_rates_credit_vol_risk_state_context,Rates/Credit/Vol,2021-01-25,-0.0034972672776207667,0.07244382365238611
base_macro_rates_credit_vol_risk_state_context,Rates/Credit/Vol,2021-01-26,-0.0032277422626847334,0.06898225139842817
base_macro_rates_credit_vol_risk_state_context,Rates/Credit/Vol,2021-01-27,-0.025211994855395336,0.04203107637566195
base_macro_rates_credit_vol_risk_state_context,Rates/Credit/Vol,2021-01-28,0.0107966814803075,0.05328155399987189
base_macro_rates_credit_vol_risk_state_context,Rates/Credit/Vol,2021-01-29,-0.020828400119300667,0.03134338435488382
base_macro_rates_credit_vol_risk_state_context,Rates/Credit/Vol,2021-02-01,0.011651162745654168,0.043359733972656356
base_macro_rates_credit_vol_risk_state_context,Rates/Credit/Vol,2021-02-02,0.020220427133283935,0.06445691344725302
base_macro_rates_credit_vol_risk_state_context,Rates/Credit/Vol,2021-02-03,-0.00024701078325859994,0.06419398111131747
base_macro_rates_credit_vol_risk_state_context,Rates/Credit/Vol,2021-02-04,0.013949240585748266,0.0790386789837445
base_macro_rates_credit_vol_risk_state_context,Rates/Credit/Vol,2021-02-05,0.0023129825978501,0.08153447667064095
base_macro_rates_credit_vol_risk_state_context,Rates/Credit/Vol,2021-02-08,0.010279235220596367,0.09265182395552296
base_macro_rates_credit_vol_risk_state_context,Rates/Credit/Vol,2021-02-09,-0.0007338054315110999,0.09185003011235393
base_macro_rates_credit_vol_risk_state_context,Rates/Credit/Vol,2021-02-10,0.0011971072363676,0.09315709168442976
base_macro_rates_credit_vol_risk_state_context,Rates/Credit/Vol,2021-02-11,0.00022563683177840004,0.0934037481872334
base_macro_rates_credit_vol_risk_state_context,Rates/Credit/Vol,2021-02-12,5.5184768968366636e-05,0.09346408742046619
base_macro_rates_credit_vol_risk_state_context,Rates/Credit/Vol,2021-02-16,0.003777717693617233,0.09759488605084954
base_macro_rates_credit_vol_risk_state_context,Rates/Credit/Vol,2021-02-17,0.001362989984823433,0.09909089688793027
base_macro_rates_credit_vol_risk_state_context,Rates/Credit/Vol,2021-02-18,-0.0064794101754271334,0.09196943614691544
base_macro_rates_credit_vol_risk_state_context,Rates/Credit/Vol,2021-02-19,0.0042328259805979,0.09659155274625708
base_macro_rates_credit_vol_risk_state_context,Rates/Credit/Vol,2021-02-22,0.0026103848420566,0.09945407871347323
base_macro_rates_credit_vol_risk_state_context,Rates/Credit/Vol,2021-02-23,0.003297735295095767,0.10307978723418376
base_macro_rates_credit_vol_risk_state_context,Rates/Credit/Vol,2021-02-24,0.0173703646555452,0.1222406853826028
base_macro_rates_credit_vol_risk_state_context,Rates/Credit/Vol,2021-02-25,-0.021476674541567,0.0981386874253356
base_macro_rates_credit_vol_risk_state_context,Rates/Credit/Vol,2021-02-26,-0.014364379238173434,0.08236460686304814
base_macro_rates_credit_vol_risk_state_context,Rates/Credit/Vol,2021-03-01,0.0262015445708057,0.11072423135163278
base_macro_rates_credit_vol_risk_state_context,Rates/Credit/Vol,2021-03-02,-0.006287944127128434,0.10374005944424614
base_macro_rates_credit_vol_risk_state_context,Rates/Credit/Vol,2021-03-03,-0.0029694546659248667,0.10046255337476118
base_macro_rates_credit_vol_risk_state_context,Rates/Credit/Vol,2021-03-04,-0.013071647231478334,0.08607769508559437
base_macro_rates_credit_vol_risk_state_context,Rates/Credit/Vol,2021-03-05,0.015248415403930468,0.10263865894120294
base_macro_rates_credit_vol_risk_state_context,Rates/Credit/Vol,2021-03-08,0.009252683165285101,0.11284102509818061
base_macro_rates_credit_vol_risk_state_context,Rates/Credit/Vol,2021-03-09,0.0019341641429178665,0.1149934423056933
base_macro_rates_credit_vol_risk_state_context,Rates/Credit/Vol,2021-03-10,0.016760886503714368,0.13368172084456487
base_macro_rates_credit_vol_risk_state_context,Rates/Credit/Vol,2021-03-11,0.006812832841422767,0.14140530490405534
base_macro_rates_credit_vol_risk_state_context,Rates/Credit/Vol,2021-03-12,0.013782736198717166,0.15713699311736407
base_macro_rates_credit_vol_risk_state_context,Rates/Credit/Vol,2021-03-15,0.0016011367740199998,0.15898972770962327
base_macro_rates_credit_vol_risk_state_context,Rates/Credit/Vol,2021-03-16,-0.007962241648831433,0.14976157142908586
base_macro_rates_credit_vol_risk_state_context,Rates/Credit/Vol,2021-03-17,0.006729995641421967,0.15749946179347818
base_macro_rates_credit_vol_risk_state_context,Rates/Credit/Vol,2021-03-18,-0.008510055695530866,0.14764907690606877
base_macro_rates_credit_vol_risk_state_context,Rates/Credit/Vol,2021-03-19,-0.0084021796637835,0.13800632317092854
base_macro_rates_credit_vol_risk_state_context,Rates/Credit/Vol,2021-03-22,0.0011997920715338666,0.13937169413482442
base_macro_rates_credit_vol_risk_state_context,Rates/Credit/Vol,2021-03-23,-0.012628735425388934,0.1249828704584186
base_macro_rates_credit_vol_risk_state_context,Rates/Credit/Vol,2021-03-24,-0.0020898987743116666,0.12263177013632598
base_macro_rates_credit_vol_risk_state_context,Rates/Credit/Vol,2021-03-25,0.008511186992981,0.1321866990562175
base_macro_rates_credit_vol_risk_state_context,Rates/Credit/Vol,2021-03-26,0.009403695661413067,0.14283343820604189
base_macro_rates_credit_vol_risk_state_context,Rates/Credit/Vol,2021-03-29,0.003478363488004567,0.14680862831036867
base_macro_rates_credit_vol_risk_state_context,Rates/Credit/Vol,2021-03-30,-0.00014011486061013358,0.14664794337926645
base_macro_rates_credit_vol_risk_state_context,Rates/Credit/Vol,2021-03-31,-0.0020038938447863334,0.14435018262339172
base_macro_rates_credit_vol_risk_state_context,Rates/Credit/Vol,2021-04-01,0.004836606468791666,0.14988495411923086
base_macro_rates_credit_vol_risk_state_context,Rates/Credit/Vol,2021-07-06,0.0,0.14988495411923086
base_macro_rates_credit_vol_risk_state_context,Rates/Credit/Vol,2021-07-07,0.0008396306175230333,0.15085043273333865
base_macro_rates_credit_vol_risk_state_context,Rates/Credit/Vol,2021-07-08,-0.004685529623983767,0.14545808893799217
base_macro_rates_credit_vol_risk_state_context,Rates/Credit/Vol,2021-07-09,0.007383936211781833,0.15391607839997978
base_macro_rates_credit_vol_risk_state_context,Rates/Credit/Vol,2021-07-12,0.0015273828801528001,0.15567855006326092
base_macro_rates_credit_vol_risk_state_context,Rates/Credit/Vol,2021-07-13,-0.0005747526208778,0.1550143207877197
base_macro_rates_credit_vol_risk_state_context,Rates/Credit/Vol,2021-07-14,0.004201897265957033,0.15986757230437876
base_macro_rates_credit_vol_risk_state_context,Rates/Credit/Vol,2021-07-15,-0.0007954378423748972,0.15894496974522432
base_macro_rates_credit_vol_risk_state_context,Rates/Credit/Vol,2021-07-16,-0.006828190140475666,0.1510314731294562
base_macro_rates_credit_vol_risk_state_context,Rates/Credit/Vol,2021-07-19,-0.0173471792701947,0.13106432381944333
base_macro_rates_credit_vol_risk_state_context,Rates/Credit/Vol,2021-07-20,0.014661566186426833,0.14764749826422818
base_macro_rates_credit_vol_risk_state_context,Rates/Credit/Vol,2021-07-21,0.0069788152567986,0.1556567181345414
base_macro_rates_credit_vol_risk_state_context,Rates/Credit/Vol,2021-07-22,0.0035080745403559665,0.1597108480448206
base_macro_rates_credit_vol_risk_state_context,Rates/Credit/Vol,2021-07-23,0.008540110843966933,0.16961490723407424
base_macro_rates_credit_vol_risk_state_context,Rates/Credit/Vol,2021-07-26,0.00102149159499,0.17080965903118894
base_macro_rates_credit_vol_risk_state_context,Rates/Credit/Vol,2021-07-27,-0.005841164010643667,0.16397076778754194
base_macro_rates_credit_vol_risk_state_context,Rates/Credit/Vol,2021-07-28,-0.007093872210909499,0.15571370790362282
base_macro_rates_credit_vol_risk_state_context,Rates/Credit/Vol,2021-07-29,0.0041314346393009,0.1604884635495707
base_macro_rates_credit_vol_risk_state_context,Rates/Credit/Vol,2021-07-30,-0.006850522450512867,0.15253851127646323
base_macro_rates_credit_vol_risk_state_context,Rates/Credit/Vol,2021-08-02,-0.0016891303935881,0.15059172344728533
base_macro_rates_credit_vol_risk_state_context,Rates/Credit/Vol,2021-08-03,0.008374150204089166,0.1602269513630148
base_macro_rates_credit_vol_risk_state_context,Rates/Credit/Vol,2021-08-04,-0.0056468117649186335,0.15367536816408234
base_macro_rates_credit_vol_risk_state_context,Rates/Credit/Vol,2021-08-05,0.008153069378861066,0.163081363481407
base_macro_rates_credit_vol_risk_state_context,Rates/Credit/Vol,2021-08-06,0.0031355719287117,0.16672828875554702
base_macro_rates_credit_vol_risk_state_context,Rates/Credit/Vol,2021-08-09,-0.0023101155080888333,0.16403301164196682
base_macro_rates_credit_vol_risk_state_context,Rates/Credit/Vol,2021-08-10,-0.0004614999265716324,0.163495810492567
base_macro_rates_credit_vol_risk_state_context,Rates/Credit/Vol,2021-08-11,0.003919806953263934,0.16805648946062934
base_macro_rates_credit_vol_risk_state_context,Rates/Credit/Vol,2021-08-12,0.003959212445254933,0.17268107325046267
base_macro_rates_credit_vol_risk_state_context,Rates/Credit/Vol,2021-08-13,0.0004222912979066333,0.17317628626291603
base_macro_rates_credit_vol_risk_state_context,Rates/Credit/Vol,2021-08-16,0.004505596483066134,0.17846214521231873
base_macro_rates_credit_vol_risk_state_context,Rates/Credit/Vol,2021-08-17,-0.008715592863118134,0.16819114895005138
base_macro_rates_credit_vol_risk_state_context,Rates/Credit/Vol,2021-08-18,-0.009048065759647101,0.1576212786145137
base_macro_rates_credit_vol_risk_state_context,Rates/Credit/Vol,2021-08-19,0.0014194563899735998,0.15926447153561263
base_macro_rates_credit_vol_risk_state_context,Rates/Credit/Vol,2021-08-20,0.008541991999676467,0.16916689937697904
base_macro_rates_credit_vol_risk_state_context,Rates/Credit/Vol,2021-08-23,0.005764281690295833,0.17590630672795782
base_macro_rates_credit_vol_risk_state_context,Rates/Credit/Vol,2021-08-24,0.0003946728326009667,0.1763704050009074
base_macro_rates_credit_vol_risk_state_context,Rates/Credit/Vol,2021-08-25,0.0018984527735452,0.1786036886589979
base_macro_rates_credit_vol_risk_state_context,Rates/Credit/Vol,2021-08-26,-0.0015360979373452734,0.17679323796390123
base_macro_rates_credit_vol_risk_state_context,Rates/Credit/Vol,2021-08-27,0.0060326207842064,0.18389238530995566
base_macro_rates_credit_vol_risk_state_context,Rates/Credit/Vol,2021-08-30,0.0017443816073154331,0.18595754541193132
base_macro_rates_credit_vol_risk_state_context,Rates/Credit/Vol,2021-08-31,-0.00014265742580626763,0.1857883597613874
base_macro_rates_credit_vol_risk_state_context,Rates/Credit/Vol,2021-09-01,0.0007289220248257667,0.18665270701359948
base_macro_rates_credit_vol_risk_state_context,Rates/Credit/Vol,2021-09-02,0.0004929177991993334,0.1872376292543545
base_macro_rates_credit_vol_risk_state_context,Rates/Credit/Vol,2021-09-03,7.084013982633349e-06,0.18724603966232078
base_macro_rates_credit_vol_risk_state_context,Rates/Credit/Vol,2021-09-07,-0.004974238391624134,0.18134039483152864
base_macro_rates_credit_vol_risk_state_context,Rates/Credit/Vol,2021-09-08,-0.001559294350719044,0.17949833742759158
base_macro_rates_credit_vol_risk_state_context,Rates/Credit/Vol,2021-09-09,-0.005009996118456267,0.17358905533535363
base_macro_rates_credit_vol_risk_state_context,Rates/Credit/Vol,2021-09-10,-0.008946351629921434,0.1630897149772963
base_macro_rates_credit_vol_risk_state_context,Rates/Credit/Vol,2021-09-13,0.006057990152425467,0.17013570101701592
base_macro_rates_credit_vol_risk_state_context,Rates/Credit/Vol,2021-09-14,-0.006263106880617367,0.1628070160567201
base_macro_rates_credit_vol_risk_state_context,Rates/Credit/Vol,2021-09-15,0.005688043533962067,0.16942111298564733
base_macro_rates_credit_vol_risk_state_context,Rates/Credit/Vol,2021-09-16,0.0006962967202181,0.1702353770711731
base_macro_rates_credit_vol_risk_state_context,Rates/Credit/Vol,2021-09-17,-0.005606429115952,0.16367453538064414
base_macro_rates_credit_vol_risk_state_context,Rates/Credit/Vol,2021-09-20,-0.017426316402759632,0.14339597473726684
base_macro_rates_credit_vol_risk_state_context,Rates/Credit/Vol,2021-09-21,0.0008842620863321505,0.14440703644739172
base_macro_rates_credit_vol_risk_state_context,Rates/Credit/Vol,2021-09-22,0.010377583036333,0.1562832154954883
base_macro_rates_credit_vol_risk_state_context,Rates/Credit/Vol,2021-09-23,0.017401558269242733,0.1764043452456805
base_macro_rates_credit_vol_risk_state_context,Rates/Credit/Vol,2021-09-24,0.0037830207788327667,0.18085470732805398
base_macro_rates_credit_vol_risk_state_context,Rates/Credit/Vol,2021-09-27,-0.0020910610326471666,0.1783854680643424
base_macro_rates_credit_vol_risk_state_context,Rates/Credit/Vol,2021-09-28,-0.0203539579240552,0.1544006598290426
base_macro_rates_credit_vol_risk_state_context,Rates/Credit/Vol,2021-09-29,0.0010875904707843334,0.15565617498613982
base_macro_rates_credit_vol_risk_state_context,Rates/Credit/Vol,2021-09-30,-0.013762396045688968,0.13975157701333463
base_macro_rates_credit_vol_risk_state_context,Rates/Credit/Vol,2021-10-01,0.011827621204576933,0.15323212693356747
base_macro_rates_credit_vol_risk_state_context,Rates/Credit/Vol,2022-01-04,0.0,0.15323212693356747
base_macro_rates_credit_vol_risk_state_context,Rates/Credit/Vol,2022-01-05,-0.0023740532470498334,0.1504942924580186
base_macro_rates_credit_vol_risk_state_context,Rates/Credit/Vol,2022-01-06,-0.0034420806074328,0.14653419836498682
base_macro_rates_credit_vol_risk_state_context,Rates/Credit/Vol,2022-01-07,-0.0030921037729255666,0.14298899564443435
base_macro_rates_credit_vol_risk_state_context,Rates/Credit/Vol,2022-01-10,-0.0028887824621617333,0.13968714907937296
base_macro_rates_credit_vol_risk_state_context,Rates/Credit/Vol,2022-01-11,0.0028143905742355666,0.1428946738493193
base_macro_rates_credit_vol_risk_state_context,Rates/Credit/Vol,2022-01-12,0.0012801729562810001,0.14435777670265892
base_macro_rates_credit_vol_risk_state_context,Rates/Credit/Vol,2022-01-13,-0.008846271777568132,0.13423447679917366
base_macro_rates_credit_vol_risk_state_context,Rates/Credit/Vol,2022-01-14,-0.0050514508936296,0.12850494703776105
base_macro_rates_credit_vol_risk_state_context,Rates/Credit/Vol,2022-01-18,-0.015367990364836466,0.11116209388501441
base_macro_rates_credit_vol_risk_state_context,Rates/Credit/Vol,2022-01-19,-0.0073962335092872325,0.10294367957197226
base_macro_rates_credit_vol_risk_state_context,Rates/Credit/Vol,2022-01-20,-0.007882341716912168,0.09424990059507743
base_macro_rates_credit_vol_risk_state_context,Rates/Credit/Vol,2022-01-21,-0.0084079378979667,0.0850495153860178
base_macro_rates_credit_vol_risk_state_context,Rates/Credit/Vol,2022-01-24,0.007166236369483833,0.09282523668586773
base_macro_rates_credit_vol_risk_state_context,Rates/Credit/Vol,2022-01-25,-0.0024378741904326332,0.09016106624669784
base_macro_rates_credit_vol_risk_state_context,Rates/Credit/Vol,2022-01-26,-0.0004435087536965333,0.0896775702708783
base_macro_rates_credit_vol_risk_state_context,Rates/Credit/Vol,2022-01-27,-0.00014779322634176674,0.08951652330709581
base_macro_rates_credit_vol_risk_state_context,Rates/Credit/Vol,2022-01-28,0.014245101825217765,0.10503679712186265
base_macro_rates_credit_vol_risk_state_context,Rates/Credit/Vol,2022-01-31,0.009106182752063267,0.11509946414420913
base_macro_rates_credit_vol_risk_state_context,Rates/Credit/Vol,2022-02-01,0.004301403451910133,0.11989595682850229
base_macro_rates_credit_vol_risk_state_context,Rates/Credit/Vol,2022-02-02,0.011480108552089868,0.1327524839799401
base_macro_rates_credit_vol_risk_state_context,Rates/Credit/Vol,2022-02-03,-0.0118089895986331,0.11937582167879524
base_macro_rates_credit_vol_risk_state_context,Rates/Credit/Vol,2022-02-04,-0.0021174843775104333,0.11700556086382741
base_macro_rates_credit_vol_risk_state_context,Rates/Credit/Vol,2022-02-07,-0.0012555910964415107,0.11560305862693121
base_macro_rates_credit_vol_risk_state_context,Rates/Credit/Vol,2022-02-08,0.012302739090340166,0.1293280319856036
base_macro_rates_credit_vol_risk_state_context,Rates/Credit/Vol,2022-02-09,0.0078351436698444,0.1381764793665936
base_macro_rates_credit_vol_risk_state_context,Rates/Credit/Vol,2022-02-10,-0.017094737441724933,0.11871965128947481
base_macro_rates_credit_vol_risk_state_context,Rates/Credit/Vol,2022-02-11,-0.013651912776302467,0.10344698818893527
base_macro_rates_credit_vol_risk_state_context,Rates/Credit/Vol,2022-02-14,-0.003241851600972767,0.09986977680368647
base_macro_rates_credit_vol_risk_state_context,Rates/Credit/Vol,2022-02-15,0.010172681292550901,0.11105840150641955
base_macro_rates_credit_vol_risk_state_context,Rates/Credit/Vol,2022-02-16,-0.0015884660039442334,0.10929352300723005
base_macro_rates_credit_vol_risk_state_context,Rates/Credit/Vol,2022-02-17,-0.0134892646812618,0.09432996906617608
base_macro_rates_credit_vol_risk_state_context,Rates/Credit/Vol,2022-02-18,-0.0059968824397099,0.08776740089143487
base_macro_rates_credit_vol_risk_state_context,Rates/Credit/Vol,2022-02-22,-0.021437907480832564,0.06444794399045861
base_macro_rates_credit_vol_risk_state_context,Rates/Credit/Vol,2022-02-23,-0.012509233013165533,0.05113251662869689
base_macro_rates_credit_vol_risk_state_context,Rates/Credit/Vol,2022-02-24,0.0034234832724313,0.054731051216483806
base_macro_rates_credit_vol_risk_state_context,Rates/Credit/Vol,2022-02-25,0.027921595972048435,0.08418082548772432
base_macro_rates_credit_vol_risk_state_context,Rates/Credit/Vol,2022-02-28,-0.0023629811606658995,0.08161892662234171
base_macro_rates_credit_vol_risk_state_context,Rates/Credit/Vol,2022-03-01,-0.012712784925704067,0.06786853783662106
base_macro_rates_credit_vol_risk_state_context,Rates/Credit/Vol,2022-03-02,0.018367568051654234,0.08748268587555574
base_macro_rates_credit_vol_risk_state_context,Rates/Credit/Vol,2022-03-03,-0.0040438612179421,0.0830850568169601
base_macro_rates_credit_vol_risk_state_context,Rates/Credit/Vol,2022-03-04,-0.0032800145514149336,0.07953252207018036
base_macro_rates_credit_vol_risk_state_context,Rates/Credit/Vol,2022-03-07,-0.0211972047860383,0.05664945012667033
base_macro_rates_credit_vol_risk_state_context,Rates/Credit/Vol,2022-03-08,-0.011012691841027699,0.04501289534843389
base_macro_rates_credit_vol_risk_state_context,Rates/Credit/Vol,2022-03-09,0.019281704589937634,0.06516252528921784
base_macro_rates_credit_vol_risk_state_context,Rates/Credit/Vol,2022-03-10,-0.002674864696745067,0.06231335965402596
base_macro_rates_credit_vol_risk_state_context,Rates/Credit/Vol,2022-03-11,-0.007242517735825134,0.05461953630572758
base_macro_rates_credit_vol_risk_state_context,Rates/Credit/Vol,2022-03-14,0.002009879569978567,0.05673919456584864
base_macro_rates_credit_vol_risk_state_context,Rates/Credit/Vol,2022-03-15,0.0205573199192159,0.07846292025971335
base_macro_rates_credit_vol_risk_state_context,Rates/Credit/Vol,2022-03-16,0.011369399392226831,0.09072439592985337
base_macro_rates_credit_vol_risk_state_context,Rates/Credit/Vol,2022-03-17,0.012245368517909102,0.10408071810948827
base_macro_rates_credit_vol_risk_state_context,Rates/Credit/Vol,2022-03-18,0.006560589264148667,0.11132413821547105
base_macro_rates_credit_vol_risk_state_context,Rates/Credit/Vol,2022-03-21,-0.006755112779734767,0.10381701832698398
base_macro_rates_credit_vol_risk_state_context,Rates/Credit/Vol,2022-03-22,0.006140616015695701,0.11059513478812
base_macro_rates_credit_vol_risk_state_context,Rates/Credit/Vol,2022-03-23,-0.014243098253736966,0.09477681916321057
base_macro_rates_credit_vol_risk_state_context,Rates/Credit/Vol,2022-03-24,0.0104573551170458,0.10622528913511009
base_macro_rates_credit_vol_risk_state_context,Rates/Credit/Vol,2022-03-25,0.0027760804606229,0.10929625954532507
base_macro_rates_credit_vol_risk_state_context,Rates/Credit/Vol,2022-03-28,0.0043511551230458,0.1141229796480212
base_macro_rates_credit_vol_risk_state_context,Rates/Credit/Vol,2022-03-29,0.007233809451753767,0.12218233298861492
base_macro_rates_credit_vol_risk_state_context,Rates/Credit/Vol,2022-03-30,-0.0021285518613525845,0.11979370969495506
base_macro_rates_credit_vol_risk_state_context,Rates/Credit/Vol,2022-03-31,-0.017369030777430666,0.10034397828689001
base_macro_rates_credit_vol_risk_state_context,Rates/Credit/Vol,2022-04-01,0.0055101849003978,0.10640707706129016
base_macro_rates_credit_vol_risk_state_context,Rates/Credit/Vol,2022-07-05,0.0,0.10640707706129016
base_macro_rates_credit_vol_risk_state_context,Rates/Credit/Vol,2022-07-06,0.0005915454016367667,0.10706156708006409
base_macro_rates_credit_vol_risk_state_context,Rates/Credit/Vol,2022-07-07,0.0031209101054059667,0.11051660671207086
base_macro_rates_credit_vol_risk_state_context,Rates/Credit/Vol,2022-07-08,-0.0005254503544599,0.10993308536744029
base_macro_rates_credit_vol_risk_state_context,Rates/Credit/Vol,2022-07-11,-0.0030827556942654,0.10651143282827014
base_macro_rates_credit_vol_risk_state_context,Rates/Credit/Vol,2022-07-12,-0.007445611605761599,0.09827277846209603
base_macro_rates_credit_vol_risk_state_context,Rates/Credit/Vol,2022-07-13,-0.009320858584055599,0.08803593320733305
base_macro_rates_credit_vol_risk_state_context,Rates/Credit/Vol,2022-07-14,-0.007343952612737899,0.08004544887290233
base_macro_rates_credit_vol_risk_state_context,Rates/Credit/Vol,2022-07-15,0.026943348675539002,0.1091454899873141
base_macro_rates_credit_vol_risk_state_context,Rates/Credit/Vol,2022-07-18,-0.007972707078283367,0.1003025978884462
base_macro_rates_credit_vol_risk_state_context,Rates/Credit/Vol,2022-07-19,0.02582277517935457,0.12871546450297933
base_macro_rates_credit_vol_risk_state_context,Rates/Credit/Vol,2022-07-20,0.0021512780952253337,0.13114364535750656
base_macro_rates_credit_vol_risk_state_context,Rates/Credit/Vol,2022-07-21,0.0065869917725354344,0.13859447924303225
base_macro_rates_credit_vol_risk_state_context,Rates/Credit/Vol,2022-07-22,-0.0031582987359783953,0.1349984577384471
base_macro_rates_credit_vol_risk_state_context,Rates/Credit/Vol,2022-07-25,0.0016704293191771,0.13689439243947432
base_macro_rates_credit_vol_risk_state_context,Rates/Credit/Vol,2022-07-26,-0.006011058237293934,0.13006045403686772
base_macro_rates_credit_vol_risk_state_context,Rates/Credit/Vol,2022-07-27,0.014373830586301733,0.14630375155547282
base_macro_rates_credit_vol_risk_state_context,Rates/Credit/Vol,2022-07-28,0.0079544190878573,0.15542193199732823
base_macro_rates_credit_vol_risk_state_context,Rates/Credit/Vol,2022-07-29,0.007977686642402866,0.16463952611056265
base_macro_rates_credit_vol_risk_state_context,Rates/Credit/Vol,2022-08-01,-0.004517549646090067,0.15937820923155943
base_macro_rates_credit_vol_risk_state_context,Rates/Credit/Vol,2022-08-02,-0.007165209163059833,0.15107102186332155
base_macro_rates_credit_vol_risk_state_context,Rates/Credit/Vol,2022-08-03,0.0158259721629892,0.16928783981295403
base_macro_rates_credit_vol_risk_state_context,Rates/Credit/Vol,2022-08-04,-0.0019838873996051334,0.1669681044010376
base_macro_rates_credit_vol_risk_state_context,Rates/Credit/Vol,2022-08-05,0.0022789981250332333,0.16962762252294117
base_macro_rates_credit_vol_risk_state_context,Rates/Credit/Vol,2022-08-08,0.0007887063323350154,0.17055011523529906
base_macro_rates_credit_vol_risk_state_context,Rates/Credit/Vol,2022-08-09,-0.0015217900004263335,0.1687687837749361
base_macro_rates_credit_vol_risk_state_context,Rates/Credit/Vol,2022-08-10,0.016520228096061067,0.18807711067445387
base_macro_rates_credit_vol_risk_state_context,Rates/Credit/Vol,2022-08-11,0.0005126989476345666,0.18868623655880534
base_macro_rates_credit_vol_risk_state_context,Rates/Credit/Vol,2022-08-12,0.013665704768615667,0.2049304717301348
base_macro_rates_credit_vol_risk_state_context,Rates/Credit/Vol,2022-08-15,0.005218180556377201,0.21121801648950322
base_macro_rates_credit_vol_risk_state_context,Rates/Credit/Vol,2022-08-16,0.0024035823598611665,0.21412927874788346
base_macro_rates_credit_vol_risk_state_context,Rates/Credit/Vol,2022-08-17,-0.0029731304796219997,0.2105195139830367
base_macro_rates_credit_vol_risk_state_context,Rates/Credit/Vol,2022-08-18,0.0006369066057892334,0.2112905018579292
base_macro_rates_credit_vol_risk_state_context,Rates/Credit/Vol,2022-08-19,-0.007594812540141801,0.202090977564664
base_macro_rates_credit_vol_risk_state_context,Rates/Credit/Vol,2022-08-22,-0.018290023726098798,0.18010470506407694
base_macro_rates_credit_vol_risk_state_context,Rates/Credit/Vol,2022-08-23,-0.0070266838697238,0.17181248236841795
base_macro_rates_credit_vol_risk_state_context,Rates/Credit/Vol,2022-08-24,0.0038290240014062665,0.1762993804885542
base_macro_rates_credit_vol_risk_state_context,Rates/Credit/Vol,2022-08-25,0.0061201998584894,0.1834985677905614
base_macro_rates_credit_vol_risk_state_context,Rates/Credit/Vol,2022-08-26,-0.03065804083963823,0.14721482036558498
base_macro_rates_credit_vol_risk_state_context,Rates/Credit/Vol,2022-08-29,-0.008486812043583099,0.1374786238115293
base_macro_rates_credit_vol_risk_state_context,Rates/Credit/Vol,2022-08-30,-0.008074653621063166,0.1282938779228875
base_macro_rates_credit_vol_risk_state_context,Rates/Credit/Vol,2022-08-31,-0.008462138247967634,0.11874609914356848
base_macro_rates_credit_vol_risk_state_context,Rates/Credit/Vol,2022-09-01,0.0055686131198089,0.12497596334899441
base_macro_rates_credit_vol_risk_state_context,Rates/Credit/Vol,2022-09-02,-0.0107537331088311,0.11287827208528922
base_macro_rates_credit_vol_risk_state_context,Rates/Credit/Vol,2022-09-06,-0.0065674545241673,0.10556949464243526
base_macro_rates_credit_vol_risk_state_context,Rates/Credit/Vol,2022-09-07,0.012345717072242501,0.11921854282699296
base_macro_rates_credit_vol_risk_state_context,Rates/Credit/Vol,2022-09-08,0.0066681979910828,0.12668171366585446
base_macro_rates_credit_vol_risk_state_context,Rates/Credit/Vol,2022-09-09,0.013645742230090567,0.14205612190589556
base_macro_rates_credit_vol_risk_state_context,Rates/Credit/Vol,2022-09-12,0.010961022415837967,0.1545742246582511
base_macro_rates_credit_vol_risk_state_context,Rates/Credit/Vol,2022-09-13,-0.03614790006701416,0.11283879096535432
base_macro_rates_credit_vol_risk_state_context,Rates/Credit/Vol,2022-09-14,0.0007140268368350334,0.11363338772717468
base_macro_rates_credit_vol_risk_state_context,Rates/Credit/Vol,2022-09-15,-0.0030045125547049334,0.11028746223240993
base_macro_rates_credit_vol_risk_state_context,Rates/Credit/Vol,2022-09-16,-0.0062339629836041,0.10336597129169323
base_macro_rates_credit_vol_risk_state_context,Rates/Credit/Vol,2022-09-19,0.006909536905518734,0.11098971919062683
base_macro_rates_credit_vol_risk_state_context,Rates/Credit/Vol,2022-09-20,-0.007952779702455033,0.1021542627022114
base_macro_rates_credit_vol_risk_state_context,Rates/Credit/Vol,2022-09-21,-0.017457627101689698,0.08291326457541848
base_macro_rates_credit_vol_risk_state_context,Rates/Credit/Vol,2022-09-22,-0.002035193313818367,0.08070932673990927
base_macro_rates_credit_vol_risk_state_context,Rates/Credit/Vol,2022-09-23,-0.015449432868854867,0.06401298054569571
base_macro_rates_credit_vol_risk_state_context,Rates/Credit/Vol,2022-09-26,-0.0108727622826902,0.052444220342525716
base_macro_rates_credit_vol_risk_state_context,Rates/Credit/Vol,2022-09-27,-0.0029426812088037004,0.0493472125120098
base_macro_rates_credit_vol_risk_state_context,Rates/Credit/Vol,2022-09-28,0.012801717699156667,0.06278065929498555
base_macro_rates_credit_vol_risk_state_context,Rates/Credit/Vol,2022-09-29,-0.015969366329329368,0.045808725618977864
base_macro_rates_credit_vol_risk_state_context,Rates/Credit/Vol,2022-09-30,-0.0152989111950491,0.029808990798725565
base_macro_rates_credit_vol_risk_state_context,Rates/Credit/Vol,2022-10-03,0.0252728390000005,0.05583518762393469
base_macro_rates_term_structure_lsc,Rates,2016-01-04,0.0,0.0
base_macro_rates_term_structure_lsc,Rates,2016-01-05,3.328621508280087e-05,3.3286215082695136e-05
base_macro_rates_term_structure_lsc,Rates,2016-01-06,-0.0022125471700212332,-0.0021793346022596083
base_macro_rates_term_structure_lsc,Rates,2016-01-07,-0.0059860717981330335,-0.008152360746991327
base_macro_rates_term_structure_lsc,Rates,2016-01-08,-0.0031982024594391333,-0.011324490306239166
base_macro_rates_term_structure_lsc,Rates,2016-01-11,0.001558096737333067,-0.00978403822030427
base_macro_rates_term_structure_lsc,Rates,2016-01-12,0.004524711539805801,-0.005303596631139884
base_macro_rates_term_structure_lsc,Rates,2016-01-13,-0.013823040442158633,-0.019053325242577412
base_macro_rates_term_structure_lsc,Rates,2016-01-14,0.007876064995871299,-0.011327325474704053
base_macro_rates_term_structure_lsc,Rates,2016-01-15,-0.016803520109353164,-0.027940506642657792
base_macro_rates_term_structure_lsc,Rates,2016-01-19,0.005108338379504266,-0.022974897825578933
base_macro_rates_term_structure_lsc,Rates,2016-01-20,-0.008256562091072034,-0.031041766246218017
base_macro_rates_term_structure_lsc,Rates,2016-01-21,0.004620094150012966,-0.02656508797884527
base_macro_rates_term_structure_lsc,Rates,2016-01-22,0.012990039845543533,-0.013920129684647287
base_macro_rates_term_structure_lsc,Rates,2016-01-25,-0.011298425195898833,-0.025061279336586972
base_macro_rates_term_structure_lsc,Rates,2016-01-26,0.014604769588826302,-0.010822523958072705
base_macro_rates_term_structure_lsc,Rates,2016-01-27,-0.013943112887751033,-0.02461473717254603
base_macro_rates_term_structure_lsc,Rates,2016-01-28,0.0036438101507762014,-0.021060618450937763
base_macro_rates_term_structure_lsc,Rates,2016-01-29,0.027240601763177167,0.005606279392131208
base_macro_rates_term_structure_lsc,Rates,2016-02-01,0.0005548994640338333,0.006164289777595089
base_macro_rates_term_structure_lsc,Rates,2016-02-02,-0.020258212483654735,-0.014218800198185
base_macro_rates_term_structure_lsc,Rates,2016-02-03,0.006743029644696066,-0.007571648344737447
base_macro_rates_term_structure_lsc,Rates,2016-02-04,0.0019140363983063333,-0.005672104356958085
base_macro_rates_term_structure_lsc,Rates,2016-02-05,-0.02634684239535923,-0.0318695047127745
base_macro_rates_term_structure_lsc,Rates,2016-02-08,-0.017345107334556197,-0.0486618320673885
base_macro_rates_term_structure_lsc,Rates,2016-02-09,0.007170081197637933,-0.04184066015689969
base_macro_rates_term_structure_lsc,Rates,2016-02-10,-0.0009809315550854336,-0.042780548888151526
base_macro_rates_term_structure_lsc,Rates,2016-02-11,-0.012829547596142035,-0.05506124139614399
base_macro_rates_term_structure_lsc,Rates,2016-02-12,0.018051457314815802,-0.03800371973009142
base_macro_rates_term_structure_lsc,Rates,2016-02-16,0.014004427478443366,-0.024531512588519155
base_macro_rates_term_structure_lsc,Rates,2016-02-17,0.018017493829886964,-0.006956015135333615
base_macro_rates_term_structure_lsc,Rates,2016-02-18,-0.006459641142421867,-0.013370722916199895
base_macro_rates_term_structure_lsc,Rates,2016-02-19,-0.0012576044507763998,-0.014611512286326733
base_macro_rates_term_structure_lsc,Rates,2016-02-22,0.012765947330583468,-0.0020320947520107158
base_macro_rates_term_structure_lsc,Rates,2016-02-23,-0.010024805428737267,-0.012036528826246395
base_macro_rates_term_structure_lsc,Rates,2016-02-24,0.0006459600945525667,-0.01139834384899252
base_macro_rates_term_structure_lsc,Rates,2016-02-25,0.0184575317300638,0.006848802587808178
base_macro_rates_term_structure_lsc,Rates,2016-02-26,-0.0022653298647909,0.004567957925976973
base_macro_rates_term_structure_lsc,Rates,2016-02-29,-0.0090341317744057,-0.004507441382271993
base_macro_rates_term_structure_lsc,Rates,2016-03-01,0.0227781791992686,0.01816806650946101
base_macro_rates_term_structure_lsc,Rates,2016-03-02,0.0010535655519037332,0.019240773310383874
base_macro_rates_term_structure_lsc,Rates,2016-03-03,0.0005477975720065667,0.019799110931293384
base_macro_rates_term_structure_lsc,Rates,2016-03-04,0.0024872349347145,0.022335590906392477
base_macro_rates_term_structure_lsc,Rates,2016-03-07,-0.0005853195084338667,0.021737197940868702
base_macro_rates_term_structure_lsc,Rates,2016-03-08,-0.0027807407173875663,0.018896011712085103
base_macro_rates_term_structure_lsc,Rates,2016-03-09,0.0013482265604039666,0.02026971437736491
base_macro_rates_term_structure_lsc,Rates,2016-03-10,-0.0008121313961994667,0.019441121309727638
base_macro_rates_term_structure_lsc,Rates,2016-03-11,0.013760093080625299,0.033468726029166396
base_macro_rates_term_structure_lsc,Rates,2016-03-14,0.0025077250234611663,0.03606038141439427
base_macro_rates_term_structure_lsc,Rates,2016-03-15,0.0004645772897775334,0.03654171153843766
base_macro_rates_term_structure_lsc,Rates,2016-03-16,0.004715434389253034,0.04142945597092118
base_macro_rates_term_structure_lsc,Rates,2016-03-17,0.007602479779040133,0.049346902351236954
base_macro_rates_term_structure_lsc,Rates,2016-03-18,0.005657291328791568,0.05528336348280294
base_macro_rates_term_structure_lsc,Rates,2016-03-21,0.0013986945572257669,0.05675938257963731
base_macro_rates_term_structure_lsc,Rates,2016-03-22,-0.0005402880272673666,0.05618842813752711
base_macro_rates_term_structure_lsc,Rates,2016-03-23,-0.0055224281190871345,0.05035570346292606
base_macro_rates_term_structure_lsc,Rates,2016-03-24,-0.00011870670124220005,0.05023101920223705
base_macro_rates_term_structure_lsc,Rates,2016-03-28,0.00015473798628548807,0.05039352983528289
base_macro_rates_term_structure_lsc,Rates,2016-03-29,0.0046702169437983,0.05529909549597556
base_macro_rates_term_structure_lsc,Rates,2016-03-30,0.007835983978802566,0.0635684023011267
base_macro_rates_term_structure_lsc,Rates,2016-03-31,-0.0022458228661807666,0.06117981606349154
base_macro_rates_term_structure_lsc,Rates,2016-04-01,0.0094516817451494,0.07120974995929985
base_macro_rates_term_structure_lsc,Rates,2016-07-05,0.0,0.07120974995929985
base_macro_rates_term_structure_lsc,Rates,2016-07-06,0.00037894314339953337,0.07161567754918963
base_macro_rates_term_structure_lsc,Rates,2016-07-07,-0.0004020120735532,0.07118487510860594
base_macro_rates_term_structure_lsc,Rates,2016-07-08,0.004208365520840067,0.07569281260345839
base_macro_rates_term_structure_lsc,Rates,2016-07-11,0.0011522287371817667,0.07693225677451987
base_macro_rates_term_structure_lsc,Rates,2016-07-12,0.0024448629551996003,0.07956520855436744
base_macro_rates_term_structure_lsc,Rates,2016-07-13,-0.00016806488849313334,0.07938377154797083
base_macro_rates_term_structure_lsc,Rates,2016-07-14,0.0036492341602537997,0.08332269567912731
base_macro_rates_term_structure_lsc,Rates,2016-07-15,0.0005005901763427411,0.08386499637839329
base_macro_rates_term_structure_lsc,Rates,2016-07-18,-0.00024780706517896667,0.08359640697459048
base_macro_rates_term_structure_lsc,Rates,2016-07-19,0.0027941778931777003,0.08662416810008566
base_macro_rates_term_structure_lsc,Rates,2016-07-20,0.0036927065996004336,0.09063675233691426
base_macro_rates_term_structure_lsc,Rates,2016-07-21,-0.0025497690087886,0.08785588054595972
base_macro_rates_term_structure_lsc,Rates,2016-07-22,0.003716439372447333,0.09189883097196905
base_macro_rates_term_structure_lsc,Rates,2016-07-25,-0.004987392770383734,0.08645310263638906
base_macro_rates_term_structure_lsc,Rates,2016-07-26,-0.0025518332510175335,0.08368065548341042
base_macro_rates_term_structure_lsc,Rates,2016-07-27,0.00019540210403008488,0.0838924089635884
base_macro_rates_term_structure_lsc,Rates,2016-07-28,0.0014124466176117982,0.0854233491304841
base_macro_rates_term_structure_lsc,Rates,2016-07-29,0.0008064727304531333,0.0862987134625548
base_macro_rates_term_structure_lsc,Rates,2016-08-01,-0.0006437681547241,0.08559938894430985
base_macro_rates_term_structure_lsc,Rates,2016-08-02,-0.003486324457419933,0.08181463724367322
base_macro_rates_term_structure_lsc,Rates,2016-08-03,0.0016528884737831333,0.08360275618834323
base_macro_rates_term_structure_lsc,Rates,2016-08-04,0.0001435698752634,0.0837583289008843
base_macro_rates_term_structure_lsc,Rates,2016-08-05,0.006762467365695867,0.09108720923237756
base_macro_rates_term_structure_lsc,Rates,2016-08-08,-0.0011955416856562,0.08978276899105397
base_macro_rates_term_structure_lsc,Rates,2016-08-09,-0.0002006648715418,0.08956408787170589
base_macro_rates_term_structure_lsc,Rates,2016-08-10,-0.0013886337347973332,0.08805108242306359
base_macro_rates_term_structure_lsc,Rates,2016-08-11,0.006447256830061099,0.09506602719567114
base_macro_rates_term_structure_lsc,Rates,2016-08-12,-0.0009770579340319001,0.09399608424551076
base_macro_rates_term_structure_lsc,Rates,2016-08-15,0.0016498280632211999,0.09580098968635298
base_macro_rates_term_structure_lsc,Rates,2016-08-16,-0.005804724016405901,0.08944016736431926
base_macro_rates_term_structure_lsc,Rates,2016-08-17,0.002836090961260833,0.09252991877581573
base_macro_rates_term_structure_lsc,Rates,2016-08-18,0.00022691259485186667,0.09277782757463848
base_macro_rates_term_structure_lsc,Rates,2016-08-19,-0.0023575366937253666,0.09020156374804178
base_macro_rates_term_structure_lsc,Rates,2016-08-22,-0.0006022379942725436,0.08954500294493739
base_macro_rates_term_structure_lsc,Rates,2016-08-23,0.001636656834035,0.09132821421999582
base_macro_rates_term_structure_lsc,Rates,2016-08-24,-0.0052605959964275,0.08558717738548172
base_macro_rates_term_structure_lsc,Rates,2016-08-25,-0.0012886704123191333,0.08418821330999204
base_macro_rates_term_structure_lsc,Rates,2016-08-26,-0.0017042914047784002,0.08234044065688573
base_macro_rates_term_structure_lsc,Rates,2016-08-29,0.0047217814734043335,0.0874510156974957
base_macro_rates_term_structure_lsc,Rates,2016-08-30,-0.0026380440601808,0.08458227200479729
base_macro_rates_term_structure_lsc,Rates,2016-08-31,-0.003134331854289867,0.08118283124105452
base_macro_rates_term_structure_lsc,Rates,2016-09-01,-0.00028230953803596665,0.08087760301543434
base_macro_rates_term_structure_lsc,Rates,2016-09-02,0.003366239979280167,0.08451609641541347
base_macro_rates_term_structure_lsc,Rates,2016-09-06,0.0036555620009716,0.0884806122469115
base_macro_rates_term_structure_lsc,Rates,2016-09-07,-0.0003464267724628,0.08810353342152255
base_macro_rates_term_structure_lsc,Rates,2016-09-08,-0.0026263514651008,0.08524579111233965
base_macro_rates_term_structure_lsc,Rates,2016-09-09,-0.021526815787847566,0.061883904882527485
base_macro_rates_term_structure_lsc,Rates,2016-09-12,0.014720278606933833,0.07751513181061709
base_macro_rates_term_structure_lsc,Rates,2016-09-13,-0.0133714292077833,0.063107214505296
base_macro_rates_term_structure_lsc,Rates,2016-09-14,0.0003319139360942,0.06346007460535263
base_macro_rates_term_structure_lsc,Rates,2016-09-15,0.010169098592836634,0.0742745049535598
base_macro_rates_term_structure_lsc,Rates,2016-09-16,-0.0017621230290056,0.07238150110890751
base_macro_rates_term_structure_lsc,Rates,2016-09-19,-0.0012806876416135333,0.0710081153733424
base_macro_rates_term_structure_lsc,Rates,2016-09-20,0.0024036820104267665,0.07358247831328635
base_macro_rates_term_structure_lsc,Rates,2016-09-21,0.010020121310816367,0.08433990498315236
base_macro_rates_term_structure_lsc,Rates,2016-09-22,0.006278447234054833,0.09114787586036921
base_macro_rates_term_structure_lsc,Rates,2016-09-23,-0.007052046183008201,0.08345305064731057
base_macro_rates_term_structure_lsc,Rates,2016-09-26,-0.008247440059346666,0.07451733655498072
base_macro_rates_term_structure_lsc,Rates,2016-09-27,0.006504174210817633,0.081506184504478
base_macro_rates_term_structure_lsc,Rates,2016-09-28,0.004569183118423067,0.08644778430518607
base_macro_rates_term_structure_lsc,Rates,2016-09-29,-0.009494593659107866,0.07613240406137023
base_macro_rates_term_structure_lsc,Rates,2016-09-30,0.008043040727283767,0.08478778081518556
base_macro_rates_term_structure_lsc,Rates,2016-10-03,-0.003548283120187233,0.08093864664353378
base_macro_rates_term_structure_lsc,Rates,2017-01-04,0.0,0.08093864664353378
base_macro_rates_term_structure_lsc,Rates,2017-01-05,-0.0005152722621281,0.08038166894185617
base_macro_rates_term_structure_lsc,Rates,2017-01-06,0.0012646976844307666,0.08174802513686852
base_macro_rates_term_structure_lsc,Rates,2017-01-09,-0.0015730435211365,0.08004638841442469
base_macro_rates_term_structure_lsc,Rates,2017-01-10,5.040485469470001e-05,0.08010082799569629
base_macro_rates_term_structure_lsc,Rates,2017-01-11,0.003751719701847067,0.08415306355206909
base_macro_rates_term_structure_lsc,Rates,2017-01-12,-0.0030043700902207,0.08089586651471214
base_macro_rates_term_structure_lsc,Rates,2017-01-13,0.0006582267176018,0.0816073410529976
base_macro_rates_term_structure_lsc,Rates,2017-01-17,-0.007275116425372534,0.07373852172029949
base_macro_rates_term_structure_lsc,Rates,2017-01-18,0.0002533182904236335,0.07401051932698377
base_macro_rates_term_structure_lsc,Rates,2017-01-19,-0.0041413851326612,0.06956262812992131
base_macro_rates_term_structure_lsc,Rates,2017-01-20,0.0031843076229689,0.07296844455991813
base_macro_rates_term_structure_lsc,Rates,2017-01-23,-0.0015176144717982335,0.07134009212067127
base_macro_rates_term_structure_lsc,Rates,2017-01-24,0.006234641301553233,0.07801951330701673
base_macro_rates_term_structure_lsc,Rates,2017-01-25,0.011367108494857331,0.09027347807435082
base_macro_rates_term_structure_lsc,Rates,2017-01-26,0.003410787537514167,0.09399216926584919
base_macro_rates_term_structure_lsc,Rates,2017-01-27,-0.0011325398224260334,0.0927531795687333
base_macro_rates_term_structure_lsc,Rates,2017-01-30,-0.005578105888557501,0.08665768662304107
base_macro_rates_term_structure_lsc,Rates,2017-01-31,-0.008330658503320066,0.07760511252577684
base_macro_rates_term_structure_lsc,Rates,2017-02-01,0.0010291150477868332,0.07871409216264902
base_macro_rates_term_structure_lsc,Rates,2017-02-02,-0.0008936912107363643,0.07775005485958575
base_macro_rates_term_structure_lsc,Rates,2017-02-03,0.013615553848458133,0.09242421876670526
base_macro_rates_term_structure_lsc,Rates,2017-02-06,-0.001130796559725,0.09118890921836353
base_macro_rates_term_structure_lsc,Rates,2017-02-07,0.0018228411086514667,0.09317797321939114
base_macro_rates_term_structure_lsc,Rates,2017-02-08,-0.0016050343210309,0.09142338505337899
base_macro_rates_term_structure_lsc,Rates,2017-02-09,0.0071360376355597,0.09921182340544976
base_macro_rates_term_structure_lsc,Rates,2017-02-10,0.0052745940894595,0.10500971959224814
base_macro_rates_term_structure_lsc,Rates,2017-02-13,0.0074190448447636,0.11320783625580266
base_macro_rates_term_structure_lsc,Rates,2017-02-14,0.005880163950273067,0.1197536808437154
base_macro_rates_term_structure_lsc,Rates,2017-02-15,0.004348106208859267,0.12462248877578497
base_macro_rates_term_structure_lsc,Rates,2017-02-16,0.0004454944274728666,0.12512350182754517
base_macro_rates_term_structure_lsc,Rates,2017-02-17,0.0022554745732283666,0.1276611892776589
base_macro_rates_term_structure_lsc,Rates,2017-02-21,0.006537373551706399,0.1350331317117286
base_macro_rates_term_structure_lsc,Rates,2017-02-22,0.00045703612868162343,0.1355518828601714
base_macro_rates_term_structure_lsc,Rates,2017-02-23,0.0017008308296268667,0.13748326451118076
base_macro_rates_term_structure_lsc,Rates,2017-02-24,-0.0012978888193826,0.13600693769993688
base_macro_rates_term_structure_lsc,Rates,2017-02-27,0.002576198167113533,0.13893351669066778
base_macro_rates_term_structure_lsc,Rates,2017-02-28,-0.0002302756456988,0.13867124803970388
base_macro_rates_term_structure_lsc,Rates,2017-03-01,0.016339694386311332,0.15727678823915237
base_macro_rates_term_structure_lsc,Rates,2017-03-02,-0.006668569781165934,0.14955940722065608
base_macro_rates_term_structure_lsc,Rates,2017-03-03,0.0005804926534377334,0.15022671801123777
base_macro_rates_term_structure_lsc,Rates,2017-03-06,-0.0034258419137697,0.146286223110337
base_macro_rates_term_structure_lsc,Rates,2017-03-07,-0.0009113893701039,0.14524151003149766
base_macro_rates_term_structure_lsc,Rates,2017-03-08,-0.0021738146591293336,0.14275196724874784
base_macro_rates_term_structure_lsc,Rates,2017-03-09,-0.0008936724577389667,0.14173072128959063
base_macro_rates_term_structure_lsc,Rates,2017-03-10,-0.0005722093753529257,0.1410774122667402
base_macro_rates_term_structure_lsc,Rates,2017-03-13,-0.00103208019953774,0.13989972886340007
base_macro_rates_term_structure_lsc,Rates,2017-03-14,-0.0009202683118076333,0.13885071526428905
base_macro_rates_term_structure_lsc,Rates,2017-03-15,0.002280745386915,0.14144814377951276
base_macro_rates_term_structure_lsc,Rates,2017-03-16,0.00011024014789938912,0.14157397719170262
base_macro_rates_term_structure_lsc,Rates,2017-03-17,-0.0017323387909717665,0.1395963843082495
base_macro_rates_term_structure_lsc,Rates,2017-03-20,-0.0018254680198079333,0.137516087553206
base_macro_rates_term_structure_lsc,Rates,2017-03-21,-0.014539481557022733,0.12097719337740953
base_macro_rates_term_structure_lsc,Rates,2017-03-22,-8.844538944173328e-05,0.12087804811298586
base_macro_rates_term_structure_lsc,Rates,2017-03-23,-0.00014614818443370003,0.12071423382128255
base_macro_rates_term_structure_lsc,Rates,2017-03-24,-0.0035983334282916,0.11668153033016115
base_macro_rates_term_structure_lsc,Rates,2017-03-27,-0.0035729105698444,0.11269172708729447
base_macro_rates_term_structure_lsc,Rates,2017-03-28,0.008298179728076234,0.12192504302060847
base_macro_rates_term_structure_lsc,Rates,2017-03-29,-0.0021270240546633333,0.11953868146657443
base_macro_rates_term_structure_lsc,Rates,2017-03-30,0.0048441851494481,0.12496193412156753
base_macro_rates_term_structure_lsc,Rates,2017-03-31,-0.0029231335943700667,0.12167352009954935
base_macro_rates_term_structure_lsc,Rates,2017-04-03,-0.0012181545967498333,0.12030714834498757
base_macro_rates_term_structure_lsc,Rates,2017-07-05,0.0,0.12030714834498757
base_macro_rates_term_structure_lsc,Rates,2017-07-06,-0.0010033262387592332,0.11918311478758348
base_macro_rates_term_structure_lsc,Rates,2017-07-07,0.0014857683960013334,0.12084596168887307
base_macro_rates_term_structure_lsc,Rates,2017-07-10,0.0004918668656760512,0.12139726867895484
base_macro_rates_term_structure_lsc,Rates,2017-07-11,-7.287286178433347e-05,0.12131554925078913
base_macro_rates_term_structure_lsc,Rates,2017-07-12,0.0039184728989723,0.12570939384172464
base_macro_rates_term_structure_lsc,Rates,2017-07-13,-0.0009539425747171667,0.12463553172418007
base_macro_rates_term_structure_lsc,Rates,2017-07-14,0.0050493922300495,0.1303142576397056
base_macro_rates_term_structure_lsc,Rates,2017-07-17,-0.0006001218387914666,0.12963593136899876
base_macro_rates_term_structure_lsc,Rates,2017-07-18,-0.0006732501988130999,0.12887540375361817
base_macro_rates_term_structure_lsc,Rates,2017-07-19,0.007097457811262267,0.13688754930593117
base_macro_rates_term_structure_lsc,Rates,2017-07-20,0.0008208616104283334,0.13782077665053039
base_macro_rates_term_structure_lsc,Rates,2017-07-21,0.0015489814279347333,0.13958323990188037
base_macro_rates_term_structure_lsc,Rates,2017-07-24,-0.00035589705426143273,0.13917766558371358
base_macro_rates_term_structure_lsc,Rates,2017-07-25,0.0069670817889874,0.14711440955202293
base_macro_rates_term_structure_lsc,Rates,2017-07-26,0.0056777029835264,0.15362738445758262
base_macro_rates_term_structure_lsc,Rates,2017-07-27,0.0011576009072032333,0.15496282456440524
base_macro_rates_term_structure_lsc,Rates,2017-07-28,0.0019223333403352667,0.15718304810891315
base_macro_rates_term_structure_lsc,Rates,2017-07-31,0.0015777339573638,0.1590087750988003
base_macro_rates_term_structure_lsc,Rates,2017-08-01,0.0017721353451234996,0.16106269551446117
base_macro_rates_term_structure_lsc,Rates,2017-08-02,0.0013836177861342666,0.1626691625107919
base_macro_rates_term_structure_lsc,Rates,2017-08-03,0.00042194231967284556,0.16315974183423365
base_macro_rates_term_structure_lsc,Rates,2017-08-04,0.00021890069702833333,0.16341435831247653
base_macro_rates_term_structure_lsc,Rates,2017-08-07,0.0024551538839294334,0.16627071959290673
base_macro_rates_term_structure_lsc,Rates,2017-08-08,-0.0018946257910272331,0.16406107300824613
base_macro_rates_term_structure_lsc,Rates,2017-08-09,-0.0025011172050591335,0.16114961983080578
base_macro_rates_term_structure_lsc,Rates,2017-08-10,-0.0105845198113974,0.14885940867571001
base_macro_rates_term_structure_lsc,Rates,2017-08-11,0.0025688221997442998,0.15181062422910108
base_macro_rates_term_structure_lsc,Rates,2017-08-14,0.0089827956484808,0.1621571036923002
base_macro_rates_term_structure_lsc,Rates,2017-08-15,0.0014373195763756,0.16382749484826098
base_macro_rates_term_structure_lsc,Rates,2017-08-16,0.004453815917451967,0.1690109682699843
base_macro_rates_term_structure_lsc,Rates,2017-08-17,-0.0119970719838028,0.1549862595337943
base_macro_rates_term_structure_lsc,Rates,2017-08-18,-0.0030258226311693,0.15149147597100732
base_macro_rates_term_structure_lsc,Rates,2017-08-21,0.003579035382429334,0.15561270470607336
base_macro_rates_term_structure_lsc,Rates,2017-08-22,0.010335988987271333,0.16755710489546627
base_macro_rates_term_structure_lsc,Rates,2017-08-23,-0.005423686825579599,0.16122464080753285
base_macro_rates_term_structure_lsc,Rates,2017-08-24,0.0015450169169151332,0.1630187525219191
base_macro_rates_term_structure_lsc,Rates,2017-08-25,0.0003395304409162432,0.16341363279175658
base_macro_rates_term_structure_lsc,Rates,2017-08-28,0.0024939651402917334,0.16631514583567952
base_macro_rates_term_structure_lsc,Rates,2017-08-29,0.0026964595561590004,0.16946006745616105
base_macro_rates_term_structure_lsc,Rates,2017-08-30,0.0032220607151276,0.17322813879742216
base_macro_rates_term_structure_lsc,Rates,2017-08-31,0.004469942013338167,0.17847240054626323
base_macro_rates_term_structure_lsc,Rates,2017-09-01,0.0022274464916815,0.1810973847604036
base_macro_rates_term_structure_lsc,Rates,2017-09-05,-0.0067319438060776,0.17314630353669136
base_macro_rates_term_structure_lsc,Rates,2017-09-06,0.00038369652826000003,0.17359643570049932
base_macro_rates_term_structure_lsc,Rates,2017-09-07,0.005413613201451767,0.17994983285798427
base_macro_rates_term_structure_lsc,Rates,2017-09-08,0.0013774322085113998,0.18157513376219048
base_macro_rates_term_structure_lsc,Rates,2017-09-11,0.013869732136402232,0.1979632643665057
base_macro_rates_term_structure_lsc,Rates,2017-09-12,-5.7497023242921505e-05,0.19789438504485024
base_macro_rates_term_structure_lsc,Rates,2017-09-13,-0.0008450978331294297,0.19688204709573087
base_macro_rates_term_structure_lsc,Rates,2017-09-14,0.0013183081902068334,0.19845990650112877
base_macro_rates_term_structure_lsc,Rates,2017-09-15,0.0015985102194280001,0.20037565690924564
base_macro_rates_term_structure_lsc,Rates,2017-09-18,0.0019923296258849703,0.20276720089269706
base_macro_rates_term_structure_lsc,Rates,2017-09-19,0.000494868776683,0.2033624128260374
base_macro_rates_term_structure_lsc,Rates,2017-09-20,0.0039329017088008,0.2080951189157476
base_macro_rates_term_structure_lsc,Rates,2017-09-21,-0.0015930548414515334,0.2061705571376249
base_macro_rates_term_structure_lsc,Rates,2017-09-22,-0.0004352632808988,0.20564555538360163
base_macro_rates_term_structure_lsc,Rates,2017-09-25,-0.0072086379341616,0.19695449309791013
base_macro_rates_term_structure_lsc,Rates,2017-09-26,-0.0026979125061469336,0.19372521460169256
base_macro_rates_term_structure_lsc,Rates,2017-09-27,0.0019167550760593665,0.19601329346620022
base_macro_rates_term_structure_lsc,Rates,2017-09-28,0.0038044995635361004,0.20056352551917556
base_macro_rates_term_structure_lsc,Rates,2017-09-29,0.0020246539337731,0.2029942511838625
base_macro_rates_term_structure_lsc,Rates,2017-10-02,0.005221978378771666,0.2092762611533312
base_macro_rates_term_structure_lsc,Rates,2017-10-03,0.0031907543036604,0.2131347645879207
base_macro_rates_term_structure_lsc,Rates,2018-01-04,0.0,0.2131347645879207
base_macro_rates_term_structure_lsc,Rates,2018-01-05,0.0016608772416432667,0.21514963250947106
base_macro_rates_term_structure_lsc,Rates,2018-01-08,0.0004954261934295999,0.2157516494663525
base_macro_rates_term_structure_lsc,Rates,2018-01-09,0.002045848608576467,0.21823889328678758
base_macro_rates_term_structure_lsc,Rates,2018-01-10,-0.0003563527495824582,0.21780477050751657
base_macro_rates_term_structure_lsc,Rates,2018-01-11,0.0076123986800702,0.22707518593511122
base_macro_rates_term_structure_lsc,Rates,2018-01-12,0.009010182117032533,0.23813135683167808
base_macro_rates_term_structure_lsc,Rates,2018-01-16,-0.0029056479006478,0.23453378305397377
base_macro_rates_term_structure_lsc,Rates,2018-01-17,0.014779101213429633,0.25277908278512684
base_macro_rates_term_structure_lsc,Rates,2018-01-18,-0.003744640571586433,0.24808787540449484
base_macro_rates_term_structure_lsc,Rates,2018-01-19,0.0037828584290515335,0.2528092151441659
base_macro_rates_term_structure_lsc,Rates,2018-01-22,0.006512860618316934,0.2609685869437428
base_macro_rates_term_structure_lsc,Rates,2018-01-23,0.0005869360387828998,0.2617086948511933
base_macro_rates_term_structure_lsc,Rates,2018-01-24,0.0010145502621699,0.26298876173833663
base_macro_rates_term_structure_lsc,Rates,2018-01-25,0.004506350222091567,0.2686802314252954
base_macro_rates_term_structure_lsc,Rates,2018-01-26,0.008186826133043668,0.2790666958984038
base_macro_rates_term_structure_lsc,Rates,2018-01-29,-0.0096040254136282,0.2667825068452703
base_macro_rates_term_structure_lsc,Rates,2018-01-30,-0.010491184449388333,0.2534924579086979
base_macro_rates_term_structure_lsc,Rates,2018-01-31,0.007116889118177167,0.2624134247421055
base_macro_rates_term_structure_lsc,Rates,2018-02-01,0.0004221587822916,0.26294636365624324
base_macro_rates_term_structure_lsc,Rates,2018-02-02,-0.023305615500467836,0.23351262130715678
base_macro_rates_term_structure_lsc,Rates,2018-02-05,-0.045269085199716265,0.17767263335827765
base_macro_rates_term_structure_lsc,Rates,2018-02-06,0.02643792227805977,0.2088078509080018
base_macro_rates_term_structure_lsc,Rates,2018-02-07,0.0001524839289386667,0.20899217467844022
base_macro_rates_term_structure_lsc,Rates,2018-02-08,-0.0452362577387721,0.15430189306052755
base_macro_rates_term_structure_lsc,Rates,2018-02-09,0.0190665790904666,0.1763104813988412
base_macro_rates_term_structure_lsc,Rates,2018-02-12,0.016046042594549233,0.19518560948778174
base_macro_rates_term_structure_lsc,Rates,2018-02-13,0.0013802317029273335,0.19683524255687912
base_macro_rates_term_structure_lsc,Rates,2018-02-14,0.013084589843804935,0.2124953408163468
base_macro_rates_term_structure_lsc,Rates,2018-02-15,0.014632234331698434,0.2302368567692641
base_macro_rates_term_structure_lsc,Rates,2018-02-16,-0.0008414447380987334,0.2292016804395205
base_macro_rates_term_structure_lsc,Rates,2018-02-20,-0.0034820797425702665,0.2249215021685287
base_macro_rates_term_structure_lsc,Rates,2018-02-21,-0.007026911048163167,0.21631408773180794
base_macro_rates_term_structure_lsc,Rates,2018-02-22,0.0048504279366100335,0.22221373156263446
base_macro_rates_term_structure_lsc,Rates,2018-02-23,0.015603181158174667,0.24128415383021506
base_macro_rates_term_structure_lsc,Rates,2018-02-26,0.014618716009684033,0.25943013436237994
base_macro_rates_term_structure_lsc,Rates,2018-02-27,-0.011501741429691133,0.24494449460818268
base_macro_rates_term_structure_lsc,Rates,2018-02-28,-0.014422053690169433,0.22698983826566255
base_macro_rates_term_structure_lsc,Rates,2018-03-01,-0.015972291437682803,0.20739199897780813
base_macro_rates_term_structure_lsc,Rates,2018-03-02,-0.0019637780547312666,0.20502094906675739
base_macro_rates_term_structure_lsc,Rates,2018-03-05,0.013132871820411134,0.2208463347317613
base_macro_rates_term_structure_lsc,Rates,2018-03-06,0.0014329047792807665,0.2225956912795657
base_macro_rates_term_structure_lsc,Rates,2018-03-07,-0.0035903808940977665,0.21820610706838917
base_macro_rates_term_structure_lsc,Rates,2018-03-08,0.004645696753353233,0.22386552322491182
base_macro_rates_term_structure_lsc,Rates,2018-03-09,0.018751111957863633,0.24681436267227141
base_macro_rates_term_structure_lsc,Rates,2018-03-12,-0.009515648494653932,0.23495011545899613
base_macro_rates_term_structure_lsc,Rates,2018-03-13,-0.0074449651671335,0.22575595486625644
base_macro_rates_term_structure_lsc,Rates,2018-03-14,-0.007491593938705801,0.21657308898444794
base_macro_rates_term_structure_lsc,Rates,2018-03-15,0.002913120789205633,0.2201171133415567
base_macro_rates_term_structure_lsc,Rates,2018-03-16,0.002196828087379,0.22279750088603723
base_macro_rates_term_structure_lsc,Rates,2018-03-19,-0.010702289047203167,0.2097107685853572
base_macro_rates_term_structure_lsc,Rates,2018-03-20,0.0074461346034399,0.21871843779947442
base_macro_rates_term_structure_lsc,Rates,2018-03-21,-0.002901462349544767,0.21518237213750324
base_macro_rates_term_structure_lsc,Rates,2018-03-22,-0.03148516109341764,0.1769221593928727
base_macro_rates_term_structure_lsc,Rates,2018-03-23,-0.016295085558035965,0.1577441121104175
base_macro_rates_term_structure_lsc,Rates,2018-03-26,0.030445553839990164,0.19299227280860687
base_macro_rates_term_structure_lsc,Rates,2018-03-27,-0.017429301420474733,0.1721992508935284
base_macro_rates_term_structure_lsc,Rates,2018-03-28,-0.004612554673878233,0.16679241776010278
base_macro_rates_term_structure_lsc,Rates,2018-03-29,0.015798727461693,0.1852262531726645
base_macro_rates_term_structure_lsc,Rates,2018-04-02,-0.0210663190366933,0.1602578987926646
base_macro_rates_term_structure_lsc,Rates,2018-04-03,0.015479181745842334,0.17821774168012539
base_macro_rates_term_structure_lsc,Rates,2018-07-05,0.0,0.17821774168012539
base_macro_rates_term_structure_lsc,Rates,2018-07-06,0.0006840393861770666,0.17902368902092713
base_macro_rates_term_structure_lsc,Rates,2018-07-09,0.0036904670807164,0.18337483713264358
base_macro_rates_term_structure_lsc,Rates,2018-07-10,0.0032746111149911995,0.18724992952751918
base_macro_rates_term_structure_lsc,Rates,2018-07-11,-0.0038944294437989664,0.182626268444819
base_macro_rates_term_structure_lsc,Rates,2018-07-12,0.007599035390323433,0.19161308731225746
base_macro_rates_term_structure_lsc,Rates,2018-07-13,0.004457590452561767,0.19692481043340804
base_macro_rates_term_structure_lsc,Rates,2018-07-16,0.0006720729873802665,0.1977292312664256
base_macro_rates_term_structure_lsc,Rates,2018-07-17,-0.00044321507155100563,0.19719837961949116
base_macro_rates_term_structure_lsc,Rates,2018-07-18,0.004169644943374433,0.2021902717892876
base_macro_rates_term_structure_lsc,Rates,2018-07-19,-0.004869786464401866,0.19633586187609264
base_macro_rates_term_structure_lsc,Rates,2018-07-20,0.0019016780994694333,0.19861090758423217
base_macro_rates_term_structure_lsc,Rates,2018-07-23,-0.0016801571171512,0.19659705293715946
base_macro_rates_term_structure_lsc,Rates,2018-07-24,0.004397309689299433,0.20185886075222736
base_macro_rates_term_structure_lsc,Rates,2018-07-25,0.008024721263803034,0.2115034431081957
base_macro_rates_term_structure_lsc,Rates,2018-07-26,0.0025463696812737034,0.2145883787444851
base_macro_rates_term_structure_lsc,Rates,2018-07-27,-0.0057708912067266005,0.20757912134979617
base_macro_rates_term_structure_lsc,Rates,2018-07-30,-0.011875707659770833,0.19323826472860306
base_macro_rates_term_structure_lsc,Rates,2018-07-31,0.007770263879224267,0.20251004091633207
base_macro_rates_term_structure_lsc,Rates,2018-08-01,-0.0026625539557255003,0.19930829305009068
base_macro_rates_term_structure_lsc,Rates,2018-08-02,0.0023557821978406404,0.20213360217658072
base_macro_rates_term_structure_lsc,Rates,2018-08-03,0.0030233947297101664,0.20576812657380894
base_macro_rates_term_structure_lsc,Rates,2018-08-06,0.0014388622403677667,0.20750306080177494
base_macro_rates_term_structure_lsc,Rates,2018-08-07,0.0073471544500546,0.21637477228839908
base_macro_rates_term_structure_lsc,Rates,2018-08-08,-0.002412422417201433,0.2134403625200123
base_macro_rates_term_structure_lsc,Rates,2018-08-09,-0.0013074696791059333,0.21185382603861402
base_macro_rates_term_structure_lsc,Rates,2018-08-10,-0.0062945480980827,0.2042257538427683
base_macro_rates_term_structure_lsc,Rates,2018-08-13,-0.0021007727716030665,0.2016959491682322
base_macro_rates_term_structure_lsc,Rates,2018-08-14,0.004626188251290633,0.20725522084989767
base_macro_rates_term_structure_lsc,Rates,2018-08-15,-0.006915274586447167,0.19890671950179883
base_macro_rates_term_structure_lsc,Rates,2018-08-16,0.013584960546112001,0.21519381998469944
base_macro_rates_term_structure_lsc,Rates,2018-08-17,0.0015336788195096332,0.217057537008009
base_macro_rates_term_structure_lsc,Rates,2018-08-20,0.004541640274647966,0.22258497453464843
base_macro_rates_term_structure_lsc,Rates,2018-08-21,0.002300592351663333,0.22539764417632124
base_macro_rates_term_structure_lsc,Rates,2018-08-22,-0.0017450634083907002,0.22325924758674098
base_macro_rates_term_structure_lsc,Rates,2018-08-23,9.10699762117667e-05,0.22337064977731957
base_macro_rates_term_structure_lsc,Rates,2018-08-24,0.005547154443927334,0.23015687571380217
base_macro_rates_term_structure_lsc,Rates,2018-08-27,0.008824992382581633,0.2410130007713569
base_macro_rates_term_structure_lsc,Rates,2018-08-28,0.0008787139387755643,0.24210349619333638
base_macro_rates_term_structure_lsc,Rates,2018-08-29,0.0045483532625467,0.247753021682668
base_macro_rates_term_structure_lsc,Rates,2018-08-30,-0.005139093661063801,0.24134070203836533
base_macro_rates_term_structure_lsc,Rates,2018-08-31,-0.00021272271453669995,0.2410766406745628
base_macro_rates_term_structure_lsc,Rates,2018-09-04,0.0006735308162566667,0.24191254403739348
base_macro_rates_term_structure_lsc,Rates,2018-09-05,-0.004213534733239766,0.23667970239744562
base_macro_rates_term_structure_lsc,Rates,2018-09-06,0.004597955507958066,0.24236590064666386
base_macro_rates_term_structure_lsc,Rates,2018-09-07,-0.002592898851186,0.23914457153012458
base_macro_rates_term_structure_lsc,Rates,2018-09-10,-0.00038272799652933325,0.23867031621085255
base_macro_rates_term_structure_lsc,Rates,2018-09-11,0.0036267061025821007,0.24316260940574175
base_macro_rates_term_structure_lsc,Rates,2018-09-12,0.004003001729041201,0.2481389914806722
base_macro_rates_term_structure_lsc,Rates,2018-09-13,0.006269361232034633,0.2559640256860518
base_macro_rates_term_structure_lsc,Rates,2018-09-14,-0.0009209345525469666,0.2548073650180416
base_macro_rates_term_structure_lsc,Rates,2018-09-17,-0.005332393987596266,0.24811623776922787
base_macro_rates_term_structure_lsc,Rates,2018-09-18,0.008199230011595332,0.25834982988390487
base_macro_rates_term_structure_lsc,Rates,2018-09-19,0.0021025705763453666,0.2609955992109678
base_macro_rates_term_structure_lsc,Rates,2018-09-20,0.0078845785598893,0.27093801807662143
base_macro_rates_term_structure_lsc,Rates,2018-09-21,0.003522106373672866,0.2754143969706322
base_macro_rates_term_structure_lsc,Rates,2018-09-24,-0.0038897373053268336,0.2704533700109846
base_macro_rates_term_structure_lsc,Rates,2018-09-25,-0.0018249306809146003,0.2681348806773802
base_macro_rates_term_structure_lsc,Rates,2018-09-26,-0.002342833745346893,0.26516385148527766
base_macro_rates_term_structure_lsc,Rates,2018-09-27,0.004677871945234866,0.271082125972266
base_macro_rates_term_structure_lsc,Rates,2018-09-28,0.002320985359486233,0.2740322889773523
base_macro_rates_term_structure_lsc,Rates,2018-10-01,0.0074119478940539996,0.2834753499185947
base_macro_rates_term_structure_lsc,Rates,2018-10-02,0.0004223407247962666,0.2840174138281375
base_macro_rates_term_structure_lsc,Rates,2018-10-03,0.0003705723612924001,0.2844932351931202
base_macro_rates_term_structure_lsc,Rates,2019-01-04,0.0,0.2844932351931202
base_macro_rates_term_structure_lsc,Rates,2019-01-07,0.0008434050863265,0.28557658332103397
base_macro_rates_term_structure_lsc,Rates,2019-01-08,0.0032637465250558,0.2897723794275411
base_macro_rates_term_structure_lsc,Rates,2019-01-09,0.001455453488032,0.29164958313594624
base_macro_rates_term_structure_lsc,Rates,2019-01-10,0.004207261595378033,0.29708389082176034
base_macro_rates_term_structure_lsc,Rates,2019-01-11,-0.0003429680000162333,0.2966390325538719
base_macro_rates_term_structure_lsc,Rates,2019-01-14,-0.004677294679135867,0.29057426970614775
base_macro_rates_term_structure_lsc,Rates,2019-01-15,0.0076136823283036005,0.30040029221677256
base_macro_rates_term_structure_lsc,Rates,2019-01-16,-0.00014716018306273337,0.30020892507171504
base_macro_rates_term_structure_lsc,Rates,2019-01-17,0.008032778391773066,0.3106532152298216
base_macro_rates_term_structure_lsc,Rates,2019-01-18,0.013621199667844634,0.32850588436976946
base_macro_rates_term_structure_lsc,Rates,2019-01-22,-0.009443441721164967,0.3159602164744988
base_macro_rates_term_structure_lsc,Rates,2019-01-23,0.004397387489933634,0.32174700346767415
base_macro_rates_term_structure_lsc,Rates,2019-01-24,7.968692743609996e-05,0.32185232942522846
base_macro_rates_term_structure_lsc,Rates,2019-01-25,0.0033421787091751664,0.3262701961373071
base_macro_rates_term_structure_lsc,Rates,2019-01-28,-0.008624617658675367,0.3148316227835264
base_macro_rates_term_structure_lsc,Rates,2019-01-29,-0.0016377361246691666,0.3126782755370363
base_macro_rates_term_structure_lsc,Rates,2019-01-30,0.016979420564687136,0.334966792043508
base_macro_rates_term_structure_lsc,Rates,2019-01-31,-0.0020101419075536004,0.33228331934962907
base_macro_rates_term_structure_lsc,Rates,2019-02-01,0.005519158379281967,0.3396364019951952
base_macro_rates_term_structure_lsc,Rates,2019-02-04,0.009841124477756633,0.35281993058216377
base_macro_rates_term_structure_lsc,Rates,2019-02-05,0.007474228157782,0.3629312153997297
base_macro_rates_term_structure_lsc,Rates,2019-02-06,-0.0006892850963423,0.361991767225615
base_macro_rates_term_structure_lsc,Rates,2019-02-07,-0.008219544948997333,0.3507968146747398
base_macro_rates_term_structure_lsc,Rates,2019-02-08,-0.0005032570377531292,0.3501170166711802
base_macro_rates_term_structure_lsc,Rates,2019-02-11,0.0004819339090261666,0.3507676838426672
base_macro_rates_term_structure_lsc,Rates,2019-02-12,0.014078128025276868,0.369783964228211
base_macro_rates_term_structure_lsc,Rates,2019-02-13,0.003552092367653567,0.37464956339288014
base_macro_rates_term_structure_lsc,Rates,2019-02-14,-0.0030074817688326336,0.3705153298924424
base_macro_rates_term_structure_lsc,Rates,2019-02-15,0.014725886618536401,0.3906973832494045
base_macro_rates_term_structure_lsc,Rates,2019-02-19,-0.0019285396193919665,0.38801536824722316
base_macro_rates_term_structure_lsc,Rates,2019-02-20,0.0020808491062587666,0.3909036187857138
base_macro_rates_term_structure_lsc,Rates,2019-02-21,0.00022354269809750005,0.39121454513345055
base_macro_rates_term_structure_lsc,Rates,2019-02-22,0.008365589323637799,0.4028528746791087
base_macro_rates_term_structure_lsc,Rates,2019-02-25,0.0024663016391845666,0.4063127330234646
base_macro_rates_term_structure_lsc,Rates,2019-02-26,0.0022632010906850665,0.4094955015346877
base_macro_rates_term_structure_lsc,Rates,2019-02-27,-0.00026461305019699995,0.40912253063078774
base_macro_rates_term_structure_lsc,Rates,2019-02-28,-0.00032948114394249997,0.4086582513274404
base_macro_rates_term_structure_lsc,Rates,2019-03-01,0.007254385122882599,0.41887720078909596
base_macro_rates_term_structure_lsc,Rates,2019-03-04,-0.011772954836306235,0.4021728235859412
base_macro_rates_term_structure_lsc,Rates,2019-03-05,-0.0007746964402866667,0.4010865652908424
base_macro_rates_term_structure_lsc,Rates,2019-03-06,-0.0034854362107431,0.39620316744179185
base_macro_rates_term_structure_lsc,Rates,2019-03-07,-0.007340980095001667,0.38595366778102336
base_macro_rates_term_structure_lsc,Rates,2019-03-08,-0.0012291634138319,0.3842501042393207
base_macro_rates_term_structure_lsc,Rates,2019-03-11,0.011908347359389468,0.4007342353128738
base_macro_rates_term_structure_lsc,Rates,2019-03-12,-0.0009143037947722997,0.3994535386860598
base_macro_rates_term_structure_lsc,Rates,2019-03-13,0.007277920863447101,0.4096386507926879
base_macro_rates_term_structure_lsc,Rates,2019-03-14,0.0027644878168859334,0.4135355796690159
base_macro_rates_term_structure_lsc,Rates,2019-03-15,0.007022827561738501,0.42346259629741345
base_macro_rates_term_structure_lsc,Rates,2019-03-18,0.0023049502058746668,0.4267436067018042
base_macro_rates_term_structure_lsc,Rates,2019-03-19,-8.085884144790006e-05,0.4266282418667231
base_macro_rates_term_structure_lsc,Rates,2019-03-20,-0.004427629562384167,0.42031166048850177
base_macro_rates_term_structure_lsc,Rates,2019-03-21,0.010314183634239533,0.4349610157726318
base_macro_rates_term_structure_lsc,Rates,2019-03-22,-0.020965109255552967,0.40487690129949927
base_macro_rates_term_structure_lsc,Rates,2019-03-25,-0.00010152581747439997,0.40473427002364404
base_macro_rates_term_structure_lsc,Rates,2019-03-26,0.0068429681030147,0.4143468218266275
base_macro_rates_term_structure_lsc,Rates,2019-03-27,-0.0043249659287257665,0.40822982001082586
base_macro_rates_term_structure_lsc,Rates,2019-03-28,0.004401740363669367,0.41442848205089033
base_macro_rates_term_structure_lsc,Rates,2019-03-29,0.006936695232180966,0.4242399413585938
base_macro_rates_term_structure_lsc,Rates,2019-04-01,0.009451910585999933,0.43770172993732515
base_macro_rates_term_structure_lsc,Rates,2019-04-02,-0.0019829721323046333,0.43485080747229343
base_macro_rates_term_structure_lsc,Rates,2019-04-03,0.0013361699424209335,0.43676801199309656
base_macro_rates_term_structure_lsc,Rates,2019-07-05,0.0,0.43676801199309656
base_macro_rates_term_structure_lsc,Rates,2019-07-08,-0.00042065229721059997,0.43616363222829313
base_macro_rates_term_structure_lsc,Rates,2019-07-09,0.00021220272238653336,0.4364683900608446
base_macro_rates_term_structure_lsc,Rates,2019-07-10,0.0014246218696040668,0.43851481434432027
base_macro_rates_term_structure_lsc,Rates,2019-07-11,0.0018638518992771665,0.44119599291317413
base_macro_rates_term_structure_lsc,Rates,2019-07-12,0.003579174230469733,0.4463542844720654
base_macro_rates_term_structure_lsc,Rates,2019-07-15,0.0016707290057390333,0.44877075052770765
base_macro_rates_term_structure_lsc,Rates,2019-07-16,-0.0011083547757758001,0.44716499854735603
base_macro_rates_term_structure_lsc,Rates,2019-07-17,-0.005371206887309433,0.4393919759400853
base_macro_rates_term_structure_lsc,Rates,2019-07-18,0.0067434679691947665,0.44909846962495314
base_macro_rates_term_structure_lsc,Rates,2019-07-19,-0.0084609246388363,0.43683775667920344
base_macro_rates_term_structure_lsc,Rates,2019-07-22,0.0030629142285786663,0.4412386674882953
base_macro_rates_term_structure_lsc,Rates,2019-07-23,0.0048649088830370665,0.44825016228433556
base_macro_rates_term_structure_lsc,Rates,2019-07-24,0.0015681376380589668,0.4505212178731386
base_macro_rates_term_structure_lsc,Rates,2019-07-25,-0.0014545123978597335,0.4484114167783835
base_macro_rates_term_structure_lsc,Rates,2019-07-26,0.006302518162378301,0.4575400560392253
base_macro_rates_term_structure_lsc,Rates,2019-07-29,-0.0001855387069669001,0.45726962594187537
base_macro_rates_term_structure_lsc,Rates,2019-07-30,-0.0018302309505253665,0.45460248596921593
base_macro_rates_term_structure_lsc,Rates,2019-07-31,-0.010390895447628466,0.4394878636196493
base_macro_rates_term_structure_lsc,Rates,2019-08-01,-0.0082474684340554,0.4276157329032404
base_macro_rates_term_structure_lsc,Rates,2019-08-02,-0.004729102295098766,0.4208643920642485
base_macro_rates_term_structure_lsc,Rates,2019-08-05,-0.0296172999036714,0.37878222524203387
base_macro_rates_term_structure_lsc,Rates,2019-08-06,0.015498928940175634,0.4001518729750375
base_macro_rates_term_structure_lsc,Rates,2019-08-07,0.0015370382340253667,0.40230395993724244
base_macro_rates_term_structure_lsc,Rates,2019-08-08,0.014840889932631733,0.4231153986587648
base_macro_rates_term_structure_lsc,Rates,2019-08-09,-0.0006313560229857331,0.42221690618041796
base_macro_rates_term_structure_lsc,Rates,2019-08-12,-0.012134002234981034,0.40495972306219685
base_macro_rates_term_structure_lsc,Rates,2019-08-13,0.014528463158764932,0.42537162863825473
base_macro_rates_term_structure_lsc,Rates,2019-08-14,-0.025810540409477566,0.3885820166187641
base_macro_rates_term_structure_lsc,Rates,2019-08-15,0.0042326805149950665,0.394459440663979
base_macro_rates_term_structure_lsc,Rates,2019-08-16,0.0121367914892589,0.41138370413554637
base_macro_rates_term_structure_lsc,Rates,2019-08-19,0.008161955585389766,0.42290335524264355
base_macro_rates_term_structure_lsc,Rates,2019-08-20,-0.006497679599167933,0.41365778513969587
base_macro_rates_term_structure_lsc,Rates,2019-08-21,0.008833330136844399,0.4261450910563551
base_macro_rates_term_structure_lsc,Rates,2019-08-22,-9.425316104243334e-05,0.42601067237341805
base_macro_rates_term_structure_lsc,Rates,2019-08-23,-0.025547883544986733,0.38957911778171384
base_macro_rates_term_structure_lsc,Rates,2019-08-26,0.014409662943816065,0.4096024845027135
base_macro_rates_term_structure_lsc,Rates,2019-08-27,-0.0001411566120348,0.40940350979168527
base_macro_rates_term_structure_lsc,Rates,2019-08-28,0.007713262569158133,0.4202746091286014
base_macro_rates_term_structure_lsc,Rates,2019-08-29,0.011924518811048434,0.4372107004220098
base_macro_rates_term_structure_lsc,Rates,2019-08-30,-0.0020121563830883,0.434318807737313
base_macro_rates_term_structure_lsc,Rates,2019-09-03,-0.006065354884578566,0.42561915515076065
base_macro_rates_term_structure_lsc,Rates,2019-09-04,0.0118796199409968,0.4425549688945565
base_macro_rates_term_structure_lsc,Rates,2019-09-05,0.012799466473499268,0.46101890285510194
base_macro_rates_term_structure_lsc,Rates,2019-09-06,0.0019465287977942336,0.46386281822363107
base_macro_rates_term_structure_lsc,Rates,2019-09-09,-0.004959466348763033,0.45660283983744554
base_macro_rates_term_structure_lsc,Rates,2019-09-10,-0.0119757827941532,0.4391588806102056
base_macro_rates_term_structure_lsc,Rates,2019-09-11,0.0039772883438217,0.444882830450964
base_macro_rates_term_structure_lsc,Rates,2019-09-12,0.007748939536873167,0.4560791401419946
base_macro_rates_term_structure_lsc,Rates,2019-09-13,-0.003830929157749433,0.45050100410803395
base_macro_rates_term_structure_lsc,Rates,2019-09-16,-0.009426156149650533,0.4368283551480867
base_macro_rates_term_structure_lsc,Rates,2019-09-17,0.004858940640547266,0.44380981883640636
base_macro_rates_term_structure_lsc,Rates,2019-09-18,0.0013418688147992998,0.44574722220680396
base_macro_rates_term_structure_lsc,Rates,2019-09-19,-0.0009220721121536001,0.44441413901198357
base_macro_rates_term_structure_lsc,Rates,2019-09-20,-0.0052371958827916,0.436849459230104
base_macro_rates_term_structure_lsc,Rates,2019-09-23,0.004106657807290534,0.4427501082797525
base_macro_rates_term_structure_lsc,Rates,2019-09-24,-0.0050348314506055,0.4354861046592211
base_macro_rates_term_structure_lsc,Rates,2019-09-25,0.0074632031413338325,0.44619942906485477
base_macro_rates_term_structure_lsc,Rates,2019-09-26,0.0009017318459764,0.44750351314567527
base_macro_rates_term_structure_lsc,Rates,2019-09-27,-0.002050750282673767,0.44453504490692053
base_macro_rates_term_structure_lsc,Rates,2019-09-30,0.0039673238740648336,0.4502659832775029
base_macro_rates_term_structure_lsc,Rates,2019-10-01,-0.011586968563583202,0.4334617969204324
base_macro_rates_term_structure_lsc,Rates,2019-10-02,-0.018962375234740134,0.4062799564425623
base_macro_rates_term_structure_lsc,Rates,2019-10-03,0.007527151607767633,0.4168652388776706
base_macro_rates_term_structure_lsc,Rates,2020-01-06,0.0,0.4168652388776706
base_macro_rates_term_structure_lsc,Rates,2020-01-07,-0.0007155965510049667,0.415851334999491
base_macro_rates_term_structure_lsc,Rates,2020-01-08,0.0013978067738093668,0.4178304215862605
base_macro_rates_term_structure_lsc,Rates,2020-01-09,0.0026630922680748333,0.42160623481942805
base_macro_rates_term_structure_lsc,Rates,2020-01-10,-0.0025958918735156334,0.4179158987471212
base_macro_rates_term_structure_lsc,Rates,2020-01-13,0.0012199569753578,0.4196456951382683
base_macro_rates_term_structure_lsc,Rates,2020-01-14,0.0027249677755725996,0.4235141839102503
base_macro_rates_term_structure_lsc,Rates,2020-01-15,0.0028048334461973335,0.42750690410441816
base_macro_rates_term_structure_lsc,Rates,2020-01-16,0.006941152076861734,0.43741544661657694
base_macro_rates_term_structure_lsc,Rates,2020-01-17,0.0016157586615162332,0.43973796307464474
base_macro_rates_term_structure_lsc,Rates,2020-01-21,-0.006205365996258466,0.43080386207505894
base_macro_rates_term_structure_lsc,Rates,2020-01-22,-0.002787941756325367,0.4268148642428684
base_macro_rates_term_structure_lsc,Rates,2020-01-23,-0.0016963275946079333,0.42439451881625656
base_macro_rates_term_structure_lsc,Rates,2020-01-24,-0.011916530934876733,0.40742067746931365
base_macro_rates_term_structure_lsc,Rates,2020-01-27,-0.0148071407663517,0.3865808013805514
base_macro_rates_term_structure_lsc,Rates,2020-01-28,0.005191357843018533,0.39377903849877716
base_macro_rates_term_structure_lsc,Rates,2020-01-29,0.00030745689639253334,0.39420756547621094
base_macro_rates_term_structure_lsc,Rates,2020-01-30,0.0066794394088144325,0.40352009043311976
base_macro_rates_term_structure_lsc,Rates,2020-01-31,-0.021789936628445698,0.37293747660583154
base_macro_rates_term_structure_lsc,Rates,2020-02-03,0.006222885774431333,0.3814811096981856
base_macro_rates_term_structure_lsc,Rates,2020-02-04,0.0155775537119337,0.40300120588653066
base_macro_rates_term_structure_lsc,Rates,2020-02-05,0.017025823560966567,0.4268884568737781
base_macro_rates_term_structure_lsc,Rates,2020-02-06,0.0029556118803823334,0.43110578534889465
base_macro_rates_term_structure_lsc,Rates,2020-02-07,-0.0089168021406036,0.4183448982186653
base_macro_rates_term_structure_lsc,Rates,2020-02-10,0.006099661773575766,0.426996322376076
base_macro_rates_term_structure_lsc,Rates,2020-02-11,0.00017392822661426666,0.4272445173158119
base_macro_rates_term_structure_lsc,Rates,2020-02-12,0.006044860538503634,0.43587201137733
base_macro_rates_term_structure_lsc,Rates,2020-02-13,-0.0036203999153224336,0.4306735804689257
base_macro_rates_term_structure_lsc,Rates,2020-02-14,0.00011678591383119999,0.4308406629904149
base_macro_rates_term_structure_lsc,Rates,2020-02-18,-0.0037162135792727334,0.4255233534888343
base_macro_rates_term_structure_lsc,Rates,2020-02-19,0.0048111949711502665,0.432381824278397
base_macro_rates_term_structure_lsc,Rates,2020-02-20,-0.0050087573595778,0.42520737127431696
base_macro_rates_term_structure_lsc,Rates,2020-02-21,-0.007128897364286367,0.4150472142016781
base_macro_rates_term_structure_lsc,Rates,2020-02-24,-0.0324080183264236,0.36918833815107543
base_macro_rates_term_structure_lsc,Rates,2020-02-25,-0.03026842138995413,0.3277451685697077
base_macro_rates_term_structure_lsc,Rates,2020-02-26,-0.0023180156960786002,0.3246674344285707
base_macro_rates_term_structure_lsc,Rates,2020-02-27,-0.04284801034548783,0.2679080704938446
base_macro_rates_term_structure_lsc,Rates,2020-02-28,-0.011972577876401635,0.25272794237973883
base_macro_rates_term_structure_lsc,Rates,2020-03-02,0.04882075195077806,0.3138870625164687
base_macro_rates_term_structure_lsc,Rates,2020-03-03,-0.03294766555504917,0.2705975510035701
base_macro_rates_term_structure_lsc,Rates,2020-03-04,0.04423555436138019,0.326803138042425
base_macro_rates_term_structure_lsc,Rates,2020-03-05,-0.030800619843549332,0.28593677898035197
base_macro_rates_term_structure_lsc,Rates,2020-03-06,-0.0099352116244038,0.2731607249455781
base_macro_rates_term_structure_lsc,Rates,2020-03-09,-0.07557388388849935,0.17694302414714325
base_macro_rates_term_structure_lsc,Rates,2020-03-10,0.04890054638892697,0.23449618109657466
base_macro_rates_term_structure_lsc,Rates,2020-03-11,-0.0526431565090347,0.169508405425302
base_macro_rates_term_structure_lsc,Rates,2020-03-12,-0.09502079712930916,0.0583807844923625
base_macro_rates_term_structure_lsc,Rates,2020-03-13,0.09485770912544957,0.15877636109170434
base_macro_rates_term_structure_lsc,Rates,2020-03-16,-0.11369887275597601,0.027024795059305662
base_macro_rates_term_structure_lsc,Rates,2020-03-17,0.0589638347808818,0.08758211539105165
base_macro_rates_term_structure_lsc,Rates,2020-03-18,-0.050287693200291306,0.0328901196421425
base_macro_rates_term_structure_lsc,Rates,2020-03-19,0.006446445446198,0.03954858945033268
base_macro_rates_term_structure_lsc,Rates,2020-03-20,-0.047216306567656,-0.009535055441128537
base_macro_rates_term_structure_lsc,Rates,2020-03-23,-0.031645068063745264,-0.040878386026447666
base_macro_rates_term_structure_lsc,Rates,2020-03-24,0.1094972818599687,0.06414282367680246
base_macro_rates_term_structure_lsc,Rates,2020-03-25,0.011424589862010665,0.07630021899191197
base_macro_rates_term_structure_lsc,Rates,2020-03-26,0.05597857793249244,0.13654997467950936
base_macro_rates_term_structure_lsc,Rates,2020-03-27,-0.03660754818736887,0.09494366671407639
base_macro_rates_term_structure_lsc,Rates,2020-03-30,0.039804321248698794,0.13852715617319156
base_macro_rates_term_structure_lsc,Rates,2020-03-31,-0.0183316300267982,0.1176560975707619
base_macro_rates_term_structure_lsc,Rates,2020-04-01,-0.040552149778782194,0.07233274010090307
base_macro_rates_term_structure_lsc,Rates,2020-04-02,0.031368927702107564,0.10597066829773127
base_macro_rates_term_structure_lsc,Rates,2020-04-03,-0.016560792021080434,0.08765491807863723
base_macro_rates_term_structure_lsc,Rates,2020-07-06,0.0,0.08765491807863723
base_macro_rates_term_structure_lsc,Rates,2020-07-07,-0.003109774861272133,0.0842725561566573
base_macro_rates_term_structure_lsc,Rates,2020-07-08,0.002850442659360767,0.0873632129051003
base_macro_rates_term_structure_lsc,Rates,2020-07-09,-0.004230307966698933,0.08276333164285243
base_macro_rates_term_structure_lsc,Rates,2020-07-10,0.005988565130716268,0.08924753037554711
base_macro_rates_term_structure_lsc,Rates,2020-07-13,-0.006633309518578833,0.08202221436421842
base_macro_rates_term_structure_lsc,Rates,2020-07-14,0.017334185775846334,0.10077818844160036
base_macro_rates_term_structure_lsc,Rates,2020-07-15,0.0038868363516965667,0.10505673311958996
base_macro_rates_term_structure_lsc,Rates,2020-07-16,-0.0058363088510031665,0.09860728072722336
base_macro_rates_term_structure_lsc,Rates,2020-07-17,0.0010156313146351332,0.09972306068401626
base_macro_rates_term_structure_lsc,Rates,2020-07-20,0.010392893997416266,0.11115236588021937
base_macro_rates_term_structure_lsc,Rates,2020-07-21,0.00031669475432246665,0.1115042620057467
base_macro_rates_term_structure_lsc,Rates,2020-07-22,0.005756212364404466,0.11790231658179229
base_macro_rates_term_structure_lsc,Rates,2020-07-23,-0.0134899433573816,0.10282187765201822
base_macro_rates_term_structure_lsc,Rates,2020-07-24,-0.004541235341471333,0.09781370396587707
base_macro_rates_term_structure_lsc,Rates,2020-07-27,0.008725160577940667,0.10739230481764306
base_macro_rates_term_structure_lsc,Rates,2020-07-28,-0.009009875551965934,0.09741483796403139
base_macro_rates_term_structure_lsc,Rates,2020-07-29,0.004555301589353967,0.10241389351958952
base_macro_rates_term_structure_lsc,Rates,2020-07-30,-0.006502958390780067,0.09524494184061383
base_macro_rates_term_structure_lsc,Rates,2020-07-31,0.0033355523239503005,0.09889818865166511
base_macro_rates_term_structure_lsc,Rates,2020-08-03,0.010512933242538465,0.1104508319493065
base_macro_rates_term_structure_lsc,Rates,2020-08-04,0.004366599544933133,0.11529972604676697
base_macro_rates_term_structure_lsc,Rates,2020-08-05,0.0082094499497865,0.12445572332675847
base_macro_rates_term_structure_lsc,Rates,2020-08-06,0.009314033307705333,0.13492894138686373
base_macro_rates_term_structure_lsc,Rates,2020-08-07,-0.0012484315317504,0.1335120603101403
base_macro_rates_term_structure_lsc,Rates,2020-08-10,0.004261519262579467,0.13834254378951805
base_macro_rates_term_structure_lsc,Rates,2020-08-11,-0.005782523602249501,0.13176005116261047
base_macro_rates_term_structure_lsc,Rates,2020-08-12,0.013003039086266035,0.14647637134415237
base_macro_rates_term_structure_lsc,Rates,2020-08-13,-0.0014442293674849667,0.1448205964995295
base_macro_rates_term_structure_lsc,Rates,2020-08-14,-0.0002347155995616666,0.1445518892468316
base_macro_rates_term_structure_lsc,Rates,2020-08-17,0.004111608742782933,0.14925783880122756
base_macro_rates_term_structure_lsc,Rates,2020-08-18,0.0029757354860444,0.15267772613476316
base_macro_rates_term_structure_lsc,Rates,2020-08-19,-0.0024297702428418334,0.1498769840962142
base_macro_rates_term_structure_lsc,Rates,2020-08-20,0.003637871372188633,0.15406008865819665
base_macro_rates_term_structure_lsc,Rates,2020-08-21,0.0036569121486526002,0.15828038501668584
base_macro_rates_term_structure_lsc,Rates,2020-08-24,0.009645214271094233,0.1694522475161775
base_macro_rates_term_structure_lsc,Rates,2020-08-25,0.0065161611767073,0.17707258684945537
base_macro_rates_term_structure_lsc,Rates,2020-08-26,0.026396799379413433,0.2081435357795276
base_macro_rates_term_structure_lsc,Rates,2020-08-27,0.004356337268904267,0.21340661649062964
base_macro_rates_term_structure_lsc,Rates,2020-08-28,0.003603439693069567,0.21777905405632514
base_macro_rates_term_structure_lsc,Rates,2020-08-31,-0.0031053801216428998,0.2139973871893055
base_macro_rates_term_structure_lsc,Rates,2020-09-01,0.008623678563039668,0.22446651043279608
base_macro_rates_term_structure_lsc,Rates,2020-09-02,0.012834596114608599,0.24018204355006523
base_macro_rates_term_structure_lsc,Rates,2020-09-03,-0.03273986518824863,0.1995786506353494
base_macro_rates_term_structure_lsc,Rates,2020-09-04,-0.009492461642338133,0.18819169630722565
base_macro_rates_term_structure_lsc,Rates,2020-09-08,-0.025630923806611566,0.15773724547152668
base_macro_rates_term_structure_lsc,Rates,2020-09-09,0.0204685257042604,0.18143442003924037
base_macro_rates_term_structure_lsc,Rates,2020-09-10,-0.0142806776299933,0.16456273594568183
base_macro_rates_term_structure_lsc,Rates,2020-09-11,0.0020286506294678666,0.1669252268730128
base_macro_rates_term_structure_lsc,Rates,2020-09-14,0.013363195187521298,0.18251907644895948
base_macro_rates_term_structure_lsc,Rates,2020-09-15,0.0054040808396868326,0.18890950513256155
base_macro_rates_term_structure_lsc,Rates,2020-09-16,-0.0037896557949968664,0.18440394733670895
base_macro_rates_term_structure_lsc,Rates,2020-09-17,-0.008699699197334666,0.17409998926674364
base_macro_rates_term_structure_lsc,Rates,2020-09-18,-0.010819967426225034,0.16139626562774634
base_macro_rates_term_structure_lsc,Rates,2020-09-21,-0.0110103053165081,0.14860893814973242
base_macro_rates_term_structure_lsc,Rates,2020-09-22,0.0095216822764308,0.15954562751866264
base_macro_rates_term_structure_lsc,Rates,2020-09-23,-0.021243707005141565,0.1349125799485631
base_macro_rates_term_structure_lsc,Rates,2020-09-24,0.0035923290445183,0.13898955937250146
base_macro_rates_term_structure_lsc,Rates,2020-09-25,0.014071775432744566,0.15501716467223203
base_macro_rates_term_structure_lsc,Rates,2020-09-28,0.014369944172407534,0.17161469684674424
base_macro_rates_term_structure_lsc,Rates,2020-09-29,-0.0039307208850098,0.16700940648866425
base_macro_rates_term_structure_lsc,Rates,2020-09-30,0.012535362768848,0.18163829275365773
base_macro_rates_term_structure_lsc,Rates,2020-10-01,0.005091009782414567,0.1876540248613423
base_macro_rates_term_structure_lsc,Rates,2020-10-02,-0.008658892805135134,0.17737025597048062
base_macro_rates_term_structure_lsc,Rates,2021-01-04,0.0,0.17737025597048062
base_macro_rates_term_structure_lsc,Rates,2021-01-05,0.0015085469398496334,0.17914637426719504
base_macro_rates_term_structure_lsc,Rates,2021-01-06,0.0051132332798259,0.18517562474988392
base_macro_rates_term_structure_lsc,Rates,2021-01-07,0.004936625952433967,0.19102639349721628
base_macro_rates_term_structure_lsc,Rates,2021-01-08,0.0007901969101799999,0.19196753887330065
base_macro_rates_term_structure_lsc,Rates,2021-01-11,-0.0038581885814921667,0.18736870332531042
base_macro_rates_term_structure_lsc,Rates,2021-01-12,0.0022633822754903666,0.19005617260288887
base_macro_rates_term_structure_lsc,Rates,2021-01-13,-8.125178250363329e-05,0.18995947841758554
base_macro_rates_term_structure_lsc,Rates,2021-01-14,0.00015073812010496672,0.19013885067236314
base_macro_rates_term_structure_lsc,Rates,2021-01-15,-0.007631079070743033,0.1810568069977192
base_macro_rates_term_structure_lsc,Rates,2021-01-19,0.006654772594483233,0.18891647146945556
base_macro_rates_term_structure_lsc,Rates,2021-01-20,0.0098404387898391,0.20061593123318233
base_macro_rates_term_structure_lsc,Rates,2021-01-21,-0.0016068208227074,0.19868675655480272
base_macro_rates_term_structure_lsc,Rates,2021-01-22,-0.004054819038770966,0.19382629867280166
base_macro_rates_term_structure_lsc,Rates,2021-01-25,-0.002615420080290733,0.1907039413988736
base_macro_rates_term_structure_lsc,Rates,2021-01-26,-0.0023829758006444998,0.18786652272078808
base_macro_rates_term_structure_lsc,Rates,2021-01-27,-0.021706428486899035,0.16208218299336785
base_macro_rates_term_structure_lsc,Rates,2021-01-28,0.011985193311356898,0.17600996260022694
base_macro_rates_term_structure_lsc,Rates,2021-01-29,-0.020499056725476167,0.15190286766715988
base_macro_rates_term_structure_lsc,Rates,2021-02-01,0.011324273430563967,0.16494733070607337
base_macro_rates_term_structure_lsc,Rates,2021-02-02,0.0182376125729462,0.18619318879137858
base_macro_rates_term_structure_lsc,Rates,2021-02-03,0.0009859198662004,0.1873626802213595
base_macro_rates_term_structure_lsc,Rates,2021-02-04,0.0102767368699035,0.19956489405513778
base_macro_rates_term_structure_lsc,Rates,2021-02-05,0.002406218423815433,0.2024513092037754
base_macro_rates_term_structure_lsc,Rates,2021-02-08,0.011567125423207633,0.21636021431263575
base_macro_rates_term_structure_lsc,Rates,2021-02-09,-0.0014342369446632,0.21461566555525025
base_macro_rates_term_structure_lsc,Rates,2021-02-10,0.0016506666430855675,0.21662059111855148
base_macro_rates_term_structure_lsc,Rates,2021-02-11,-0.0005518899232746666,0.21594915047386465
base_macro_rates_term_structure_lsc,Rates,2021-02-12,0.0011922131112131666,0.21739882099362817
base_macro_rates_term_structure_lsc,Rates,2021-02-16,0.0030944818109487,0.2211660395018633
base_macro_rates_term_structure_lsc,Rates,2021-02-17,0.0027105647053996666,0.2244760890679698
base_macro_rates_term_structure_lsc,Rates,2021-02-18,-0.005787542896247733,0.2173893811770593
base_macro_rates_term_structure_lsc,Rates,2021-02-19,0.0040798961551764,0.22235620343267626
base_macro_rates_term_structure_lsc,Rates,2021-02-22,0.002143454441362967,0.2249762682658516
base_macro_rates_term_structure_lsc,Rates,2021-02-23,0.002922217262652667,0.22855591506331785
base_macro_rates_term_structure_lsc,Rates,2021-02-24,0.013981130015894468,0.24573251504361426
base_macro_rates_term_structure_lsc,Rates,2021-02-25,-0.020044273972056267,0.2207627112161814
base_macro_rates_term_structure_lsc,Rates,2021-02-26,-0.0132493072123724,0.20458845102186962
base_macro_rates_term_structure_lsc,Rates,2021-03-01,0.023441842802714233,0.2328262241326895
base_macro_rates_term_structure_lsc,Rates,2021-03-02,-0.005918428005336,0.2255298308820699
base_macro_rates_term_structure_lsc,Rates,2021-03-03,-0.0028747072034650003,0.2220067914491719
base_macro_rates_term_structure_lsc,Rates,2021-03-04,-0.0115493240865419,0.20789343897877033
base_macro_rates_term_structure_lsc,Rates,2021-03-05,0.01659349334874523,0.2279366107244576
base_macro_rates_term_structure_lsc,Rates,2021-03-08,0.0095099348469493,0.23961420788863097
base_macro_rates_term_structure_lsc,Rates,2021-03-09,0.0012304149230910001,0.24113944770889284
base_macro_rates_term_structure_lsc,Rates,2021-03-10,0.014815589016139899,0.2595276596778666
base_macro_rates_term_structure_lsc,Rates,2021-03-11,0.007502999183374166,0.2689778946798669
base_macro_rates_term_structure_lsc,Rates,2021-03-12,0.011676792237205002,0.2837954859096494
base_macro_rates_term_structure_lsc,Rates,2021-03-15,0.0028661586403685665,0.2874750474340557
base_macro_rates_term_structure_lsc,Rates,2021-03-16,-0.006811177905768267,0.27870582583674497
base_macro_rates_term_structure_lsc,Rates,2021-03-17,0.008549622834428167,0.28963827836383516
base_macro_rates_term_structure_lsc,Rates,2021-03-18,-0.0082875679782814,0.27895031346450105
base_macro_rates_term_structure_lsc,Rates,2021-03-19,-0.004770710560505933,0.2728488116976935
base_macro_rates_term_structure_lsc,Rates,2021-03-22,0.0023847172251225666,0.2758841961839258
base_macro_rates_term_structure_lsc,Rates,2021-03-23,-0.012964967893202,0.25934239854495744
base_macro_rates_term_structure_lsc,Rates,2021-03-24,-0.0019615503211218663,0.2568721350586891
base_macro_rates_term_structure_lsc,Rates,2021-03-25,0.007105193069535501,0.26580245424200055
base_macro_rates_term_structure_lsc,Rates,2021-03-26,0.0116045418055645,0.2804915117398381
base_macro_rates_term_structure_lsc,Rates,2021-03-29,0.0020756464202738,0.28314935936237196
base_macro_rates_term_structure_lsc,Rates,2021-03-30,-0.0016742255987714331,0.2810010778578804
base_macro_rates_term_structure_lsc,Rates,2021-03-31,-0.0016359310741466918,0.2789054483885973
base_macro_rates_term_structure_lsc,Rates,2021-04-01,0.0071544983410273336,0.2880553752974244
base_macro_rates_term_structure_lsc,Rates,2021-07-06,0.0,0.2880553752974244
base_macro_rates_term_structure_lsc,Rates,2021-07-07,0.00012864594930006668,0.28822107840393074
base_macro_rates_term_structure_lsc,Rates,2021-07-08,-0.0039081584770478,0.2831865062760548
base_macro_rates_term_structure_lsc,Rates,2021-07-09,0.008998932274429333,0.2947338147414946
base_macro_rates_term_structure_lsc,Rates,2021-07-12,0.0041376711720813334,0.3000909975222694
base_macro_rates_term_structure_lsc,Rates,2021-07-13,-0.0005926175412734667,0.29932054079188597
base_macro_rates_term_structure_lsc,Rates,2021-07-14,8.312125003053326e-05,0.2994285419394269
base_macro_rates_term_structure_lsc,Rates,2021-07-15,0.0011172406458567334,0.30088031632286816
base_macro_rates_term_structure_lsc,Rates,2021-07-16,-0.008863927445388234,0.28934940758384853
base_macro_rates_term_structure_lsc,Rates,2021-07-19,-0.023533093071704165,0.2590070279732313
base_macro_rates_term_structure_lsc,Rates,2021-07-20,0.01584625057291107,0.2789575688115513
base_macro_rates_term_structure_lsc,Rates,2021-07-21,0.009654253985020067,0.2913049500169216
base_macro_rates_term_structure_lsc,Rates,2021-07-22,0.002000780912165633,0.2938885683127004
base_macro_rates_term_structure_lsc,Rates,2021-07-23,0.008629289106261035,0.3050539068399567
base_macro_rates_term_structure_lsc,Rates,2021-07-26,0.0020641976285169666,0.3077477960195425
base_macro_rates_term_structure_lsc,Rates,2021-07-27,-0.002204513436811,0.3048648484312573
base_macro_rates_term_structure_lsc,Rates,2021-07-28,-0.004069431485419733,0.2995547903328337
base_macro_rates_term_structure_lsc,Rates,2021-07-29,0.004166615243974633,0.3049695351326147
base_macro_rates_term_structure_lsc,Rates,2021-07-30,-0.007209173000272367,0.29556178399375876
base_macro_rates_term_structure_lsc,Rates,2021-08-02,-0.0023302010645184,0.29254286454554723
base_macro_rates_term_structure_lsc,Rates,2021-08-03,0.006034831737969933,0.30034314324719324
base_macro_rates_term_structure_lsc,Rates,2021-08-04,-0.008310640601132067,0.28953645872551936
base_macro_rates_term_structure_lsc,Rates,2021-08-05,0.0081824466737519,0.30008802203289986
base_macro_rates_term_structure_lsc,Rates,2021-08-06,0.008222317209374467,0.31077775815016273
base_macro_rates_term_structure_lsc,Rates,2021-08-09,-0.0026826909504903997,0.30726134652026915
base_macro_rates_term_structure_lsc,Rates,2021-08-10,0.003957117489857566,0.3124343332583994
base_macro_rates_term_structure_lsc,Rates,2021-08-11,0.0040257166113421335,0.31771782195509357
base_macro_rates_term_structure_lsc,Rates,2021-08-12,0.0013011868283277334,0.3194324190284743
base_macro_rates_term_structure_lsc,Rates,2021-08-13,0.00014243692839133342,0.3196203549294607
base_macro_rates_term_structure_lsc,Rates,2021-08-16,0.0023872047384626335,0.32277055889371997
base_macro_rates_term_structure_lsc,Rates,2021-08-17,-0.005425367335163667,0.31559404271158176
base_macro_rates_term_structure_lsc,Rates,2021-08-18,-0.012600898546481333,0.2990163756510178
base_macro_rates_term_structure_lsc,Rates,2021-08-19,-0.0022726785779096,0.2960641289617221
base_macro_rates_term_structure_lsc,Rates,2021-08-20,0.006734759856960734,0.3047928096295003
base_macro_rates_term_structure_lsc,Rates,2021-08-23,0.008391321103175966,0.3157417450682165
base_macro_rates_term_structure_lsc,Rates,2021-08-24,0.0030705693549275335,0.31978182134962196
base_macro_rates_term_structure_lsc,Rates,2021-08-25,0.0011774526146687667,0.32133580190596245
base_macro_rates_term_structure_lsc,Rates,2021-08-26,-0.0063323469758928665,0.31296864513662426
base_macro_rates_term_structure_lsc,Rates,2021-08-27,0.0094904867677454,0.32542935668975814
base_macro_rates_term_structure_lsc,Rates,2021-08-30,-0.0030518420321345996,0.3213843556683873
base_macro_rates_term_structure_lsc,Rates,2021-08-31,-6.43353888704068e-05,0.3212993438920182
base_macro_rates_term_structure_lsc,Rates,2021-09-01,-0.0001642712975845333,0.3210822923342995
base_macro_rates_term_structure_lsc,Rates,2021-09-02,0.0014531948902029334,0.3230020823710573
base_macro_rates_term_structure_lsc,Rates,2021-09-03,-0.002783962109327067,0.31931889470317554
base_macro_rates_term_structure_lsc,Rates,2021-09-07,-0.004655638161592234,0.31317662330968576
base_macro_rates_term_structure_lsc,Rates,2021-09-08,-0.003942453756943533,0.307999485197588
base_macro_rates_term_structure_lsc,Rates,2021-09-09,-0.004347040577168366,0.30231355836051876
base_macro_rates_term_structure_lsc,Rates,2021-09-10,-0.008501193654719968,0.29124233860172843
base_macro_rates_term_structure_lsc,Rates,2021-09-13,0.009326553513260633,0.3032851793712854
base_macro_rates_term_structure_lsc,Rates,2021-09-14,-0.0071038556381043,0.29402682960175097
base_macro_rates_term_structure_lsc,Rates,2021-09-15,0.006444792676232733,0.30236656423601715
base_macro_rates_term_structure_lsc,Rates,2021-09-16,-0.003078626538817067,0.29835706396809214
base_macro_rates_term_structure_lsc,Rates,2021-09-17,-0.006698635350070067,0.28965984344238227
base_macro_rates_term_structure_lsc,Rates,2021-09-20,-0.01995378855298763,0.2639262436210539
base_macro_rates_term_structure_lsc,Rates,2021-09-21,-0.0018267645885022335,0.2616173479167283
base_macro_rates_term_structure_lsc,Rates,2021-09-22,0.0135115043203947,0.27866369616379005
base_macro_rates_term_structure_lsc,Rates,2021-09-23,0.014338496017754799,0.2969978104792823
base_macro_rates_term_structure_lsc,Rates,2021-09-24,0.0014023706415063665,0.2988166821307965
base_macro_rates_term_structure_lsc,Rates,2021-09-27,0.0026036825522761666,0.30219838846466573
base_macro_rates_term_structure_lsc,Rates,2021-09-28,-0.01989627065414917,0.2762894968823759
base_macro_rates_term_structure_lsc,Rates,2021-09-29,0.0014058223188777002,0.2780837331424424
base_macro_rates_term_structure_lsc,Rates,2021-09-30,-0.015506257937855166,0.2582654371101587
base_macro_rates_term_structure_lsc,Rates,2021-10-01,0.016587907337637667,0.27913742758709414
base_macro_rates_term_structure_lsc,Rates,2022-01-04,0.0,0.27913742758709414
base_macro_rates_term_structure_lsc,Rates,2022-01-05,-0.0027818531817982335,0.27557905506420366
base_macro_rates_term_structure_lsc,Rates,2022-01-06,-0.0035064547168511665,0.27110629486985727
base_macro_rates_term_structure_lsc,Rates,2022-01-07,-0.003975212319675634,0.2660533774668734
base_macro_rates_term_structure_lsc,Rates,2022-01-10,-0.0038174539727268662,0.2612202769713783
base_macro_rates_term_structure_lsc,Rates,2022-01-11,0.0033936251264547,0.2655003857933027
base_macro_rates_term_structure_lsc,Rates,2022-01-12,0.0017964989734456668,0.2677738559372753
base_macro_rates_term_structure_lsc,Rates,2022-01-13,-0.007366474918631734,0.25843483162501624
base_macro_rates_term_structure_lsc,Rates,2022-01-14,-0.006170123199444068,0.25067013367541824
base_macro_rates_term_structure_lsc,Rates,2022-01-18,-0.01627080016531113,0.2303207298576626
base_macro_rates_term_structure_lsc,Rates,2022-01-19,-0.009176477092990834,0.21903071986309208
base_macro_rates_term_structure_lsc,Rates,2022-01-20,-0.010668576455665567,0.20602539742642767
base_macro_rates_term_structure_lsc,Rates,2022-01-21,-0.012608613972452234,0.19081908874930442
base_macro_rates_term_structure_lsc,Rates,2022-01-24,0.006148578080811133,0.19814093289659973
base_macro_rates_term_structure_lsc,Rates,2022-01-25,-0.006166955026119033,0.19075205164847397
base_macro_rates_term_structure_lsc,Rates,2022-01-26,-0.00022906632644353336,0.19047929045029788
base_macro_rates_term_structure_lsc,Rates,2022-01-27,0.001218170967046724,0.19192949775879486
base_macro_rates_term_structure_lsc,Rates,2022-01-28,0.014725036813164933,0.2094807034919901
base_macro_rates_term_structure_lsc,Rates,2022-01-31,0.008868365256183734,0.22020682014086335
base_macro_rates_term_structure_lsc,Rates,2022-02-01,0.005997647787045934,0.22752519087541967
base_macro_rates_term_structure_lsc,Rates,2022-02-02,0.009164238275373734,0.23877452421362566
base_macro_rates_term_structure_lsc,Rates,2022-02-03,-0.014656846006440334,0.22061799677552507
base_macro_rates_term_structure_lsc,Rates,2022-02-04,0.0026253890809726666,0.22382259393629833
base_macro_rates_term_structure_lsc,Rates,2022-02-07,-0.0012848228287816,0.22225019872923024
base_macro_rates_term_structure_lsc,Rates,2022-02-08,0.012239257284135099,0.23720963337706236
base_macro_rates_term_structure_lsc,Rates,2022-02-09,0.008090775240679833,0.24721961844632
base_macro_rates_term_structure_lsc,Rates,2022-02-10,-0.017549545641025167,0.22533148082801424
base_macro_rates_term_structure_lsc,Rates,2022-02-11,-0.013622868756906633,0.20863895088098805
base_macro_rates_term_structure_lsc,Rates,2022-02-14,-0.0034329328839028,0.20448977448174288
base_macro_rates_term_structure_lsc,Rates,2022-02-15,0.008840873822131367,0.21513851659798333
base_macro_rates_term_structure_lsc,Rates,2022-02-16,-0.0012765098558662666,0.21358738030530322
base_macro_rates_term_structure_lsc,Rates,2022-02-17,-0.017896691231626866,0.1918681816773804
base_macro_rates_term_structure_lsc,Rates,2022-02-18,-0.005607791947810466,0.1851844328853185
base_macro_rates_term_structure_lsc,Rates,2022-02-22,-0.017300442831213302,0.16468021735974192
base_macro_rates_term_structure_lsc,Rates,2022-02-23,-0.015896886296560768,0.14616542837252045
base_macro_rates_term_structure_lsc,Rates,2022-02-24,0.004625367632286433,0.15146686484616056
base_macro_rates_term_structure_lsc,Rates,2022-02-25,0.024135029784002934,0.17925755192451498
base_macro_rates_term_structure_lsc,Rates,2022-02-28,-0.005496374872751633,0.17277591034761453
base_macro_rates_term_structure_lsc,Rates,2022-03-01,-0.010915610822865468,0.15997434492782814
base_macro_rates_term_structure_lsc,Rates,2022-03-02,0.019514989289055033,0.18261123184467332
base_macro_rates_term_structure_lsc,Rates,2022-03-03,-0.0020227771913870333,0.18021907281861993
base_macro_rates_term_structure_lsc,Rates,2022-03-04,-0.0026099524906531995,0.1771387571100005
base_macro_rates_term_structure_lsc,Rates,2022-03-07,-0.02052978677231587,0.15297234942510318
base_macro_rates_term_structure_lsc,Rates,2022-03-08,-0.005412024806768467,0.14673243446849638
base_macro_rates_term_structure_lsc,Rates,2022-03-09,0.0189410275695726,0.16845272512468723
base_macro_rates_term_structure_lsc,Rates,2022-03-10,-0.00044139763584680013,0.16793697285421838
base_macro_rates_term_structure_lsc,Rates,2022-03-11,-0.006418714304082934,0.16044031910029166
base_macro_rates_term_structure_lsc,Rates,2022-03-14,2.4006202310099978e-05,0.16046817686536063
base_macro_rates_term_structure_lsc,Rates,2022-03-15,0.020000646917550532,0.1836782911298982
base_macro_rates_term_structure_lsc,Rates,2022-03-16,0.012983316438615068,0.1990463609451567
base_macro_rates_term_structure_lsc,Rates,2022-03-17,0.012871684896692666,0.2144801078797689
base_macro_rates_term_structure_lsc,Rates,2022-03-18,0.007439718413291333,0.22351549790093794
base_macro_rates_term_structure_lsc,Rates,2022-03-21,-0.004254937270915033,0.21830951620737693
base_macro_rates_term_structure_lsc,Rates,2022-03-22,0.005527931330029867,0.22504424755169317
base_macro_rates_term_structure_lsc,Rates,2022-03-23,-0.012385775322414133,0.20987112474150194
base_macro_rates_term_structure_lsc,Rates,2022-03-24,0.008375270583027733,0.22000412278180415
base_macro_rates_term_structure_lsc,Rates,2022-03-25,0.0033102499211029673,0.22404264133298812
base_macro_rates_term_structure_lsc,Rates,2022-03-28,0.004758698303103467,0.22986749097322567
base_macro_rates_term_structure_lsc,Rates,2022-03-29,0.0078989212419042,0.23958211742240154
base_macro_rates_term_structure_lsc,Rates,2022-03-30,-0.0021641447542658666,0.23689948228550017
base_macro_rates_term_structure_lsc,Rates,2022-03-31,-0.015860162228530168,0.21728205583606708
base_macro_rates_term_structure_lsc,Rates,2022-04-01,0.004506311165611767,0.22276750755598007
base_macro_rates_term_structure_lsc,Rates,2022-07-05,0.0,0.22276750755598007
base_macro_rates_term_structure_lsc,Rates,2022-07-06,0.0003426093803406,0.22318643917404457
base_macro_rates_term_structure_lsc,Rates,2022-07-07,0.0038042880272517003,0.22783979269969112
base_macro_rates_term_structure_lsc,Rates,2022-07-08,-0.0002697978557476333,0.2275085241564192
base_macro_rates_term_structure_lsc,Rates,2022-07-11,-0.004025440094852,0.22256726212650735
base_macro_rates_term_structure_lsc,Rates,2022-07-12,-0.004171340718398333,0.21746751752501825
base_macro_rates_term_structure_lsc,Rates,2022-07-13,-0.006720673471137566,0.20928531587801613
base_macro_rates_term_structure_lsc,Rates,2022-07-14,-0.0021263301272532,0.2067139760784198
base_macro_rates_term_structure_lsc,Rates,2022-07-15,0.021992483375645067,0.23325261313648293
base_macro_rates_term_structure_lsc,Rates,2022-07-18,-0.009438547040523599,0.2216125003345455
base_macro_rates_term_structure_lsc,Rates,2022-07-19,0.022696409867104767,0.24933871834091703
base_macro_rates_term_structure_lsc,Rates,2022-07-20,-0.0011898831889456405,0.24785215120266435
base_macro_rates_term_structure_lsc,Rates,2022-07-21,0.004605767069274767,0.2535994675479971
base_macro_rates_term_structure_lsc,Rates,2022-07-22,-0.0034812082434316667,0.24923542674760757
base_macro_rates_term_structure_lsc,Rates,2022-07-25,0.0047607056831743995,0.25518266894334785
base_macro_rates_term_structure_lsc,Rates,2022-07-26,-0.003407781207767266,0.25090528103180754
base_macro_rates_term_structure_lsc,Rates,2022-07-27,0.011411080132986834,0.26517946143243787
base_macro_rates_term_structure_lsc,Rates,2022-07-28,0.009389154173609934,0.27705842645311196
base_macro_rates_term_structure_lsc,Rates,2022-07-29,0.012455427558401835,0.29296473517164534
base_macro_rates_term_structure_lsc,Rates,2022-08-01,-0.002542302101872033,0.289677628207772
base_macro_rates_term_structure_lsc,Rates,2022-08-02,-0.011944060168505534,0.27427364101848273
base_macro_rates_term_structure_lsc,Rates,2022-08-03,0.011781996589541432,0.28928712871110496
base_macro_rates_term_structure_lsc,Rates,2022-08-04,-0.0039224743098810995,0.28422993307067523
base_macro_rates_term_structure_lsc,Rates,2022-08-05,0.0019096198434313666,0.28668232403439564
base_macro_rates_term_structure_lsc,Rates,2022-08-08,0.0015373036194214667,0.2886603454281793
base_macro_rates_term_structure_lsc,Rates,2022-08-09,-0.0032462327545128,0.2844770540054087
base_macro_rates_term_structure_lsc,Rates,2022-08-10,0.014604269275833331,0.30323590278073276
base_macro_rates_term_structure_lsc,Rates,2022-08-11,-0.0012270590364285,0.30163675538962753
base_macro_rates_term_structure_lsc,Rates,2022-08-12,0.012272532135970599,0.3176111342995074
base_macro_rates_term_structure_lsc,Rates,2022-08-15,0.0024320808713356335,0.320815671135096
base_macro_rates_term_structure_lsc,Rates,2022-08-16,0.007093079223783434,0.3301843213304718
base_macro_rates_term_structure_lsc,Rates,2022-08-17,-0.002841793659058067,0.32640421196073643
base_macro_rates_term_structure_lsc,Rates,2022-08-18,0.0013356319669588,0.32817579982734
base_macro_rates_term_structure_lsc,Rates,2022-08-19,-0.0060119305162623675,0.3201908992053968
base_macro_rates_term_structure_lsc,Rates,2022-08-22,-0.016920378755340967,0.2978527691614874
base_macro_rates_term_structure_lsc,Rates,2022-08-23,-0.0038841172715432665,0.29281175680486693
base_macro_rates_term_structure_lsc,Rates,2022-08-24,0.0012067993755947332,0.2943719212257405
base_macro_rates_term_structure_lsc,Rates,2022-08-25,0.0100342423328882,0.3073599627522059
base_macro_rates_term_structure_lsc,Rates,2022-08-26,-0.029813131245313537,0.26838346859780615
base_macro_rates_term_structure_lsc,Rates,2022-08-29,-0.004932018019505266,0.2621277784750391
base_macro_rates_term_structure_lsc,Rates,2022-08-30,-0.010342469212473166,0.24907426078395378
base_macro_rates_term_structure_lsc,Rates,2022-08-31,-0.007790233847028799,0.23934368020014207
base_macro_rates_term_structure_lsc,Rates,2022-09-01,0.006402368637599701,0.24727841530946293
base_macro_rates_term_structure_lsc,Rates,2022-09-02,-0.010227315720649067,0.2345221051645423
base_macro_rates_term_structure_lsc,Rates,2022-09-06,-0.0047722511443687,0.2286306556354223
base_macro_rates_term_structure_lsc,Rates,2022-09-07,0.012054947548409566,0.24344173374547529
base_macro_rates_term_structure_lsc,Rates,2022-09-08,0.0059479812114997,0.250837701815388
base_macro_rates_term_structure_lsc,Rates,2022-09-09,0.0107019648229049,0.2642241228993796
base_macro_rates_term_structure_lsc,Rates,2022-09-12,0.005864867076819067,0.27163862933549265
base_macro_rates_term_structure_lsc,Rates,2022-09-13,-0.04046799304589647,0.22017796612665075
base_macro_rates_term_structure_lsc,Rates,2022-09-14,0.0022341056661700667,0.22290397263451012
base_macro_rates_term_structure_lsc,Rates,2022-09-15,-0.0034399552418995995,0.21869723770350635
base_macro_rates_term_structure_lsc,Rates,2022-09-16,-0.002162247307378,0.21606211288277288
base_macro_rates_term_structure_lsc,Rates,2022-09-19,0.0070271096362898335,0.22460751467453854
base_macro_rates_term_structure_lsc,Rates,2022-09-20,-0.0098772989927591,0.21251170010331855
base_macro_rates_term_structure_lsc,Rates,2022-09-21,-0.016693294700523068,0.19227088496566158
base_macro_rates_term_structure_lsc,Rates,2022-09-22,0.00041032154347500003,0.19276009939542105
base_macro_rates_term_structure_lsc,Rates,2022-09-23,-0.0158658708035174,0.1738359217588228
base_macro_rates_term_structure_lsc,Rates,2022-09-26,-0.009673228472478633,0.16248113869844705
base_macro_rates_term_structure_lsc,Rates,2022-09-27,-0.0023744925710029664,0.15972083587067654
base_macro_rates_term_structure_lsc,Rates,2022-09-28,0.018614889528857034,0.1813089111147228
base_macro_rates_term_structure_lsc,Rates,2022-09-29,-0.016888248409852268,0.16135867277504534
base_macro_rates_term_structure_lsc,Rates,2022-09-30,-0.0187910222687885,0.13953555609287882
base_macro_rates_term_structure_lsc,Rates,2022-10-03,0.026318326840134004,0.169526225304085
base_macro_sector_relative_context,Sector,2016-01-04,0.0,0.0
base_macro_sector_relative_context,Sector,2016-01-05,7.37157630956947e-07,7.371576309367356e-07
base_macro_sector_relative_context,Sector,2016-01-06,-0.0025518842667481664,-0.002551148990258101
base_macro_sector_relative_context,Sector,2016-01-07,-0.006815610197427932,-0.009349371550612884
base_macro_sector_relative_context,Sector,2016-01-08,-0.0031185529623723,-0.012438768002639655
base_macro_sector_relative_context,Sector,2016-01-11,0.0021449453134986334,-0.010320503166273864
base_macro_sector_relative_context,Sector,2016-01-12,0.0037896589234232003,-0.006569955429768903
base_macro_sector_relative_context,Sector,2016-01-13,-0.015334071939739832,-0.021803283200307777
base_macro_sector_relative_context,Sector,2016-01-14,0.0075091672680017004,-0.014457840432848812
base_macro_sector_relative_context,Sector,2016-01-15,-0.016663062853840834,-0.030879991382826266
base_macro_sector_relative_context,Sector,2016-01-19,0.0028353447784333,-0.0281322020267184
base_macro_sector_relative_context,Sector,2016-01-20,-0.0137852838750381,-0.04152967551078823
base_macro_sector_relative_context,Sector,2016-01-21,0.007915916809376101,-0.03394250415787592
base_macro_sector_relative_context,Sector,2016-01-22,0.018873677023832434,-0.01570944699489929
base_macro_sector_relative_context,Sector,2016-01-25,-0.0127438990157104,-0.02825314640451404
base_macro_sector_relative_context,Sector,2016-01-26,0.0181734034301989,-0.01059319880209697
base_macro_sector_relative_context,Sector,2016-01-27,-0.015394137941757468,-0.025824263580250473
base_macro_sector_relative_context,Sector,2016-01-28,0.010309398769197434,-0.01578109744222278
base_macro_sector_relative_context,Sector,2016-01-29,0.025666190602441897,0.009480052505351111
base_macro_sector_relative_context,Sector,2016-02-01,-0.0007152447184205667,0.008758027229445853
base_macro_sector_relative_context,Sector,2016-02-02,-0.022260338966753796,-0.013697268392115491
base_macro_sector_relative_context,Sector,2016-02-03,0.008742968177081534,-0.005074054996699329
base_macro_sector_relative_context,Sector,2016-02-04,0.0034007062801374335,-0.0016906040872550765
base_macro_sector_relative_context,Sector,2016-02-05,-0.0195948537414281,-0.02125233068885879
base_macro_sector_relative_context,Sector,2016-02-08,-0.017815956607178732,-0.03868965669468338
base_macro_sector_relative_context,Sector,2016-02-09,0.0037522912781273333,-0.035082540277925234
base_macro_sector_relative_context,Sector,2016-02-10,-0.0018623357753586999,-0.0368795405834339
base_macro_sector_relative_context,Sector,2016-02-11,-0.017458766079260002,-0.0536944353905372
base_macro_sector_relative_context,Sector,2016-02-12,0.018847845467243534,-0.035858614343985296
base_macro_sector_relative_context,Sector,2016-02-16,0.015363941873001866,-0.0210456021374108
base_macro_sector_relative_context,Sector,2016-02-17,0.0166885731377063,-0.004708250070201814
base_macro_sector_relative_context,Sector,2016-02-18,-0.0078623247559814,-0.012533557035098841
base_macro_sector_relative_context,Sector,2016-02-19,-0.0015460043113765332,-0.014060184413262178
base_macro_sector_relative_context,Sector,2016-02-22,0.013309545696805534,-0.0009377733834105006
base_macro_sector_relative_context,Sector,2016-02-23,-0.0094172368895886,-0.010346179038898784
base_macro_sector_relative_context,Sector,2016-02-24,0.0022565957177970004,-0.008112930464416634
base_macro_sector_relative_context,Sector,2016-02-25,0.0156911462889073,0.0074509146457417685
base_macro_sector_relative_context,Sector,2016-02-26,-0.0029660408629883003,0.0044627740654474835
base_macro_sector_relative_context,Sector,2016-02-29,-0.006740810646665566,-0.0023081192961520447
base_macro_sector_relative_context,Sector,2016-03-01,0.021909738841611365,0.01955104925446549
base_macro_sector_relative_context,Sector,2016-03-02,0.0018364862038491,0.02142344069054114
base_macro_sector_relative_context,Sector,2016-03-03,0.0023053419484708334,0.02377817099551649
base_macro_sector_relative_context,Sector,2016-03-04,0.0036202285107889334,0.027484481918877757
base_macro_sector_relative_context,Sector,2016-03-07,0.0011672637492208,0.028683827307508514
base_macro_sector_relative_context,Sector,2016-03-08,-0.0041623000637283,0.02440213654755019
base_macro_sector_relative_context,Sector,2016-03-09,0.0031104749593462,0.02758851374158211
base_macro_sector_relative_context,Sector,2016-03-10,-0.0001182088083677,0.027467043727880336
base_macro_sector_relative_context,Sector,2016-03-11,0.0129461515478373,0.040768787786389815
base_macro_sector_relative_context,Sector,2016-03-14,0.0018128394590498666,0.042655534512636484
base_macro_sector_relative_context,Sector,2016-03-15,0.0017392032425215663,0.04446892439909389
base_macro_sector_relative_context,Sector,2016-03-16,0.004458440040238133,0.04912562647241914
base_macro_sector_relative_context,Sector,2016-03-17,0.007953599060274234,0.0574699510692398
base_macro_sector_relative_context,Sector,2016-03-18,0.006897563477910733,0.06476391718272301
base_macro_sector_relative_context,Sector,2016-03-21,0.0010036202664952668,0.06583253582904058
base_macro_sector_relative_context,Sector,2016-03-22,-0.0025170964618748334,0.06314973252415435
base_macro_sector_relative_context,Sector,2016-03-23,-0.004780853204011933,0.05806696971907188
base_macro_sector_relative_context,Sector,2016-03-24,0.0017420486730815666,0.05991017387970232
base_macro_sector_relative_context,Sector,2016-03-28,0.0006752645460749368,0.060625893642147544
base_macro_sector_relative_context,Sector,2016-03-29,0.0058993929412039,0.06688294255235805
base_macro_sector_relative_context,Sector,2016-03-30,0.0068693802758031,0.07421176719451794
base_macro_sector_relative_context,Sector,2016-03-31,-0.002719473177042133,0.0712904771071694
base_macro_sector_relative_context,Sector,2016-04-01,0.0090531389677616,0.08098901867126007
base_macro_sector_relative_context,Sector,2016-07-05,0.0,0.08098901867126007
base_macro_sector_relative_context,Sector,2016-07-06,0.00040464087206533336,0.0814264310104682
base_macro_sector_relative_context,Sector,2016-07-07,-0.0004111883834469396,0.08098176102448429
base_macro_sector_relative_context,Sector,2016-07-08,0.004619750404074967,0.08597562695177485
base_macro_sector_relative_context,Sector,2016-07-11,0.0011520424434771001,0.08722671696660478
base_macro_sector_relative_context,Sector,2016-07-12,0.0029940524273382,0.09048193075760547
base_macro_sector_relative_context,Sector,2016-07-13,0.0006567805255889,0.09119813805323362
base_macro_sector_relative_context,Sector,2016-07-14,0.003965030531324333,0.09552477198633902
base_macro_sector_relative_context,Sector,2016-07-15,0.0003872866103348164,0.0959490540618193
base_macro_sector_relative_context,Sector,2016-07-18,-0.0002757511034245,0.09564684490086472
base_macro_sector_relative_context,Sector,2016-07-19,0.0022284964266126666,0.09808848997955577
base_macro_sector_relative_context,Sector,2016-07-20,0.0041716386085841,0.10266931831999626
base_macro_sector_relative_context,Sector,2016-07-21,-0.0035421432323247334,0.09876350565661696
base_macro_sector_relative_context,Sector,2016-07-22,0.0037563536952827333,0.10289085001133191
base_macro_sector_relative_context,Sector,2016-07-25,-0.004483416021164567,0.09794613150479536
base_macro_sector_relative_context,Sector,2016-07-26,-0.0025135497265870665,0.0951863893061442
base_macro_sector_relative_context,Sector,2016-07-27,-0.0011383050241435,0.09393973313682347
base_macro_sector_relative_context,Sector,2016-07-28,0.0009663951309602666,0.09499691116849074
base_macro_sector_relative_context,Sector,2016-07-29,-0.00017403196762703338,0.09480634670149457
base_macro_sector_relative_context,Sector,2016-08-01,-0.0008017669029101335,0.09392856720761333
base_macro_sector_relative_context,Sector,2016-08-02,-0.0036641771196505002,0.08992021918111903
base_macro_sector_relative_context,Sector,2016-08-03,0.0014580749664951332,0.0915094045681839
base_macro_sector_relative_context,Sector,2016-08-04,0.0005554079890772334,0.0921156376116341
base_macro_sector_relative_context,Sector,2016-08-05,0.009022325731948366,0.10196906063112077
base_macro_sector_relative_context,Sector,2016-08-08,-0.0018314457769562666,0.09995086404869147
base_macro_sector_relative_context,Sector,2016-08-09,-0.0001732892021477667,0.09976025444105874
base_macro_sector_relative_context,Sector,2016-08-10,-0.0009882559137558333,0.09867340986589368
base_macro_sector_relative_context,Sector,2016-08-11,0.0064088084401922,0.10571459728805688
base_macro_sector_relative_context,Sector,2016-08-12,-0.0011550883713707999,0.10443739921467454
base_macro_sector_relative_context,Sector,2016-08-15,0.0008789806613680667,0.10540817833027583
base_macro_sector_relative_context,Sector,2016-08-16,-0.005043987713032834,0.09983251306089191
base_macro_sector_relative_context,Sector,2016-08-17,0.0012473775004733496,0.101204419391973
base_macro_sector_relative_context,Sector,2016-08-18,0.0006573336475142667,0.10192827810963068
base_macro_sector_relative_context,Sector,2016-08-19,-0.0021187484672483335,0.09959356925936835
base_macro_sector_relative_context,Sector,2016-08-22,0.00025106445441188064,0.09986963811890925
base_macro_sector_relative_context,Sector,2016-08-23,0.0017236864920380332,0.10176546855713764
base_macro_sector_relative_context,Sector,2016-08-24,-0.005331117729089734,0.0958918271344138
base_macro_sector_relative_context,Sector,2016-08-25,-0.0007816293930342665,0.09503524587073953
base_macro_sector_relative_context,Sector,2016-08-26,-0.002649003112300367,0.09213449409634933
base_macro_sector_relative_context,Sector,2016-08-29,0.005190750987999833,0.09780349230060859
base_macro_sector_relative_context,Sector,2016-08-30,-0.0024389193203905334,0.09512603815324439
base_macro_sector_relative_context,Sector,2016-08-31,-0.0030677585064592,0.09176645593405475
base_macro_sector_relative_context,Sector,2016-09-01,-0.0005250613851521334,0.09119321152643933
base_macro_sector_relative_context,Sector,2016-09-02,0.0033484111015418335,0.09484697498984151
base_macro_sector_relative_context,Sector,2016-09-06,0.0035785674131663336,0.0987649586969439
base_macro_sector_relative_context,Sector,2016-09-07,-0.0008038242064371887,0.09788174482595835
base_macro_sector_relative_context,Sector,2016-09-08,-0.0023439653052886,0.09530834810677669
base_macro_sector_relative_context,Sector,2016-09-09,-0.02071819184423297,0.07261553962211065
base_macro_sector_relative_context,Sector,2016-09-12,0.014679605481168598,0.08836111257673407
base_macro_sector_relative_context,Sector,2016-09-13,-0.014474927867493966,0.0726071639784005
base_macro_sector_relative_context,Sector,2016-09-14,0.00028380685834700003,0.07291157724784969
base_macro_sector_relative_context,Sector,2016-09-15,0.010268388716898433,0.08392865038189123
base_macro_sector_relative_context,Sector,2016-09-16,-0.0006203816589882162,0.08325620092754238
base_macro_sector_relative_context,Sector,2016-09-19,-0.0017515281661571666,0.08135884718045339
base_macro_sector_relative_context,Sector,2016-09-20,0.0020108306922659667,0.08353327673971722
base_macro_sector_relative_context,Sector,2016-09-21,0.0099837096524606,0.09435095837346585
base_macro_sector_relative_context,Sector,2016-09-22,0.006855499166529833,0.10185328045648623
base_macro_sector_relative_context,Sector,2016-09-23,-0.007189514011689934,0.09393149085781793
base_macro_sector_relative_context,Sector,2016-09-26,-0.007315459731559267,0.08592887908736291
base_macro_sector_relative_context,Sector,2016-09-27,0.0057275690763837666,0.09214861175437594
base_macro_sector_relative_context,Sector,2016-09-28,0.004789749070374467,0.09737972955223739
base_macro_sector_relative_context,Sector,2016-09-29,-0.00885529455408,0.08766210880937564
base_macro_sector_relative_context,Sector,2016-09-30,0.008248493974689299,0.09663368316038778
base_macro_sector_relative_context,Sector,2016-10-03,-0.0044579574737662,0.09174493683655927
base_macro_sector_relative_context,Sector,2017-01-04,0.0,0.09174493683655927
base_macro_sector_relative_context,Sector,2017-01-05,-0.0004957168621061666,0.09120374046225033
base_macro_sector_relative_context,Sector,2017-01-06,0.0010199483712701,0.09231671194005853
base_macro_sector_relative_context,Sector,2017-01-09,-0.0014152736350329332,0.090770784896544
base_macro_sector_relative_context,Sector,2017-01-10,0.00042565710014541553,0.09123507922576635
base_macro_sector_relative_context,Sector,2017-01-11,0.0035018073163567334,0.09505637421006408
base_macro_sector_relative_context,Sector,2017-01-12,-0.0029150679332556,0.09186421048849724
base_macro_sector_relative_context,Sector,2017-01-13,0.0010959845023613666,0.09306087674187546
base_macro_sector_relative_context,Sector,2017-01-17,-0.0083833227886378,0.08389739458451673
base_macro_sector_relative_context,Sector,2017-01-18,0.0012215509910799077,0.08522143052110054
base_macro_sector_relative_context,Sector,2017-01-19,-0.0041080176706479,0.08076332170795397
base_macro_sector_relative_context,Sector,2017-01-20,0.004072976821496834,0.0851652456667944
base_macro_sector_relative_context,Sector,2017-01-23,-0.00011939739482316667,0.08503567976350923
base_macro_sector_relative_context,Sector,2017-01-24,0.0051750752501634,0.09065082105539757
base_macro_sector_relative_context,Sector,2017-01-25,0.010308172254304533,0.1018934375881353
base_macro_sector_relative_context,Sector,2017-01-26,0.0023623149454914,0.10449645692408871
base_macro_sector_relative_context,Sector,2017-01-27,0.000387526340321934,0.10492447839393892
base_macro_sector_relative_context,Sector,2017-01-30,-0.006685965366894667,0.09753699159836282
base_macro_sector_relative_context,Sector,2017-01-31,-0.008567155657054232,0.08813422135196469
base_macro_sector_relative_context,Sector,2017-02-01,0.0003814748017700333,0.08854931713835423
base_macro_sector_relative_context,Sector,2017-02-02,-0.0005184605495754388,0.08798494726115069
base_macro_sector_relative_context,Sector,2017-02-03,0.0159741577795941,0.10536459047052382
base_macro_sector_relative_context,Sector,2017-02-06,-0.0018046482510240332,0.10336979619558728
base_macro_sector_relative_context,Sector,2017-02-07,0.0016120711515407334,0.10514850681351562
base_macro_sector_relative_context,Sector,2017-02-08,-0.0024437595584574333,0.10244778958647505
base_macro_sector_relative_context,Sector,2017-02-09,0.0073262996295393,0.11052465241890896
base_macro_sector_relative_context,Sector,2017-02-10,0.0045551227707933,0.11558322855066971
base_macro_sector_relative_context,Sector,2017-02-13,0.008971305728398599,0.12559146675947175
base_macro_sector_relative_context,Sector,2017-02-14,0.006551697212512533,0.13296600123466784
base_macro_sector_relative_context,Sector,2017-02-15,0.006822648508573367,0.14069583003325592
base_macro_sector_relative_context,Sector,2017-02-16,0.0006083910048748667,0.1413898191155465
base_macro_sector_relative_context,Sector,2017-02-17,0.0029519090808991003,0.14475909808743959
base_macro_sector_relative_context,Sector,2017-02-21,0.0052133579727662,0.1507271370583505
base_macro_sector_relative_context,Sector,2017-02-22,0.00027706381129753336,0.15104596190470732
base_macro_sector_relative_context,Sector,2017-02-23,0.0010040609177232667,0.1522016821695591
base_macro_sector_relative_context,Sector,2017-02-24,-0.0023485937184622666,0.14949562853641396
base_macro_sector_relative_context,Sector,2017-02-27,0.0021478731893784333,0.15196459937825502
base_macro_sector_relative_context,Sector,2017-02-28,-0.0006387821276201,0.1512287449805212
base_macro_sector_relative_context,Sector,2017-03-01,0.0176336419958933,0.17152910052488934
base_macro_sector_relative_context,Sector,2017-03-02,-0.008383350242555833,0.16170776175584267
base_macro_sector_relative_context,Sector,2017-03-03,0.001974818632438233,0.1640019238892061
base_macro_sector_relative_context,Sector,2017-03-06,-0.003878398926868167,0.15948746007672177
base_macro_sector_relative_context,Sector,2017-03-07,-0.0007272683312737586,0.15864420156649883
base_macro_sector_relative_context,Sector,2017-03-08,-0.0023276938345848336,0.15594723260203502
base_macro_sector_relative_context,Sector,2017-03-09,0.0002827325627182576,0.15627405652547566
base_macro_sector_relative_context,Sector,2017-03-10,1.1253624426499968e-05,0.15628706879944199
base_macro_sector_relative_context,Sector,2017-03-13,-0.00016532665380758805,0.15609590372751625
base_macro_sector_relative_context,Sector,2017-03-14,-0.0011741638285006665,0.15473845773508166
base_macro_sector_relative_context,Sector,2017-03-15,0.0020135832530919664,0.15706361975527816
base_macro_sector_relative_context,Sector,2017-03-16,0.00036600794390833014,0.1574871142317158
base_macro_sector_relative_context,Sector,2017-03-17,-0.0025658122243952908,0.15451721964443998
base_macro_sector_relative_context,Sector,2017-03-20,-0.0028958421823943995,0.15117391997949303
base_macro_sector_relative_context,Sector,2017-03-21,-0.0177085902525484,0.13078825272115613
base_macro_sector_relative_context,Sector,2017-03-22,0.0005485381465508158,0.13140853321344537
base_macro_sector_relative_context,Sector,2017-03-23,0.00021504621898716663,0.13165183834064265
base_macro_sector_relative_context,Sector,2017-03-24,-0.0036009966829233,0.12757676382455396
base_macro_sector_relative_context,Sector,2017-03-27,-0.0032573408007505,0.12390386202576997
base_macro_sector_relative_context,Sector,2017-03-28,0.008425331680243033,0.13337312484004316
base_macro_sector_relative_context,Sector,2017-03-29,-0.0017602252768817667,0.13137813281756117
base_macro_sector_relative_context,Sector,2017-03-30,0.004340316892746166,0.13628867243951293
base_macro_sector_relative_context,Sector,2017-03-31,-0.0034694760114445332,0.1323463461484078
base_macro_sector_relative_context,Sector,2017-04-03,-0.0013444439641707333,0.13082396993797762
base_macro_sector_relative_context,Sector,2017-07-05,0.0,0.13082396993797762
base_macro_sector_relative_context,Sector,2017-07-06,-0.0009509842949549,0.12974857410220797
base_macro_sector_relative_context,Sector,2017-07-07,0.0010987482599232668,0.13098988338215345
base_macro_sector_relative_context,Sector,2017-07-10,0.0001240837620892,0.1311302208617684
base_macro_sector_relative_context,Sector,2017-07-11,-7.249322418283329e-05,0.13104822158508744
base_macro_sector_relative_context,Sector,2017-07-12,0.0032696215907027665,0.13474632127050823
base_macro_sector_relative_context,Sector,2017-07-13,-7.629616510510002e-05,0.13465974447782814
base_macro_sector_relative_context,Sector,2017-07-14,0.004032020480216766,0.13923471580564017
base_macro_sector_relative_context,Sector,2017-07-17,0.00011522374864693331,0.13936598270018408
base_macro_sector_relative_context,Sector,2017-07-18,-0.0010379897726056,0.1381833324628865
base_macro_sector_relative_context,Sector,2017-07-19,0.006872605870453167,0.14600561791522293
base_macro_sector_relative_context,Sector,2017-07-20,0.0016225214673868669,0.1478650366320362
base_macro_sector_relative_context,Sector,2017-07-21,-0.0006909420217023001,0.14707192844298422
base_macro_sector_relative_context,Sector,2017-07-24,-0.0017357648324358998,0.1450808813293185
base_macro_sector_relative_context,Sector,2017-07-25,0.0050608883290451335,0.1508760077974507
base_macro_sector_relative_context,Sector,2017-07-26,0.0083918218530529,0.16053395422983963
base_macro_sector_relative_context,Sector,2017-07-27,0.002049847590292733,0.16291287195937065
base_macro_sector_relative_context,Sector,2017-07-28,0.0040865196360567,0.16766513824565576
base_macro_sector_relative_context,Sector,2017-07-31,0.0032247425106169,0.17143055765512183
base_macro_sector_relative_context,Sector,2017-08-01,0.0016842998645406999,0.1734035979846993
base_macro_sector_relative_context,Sector,2017-08-02,7.389384221956836e-05,0.17349030528502873
base_macro_sector_relative_context,Sector,2017-08-03,0.0019001969169500999,0.17572016794520207
base_macro_sector_relative_context,Sector,2017-08-04,0.0021467701900270333,0.17824416895356054
base_macro_sector_relative_context,Sector,2017-08-07,0.001994931437737667,0.18059468528753708
base_macro_sector_relative_context,Sector,2017-08-08,-0.0010137231244460334,0.17939788915446298
base_macro_sector_relative_context,Sector,2017-08-09,-0.0022302830534076667,0.176767498029057
base_macro_sector_relative_context,Sector,2017-08-10,-0.0099425729422545,0.1650674013438287
base_macro_sector_relative_context,Sector,2017-08-11,0.0009569668425482609,0.16618233221624856
base_macro_sector_relative_context,Sector,2017-08-14,0.007932247748205334,0.1754327793949677
base_macro_sector_relative_context,Sector,2017-08-15,0.003137843568658167,0.17912110358218225
base_macro_sector_relative_context,Sector,2017-08-16,0.0011671955853363,0.18049736852886022
base_macro_sector_relative_context,Sector,2017-08-17,-0.011058227937101433,0.16744315954851974
base_macro_sector_relative_context,Sector,2017-08-18,-0.0030426628499482665,0.16389102361753527
base_macro_sector_relative_context,Sector,2017-08-21,0.0009981390073657667,0.1650527486485307
base_macro_sector_relative_context,Sector,2017-08-22,0.010013899903174401,0.17671947025541535
base_macro_sector_relative_context,Sector,2017-08-23,-0.0052468817683625005,0.17054536232045492
base_macro_sector_relative_context,Sector,2017-08-24,3.138454392530003e-05,0.1705820993527951
base_macro_sector_relative_context,Sector,2017-08-25,-7.84080467623667e-05,0.17049031629680989
base_macro_sector_relative_context,Sector,2017-08-28,-0.0009987212174272667,0.16932132278313117
base_macro_sector_relative_context,Sector,2017-08-29,0.0036255377862793666,0.17356074142318345
base_macro_sector_relative_context,Sector,2017-08-30,0.0010670789054967,0.1748130233346752
base_macro_sector_relative_context,Sector,2017-08-31,0.0040598696979846005,0.17958261112890916
base_macro_sector_relative_context,Sector,2017-09-01,0.00037897109603296665,0.18002963884391
base_macro_sector_relative_context,Sector,2017-09-05,-0.010161488083062734,0.16803878173113684
base_macro_sector_relative_context,Sector,2017-09-06,0.0012030984011610999,0.16944404732193163
base_macro_sector_relative_context,Sector,2017-09-07,0.0012403954958640333,0.17089462045089476
base_macro_sector_relative_context,Sector,2017-09-08,0.0034567331149475667,0.17494209065952138
base_macro_sector_relative_context,Sector,2017-09-11,0.014174725007487267,0.1915965716943422
base_macro_sector_relative_context,Sector,2017-09-12,-8.373533996540004e-05,0.19149679295030975
base_macro_sector_relative_context,Sector,2017-09-13,0.0008549157299513666,0.19251542230078944
base_macro_sector_relative_context,Sector,2017-09-14,0.0004128985692881334,0.19300781021251145
base_macro_sector_relative_context,Sector,2017-09-15,0.004975425090154733,0.1989435312041934
base_macro_sector_relative_context,Sector,2017-09-18,0.0041006022329576,0.20385992172543932
base_macro_sector_relative_context,Sector,2017-09-19,2.3546499348333673e-06,0.20386275639412554
base_macro_sector_relative_context,Sector,2017-09-20,0.0020986714899833333,0.2063892688388227
base_macro_sector_relative_context,Sector,2017-09-21,-0.0032488352148254997,0.2024699088994315
base_macro_sector_relative_context,Sector,2017-09-22,-0.0009049690844756333,0.20138171080686518
base_macro_sector_relative_context,Sector,2017-09-25,-0.004116997390432767,0.19643562543855952
base_macro_sector_relative_context,Sector,2017-09-26,-0.00030346453044823333,0.19607254966327425
base_macro_sector_relative_context,Sector,2017-09-27,0.0023323790693175997,0.1988622442434942
base_macro_sector_relative_context,Sector,2017-09-28,0.0024299450165784337,0.2017754135794576
base_macro_sector_relative_context,Sector,2017-09-29,0.0008961219296705999,0.20285235088210518
base_macro_sector_relative_context,Sector,2017-10-02,0.005818443292838733,0.20985107907537048
base_macro_sector_relative_context,Sector,2017-10-03,0.0037898168596556003,0.2144361930925227
base_macro_sector_relative_context,Sector,2018-01-04,0.0,0.2144361930925227
base_macro_sector_relative_context,Sector,2018-01-05,0.0014528239933012334,0.21620055513218084
base_macro_sector_relative_context,Sector,2018-01-08,-0.00022073548501860005,0.2159320965127638
base_macro_sector_relative_context,Sector,2018-01-09,0.0025976859210059,0.2190907062007743
base_macro_sector_relative_context,Sector,2018-01-10,-3.278152805703334e-05,0.2190507425445849
base_macro_sector_relative_context,Sector,2018-01-11,0.007690236265782967,0.22842553077473093
base_macro_sector_relative_context,Sector,2018-01-12,0.009158221154866667,0.23967572345785038
base_macro_sector_relative_context,Sector,2018-01-16,-0.0015242402539157,0.23778615981835372
base_macro_sector_relative_context,Sector,2018-01-17,0.013546473793280766,0.25455379759401864
base_macro_sector_relative_context,Sector,2018-01-18,-0.0049473680946055,0.24834705816283575
base_macro_sector_relative_context,Sector,2018-01-19,0.0001895604623611334,0.24858369540836822
base_macro_sector_relative_context,Sector,2018-01-22,0.007314577494925566,0.25771655760733325
base_macro_sector_relative_context,Sector,2018-01-23,0.0011330497980363001,0.25914161309891703
base_macro_sector_relative_context,Sector,2018-01-24,0.0027401620869250665,0.2625918652092003
base_macro_sector_relative_context,Sector,2018-01-25,0.0071143847834047,0.2715744295626952
base_macro_sector_relative_context,Sector,2018-01-26,0.0083165085336651,0.2821494891573437
base_macro_sector_relative_context,Sector,2018-01-29,-0.006743332563447534,0.27350352875590134
base_macro_sector_relative_context,Sector,2018-01-30,-0.012296323964026733,0.2578441167969876
base_macro_sector_relative_context,Sector,2018-01-31,0.005996886692149767,0.26538726544180635
base_macro_sector_relative_context,Sector,2018-02-01,0.0009619937005992666,0.26660456001998
base_macro_sector_relative_context,Sector,2018-02-02,-0.0247937188782972,0.23520072262887526
base_macro_sector_relative_context,Sector,2018-02-05,-0.04606950666765767,0.17829563470182874
base_macro_sector_relative_context,Sector,2018-02-06,0.025275229727676467,0.2080773275560357
base_macro_sector_relative_context,Sector,2018-02-07,-0.0009941303443113333,0.20687634122643783
base_macro_sector_relative_context,Sector,2018-02-08,-0.04322895444036934,0.15470433885640045
base_macro_sector_relative_context,Sector,2018-02-09,0.015620592377734234,0.17274150465047722
base_macro_sector_relative_context,Sector,2018-02-12,0.016192324838971265,0.19173091604592174
base_macro_sector_relative_context,Sector,2018-02-13,0.0027523138124263997,0.1950109335068504
base_macro_sector_relative_context,Sector,2018-02-14,0.012584523935291832,0.2100495772025026
base_macro_sector_relative_context,Sector,2018-02-15,0.014413174947257532,0.22749023345357733
base_macro_sector_relative_context,Sector,2018-02-16,0.0005347538017467619,0.2281466385225237
base_macro_sector_relative_context,Sector,2018-02-20,-0.0074055533572803004,0.2190515330603806
base_macro_sector_relative_context,Sector,2018-02-21,-0.007846407230857765,0.20948635829658735
base_macro_sector_relative_context,Sector,2018-02-22,0.0042745777371103,0.21465640175710043
base_macro_sector_relative_context,Sector,2018-02-23,0.014599854119774732,0.2323902080284046
base_macro_sector_relative_context,Sector,2018-02-26,0.016320854074017035,0.2525038687758836
base_macro_sector_relative_context,Sector,2018-02-27,-0.0113448188990254,0.2382944392142925
base_macro_sector_relative_context,Sector,2018-02-28,-0.014473029544328832,0.22037256721096599
base_macro_sector_relative_context,Sector,2018-03-01,-0.016283121846357867,0.2005010920011172
base_macro_sector_relative_context,Sector,2018-03-02,-0.0016094909042215332,0.19856889641303344
base_macro_sector_relative_context,Sector,2018-03-05,0.014291254563597033,0.2156979496236815
base_macro_sector_relative_context,Sector,2018-03-06,0.0013377384663189526,0.21732423553431812
base_macro_sector_relative_context,Sector,2018-03-07,-0.0020413825695340666,0.21483921105842696
base_macro_sector_relative_context,Sector,2018-03-08,0.0037705688032681002,0.21941984588863073
base_macro_sector_relative_context,Sector,2018-03-09,0.0187217763593788,0.2422495515315457
base_macro_sector_relative_context,Sector,2018-03-12,-0.0076617248538416,0.23273177726790273
base_macro_sector_relative_context,Sector,2018-03-13,-0.0086296425156287,0.2220937427124252
base_macro_sector_relative_context,Sector,2018-03-14,-0.009733533054271434,0.21019845287231553
base_macro_sector_relative_context,Sector,2018-03-15,0.0037238344088421998,0.21470503151264908
base_macro_sector_relative_context,Sector,2018-03-16,0.0034563408856774663,0.21890346617710432
base_macro_sector_relative_context,Sector,2018-03-19,-0.0126035850942191,0.20354091261950247
base_macro_sector_relative_context,Sector,2018-03-20,0.006277388201717333,0.21109600614466428
base_macro_sector_relative_context,Sector,2018-03-21,-0.0009577974899330332,0.20993602142991086
base_macro_sector_relative_context,Sector,2018-03-22,-0.03234469237453397,0.17080101302389283
base_macro_sector_relative_context,Sector,2018-03-23,-0.018551810884032068,0.14908053404744037
base_macro_sector_relative_context,Sector,2018-03-26,0.0301553744646632,0.18373148784169602
base_macro_sector_relative_context,Sector,2018-03-27,-0.0185991167489175,0.16171512769995866
base_macro_sector_relative_context,Sector,2018-03-28,-0.0015901041315151,0.15986787967575933
base_macro_sector_relative_context,Sector,2018-03-29,0.014043907362147466,0.1761569567302561
base_macro_sector_relative_context,Sector,2018-04-02,-0.021277495284446567,0.15113128262965914
base_macro_sector_relative_context,Sector,2018-04-03,0.015078368506537232,0.16848846430855202
base_macro_sector_relative_context,Sector,2018-07-05,0.0,0.16848846430855202
base_macro_sector_relative_context,Sector,2018-07-06,0.0006685942586898666,0.16926970898713423
base_macro_sector_relative_context,Sector,2018-07-09,0.0046593552317966,0.1747177519230847
base_macro_sector_relative_context,Sector,2018-07-10,0.0035112414677127995,0.1788424696064954
base_macro_sector_relative_context,Sector,2018-07-11,-0.006688464132870833,0.1709578240302274
base_macro_sector_relative_context,Sector,2018-07-12,0.008608958380906,0.18103855120309986
base_macro_sector_relative_context,Sector,2018-07-13,0.0062051943082422,0.1883671248988399
base_macro_sector_relative_context,Sector,2018-07-16,0.0003833366248078,0.18882266954153115
base_macro_sector_relative_context,Sector,2018-07-17,-0.0014368551435564667,0.18711450357402382
base_macro_sector_relative_context,Sector,2018-07-18,0.005852505626608666,0.19406209788561957
base_macro_sector_relative_context,Sector,2018-07-19,-0.005394494209126701,0.18762073681323788
base_macro_sector_relative_context,Sector,2018-07-20,-0.0007121963653656333,0.18677491764104648
base_macro_sector_relative_context,Sector,2018-07-23,-0.0004927735768056333,0.1861901063200173
base_macro_sector_relative_context,Sector,2018-07-24,0.006672796014301233,0.194105310933673
base_macro_sector_relative_context,Sector,2018-07-25,0.005398990174648367,0.20055227377489926
base_macro_sector_relative_context,Sector,2018-07-26,0.004096554124135967,0.20547040114327264
base_macro_sector_relative_context,Sector,2018-07-27,-0.004599401624716233,0.1999259586217068
base_macro_sector_relative_context,Sector,2018-07-30,-0.011296822593544168,0.18637060794176907
base_macro_sector_relative_context,Sector,2018-07-31,0.008547731575263567,0.19651138544723756
base_macro_sector_relative_context,Sector,2018-08-01,-0.0060723022719639,0.18924580664295565
base_macro_sector_relative_context,Sector,2018-08-02,0.001213234330574,0.1906886404830661
base_macro_sector_relative_context,Sector,2018-08-03,0.0031900653708054998,0.19448701508248267
base_macro_sector_relative_context,Sector,2018-08-06,0.00019428515915523333,0.1947190861823167
base_macro_sector_relative_context,Sector,2018-08-07,0.0082549970095851,0.20458148866604597
base_macro_sector_relative_context,Sector,2018-08-08,-0.0039021373207628663,0.19988104628322212
base_macro_sector_relative_context,Sector,2018-08-09,-0.0021818809581425663,0.1972630486763005
base_macro_sector_relative_context,Sector,2018-08-10,-0.006935184888715434,0.18895980807330326
base_macro_sector_relative_context,Sector,2018-08-13,-0.0033799448446026003,0.18494118949956628
base_macro_sector_relative_context,Sector,2018-08-14,0.004468323858610466,0.19023589048765754
base_macro_sector_relative_context,Sector,2018-08-15,-0.0083652149704609,0.18027931139817022
base_macro_sector_relative_context,Sector,2018-08-16,0.018681583725618133,0.2023287981736701
base_macro_sector_relative_context,Sector,2018-08-17,0.0020698567885973,0.20481744659869583
base_macro_sector_relative_context,Sector,2018-08-20,0.004113028676917134,0.20977289530700638
base_macro_sector_relative_context,Sector,2018-08-21,0.0026856083229124003,0.21302187146347662
base_macro_sector_relative_context,Sector,2018-08-22,-0.0033842744317235333,0.20891667255876145
base_macro_sector_relative_context,Sector,2018-08-23,-0.0016152264830293667,0.2069639983334688
base_macro_sector_relative_context,Sector,2018-08-24,0.006886444888639,0.21527568939056363
base_macro_sector_relative_context,Sector,2018-08-27,0.009694003817632834,0.22705657656299194
base_macro_sector_relative_context,Sector,2018-08-28,0.0005810624872280666,0.2277695731093392
base_macro_sector_relative_context,Sector,2018-08-29,0.0024302449985759665,0.23075335397379204
base_macro_sector_relative_context,Sector,2018-08-30,-0.0060992053566234,0.22324673652455274
base_macro_sector_relative_context,Sector,2018-08-31,-0.0019889495586469,0.22081376046782597
base_macro_sector_relative_context,Sector,2018-09-04,0.0011773457771668333,0.2222510803934199
base_macro_sector_relative_context,Sector,2018-09-05,-0.0008344967223860668,0.2212311158728988
base_macro_sector_relative_context,Sector,2018-09-06,0.004821470776650034,0.22711924600961564
base_macro_sector_relative_context,Sector,2018-09-07,-0.0020976914514123667,0.2245451284573976
base_macro_sector_relative_context,Sector,2018-09-10,-0.004131883432515,0.21948545072875758
base_macro_sector_relative_context,Sector,2018-09-11,0.00379642617172,0.22411513720993614
base_macro_sector_relative_context,Sector,2018-09-12,0.006101332583365267,0.23158387078238563
base_macro_sector_relative_context,Sector,2018-09-13,0.007394815582693867,0.2406912063814417
base_macro_sector_relative_context,Sector,2018-09-14,-8.213037027772977e-05,0.24058930795326128
base_macro_sector_relative_context,Sector,2018-09-17,-0.003964312210347934,0.23567122461171497
base_macro_sector_relative_context,Sector,2018-09-18,0.008428225757041767,0.24608574065422295
base_macro_sector_relative_context,Sector,2018-09-19,0.004028906609421767,0.2511061037306508
base_macro_sector_relative_context,Sector,2018-09-20,0.007994548707860366,0.2611081324156268
base_macro_sector_relative_context,Sector,2018-09-21,0.0038524143134535667,0.26596644343575737
base_macro_sector_relative_context,Sector,2018-09-24,-0.004002890956015599,0.2608989178087091
base_macro_sector_relative_context,Sector,2018-09-25,-0.0046564103315724,0.2550276550607562
base_macro_sector_relative_context,Sector,2018-09-26,-0.002699848440122967,0.2516392706039292
base_macro_sector_relative_context,Sector,2018-09-27,0.003912420348042,0.2565362095546486
base_macro_sector_relative_context,Sector,2018-09-28,0.002117817600153633,0.2591973240544738
base_macro_sector_relative_context,Sector,2018-10-01,0.010190246030789068,0.27202885458789994
base_macro_sector_relative_context,Sector,2018-10-02,0.0037847967362929663,0.27684322524521465
base_macro_sector_relative_context,Sector,2018-10-03,0.0037881377907163665,0.28168008331958605
base_macro_sector_relative_context,Sector,2019-01-04,0.0,0.28168008331958605
base_macro_sector_relative_context,Sector,2019-01-07,0.0006520775499978667,0.282515838128198
base_macro_sector_relative_context,Sector,2019-01-08,0.0021612855853239336,0.2852877211220941
base_macro_sector_relative_context,Sector,2019-01-09,0.0007300682383968631,0.28622606886448687
base_macro_sector_relative_context,Sector,2019-01-10,0.003076182818662867,0.2901827353984443
base_macro_sector_relative_context,Sector,2019-01-11,-0.0005889950595981267,0.2894228241413159
base_macro_sector_relative_context,Sector,2019-01-14,-0.003714403090682933,0.2846333880181282
base_macro_sector_relative_context,Sector,2019-01-15,0.004180112317231866,0.2900032998665101
base_macro_sector_relative_context,Sector,2019-01-16,0.008876684761432668,0.3014542525006332
base_macro_sector_relative_context,Sector,2019-01-17,0.007476939560309266,0.3111851472870881
base_macro_sector_relative_context,Sector,2019-01-18,0.013004911451134832,0.32823699402359985
base_macro_sector_relative_context,Sector,2019-01-22,-0.0124311764651783,0.3117254455633145
base_macro_sector_relative_context,Sector,2019-01-23,0.0018670323821978125,0.31417447944673405
base_macro_sector_relative_context,Sector,2019-01-24,0.0014780424714542998,0.31611688514225755
base_macro_sector_relative_context,Sector,2019-01-25,0.0048590706271273,0.3225119900407185
base_macro_sector_relative_context,Sector,2019-01-28,-0.011511523347836866,0.3072878623895705
base_macro_sector_relative_context,Sector,2019-01-29,0.0011841066138000335,0.30883583059356656
base_macro_sector_relative_context,Sector,2019-01-30,0.012755979905912866,0.325531314148757
base_macro_sector_relative_context,Sector,2019-01-31,0.0007244722176398666,0.32649162475946936
base_macro_sector_relative_context,Sector,2019-02-01,0.004684081193901467,0.3327050192328731
base_macro_sector_relative_context,Sector,2019-02-04,0.005659600106939733,0.3402475967022427
base_macro_sector_relative_context,Sector,2019-02-05,0.005370216832372633,0.34744501690560003
base_macro_sector_relative_context,Sector,2019-02-06,-0.0020662954522905,0.3446607973949565
base_macro_sector_relative_context,Sector,2019-02-07,-0.0092828033758029,0.33217857560558883
base_macro_sector_relative_context,Sector,2019-02-08,-0.0008257061043940001,0.33107858762356845
base_macro_sector_relative_context,Sector,2019-02-11,-0.00045855038574300005,0.3304682210237593
base_macro_sector_relative_context,Sector,2019-02-12,0.014597121434815069,0.3498892272112055
base_macro_sector_relative_context,Sector,2019-02-13,0.005568237543986066,0.3574057310863852
base_macro_sector_relative_context,Sector,2019-02-14,-0.0061859921113151,0.34900882994203086
base_macro_sector_relative_context,Sector,2019-02-15,0.015813995234783634,0.370342049150415
base_macro_sector_relative_context,Sector,2019-02-19,-0.0011992540904114,0.3686986608427085
base_macro_sector_relative_context,Sector,2019-02-20,0.0037491276939685997,0.37383008689677144
base_macro_sector_relative_context,Sector,2019-02-21,-0.0025795699524180002,0.37028619608488467
base_macro_sector_relative_context,Sector,2019-02-22,0.0064901429450273,0.3791795493730732
base_macro_sector_relative_context,Sector,2019-02-25,0.0030824222672131666,0.3834307631265459
base_macro_sector_relative_context,Sector,2019-02-26,-0.0002679869405344667,0.3830600217488944
base_macro_sector_relative_context,Sector,2019-02-27,0.0009220790253513664,0.38433531238575114
base_macro_sector_relative_context,Sector,2019-02-28,0.0006275522108682333,0.3852040550716218
base_macro_sector_relative_context,Sector,2019-03-01,0.006001207758958134,0.393516952394658
base_macro_sector_relative_context,Sector,2019-03-04,-0.005316565638796366,0.38610822804847644
base_macro_sector_relative_context,Sector,2019-03-05,-0.0011739720272393999,0.38448097576202134
base_macro_sector_relative_context,Sector,2019-03-06,-0.004813743379791967,0.3778164396304988
base_macro_sector_relative_context,Sector,2019-03-07,-0.008473889926349266,0.36614097478235563
base_macro_sector_relative_context,Sector,2019-03-08,-0.00031745956377366666,0.3657072802644479
base_macro_sector_relative_context,Sector,2019-03-11,0.011085472373059067,0.3808467905895052
base_macro_sector_relative_context,Sector,2019-03-12,-0.001240467427140867,0.37913389512390694
base_macro_sector_relative_context,Sector,2019-03-13,0.0050985053130661664,0.38616541661562565
base_macro_sector_relative_context,Sector,2019-03-14,0.0020770945746296666,0.3890446132820171
base_macro_sector_relative_context,Sector,2019-03-15,0.006764210360346999,0.3984404032461635
base_macro_sector_relative_context,Sector,2019-03-18,0.0011521059740425,0.4000515547890857
base_macro_sector_relative_context,Sector,2019-03-19,-0.0013423060714155,0.3981722570867976
base_macro_sector_relative_context,Sector,2019-03-20,-0.0050757716883554,0.3910754539288326
base_macro_sector_relative_context,Sector,2019-03-21,0.006969116339961767,0.4007700206049276
base_macro_sector_relative_context,Sector,2019-03-22,-0.017404526722644767,0.3763902813490294
base_macro_sector_relative_context,Sector,2019-03-25,0.00043080120502903343,0.37698323194082506
base_macro_sector_relative_context,Sector,2019-03-26,0.009941575962762933,0.3906726153406157
base_macro_sector_relative_context,Sector,2019-03-27,-0.0028152970512866668,0.38675745882734214
base_macro_sector_relative_context,Sector,2019-03-28,0.004271152546232033,0.3926805114786187
base_macro_sector_relative_context,Sector,2019-03-29,0.006752451736561966,0.40208451941682855
base_macro_sector_relative_context,Sector,2019-04-01,0.012510694486681101,0.4196255704837575
base_macro_sector_relative_context,Sector,2019-04-02,-0.0006755687320506333,0.418666515837119
base_macro_sector_relative_context,Sector,2019-04-03,0.002118056091788933,0.42167133109320476
base_macro_sector_relative_context,Sector,2019-07-05,0.0,0.42167133109320476
base_macro_sector_relative_context,Sector,2019-07-08,-0.000622269668960529,0.42078666814463483
base_macro_sector_relative_context,Sector,2019-07-09,1.071744148700671e-05,0.42080189534261603
base_macro_sector_relative_context,Sector,2019-07-10,0.0009914273092505666,0.42221051714269375
base_macro_sector_relative_context,Sector,2019-07-11,0.006846110507964134,0.4319471275086415
base_macro_sector_relative_context,Sector,2019-07-12,0.006923240604754,0.44186084200567
base_macro_sector_relative_context,Sector,2019-07-15,0.0008012743076086667,0.44301616805351607
base_macro_sector_relative_context,Sector,2019-07-16,-0.0029840102440310333,0.438710193025742
base_macro_sector_relative_context,Sector,2019-07-17,-0.006026218690804867,0.43004021076987886
base_macro_sector_relative_context,Sector,2019-07-18,-0.0004937969389772332,0.42933406129118645
base_macro_sector_relative_context,Sector,2019-07-19,-0.003657381735514933,0.42410644100147077
base_macro_sector_relative_context,Sector,2019-07-22,-6.840731452422185e-05,0.42400902170424537
base_macro_sector_relative_context,Sector,2019-07-23,0.0046926157592704,0.43069134888083793
base_macro_sector_relative_context,Sector,2019-07-24,-0.0029773582335276666,0.4264316682136109
base_macro_sector_relative_context,Sector,2019-07-25,-0.0026251948773601333,0.42268700710531215
base_macro_sector_relative_context,Sector,2019-07-26,0.0039504956756458666,0.428307325974679
base_macro_sector_relative_context,Sector,2019-07-29,0.0002855404687332,0.4287151655180328
base_macro_sector_relative_context,Sector,2019-07-30,-0.0016860738213993,0.42630624627921665
base_macro_sector_relative_context,Sector,2019-07-31,-0.013686751413755199,0.4067847472465067
base_macro_sector_relative_context,Sector,2019-08-01,-0.009268757906009867,0.3937455999984114
base_macro_sector_relative_context,Sector,2019-08-02,-0.0054037726933344335,0.3862141155836849
base_macro_sector_relative_context,Sector,2019-08-05,-0.029092197206510035,0.3458861011626764
base_macro_sector_relative_context,Sector,2019-08-06,0.014479219251174102,0.3653734811085185
base_macro_sector_relative_context,Sector,2019-08-07,-0.0021387480925437,0.3624532911801879
base_macro_sector_relative_context,Sector,2019-08-08,0.01597834023780127,0.38422303342477715
base_macro_sector_relative_context,Sector,2019-08-09,-0.0020638047463109,0.38136626735844237
base_macro_sector_relative_context,Sector,2019-08-12,-0.013589282625908734,0.3625944907414118
base_macro_sector_relative_context,Sector,2019-08-13,0.015010373462112701,0.38304754292485765
base_macro_sector_relative_context,Sector,2019-08-14,-0.028428638593838703,0.34372938416895016
base_macro_sector_relative_context,Sector,2019-08-15,0.005188929346189267,0.3507019010038013
base_macro_sector_relative_context,Sector,2019-08-16,0.011226542776923733,0.3658656136742928
base_macro_sector_relative_context,Sector,2019-08-19,0.0082101558169019,0.3770795831875071
base_macro_sector_relative_context,Sector,2019-08-20,-0.004641157484557766,0.37068833997316486
base_macro_sector_relative_context,Sector,2019-08-21,0.009234841139131067,0.38334642904407623
base_macro_sector_relative_context,Sector,2019-08-22,-0.0010158896685524,0.3819411016987815
base_macro_sector_relative_context,Sector,2019-08-23,-0.022796026715684366,0.35043833542495384
base_macro_sector_relative_context,Sector,2019-08-26,0.011616925034026199,0.3661262763306605
base_macro_sector_relative_context,Sector,2019-08-27,-0.0039471902350022335,0.36073391603294813
base_macro_sector_relative_context,Sector,2019-08-28,0.008575197882102733,0.3724024786278193
base_macro_sector_relative_context,Sector,2019-08-29,0.014389809108697067,0.3921510883155763
base_macro_sector_relative_context,Sector,2019-08-30,0.0013697086931204634,0.39405792976337906
base_macro_sector_relative_context,Sector,2019-09-03,-0.010199291519839867,0.3798395265421779
base_macro_sector_relative_context,Sector,2019-09-04,0.008527585341058899,0.39160622586173255
base_macro_sector_relative_context,Sector,2019-09-05,0.015002692845971466,0.4124840666308778
base_macro_sector_relative_context,Sector,2019-09-06,0.0013668716462675,0.41441475105236036
base_macro_sector_relative_context,Sector,2019-09-09,-0.0017321282040935332,0.4119648033697767
base_macro_sector_relative_context,Sector,2019-09-10,-0.0027126835653286997,0.408134589652853
base_macro_sector_relative_context,Sector,2019-09-11,0.006894243102380034,0.41784261183478977
base_macro_sector_relative_context,Sector,2019-09-12,0.0015810689136488332,0.4200843187128085
base_macro_sector_relative_context,Sector,2019-09-13,0.0017611428462186,0.4225852900517366
base_macro_sector_relative_context,Sector,2019-09-16,-0.0078549271342789,0.4114109862560831
base_macro_sector_relative_context,Sector,2019-09-17,0.002350322599571433,0.41472825739436403
base_macro_sector_relative_context,Sector,2019-09-18,0.00040431387048806667,0.41530025165180007
base_macro_sector_relative_context,Sector,2019-09-19,-0.0016077263070439333,0.4130248362048534
base_macro_sector_relative_context,Sector,2019-09-20,-0.005914330751272166,0.4046677399637757
base_macro_sector_relative_context,Sector,2019-09-23,0.00017975062005506668,0.40492022986100573
base_macro_sector_relative_context,Sector,2019-09-24,-0.007396493559485367,0.3945287464292482
base_macro_sector_relative_context,Sector,2019-09-25,0.006566996986386267,0.403686612504478
base_macro_sector_relative_context,Sector,2019-09-26,-0.003541062163298433,0.39871607095180983
base_macro_sector_relative_context,Sector,2019-09-27,-0.0035334327724661336,0.3937738017473338
base_macro_sector_relative_context,Sector,2019-09-30,0.002606766136345067,0.3974070440954538
base_macro_sector_relative_context,Sector,2019-10-01,-0.009760174066442433,0.3837681081034092
base_macro_sector_relative_context,Sector,2019-10-02,-0.0162022644885292,0.361347931225126
base_macro_sector_relative_context,Sector,2019-10-03,0.0053659923184777,0.3686529137668555
base_macro_sector_relative_context,Sector,2020-01-06,0.0,0.3686529137668555
base_macro_sector_relative_context,Sector,2020-01-07,-0.0010652490051268667,0.3671949576121014
base_macro_sector_relative_context,Sector,2020-01-08,0.0029199236017614337,0.37118706243704214
base_macro_sector_relative_context,Sector,2020-01-09,0.0031682170073218997,0.37553128060847496
base_macro_sector_relative_context,Sector,2020-01-10,-0.0025344841530711335,0.3720450183757191
base_macro_sector_relative_context,Sector,2020-01-13,0.0011402979323184334,0.37360955847322086
base_macro_sector_relative_context,Sector,2020-01-14,0.0025572565731296665,0.3771222305455404
base_macro_sector_relative_context,Sector,2020-01-15,0.004901083946525,0.38387162220206994
base_macro_sector_relative_context,Sector,2020-01-16,0.009251846475281267,0.396674989992182
base_macro_sector_relative_context,Sector,2020-01-17,0.0035704036234083664,0.4016616834371738
base_macro_sector_relative_context,Sector,2020-01-21,-0.004303731760438,0.39562930753277636
base_macro_sector_relative_context,Sector,2020-01-22,5.400022637933335e-05,0.39570467183132485
base_macro_sector_relative_context,Sector,2020-01-23,-0.0030356960789327,0.3914677366316983
base_macro_sector_relative_context,Sector,2020-01-24,-0.0118261760339066,0.3750119942327903
base_macro_sector_relative_context,Sector,2020-01-27,-0.0175429687704934,0.3508902017589106
base_macro_sector_relative_context,Sector,2020-01-28,0.008796014983718934,0.36277265221494104
base_macro_sector_relative_context,Sector,2020-01-29,1.6177636289299964e-05,0.3627946986552535
base_macro_sector_relative_context,Sector,2020-01-30,0.0044764122884827,0.3688951295909928
base_macro_sector_relative_context,Sector,2020-01-31,-0.021552351338397502,0.33939222081262654
base_macro_sector_relative_context,Sector,2020-02-03,0.0080674003928072,0.3501976341409332
base_macro_sector_relative_context,Sector,2020-02-04,0.016473692596571134,0.3724403749103886
base_macro_sector_relative_context,Sector,2020-02-05,0.0158988903945101,0.39426065400408916
base_macro_sector_relative_context,Sector,2020-02-06,-0.0009016102185046667,0.39300357435118016
base_macro_sector_relative_context,Sector,2020-02-07,-0.009693378181492634,0.37950066389682324
base_macro_sector_relative_context,Sector,2020-02-10,0.005058327355455434,0.3864786298418814
base_macro_sector_relative_context,Sector,2020-02-11,0.0026063958276372665,0.3900923419578095
base_macro_sector_relative_context,Sector,2020-02-12,0.010827878972060034,0.40514409359651604
base_macro_sector_relative_context,Sector,2020-02-13,-0.0035640287938493334,0.40013611958743067
base_macro_sector_relative_context,Sector,2020-02-14,-0.0018299085067455334,0.3975739985915958
base_macro_sector_relative_context,Sector,2020-02-18,-0.0048441144810708004,0.39080399014665024
base_macro_sector_relative_context,Sector,2020-02-19,0.0055245054746396,0.3984874944043659
base_macro_sector_relative_context,Sector,2020-02-20,-0.0051603576426191,0.391270798774509
base_macro_sector_relative_context,Sector,2020-02-21,-0.0065875019927423666,0.3821057996151376
base_macro_sector_relative_context,Sector,2020-02-24,-0.03513564267407033,0.33354462410209984
base_macro_sector_relative_context,Sector,2020-02-25,-0.029425183352980767,0.29430482902851374
base_macro_sector_relative_context,Sector,2020-02-26,-0.0049544023392091,0.2878923221559253
base_macro_sector_relative_context,Sector,2020-02-27,-0.0434001083961321,0.23199765577181197
base_macro_sector_relative_context,Sector,2020-02-28,-0.010412009599828633,0.21917008435294938
base_macro_sector_relative_context,Sector,2020-03-02,0.04829689433195137,0.2780522130896199
base_macro_sector_relative_context,Sector,2020-03-03,-0.0298756102773495,0.23986962325725036
base_macro_sector_relative_context,Sector,2020-03-04,0.0474316346293319,0.2986786662155958
base_macro_sector_relative_context,Sector,2020-03-05,-0.03178229000736744,0.2574036842195506
base_macro_sector_relative_context,Sector,2020-03-06,-0.011131760264540267,0.24340656785106907
base_macro_sector_relative_context,Sector,2020-03-09,-0.07464921048286763,0.15058724925177458
base_macro_sector_relative_context,Sector,2020-03-10,0.0524883285591038,0.21097965082641723
base_macro_sector_relative_context,Sector,2020-03-11,-0.046320731490105495,0.15488618758050499
base_macro_sector_relative_context,Sector,2020-03-12,-0.09694986197682574,0.04292013109563242
base_macro_sector_relative_context,Sector,2020-03-13,0.09378071906890555,0.1407259309212181
base_macro_sector_relative_context,Sector,2020-03-16,-0.1246418094147479,-0.00145621315512523
base_macro_sector_relative_context,Sector,2020-03-17,0.05205841955255643,0.050526398242043635
base_macro_sector_relative_context,Sector,2020-03-18,-0.06174462044479437,-0.014337955484648224
base_macro_sector_relative_context,Sector,2020-03-19,0.018174358319646134,0.0035758196944486453
base_macro_sector_relative_context,Sector,2020-03-20,-0.04535135990914233,-0.041937708500626836
base_macro_sector_relative_context,Sector,2020-03-23,-0.03869355485676667,-0.07900854433295734
base_macro_sector_relative_context,Sector,2020-03-24,0.12112937922921051,0.03255057896739855
base_macro_sector_relative_context,Sector,2020-03-25,0.0175595295657687,0.05068168138692819
base_macro_sector_relative_context,Sector,2020-03-26,0.05893997483650473,0.11260883324905024
base_macro_sector_relative_context,Sector,2020-03-27,-0.037939243661940736,0.07039729562398689
base_macro_sector_relative_context,Sector,2020-03-30,0.0395529223271281,0.11273463671697037
base_macro_sector_relative_context,Sector,2020-03-31,-0.015984297308371868,0.094948355458363
base_macro_sector_relative_context,Sector,2020-04-01,-0.04168550654144709,0.04930487862435662
base_macro_sector_relative_context,Sector,2020-04-02,0.030689103971379268,0.081507105142135
base_macro_sector_relative_context,Sector,2020-04-03,-0.0200919270115778,0.05977754332311647
base_macro_sector_relative_context,Sector,2020-07-06,0.0,0.05977754332311647
base_macro_sector_relative_context,Sector,2020-07-07,-0.0029857597357433,0.05661330220541738
base_macro_sector_relative_context,Sector,2020-07-08,0.003016938736548633,0.05980103980639351
base_macro_sector_relative_context,Sector,2020-07-09,-0.0044585425642259995,0.05507587176080575
base_macro_sector_relative_context,Sector,2020-07-10,0.006834723630259234,0.062287023753245796
base_macro_sector_relative_context,Sector,2020-07-13,-0.005381055295910166,0.056570798538301714
base_macro_sector_relative_context,Sector,2020-07-14,0.0188539358385655,0.07649131658284491
base_macro_sector_relative_context,Sector,2020-07-15,0.006194401321935332,0.0831595358173376
base_macro_sector_relative_context,Sector,2020-07-16,-0.005516694375855199,0.07718407569794006
base_macro_sector_relative_context,Sector,2020-07-17,-0.0006205957517062666,0.07651557983675628
base_macro_sector_relative_context,Sector,2020-07-20,0.0091676260795005,0.08638467214145629
base_macro_sector_relative_context,Sector,2020-07-21,0.0003790722472077999,0.08679649042045723
base_macro_sector_relative_context,Sector,2020-07-22,0.0017492438811186,0.08869756253134642
base_macro_sector_relative_context,Sector,2020-07-23,-0.014666120611177334,0.07273059277016691
base_macro_sector_relative_context,Sector,2020-07-24,-0.0064721897955983,0.06578767677421382
base_macro_sector_relative_context,Sector,2020-07-27,0.009382771339093633,0.07578771884141022
base_macro_sector_relative_context,Sector,2020-07-28,-0.008588403945184,0.06654841935273215
base_macro_sector_relative_context,Sector,2020-07-29,0.005716514419207667,0.07264535877074518
base_macro_sector_relative_context,Sector,2020-07-30,-0.010195273708978533,0.06170944574541193
base_macro_sector_relative_context,Sector,2020-07-31,0.0027396903488673004,0.06461820086722181
base_macro_sector_relative_context,Sector,2020-08-03,0.010691335080195234,0.07600039078516785
base_macro_sector_relative_context,Sector,2020-08-04,0.0015555781474971666,0.07767419347977178
base_macro_sector_relative_context,Sector,2020-08-05,0.012477395433794766,0.09112076054061458
base_macro_sector_relative_context,Sector,2020-08-06,0.0074697238717719334,0.0992711313326109
base_macro_sector_relative_context,Sector,2020-08-07,-0.0005635197599798665,0.09865167032852962
base_macro_sector_relative_context,Sector,2020-08-10,0.008279675027880667,0.10774814912768815
base_macro_sector_relative_context,Sector,2020-08-11,-0.004654104653294467,0.10259257331215466
base_macro_sector_relative_context,Sector,2020-08-12,0.010936125940541332,0.11465066455500206
base_macro_sector_relative_context,Sector,2020-08-13,-0.0036778162037077334,0.110551184279428
base_macro_sector_relative_context,Sector,2020-08-14,-0.0007239459662933334,0.10974720522920656
base_macro_sector_relative_context,Sector,2020-08-17,-0.0012880578716398332,0.10831778660598079
base_macro_sector_relative_context,Sector,2020-08-18,0.001917518479166367,0.11044300644258653
base_macro_sector_relative_context,Sector,2020-08-19,-0.002049881281210767,0.10816673010982858
base_macro_sector_relative_context,Sector,2020-08-20,0.0037135970632718334,0.11228201482437994
base_macro_sector_relative_context,Sector,2020-08-21,0.0030567989723207997,0.115682037344226
base_macro_sector_relative_context,Sector,2020-08-24,0.0140810069247303,0.13139196383786733
base_macro_sector_relative_context,Sector,2020-08-25,0.007389499605721366,0.13975238430856352
base_macro_sector_relative_context,Sector,2020-08-26,0.02817828588665677,0.17186865283360908
base_macro_sector_relative_context,Sector,2020-08-27,0.007378531906235633,0.1805153230784593
base_macro_sector_relative_context,Sector,2020-08-28,0.0007341364214519334,0.18138198237321324
base_macro_sector_relative_context,Sector,2020-08-31,-0.0041567147321882,0.17647131448274078
base_macro_sector_relative_context,Sector,2020-09-01,0.010091330320871268,0.18834347513021554
base_macro_sector_relative_context,Sector,2020-09-02,0.013383757983628466,0.20424797660278227
base_macro_sector_relative_context,Sector,2020-09-03,-0.03416567644146876,0.16310402987887818
base_macro_sector_relative_context,Sector,2020-09-04,-0.0051224976466338,0.15714603222303336
base_macro_sector_relative_context,Sector,2020-09-08,-0.029925553722739803,0.12251779647068783
base_macro_sector_relative_context,Sector,2020-09-09,0.020321084724807665,0.14532857571787305
base_macro_sector_relative_context,Sector,2020-09-10,-0.0168011171337227,0.12608577616063732
base_macro_sector_relative_context,Sector,2020-09-11,0.003311400979880833,0.12981469770324572
base_macro_sector_relative_context,Sector,2020-09-14,0.011203993692704667,0.1424731344502379
base_macro_sector_relative_context,Sector,2020-09-15,1.194749609630018e-05,0.14248678414355176
base_macro_sector_relative_context,Sector,2020-09-16,-0.0011808422795411668,0.1411376874450181
base_macro_sector_relative_context,Sector,2020-09-17,-0.0076501947487290995,0.13240776190094938
base_macro_sector_relative_context,Sector,2020-09-18,-0.010948199417219565,0.12000993590205056
base_macro_sector_relative_context,Sector,2020-09-21,-0.014479692329143099,0.10379253662460552
base_macro_sector_relative_context,Sector,2020-09-22,0.0099770072434495,0.11480508275777468
base_macro_sector_relative_context,Sector,2020-09-23,-0.028111021571525133,0.08346677302832495
base_macro_sector_relative_context,Sector,2020-09-24,0.006559055958252867,0.09057329222152544
base_macro_sector_relative_context,Sector,2020-09-25,0.014325507968419667,0.10619630860939067
base_macro_sector_relative_context,Sector,2020-09-28,0.017970349487008933,0.12607504287634064
base_macro_sector_relative_context,Sector,2020-09-29,-0.005556943032354667,0.11981750801292046
base_macro_sector_relative_context,Sector,2020-09-30,0.012877056966678102,0.13423746185588636
base_macro_sector_relative_context,Sector,2020-10-01,0.0016195205401714,0.13607438272279393
base_macro_sector_relative_context,Sector,2020-10-02,-0.008001339488444633,0.12698426590250378
base_macro_sector_relative_context,Sector,2021-01-04,0.0,0.12698426590250378
base_macro_sector_relative_context,Sector,2021-01-05,0.0013764156173704,0.12853546464662258
base_macro_sector_relative_context,Sector,2021-01-06,0.0067162738723732665,0.1361150179018753
base_macro_sector_relative_context,Sector,2021-01-07,0.0054587789279451,0.14231681862131995
base_macro_sector_relative_context,Sector,2021-01-08,0.0011247094421888,0.14360159313319443
base_macro_sector_relative_context,Sector,2021-01-11,-0.0042948292895416,0.13869001951543947
base_macro_sector_relative_context,Sector,2021-01-12,0.003027312583343367,0.1421371901400461
base_macro_sector_relative_context,Sector,2021-01-13,0.0006689018676288333,0.14290116783961926
base_macro_sector_relative_context,Sector,2021-01-14,-0.0030528717889078336,0.13941203710681194
base_macro_sector_relative_context,Sector,2021-01-15,-0.007546841514290834,0.13081307504329143
base_macro_sector_relative_context,Sector,2021-01-19,0.004378379935416166,0.13576420432176728
base_macro_sector_relative_context,Sector,2021-01-20,0.007120881399746401,0.14385184651881988
base_macro_sector_relative_context,Sector,2021-01-21,0.0003559729471786,0.14425902683176095
base_macro_sector_relative_context,Sector,2021-01-22,-0.0036242206675063337,0.14011197961773658
base_macro_sector_relative_context,Sector,2021-01-25,-0.004564858266105,0.13490753002329314
base_macro_sector_relative_context,Sector,2021-01-26,-0.003180813627092689,0.13129760068630492
base_macro_sector_relative_context,Sector,2021-01-27,-0.021858888359695298,0.10656869273131186
base_macro_sector_relative_context,Sector,2021-01-28,0.0124794648296564,0.12037807781385124
base_macro_sector_relative_context,Sector,2021-01-29,-0.019383369744803102,0.09866137527761354
base_macro_sector_relative_context,Sector,2021-02-01,0.009715021495702067,0.10933489415493303
base_macro_sector_relative_context,Sector,2021-02-02,0.019740409962425334,0.1312336197511752
base_macro_sector_relative_context,Sector,2021-02-03,0.0019102496950916335,0.13339455842838221
base_macro_sector_relative_context,Sector,2021-02-04,0.0131351506304803,0.14828186667710552
base_macro_sector_relative_context,Sector,2021-02-05,0.0015665982724178999,0.15008076306569085
base_macro_sector_relative_context,Sector,2021-02-08,0.010696719473086235,0.16238285435959754
base_macro_sector_relative_context,Sector,2021-02-09,0.001839109918445567,0.1645206041960814
base_macro_sector_relative_context,Sector,2021-02-10,0.0019322866400325,0.16677079180161192
base_macro_sector_relative_context,Sector,2021-02-11,3.707103445980248e-05,0.1668140452018414
base_macro_sector_relative_context,Sector,2021-02-12,0.0015563392106139786,0.16863000365188419
base_macro_sector_relative_context,Sector,2021-02-16,0.004950035563758,0.17441476373083553
base_macro_sector_relative_context,Sector,2021-02-17,0.0010724514151986,0.17567426650622875
base_macro_sector_relative_context,Sector,2021-02-18,-0.0034235013057083,0.17164934411975707
base_macro_sector_relative_context,Sector,2021-02-19,0.003740705686120242,0.17603213948344498
base_macro_sector_relative_context,Sector,2021-02-22,0.004590145176320633,0.18143029773569297
base_macro_sector_relative_context,Sector,2021-02-23,0.003700691975043266,0.18580240735759657
base_macro_sector_relative_context,Sector,2021-02-24,0.017059877560165734,0.206032051237667
base_macro_sector_relative_context,Sector,2021-02-25,-0.017209889657545368,0.1852763727124036
base_macro_sector_relative_context,Sector,2021-02-26,-0.013700546596212733,0.16903743853866726
base_macro_sector_relative_context,Sector,2021-03-01,0.023752767612429632,0.19680531314650618
base_macro_sector_relative_context,Sector,2021-03-02,-0.0043609417626065995,0.191586114874696
base_macro_sector_relative_context,Sector,2021-03-03,0.00044241799605413334,0.1921132940157646
base_macro_sector_relative_context,Sector,2021-03-04,-0.0106776223927854,0.17938435841284472
base_macro_sector_relative_context,Sector,2021-03-05,0.0165760906152283,0.198933940408079
base_macro_sector_relative_context,Sector,2021-03-08,0.011637218014101868,0.212886196057114
base_macro_sector_relative_context,Sector,2021-03-09,-0.0017881472965115333,0.2107173768846582
base_macro_sector_relative_context,Sector,2021-03-10,0.015944229527862768,0.23002133263507907
base_macro_sector_relative_context,Sector,2021-03-11,0.005264277532713,0.23649650630122765
base_macro_sector_relative_context,Sector,2021-03-12,0.012512679138852567,0.25196839034088714
base_macro_sector_relative_context,Sector,2021-03-15,0.0026878660741991335,0.2553335137032542
base_macro_sector_relative_context,Sector,2021-03-16,-0.007109996177276733,0.24640809721961676
base_macro_sector_relative_context,Sector,2021-03-17,0.0081114204781888,0.25651823738358415
base_macro_sector_relative_context,Sector,2021-03-18,-0.0031961990972603333,0.25250215492756767
base_macro_sector_relative_context,Sector,2021-03-19,-0.0109995478669244,0.23872519752101606
base_macro_sector_relative_context,Sector,2021-03-22,-0.0005929630685728048,0.23799067922677564
base_macro_sector_relative_context,Sector,2021-03-23,-0.011919293657268201,0.22323470477611074
base_macro_sector_relative_context,Sector,2021-03-24,0.0011293582626716,0.2246161749971365
base_macro_sector_relative_context,Sector,2021-03-25,0.008895417099815534,0.23550964666091656
base_macro_sector_relative_context,Sector,2021-03-26,0.0106855358721472,0.24871172931069574
base_macro_sector_relative_context,Sector,2021-03-29,0.0008337077095965,0.24975278990648575
base_macro_sector_relative_context,Sector,2021-03-30,-0.00034741695514963335,0.24931860459752664
base_macro_sector_relative_context,Sector,2021-03-31,-0.0051954063546895335,0.24282788678016876
base_macro_sector_relative_context,Sector,2021-04-01,0.005418181289958467,0.24956175358295973
base_macro_sector_relative_context,Sector,2021-07-06,0.0,0.24956175358295973
base_macro_sector_relative_context,Sector,2021-07-07,0.0004991947174070667,0.2501855282094223
base_macro_sector_relative_context,Sector,2021-07-08,-0.0044209555809159,0.24465851352130463
base_macro_sector_relative_context,Sector,2021-07-09,0.008918727365880133,0.2557592834670228
base_macro_sector_relative_context,Sector,2021-07-12,0.0032716949955933668,0.25986774483041164
base_macro_sector_relative_context,Sector,2021-07-13,-0.0042681909632892,0.2544903887069869
base_macro_sector_relative_context,Sector,2021-07-14,0.0022499358039042667,0.2573129115481927
base_macro_sector_relative_context,Sector,2021-07-15,-0.0007498904161535052,0.25637006464571677
base_macro_sector_relative_context,Sector,2021-07-16,-0.010469329595645302,0.24321671234483855
base_macro_sector_relative_context,Sector,2021-07-19,-0.019826674090596734,0.21856785976519433
base_macro_sector_relative_context,Sector,2021-07-20,0.0188034334612346,0.2414811194342883
base_macro_sector_relative_context,Sector,2021-07-21,0.009825877832165033,0.25367976124478897
base_macro_sector_relative_context,Sector,2021-07-22,0.004627778431597133,0.2594815134040074
base_macro_sector_relative_context,Sector,2021-07-23,0.009033182193223735,0.2708586393835828
base_macro_sector_relative_context,Sector,2021-07-26,0.0026504051742942667,0.2742269296972015
base_macro_sector_relative_context,Sector,2021-07-27,-0.0057126564929560674,0.2669477089537673
base_macro_sector_relative_context,Sector,2021-07-28,-0.0032161791562582333,0.2628729781401611
base_macro_sector_relative_context,Sector,2021-07-29,0.004461480034890933,0.26850726071873665
base_macro_sector_relative_context,Sector,2021-07-30,-0.008904165749579565,0.2572122618147519
base_macro_sector_relative_context,Sector,2021-08-02,-0.002806187214670733,0.2536842888395201
base_macro_sector_relative_context,Sector,2021-08-03,0.005933075762104867,0.2611224927069655
base_macro_sector_relative_context,Sector,2021-08-04,-0.004393657190902533,0.25558155279827455
base_macro_sector_relative_context,Sector,2021-08-05,0.011694562768192899,0.2702650300780589
base_macro_sector_relative_context,Sector,2021-08-06,0.0051025691249455005,0.2767466452010332
base_macro_sector_relative_context,Sector,2021-08-09,-0.0020571154707578667,0.2741202299249521
base_macro_sector_relative_context,Sector,2021-08-10,0.0021476847076379,0.2768566384584539
base_macro_sector_relative_context,Sector,2021-08-11,0.0060107986185555335,0.2845315665769934
base_macro_sector_relative_context,Sector,2021-08-12,0.002564525025678254,0.28782577992575376
base_macro_sector_relative_context,Sector,2021-08-13,-0.0007496360426946001,0.28686037930441
base_macro_sector_relative_context,Sector,2021-08-16,0.0011376304481605668,0.28832435085443797
base_macro_sector_relative_context,Sector,2021-08-17,-0.012599871241499366,0.2720916299163838
base_macro_sector_relative_context,Sector,2021-08-18,-0.008656816339646567,0.2610793663089961
base_macro_sector_relative_context,Sector,2021-08-19,-0.003642702741675967,0.2564856290438713
base_macro_sector_relative_context,Sector,2021-08-20,0.009009981772872266,0.2678065416594324
base_macro_sector_relative_context,Sector,2021-08-23,0.009494405727925167,0.27984361135046476
base_macro_sector_relative_context,Sector,2021-08-24,0.0024057692267630336,0.28292261972572086
base_macro_sector_relative_context,Sector,2021-08-25,0.0026411777563376,0.28631104641204264
base_macro_sector_relative_context,Sector,2021-08-26,-0.0028615586574644004,0.28263019190099015
base_macro_sector_relative_context,Sector,2021-08-27,0.007654156892740499,0.29244764462516604
base_macro_sector_relative_context,Sector,2021-08-30,-0.0006553992964844,0.2916005753481359
base_macro_sector_relative_context,Sector,2021-08-31,8.709450294210003e-05,0.2917130666582455
base_macro_sector_relative_context,Sector,2021-09-01,0.0005770391735391,0.2924584356986797
base_macro_sector_relative_context,Sector,2021-09-02,-0.00056764992796208,0.2917247717607614
base_macro_sector_relative_context,Sector,2021-09-03,-0.0007125610599685667,0.290804338988208
base_macro_sector_relative_context,Sector,2021-09-07,-0.0038731864284365664,0.28580481314067185
base_macro_sector_relative_context,Sector,2021-09-08,-0.0017767333137387,0.28352028089419923
base_macro_sector_relative_context,Sector,2021-09-09,-0.0027884819214218,0.27994120779514753
base_macro_sector_relative_context,Sector,2021-09-10,-0.006313321921051399,0.27186052691031737
base_macro_sector_relative_context,Sector,2021-09-13,0.0047190238052071,0.2778624670137104
base_macro_sector_relative_context,Sector,2021-09-14,-0.0067755198368031665,0.26920428451975287
base_macro_sector_relative_context,Sector,2021-09-15,0.004777405029111767,0.27526778745158786
base_macro_sector_relative_context,Sector,2021-09-16,0.0003938048595055,0.27576999410345726
base_macro_sector_relative_context,Sector,2021-09-17,-0.0071551256120206,0.2666416995436003
base_macro_sector_relative_context,Sector,2021-09-20,-0.018903334205432866,0.24269794817859003
base_macro_sector_relative_context,Sector,2021-09-21,-0.00048487697314759996,0.24209539255894041
base_macro_sector_relative_context,Sector,2021-09-22,0.014010760393768201,0.2594980934902873
base_macro_sector_relative_context,Sector,2021-09-23,0.0193434714446627,0.2838611588963238
base_macro_sector_relative_context,Sector,2021-09-24,0.0028565982624369998,0.28752863445203736
base_macro_sector_relative_context,Sector,2021-09-27,0.0014904277969994002,0.28944760291825733
base_macro_sector_relative_context,Sector,2021-09-28,-0.021292983263741166,0.2619914166898476
base_macro_sector_relative_context,Sector,2021-09-29,0.00021307567450353326,0.2622603163621766
base_macro_sector_relative_context,Sector,2021-09-30,-0.0138816197362593,0.24473809864226648
base_macro_sector_relative_context,Sector,2021-10-01,0.014714666166701133,0.2630540042287617
base_macro_sector_relative_context,Sector,2022-01-04,0.0,0.2630540042287617
base_macro_sector_relative_context,Sector,2022-01-05,-0.0037987331113178667,0.2582559991615152
base_macro_sector_relative_context,Sector,2022-01-06,-0.0029302188569325666,0.25456903370592365
base_macro_sector_relative_context,Sector,2022-01-07,-0.0022692265643635,0.25172213232781027
base_macro_sector_relative_context,Sector,2022-01-10,-0.0028617736290400334,0.2481399869386287
base_macro_sector_relative_context,Sector,2022-01-11,0.0032608654576579,0.2522100035083583
base_macro_sector_relative_context,Sector,2022-01-12,0.0017060368710244001,0.2543463199446092
base_macro_sector_relative_context,Sector,2022-01-13,-0.009259855326945966,0.24273125449203503
base_macro_sector_relative_context,Sector,2022-01-14,-0.004388268384235466,0.23727781621784638
base_macro_sector_relative_context,Sector,2022-01-18,-0.014809898456623935,0.21895385739702666
base_macro_sector_relative_context,Sector,2022-01-19,-0.007555818697336133,0.20974366305011616
base_macro_sector_relative_context,Sector,2022-01-20,-0.007232811916058367,0.2009938146686312
base_macro_sector_relative_context,Sector,2022-01-21,-0.011010545841780532,0.18777021721652742
base_macro_sector_relative_context,Sector,2022-01-24,0.004181268712419233,0.19273660366331824
base_macro_sector_relative_context,Sector,2022-01-25,-0.0011730039311748331,0.19133751893836504
base_macro_sector_relative_context,Sector,2022-01-26,0.0012316433934469668,0.19280482192293102
base_macro_sector_relative_context,Sector,2022-01-27,0.0008030125393808,0.193762659151969
base_macro_sector_relative_context,Sector,2022-01-28,0.016749617347190035,0.21375772689612837
base_macro_sector_relative_context,Sector,2022-01-31,0.009271475695130168,0.2250110521608224
base_macro_sector_relative_context,Sector,2022-02-01,0.0049001822027516665,0.23101382951679494
base_macro_sector_relative_context,Sector,2022-02-02,0.009046103292736434,0.24214970777339095
base_macro_sector_relative_context,Sector,2022-02-03,-0.012303542226628134,0.22686686639200726
base_macro_sector_relative_context,Sector,2022-02-04,0.0011339172408211667,0.2282580318840013
base_macro_sector_relative_context,Sector,2022-02-07,-0.0016439130228443003,0.22623888250997415
base_macro_sector_relative_context,Sector,2022-02-08,0.0125580457002481,0.24163804643595554
base_macro_sector_relative_context,Sector,2022-02-09,0.007952036508923866,0.2515115975120832
base_macro_sector_relative_context,Sector,2022-02-10,-0.016248156628514435,0.2311768410533046
base_macro_sector_relative_context,Sector,2022-02-11,-0.013330231688026765,0.2147649685131312
base_macro_sector_relative_context,Sector,2022-02-14,-0.0031326434424245667,0.2109595430004314
base_macro_sector_relative_context,Sector,2022-02-15,0.010992197111642168,0.22427064899131643
base_macro_sector_relative_context,Sector,2022-02-16,6.5393284622666395e-06,0.22427865489921683
base_macro_sector_relative_context,Sector,2022-02-17,-0.014184725728907034,0.20691259796371608
base_macro_sector_relative_context,Sector,2022-02-18,-0.005372319957048066,0.20042867732726277
base_macro_sector_relative_context,Sector,2022-02-22,-0.014233869602467933,0.18334193206712346
base_macro_sector_relative_context,Sector,2022-02-23,-0.014039584305392367,0.1667283032497613
base_macro_sector_relative_context,Sector,2022-02-24,0.0024823073374742335,0.169624481477757
base_macro_sector_relative_context,Sector,2022-02-25,0.0261394833801597,0.2001978611723727
base_macro_sector_relative_context,Sector,2022-02-28,-0.003797118534255834,0.195640567628941
base_macro_sector_relative_context,Sector,2022-03-01,-0.013928685549964367,0.17898686613165649
base_macro_sector_relative_context,Sector,2022-03-02,0.017389271624488233,0.19948858898852406
base_macro_sector_relative_context,Sector,2022-03-03,-0.0007528950961779333,0.19858549991195318
base_macro_sector_relative_context,Sector,2022-03-04,-0.003204627999385333,0.19474447925927807
base_macro_sector_relative_context,Sector,2022-03-07,-0.02212180894145997,0.1683145701552402
base_macro_sector_relative_context,Sector,2022-03-08,-0.009575173354453266,0.15712775561347025
base_macro_sector_relative_context,Sector,2022-03-09,0.02051478834876813,0.18086598661236586
base_macro_sector_relative_context,Sector,2022-03-10,-0.0019815503876477666,0.17852604115883408
base_macro_sector_relative_context,Sector,2022-03-11,-0.007663131341215867,0.1694948413163908
base_macro_sector_relative_context,Sector,2022-03-14,0.0016153676449195,0.1713840054439537
base_macro_sector_relative_context,Sector,2022-03-15,0.020267141297255434,0.19512461059563146
base_macro_sector_relative_context,Sector,2022-03-16,0.011158985917569699,0.2084609892950091
base_macro_sector_relative_context,Sector,2022-03-17,0.0129644694740726,0.22412804490133187
base_macro_sector_relative_context,Sector,2022-03-18,0.0074784151812418665,0.23328258265610602
base_macro_sector_relative_context,Sector,2022-03-21,-0.002147126752775667,0.23063456862915288
base_macro_sector_relative_context,Sector,2022-03-22,0.006106757604594366,0.23814975563960572
base_macro_sector_relative_context,Sector,2022-03-23,-0.011183441119887366,0.22430298074980737
base_macro_sector_relative_context,Sector,2022-03-24,0.009838027856164068,0.23634770757880874
base_macro_sector_relative_context,Sector,2022-03-25,0.0045380096433872,0.24195826539838095
base_macro_sector_relative_context,Sector,2022-03-28,0.005203958785651734,0.24842136502501377
base_macro_sector_relative_context,Sector,2022-03-29,0.007046006127787434,0.2572177496130408
base_macro_sector_relative_context,Sector,2022-03-30,-0.0008184190983943668,0.2561888185959169
base_macro_sector_relative_context,Sector,2022-03-31,-0.0156849539666957,0.23648555480276223
base_macro_sector_relative_context,Sector,2022-04-01,0.0051502610670716336,0.24285377821565945
base_macro_sector_relative_context,Sector,2022-07-05,0.0,0.24285377821565945
base_macro_sector_relative_context,Sector,2022-07-06,0.0005380471539002,0.24352249215374266
base_macro_sector_relative_context,Sector,2022-07-07,0.0029098533590181997,0.2471409602545509
base_macro_sector_relative_context,Sector,2022-07-08,-0.0003777935842470771,0.24666979840111503
base_macro_sector_relative_context,Sector,2022-07-11,-0.0030032157240336664,0.24292578005987897
base_macro_sector_relative_context,Sector,2022-07-12,-0.008236905834150633,0.2326879174506875
base_macro_sector_relative_context,Sector,2022-07-13,-0.007948686592120134,0.22288966752897887
base_macro_sector_relative_context,Sector,2022-07-14,-0.005057548009214901,0.2167048443254782
base_macro_sector_relative_context,Sector,2022-07-15,0.0249757596261044,0.2470929720532682
base_macro_sector_relative_context,Sector,2022-07-18,-0.009064448509194634,0.2357887620219128
base_macro_sector_relative_context,Sector,2022-07-19,0.0185900418791745,0.2587621268617133
base_macro_sector_relative_context,Sector,2022-07-20,-0.0035477094174623997,0.254296404609901
base_macro_sector_relative_context,Sector,2022-07-21,0.003575739576122167,0.2587814419040524
base_macro_sector_relative_context,Sector,2022-07-22,-0.0022220484439957667,0.2559843685597387
base_macro_sector_relative_context,Sector,2022-07-25,0.0037271389196636994,0.26066559678228707
base_macro_sector_relative_context,Sector,2022-07-26,-0.005429657589769501,0.25382061425655666
base_macro_sector_relative_context,Sector,2022-07-27,0.012260931937204464,0.2691936234694201
base_macro_sector_relative_context,Sector,2022-07-28,0.008877959778829667,0.2804614734101287
base_macro_sector_relative_context,Sector,2022-07-29,0.007953108854992867,0.290645122892784
base_macro_sector_relative_context,Sector,2022-08-01,-0.002792469008399367,0.2870410363862641
base_macro_sector_relative_context,Sector,2022-08-02,-0.009486127252375734,0.27483200133607455
base_macro_sector_relative_context,Sector,2022-08-03,0.013024221263035466,0.29143569539467373
base_macro_sector_relative_context,Sector,2022-08-04,-0.0032687933898551667,0.2872142589301445
base_macro_sector_relative_context,Sector,2022-08-05,0.0031278729577871333,0.29124050160153003
base_macro_sector_relative_context,Sector,2022-08-08,-0.0006875141405851608,0.2903527554977827
base_macro_sector_relative_context,Sector,2022-08-09,-0.0011823844322286666,0.2888270624875988
base_macro_sector_relative_context,Sector,2022-08-10,0.014695088173040034,0.30776648981065424
base_macro_sector_relative_context,Sector,2022-08-11,-0.0008190802379315336,0.30669532412302125
base_macro_sector_relative_context,Sector,2022-08-12,0.013081918575550399,0.32378940595625116
base_macro_sector_relative_context,Sector,2022-08-15,0.005473263780017233,0.3310348545642421
base_macro_sector_relative_context,Sector,2022-08-16,0.006800296978032034,0.3400862868633907
base_macro_sector_relative_context,Sector,2022-08-17,-0.0026919428725506,0.336478851134866
base_macro_sector_relative_context,Sector,2022-08-18,0.0009929348111628,0.33780588751054075
base_macro_sector_relative_context,Sector,2022-08-19,-0.005606312825458,0.33030572920541723
base_macro_sector_relative_context,Sector,2022-08-22,-0.017594594509484664,0.30689953932640357
base_macro_sector_relative_context,Sector,2022-08-23,-0.008543547192611132,0.2957339814361668
base_macro_sector_relative_context,Sector,2022-08-24,0.00028987871140143335,0.2961095871330246
base_macro_sector_relative_context,Sector,2022-08-25,0.008834463537355201,0.30756002002096783
base_macro_sector_relative_context,Sector,2022-08-26,-0.027436421818217465,0.2716852517590356
base_macro_sector_relative_context,Sector,2022-08-29,-0.005117439038984334,0.2651774800063833
base_macro_sector_relative_context,Sector,2022-08-30,-0.0079383113762423,0.2551341072238831
base_macro_sector_relative_context,Sector,2022-08-31,-0.0074485424085211005,0.24578518759784473
base_macro_sector_relative_context,Sector,2022-09-01,0.008173169529340501,0.25596720113322324
base_macro_sector_relative_context,Sector,2022-09-02,-0.010968857099888166,0.24219067638184644
base_macro_sector_relative_context,Sector,2022-09-06,-0.0038990969040823,0.23734725456128603
base_macro_sector_relative_context,Sector,2022-09-07,0.012879556494634231,0.2532837384298887
base_macro_sector_relative_context,Sector,2022-09-08,0.008406063369550134,0.26381892095515713
base_macro_sector_relative_context,Sector,2022-09-09,0.0087790682940387,0.2749140735735207
base_macro_sector_relative_context,Sector,2022-09-12,0.007738923908852133,0.28478053657923086
base_macro_sector_relative_context,Sector,2022-09-13,-0.03637439545272606,0.23804742127173228
base_macro_sector_relative_context,Sector,2022-09-14,0.0014190089696892998,0.23980422166741744
base_macro_sector_relative_context,Sector,2022-09-15,-0.0019787594765585666,0.23735094731471573
base_macro_sector_relative_context,Sector,2022-09-16,-0.0010817808306292536,0.23601240477914964
base_macro_sector_relative_context,Sector,2022-09-19,0.00544772575139,0.24274586138570253
base_macro_sector_relative_context,Sector,2022-09-20,-0.010774831948623366,0.22935548357442448
base_macro_sector_relative_context,Sector,2022-09-21,-0.018196388748695433,0.20698565328496388
base_macro_sector_relative_context,Sector,2022-09-22,-0.0011123904906442663,0.20564301392190565
base_macro_sector_relative_context,Sector,2022-09-23,-0.012862287305014432,0.19013568708955852
base_macro_sector_relative_context,Sector,2022-09-26,-0.010854850996533568,0.17721694154054424
base_macro_sector_relative_context,Sector,2022-09-27,-0.005629093797413966,0.1705902769567078
base_macro_sector_relative_context,Sector,2022-09-28,0.016324169222512033,0.18969919072797636
base_macro_sector_relative_context,Sector,2022-09-29,-0.0117677443299264,0.1756991148219691
base_macro_sector_relative_context,Sector,2022-09-30,-0.014408463529183799,0.15875909700476298
base_macro_sector_relative_context,Sector,2022-10-03,0.023506194713811435,0.18599711396535734
base_macro_vol_term_or_implied_vol_proxy,Vol Proxy,2016-01-04,0.0,0.0
base_macro_vol_term_or_implied_vol_proxy,Vol Proxy,2016-01-05,6.846935742698888e-05,6.846935742688132e-05
base_macro_vol_term_or_implied_vol_proxy,Vol Proxy,2016-01-06,-0.0024428842224565334,-0.0023745821277426638
base_macro_vol_term_or_implied_vol_proxy,Vol Proxy,2016-01-07,-0.0072643505159059665,-0.009621682846743917
base_macro_vol_term_or_implied_vol_proxy,Vol Proxy,2016-01-08,-0.0036068788260143667,-0.013193857428627775
base_macro_vol_term_or_implied_vol_proxy,Vol Proxy,2016-01-11,0.0015631112660685665,-0.011651369629748776
base_macro_vol_term_or_implied_vol_proxy,Vol Proxy,2016-01-12,0.0052420079967239,-0.006470438205796736
base_macro_vol_term_or_implied_vol_proxy,Vol Proxy,2016-01-13,-0.015634108584593197,-0.02200338725689066
base_macro_vol_term_or_implied_vol_proxy,Vol Proxy,2016-01-14,0.009063295397929433,-0.013139515057425388
base_macro_vol_term_or_implied_vol_proxy,Vol Proxy,2016-01-15,-0.017693394072178167,-0.03060042651177519
base_macro_vol_term_or_implied_vol_proxy,Vol Proxy,2016-01-19,0.003144892226948333,-0.027551769328305054
base_macro_vol_term_or_implied_vol_proxy,Vol Proxy,2016-01-20,-0.011484780215089868,-0.038720123528122485
base_macro_vol_term_or_implied_vol_proxy,Vol Proxy,2016-01-21,0.006018548049409,-0.032934614402646445
base_macro_vol_term_or_implied_vol_proxy,Vol Proxy,2016-01-22,0.009346286577062999,-0.023896144170095557
base_macro_vol_term_or_implied_vol_proxy,Vol Proxy,2016-01-25,-0.008979416309591868,-0.03266098705299014
base_macro_vol_term_or_implied_vol_proxy,Vol Proxy,2016-01-26,0.015394713304546233,-0.017769080280368166
base_macro_vol_term_or_implied_vol_proxy,Vol Proxy,2016-01-27,-0.021005498314635596,-0.03840133020912184
base_macro_vol_term_or_implied_vol_proxy,Vol Proxy,2016-01-28,0.0082332725572351,-0.030484226270058756
base_macro_vol_term_or_implied_vol_proxy,Vol Proxy,2016-01-29,0.024240816061739803,-0.006982372730115927
base_macro_vol_term_or_implied_vol_proxy,Vol Proxy,2016-02-01,0.0021007654503634333,-0.0048962756071453395
base_macro_vol_term_or_implied_vol_proxy,Vol Proxy,2016-02-02,-0.0210521688218035,-0.025845367208269132
base_macro_vol_term_or_implied_vol_proxy,Vol Proxy,2016-02-03,0.0062125582564794,-0.019793374801231223
base_macro_vol_term_or_implied_vol_proxy,Vol Proxy,2016-02-04,0.0029562534854607,-0.01689563554901563
base_macro_vol_term_or_implied_vol_proxy,Vol Proxy,2016-02-05,-0.025505624487727932,-0.04197032630094888
base_macro_vol_term_or_implied_vol_proxy,Vol Proxy,2016-02-08,-0.015516050538979332,-0.0568351631359052
base_macro_vol_term_or_implied_vol_proxy,Vol Proxy,2016-02-09,0.003909775908870666,-0.05314759997864005
base_macro_vol_term_or_implied_vol_proxy,Vol Proxy,2016-02-10,0.0006915526945899175,-0.052492801650026344
base_macro_vol_term_or_implied_vol_proxy,Vol Proxy,2016-02-11,-0.017807368377546966,-0.06936541137142171
base_macro_vol_term_or_implied_vol_proxy,Vol Proxy,2016-02-12,0.016484639232932866,-0.054024235920190566
base_macro_vol_term_or_implied_vol_proxy,Vol Proxy,2016-02-16,0.016903907075796833,-0.03803354950822957
base_macro_vol_term_or_implied_vol_proxy,Vol Proxy,2016-02-17,0.0199888217712206,-0.018804973579455986
base_macro_vol_term_or_implied_vol_proxy,Vol Proxy,2016-02-18,-0.002289633255706398,-0.021051550342282233
base_macro_vol_term_or_implied_vol_proxy,Vol Proxy,2016-02-19,-0.0010322670091982334,-0.022062086530569625
base_macro_vol_term_or_implied_vol_proxy,Vol Proxy,2016-02-22,0.013504816122096667,-0.00885521483033802
base_macro_vol_term_or_implied_vol_proxy,Vol Proxy,2016-02-23,-0.008609767916813933,-0.017388741402609154
base_macro_vol_term_or_implied_vol_proxy,Vol Proxy,2016-02-24,-0.0004577701596049,-0.017838551515286905
base_macro_vol_term_or_implied_vol_proxy,Vol Proxy,2016-02-25,0.014638628529656765,-0.003461054914769668
base_macro_vol_term_or_implied_vol_proxy,Vol Proxy,2016-02-26,-0.002723018130365967,-0.006174648529852611
base_macro_vol_term_or_implied_vol_proxy,Vol Proxy,2016-02-29,-0.009619067726699166,-0.01573432189415458
base_macro_vol_term_or_implied_vol_proxy,Vol Proxy,2016-03-01,0.023856710774234267,0.007747019713422176
base_macro_vol_term_or_implied_vol_proxy,Vol Proxy,2016-03-02,0.0017756658245064335,0.009536441656075478
base_macro_vol_term_or_implied_vol_proxy,Vol Proxy,2016-03-03,0.000861455535913388,0.010406112412446378
base_macro_vol_term_or_implied_vol_proxy,Vol Proxy,2016-03-04,0.0022701991883784666,0.012699935548777797
base_macro_vol_term_or_implied_vol_proxy,Vol Proxy,2016-03-07,0.0007804281947602897,0.013490275131311957
base_macro_vol_term_or_implied_vol_proxy,Vol Proxy,2016-03-08,-0.0006317910876501665,0.012849961008063904
base_macro_vol_term_or_implied_vol_proxy,Vol Proxy,2016-03-09,0.003952097592555867,0.016852842900584086
base_macro_vol_term_or_implied_vol_proxy,Vol Proxy,2016-03-10,-0.000739206683494259,0.01610117848298187
base_macro_vol_term_or_implied_vol_proxy,Vol Proxy,2016-03-11,0.014766705606447966,0.031105645452004893
base_macro_vol_term_or_implied_vol_proxy,Vol Proxy,2016-03-14,0.0026226841216997004,0.03380990985612664
base_macro_vol_term_or_implied_vol_proxy,Vol Proxy,2016-03-15,0.0021736474648446,0.03605704814581667
base_macro_vol_term_or_implied_vol_proxy,Vol Proxy,2016-03-16,0.0064293241282112,0.042718194723663894
base_macro_vol_term_or_implied_vol_proxy,Vol Proxy,2016-03-17,0.007720689626722233,0.05076869827326158
base_macro_vol_term_or_implied_vol_proxy,Vol Proxy,2016-03-18,0.006519512793748167,0.05761919824492412
base_macro_vol_term_or_implied_vol_proxy,Vol Proxy,2016-03-21,0.003312577485514733,0.06112264378927845
base_macro_vol_term_or_implied_vol_proxy,Vol Proxy,2016-03-22,0.0005418833764902669,0.0616976485103653
base_macro_vol_term_or_implied_vol_proxy,Vol Proxy,2016-03-23,-0.0046888790420377665,0.05671947665728427
base_macro_vol_term_or_implied_vol_proxy,Vol Proxy,2016-03-24,-3.8519786224666706e-05,0.05667877204894389
base_macro_vol_term_or_implied_vol_proxy,Vol Proxy,2016-03-28,-0.0012028194831737334,0.0554077782344673
base_macro_vol_term_or_implied_vol_proxy,Vol Proxy,2016-03-29,0.006320442381763033,0.06207842228606286
base_macro_vol_term_or_implied_vol_proxy,Vol Proxy,2016-03-30,0.0031735314680699667,0.06544896158074565
base_macro_vol_term_or_implied_vol_proxy,Vol Proxy,2016-03-31,-0.0025701643303880665,0.06271058266384189
base_macro_vol_term_or_implied_vol_proxy,Vol Proxy,2016-04-01,0.007817289266683167,0.07101809869529063
base_macro_vol_term_or_implied_vol_proxy,Vol Proxy,2016-07-05,0.0,0.07101809869529063
base_macro_vol_term_or_implied_vol_proxy,Vol Proxy,2016-07-06,0.0002656729199727875,0.07130263920091484
base_macro_vol_term_or_implied_vol_proxy,Vol Proxy,2016-07-07,-0.00032665060702610787,0.0709526975435113
base_macro_vol_term_or_implied_vol_proxy,Vol Proxy,2016-07-08,0.0040116954194114,0.07524903357465296
base_macro_vol_term_or_implied_vol_proxy,Vol Proxy,2016-07-11,0.0014160637149947333,0.07677165471568115
base_macro_vol_term_or_implied_vol_proxy,Vol Proxy,2016-07-12,0.0014248262449656334,0.07830586722915522
base_macro_vol_term_or_implied_vol_proxy,Vol Proxy,2016-07-13,8.702105044286667e-05,0.07839970253842021
base_macro_vol_term_or_implied_vol_proxy,Vol Proxy,2016-07-14,0.0026040135001636666,0.08120786992240281
base_macro_vol_term_or_implied_vol_proxy,Vol Proxy,2016-07-15,0.0005216793814892001,0.08177191377524529
base_macro_vol_term_or_implied_vol_proxy,Vol Proxy,2016-07-18,0.0006894544632090335,0.0825177462493718
base_macro_vol_term_or_implied_vol_proxy,Vol Proxy,2016-07-19,0.002393716855500667,0.08510898722494753
base_macro_vol_term_or_implied_vol_proxy,Vol Proxy,2016-07-20,0.005255126013842167,0.09081137169156728
base_macro_vol_term_or_implied_vol_proxy,Vol Proxy,2016-07-21,-0.0043834494538417335,0.08602985518008155
base_macro_vol_term_or_implied_vol_proxy,Vol Proxy,2016-07-22,0.0034700877876753995,0.08979847411759279
base_macro_vol_term_or_implied_vol_proxy,Vol Proxy,2016-07-25,-0.004972167593975833,0.08437981346062107
base_macro_vol_term_or_implied_vol_proxy,Vol Proxy,2016-07-26,-0.0019095993069694,0.08230908252034497
base_macro_vol_term_or_implied_vol_proxy,Vol Proxy,2016-07-27,-0.0008226224805519667,0.08141875073815807
base_macro_vol_term_or_implied_vol_proxy,Vol Proxy,2016-07-28,0.0005186192330846333,0.08197959530130916
base_macro_vol_term_or_implied_vol_proxy,Vol Proxy,2016-07-29,0.0005970328146592,0.08262557262449577
base_macro_vol_term_or_implied_vol_proxy,Vol Proxy,2016-08-01,-0.0017126988053914334,0.0807713610995755
base_macro_vol_term_or_implied_vol_proxy,Vol Proxy,2016-08-02,-0.0043542362621404,0.07606542724799281
base_macro_vol_term_or_implied_vol_proxy,Vol Proxy,2016-08-03,0.0012303797047829,0.07738939631069708
base_macro_vol_term_or_implied_vol_proxy,Vol Proxy,2016-08-04,0.0012108772155807333,0.07869398258299798
base_macro_vol_term_or_implied_vol_proxy,Vol Proxy,2016-08-05,0.007984710502492767,0.08730704175470416
base_macro_vol_term_or_implied_vol_proxy,Vol Proxy,2016-08-08,-0.0007735445406388333,0.08646596132855655
base_macro_vol_term_or_implied_vol_proxy,Vol Proxy,2016-08-09,0.0004703587829516667,0.08697699013584548
base_macro_vol_term_or_implied_vol_proxy,Vol Proxy,2016-08-10,-0.000892529079937,0.08600683156292677
base_macro_vol_term_or_implied_vol_proxy,Vol Proxy,2016-08-11,0.006466087369152399,0.09302904661930911
base_macro_vol_term_or_implied_vol_proxy,Vol Proxy,2016-08-12,-0.0014522620327738665,0.09144168203418501
base_macro_vol_term_or_implied_vol_proxy,Vol Proxy,2016-08-15,-0.0005909708194167667,0.09079667184900764
base_macro_vol_term_or_implied_vol_proxy,Vol Proxy,2016-08-16,-0.004923340368584633,0.08542630856057554
base_macro_vol_term_or_implied_vol_proxy,Vol Proxy,2016-08-17,0.00010200032765506665,0.08553702239969407
base_macro_vol_term_or_implied_vol_proxy,Vol Proxy,2016-08-18,0.0012410417828096667,0.08688421920127887
base_macro_vol_term_or_implied_vol_proxy,Vol Proxy,2016-08-19,-0.0018935361512762,0.08482616463996973
base_macro_vol_term_or_implied_vol_proxy,Vol Proxy,2016-08-22,0.00012558772901782476,0.08496240549436607
base_macro_vol_term_or_implied_vol_proxy,Vol Proxy,2016-08-23,0.001434482216839,0.08651876477098663
base_macro_vol_term_or_implied_vol_proxy,Vol Proxy,2016-08-24,-0.0046967065472008,0.0814157049748303
base_macro_vol_term_or_implied_vol_proxy,Vol Proxy,2016-08-25,0.0005419140233103326,0.08200173931038424
base_macro_vol_term_or_implied_vol_proxy,Vol Proxy,2016-08-26,-0.0018664642454587668,0.07998222175043712
base_macro_vol_term_or_implied_vol_proxy,Vol Proxy,2016-08-29,0.0045720386317248994,0.08491994218985632
base_macro_vol_term_or_implied_vol_proxy,Vol Proxy,2016-08-30,-0.0033966209804667997,0.08123488035208748
base_macro_vol_term_or_implied_vol_proxy,Vol Proxy,2016-08-31,-0.004098763576362734,0.07680315420700734
base_macro_vol_term_or_implied_vol_proxy,Vol Proxy,2016-09-01,-0.0019310245735746669,0.07472382085533091
base_macro_vol_term_or_implied_vol_proxy,Vol Proxy,2016-09-02,0.0031364005571973,0.07809458524589474
base_macro_vol_term_or_implied_vol_proxy,Vol Proxy,2016-09-06,0.0045757540561707334,0.08302768091726942
base_macro_vol_term_or_implied_vol_proxy,Vol Proxy,2016-09-07,-0.0004322147049553001,0.0825595804277035
base_macro_vol_term_or_implied_vol_proxy,Vol Proxy,2016-09-08,-0.0018196190524712335,0.08058973438972195
base_macro_vol_term_or_implied_vol_proxy,Vol Proxy,2016-09-09,-0.020746701240228833,0.05817106200708011
base_macro_vol_term_or_implied_vol_proxy,Vol Proxy,2016-09-12,0.0142313039175044,0.07323021598721113
base_macro_vol_term_or_implied_vol_proxy,Vol Proxy,2016-09-13,-0.013756220560164767,0.05846662442425776
base_macro_vol_term_or_implied_vol_proxy,Vol Proxy,2016-09-14,-0.0008721687752531079,0.05754346288478729
base_macro_vol_term_or_implied_vol_proxy,Vol Proxy,2016-09-15,0.0094607305598106,0.0675485966424294
base_macro_vol_term_or_implied_vol_proxy,Vol Proxy,2016-09-16,-0.0019584498683246666,0.06545785623390477
base_macro_vol_term_or_implied_vol_proxy,Vol Proxy,2016-09-19,-0.0003981011445978667,0.06503369624181721
base_macro_vol_term_or_implied_vol_proxy,Vol Proxy,2016-09-20,0.0005435203632758813,0.06561256374329982
base_macro_vol_term_or_implied_vol_proxy,Vol Proxy,2016-09-21,0.011102182241802499,0.07744318862513233
base_macro_vol_term_or_implied_vol_proxy,Vol Proxy,2016-09-22,0.0062277052594144,0.0841531872376533
base_macro_vol_term_or_implied_vol_proxy,Vol Proxy,2016-09-23,-0.009504921317063934,0.07384839649731534
base_macro_vol_term_or_implied_vol_proxy,Vol Proxy,2016-09-26,-0.006634896788489633,0.06672352322007069
base_macro_vol_term_or_implied_vol_proxy,Vol Proxy,2016-09-27,0.007408422582564467,0.07462626185884691
base_macro_vol_term_or_implied_vol_proxy,Vol Proxy,2016-09-28,0.008106172488118268,0.08333736769773648
base_macro_vol_term_or_implied_vol_proxy,Vol Proxy,2016-09-29,-0.008968636112019167,0.07362130906030284
base_macro_vol_term_or_implied_vol_proxy,Vol Proxy,2016-09-30,0.008099756204137465,0.08231737991925803
base_macro_vol_term_or_implied_vol_proxy,Vol Proxy,2016-10-03,-0.003352376336898067,0.07868904474580307
base_macro_vol_term_or_implied_vol_proxy,Vol Proxy,2017-01-04,0.0,0.07868904474580307
base_macro_vol_term_or_implied_vol_proxy,Vol Proxy,2017-01-05,-0.0004440207111993,0.07821008446899214
base_macro_vol_term_or_implied_vol_proxy,Vol Proxy,2017-01-06,0.0008359148103339,0.07911137624725106
base_macro_vol_term_or_implied_vol_proxy,Vol Proxy,2017-01-09,-0.0014768137670340667,0.07751772971064619
base_macro_vol_term_or_implied_vol_proxy,Vol Proxy,2017-01-10,-0.00011038960101313333,0.07739878295837888
base_macro_vol_term_or_implied_vol_proxy,Vol Proxy,2017-01-11,0.0026966452181004332,0.08030414523443086
base_macro_vol_term_or_implied_vol_proxy,Vol Proxy,2017-01-12,-0.0028644617275759335,0.07720965535626512
base_macro_vol_term_or_implied_vol_proxy,Vol Proxy,2017-01-13,0.0005276373397016333,0.07777803139311823
base_macro_vol_term_or_implied_vol_proxy,Vol Proxy,2017-01-17,-0.003900031669391633,0.07357466293811044
base_macro_vol_term_or_implied_vol_proxy,Vol Proxy,2017-01-18,-0.0009513491940588,0.07255331854776226
base_macro_vol_term_or_implied_vol_proxy,Vol Proxy,2017-01-19,-0.0030766158579921335,0.06925348399937614
base_macro_vol_term_or_implied_vol_proxy,Vol Proxy,2017-01-20,0.004078487981294867,0.07361442148282538
base_macro_vol_term_or_implied_vol_proxy,Vol Proxy,2017-01-23,-0.0002195029835293,0.07337875991414977
base_macro_vol_term_or_implied_vol_proxy,Vol Proxy,2017-01-24,0.006980090113882666,0.08087104038467796
base_macro_vol_term_or_implied_vol_proxy,Vol Proxy,2017-01-25,0.0095305119159386,0.09117229471465715
base_macro_vol_term_or_implied_vol_proxy,Vol Proxy,2017-01-26,0.0029320436373459335,0.09437165949862347
base_macro_vol_term_or_implied_vol_proxy,Vol Proxy,2017-01-27,-0.0014976340445903558,0.09273269124392347
base_macro_vol_term_or_implied_vol_proxy,Vol Proxy,2017-01-30,-0.0055464364463837,0.08667191881905323
base_macro_vol_term_or_implied_vol_proxy,Vol Proxy,2017-01-31,-0.0066471723997269,0.07944862323272095
base_macro_vol_term_or_implied_vol_proxy,Vol Proxy,2017-02-01,-0.00046929113006603335,0.07894204756847589
base_macro_vol_term_or_implied_vol_proxy,Vol Proxy,2017-02-02,-0.0018296653925678468,0.07696794464345369
base_macro_vol_term_or_implied_vol_proxy,Vol Proxy,2017-02-03,0.009357742484104934,0.08704593333306287
base_macro_vol_term_or_implied_vol_proxy,Vol Proxy,2017-02-06,-0.0024020284766863,0.08443481804573083
base_macro_vol_term_or_implied_vol_proxy,Vol Proxy,2017-02-07,0.0024238422204415667,0.08706331694302705
base_macro_vol_term_or_implied_vol_proxy,Vol Proxy,2017-02-08,-0.0006737732041589333,0.08633088280884671
base_macro_vol_term_or_implied_vol_proxy,Vol Proxy,2017-02-09,0.005804912173763433,0.0926369381751988
base_macro_vol_term_or_implied_vol_proxy,Vol Proxy,2017-02-10,0.0049370596048945005,0.09803135186547918
base_macro_vol_term_or_implied_vol_proxy,Vol Proxy,2017-02-13,0.0064523690636061,0.10511625539112557
base_macro_vol_term_or_implied_vol_proxy,Vol Proxy,2017-02-14,0.005295854513071967,0.11096879029970785
base_macro_vol_term_or_implied_vol_proxy,Vol Proxy,2017-02-15,0.005224790860890533,0.11677336988200038
base_macro_vol_term_or_implied_vol_proxy,Vol Proxy,2017-02-16,0.00024328229266393336,0.11704506106781132
base_macro_vol_term_or_implied_vol_proxy,Vol Proxy,2017-02-17,-0.0014071682739134333,0.11547319069734496
base_macro_vol_term_or_implied_vol_proxy,Vol Proxy,2017-02-21,0.0075747632334069665,0.12392263601009024
base_macro_vol_term_or_implied_vol_proxy,Vol Proxy,2017-02-22,0.0003647675783524952,0.12433260654828326
base_macro_vol_term_or_implied_vol_proxy,Vol Proxy,2017-02-23,0.002276753708118,0.12689243497940006
base_macro_vol_term_or_implied_vol_proxy,Vol Proxy,2017-02-24,0.0002706543947488,0.12719743336933642
base_macro_vol_term_or_implied_vol_proxy,Vol Proxy,2017-02-27,0.0026840233796836996,0.1302228576340192
base_macro_vol_term_or_implied_vol_proxy,Vol Proxy,2017-02-28,-0.0001828434448499,0.13001620379328127
base_macro_vol_term_or_implied_vol_proxy,Vol Proxy,2017-03-01,0.014867552496664632,0.14681677902525947
base_macro_vol_term_or_implied_vol_proxy,Vol Proxy,2017-03-02,-0.005108260485709267,0.14095854018861642
base_macro_vol_term_or_implied_vol_proxy,Vol Proxy,2017-03-03,0.00041184955390616675,0.14142844345441863
base_macro_vol_term_or_implied_vol_proxy,Vol Proxy,2017-03-06,-0.0032918276208249333,0.13767105777706012
base_macro_vol_term_or_implied_vol_proxy,Vol Proxy,2017-03-07,-0.0012265669175137333,0.13627562809457783
base_macro_vol_term_or_implied_vol_proxy,Vol Proxy,2017-03-08,-0.0021444033903708,0.13383899478529604
base_macro_vol_term_or_implied_vol_proxy,Vol Proxy,2017-03-09,-0.0012203582968720666,0.1324553049606927
base_macro_vol_term_or_implied_vol_proxy,Vol Proxy,2017-03-10,0.0016410075801646668,0.1343136727003309
base_macro_vol_term_or_implied_vol_proxy,Vol Proxy,2017-03-13,-0.0012402301797075333,0.13290686265019303
base_macro_vol_term_or_implied_vol_proxy,Vol Proxy,2017-03-14,-0.0019086179008760999,0.13074457633211334
base_macro_vol_term_or_implied_vol_proxy,Vol Proxy,2017-03-15,0.0042737126523303,0.13557705373453777
base_macro_vol_term_or_implied_vol_proxy,Vol Proxy,2017-03-16,0.00016505348344549996,0.1357644846829773
base_macro_vol_term_or_implied_vol_proxy,Vol Proxy,2017-03-17,-0.0018273513289898333,0.1336890439424725
base_macro_vol_term_or_implied_vol_proxy,Vol Proxy,2017-03-20,-0.0027284235067784337,0.13059586010560253
base_macro_vol_term_or_implied_vol_proxy,Vol Proxy,2017-03-21,-0.0114846760042854,0.1176113329605033
base_macro_vol_term_or_implied_vol_proxy,Vol Proxy,2017-03-22,-0.0003984060012379,0.11716606989840028
base_macro_vol_term_or_implied_vol_proxy,Vol Proxy,2017-03-23,-0.0009643858559790838,0.11608869074181039
base_macro_vol_term_or_implied_vol_proxy,Vol Proxy,2017-03-24,-0.0030607796749549665,0.11267258916174083
base_macro_vol_term_or_implied_vol_proxy,Vol Proxy,2017-03-27,-0.0029833652142638,0.10935308046437098
base_macro_vol_term_or_implied_vol_proxy,Vol Proxy,2017-03-28,0.007130970379666133,0.11726384442175375
base_macro_vol_term_or_implied_vol_proxy,Vol Proxy,2017-03-29,-0.0030530393188392666,0.11385279397521653
base_macro_vol_term_or_implied_vol_proxy,Vol Proxy,2017-03-30,0.003931883818012933,0.11823233375149611
base_macro_vol_term_or_implied_vol_proxy,Vol Proxy,2017-03-31,-0.003048070187638733,0.11482388311213443
base_macro_vol_term_or_implied_vol_proxy,Vol Proxy,2017-04-03,0.00021787139953051267,0.11506677135177812
base_macro_vol_term_or_implied_vol_proxy,Vol Proxy,2017-07-05,0.0,0.11506677135177812
base_macro_vol_term_or_implied_vol_proxy,Vol Proxy,2017-07-06,-0.0009611315694172334,0.11399504547582384
base_macro_vol_term_or_implied_vol_proxy,Vol Proxy,2017-07-07,0.0009931566309932668,0.11510141704213184
base_macro_vol_term_or_implied_vol_proxy,Vol Proxy,2017-07-10,-0.00014151476986413333,0.1149436137217239
base_macro_vol_term_or_implied_vol_proxy,Vol Proxy,2017-07-11,-7.939420480246666e-05,0.11485509366011293
base_macro_vol_term_or_implied_vol_proxy,Vol Proxy,2017-07-12,0.0035794662802243003,0.11884567987520556
base_macro_vol_term_or_implied_vol_proxy,Vol Proxy,2017-07-13,0.0002861709980704334,0.11916586106010207
base_macro_vol_term_or_implied_vol_proxy,Vol Proxy,2017-07-14,0.004732939007920967,0.12446280482024674
base_macro_vol_term_or_implied_vol_proxy,Vol Proxy,2017-07-17,0.00019885312326386662,0.1246864077609795
base_macro_vol_term_or_implied_vol_proxy,Vol Proxy,2017-07-18,-0.0008337605123808333,0.12374868864537691
base_macro_vol_term_or_implied_vol_proxy,Vol Proxy,2017-07-19,0.005785292917967134,0.13024990397537195
base_macro_vol_term_or_implied_vol_proxy,Vol Proxy,2017-07-20,-0.00045656464742509993,0.12973387182646134
base_macro_vol_term_or_implied_vol_proxy,Vol Proxy,2017-07-21,-0.00034817250879700003,0.1293405295500345
base_macro_vol_term_or_implied_vol_proxy,Vol Proxy,2017-07-24,-0.003108821410171133,0.12582961153239536
base_macro_vol_term_or_implied_vol_proxy,Vol Proxy,2017-07-25,0.003488923095203267,0.1297575444653345
base_macro_vol_term_or_implied_vol_proxy,Vol Proxy,2017-07-26,0.006245673953667467,0.13681364173476074
base_macro_vol_term_or_implied_vol_proxy,Vol Proxy,2017-07-27,0.0025750205502995,0.13974096022408844
base_macro_vol_term_or_implied_vol_proxy,Vol Proxy,2017-07-28,0.0036466664768173666,0.1438972153759932
base_macro_vol_term_or_implied_vol_proxy,Vol Proxy,2017-07-31,0.002226102776352033,0.14644364814300292
base_macro_vol_term_or_implied_vol_proxy,Vol Proxy,2017-08-01,0.0013519931769137986,0.14799363213300842
base_macro_vol_term_or_implied_vol_proxy,Vol Proxy,2017-08-02,0.00026794564256397545,0.14830123202442969
base_macro_vol_term_or_implied_vol_proxy,Vol Proxy,2017-08-03,0.0016591384033191666,0.15020642269706008
base_macro_vol_term_or_implied_vol_proxy,Vol Proxy,2017-08-04,0.0012941738975048667,0.15169498982605711
base_macro_vol_term_or_implied_vol_proxy,Vol Proxy,2017-08-07,0.0014768378768906336,0.15339585660965738
base_macro_vol_term_or_implied_vol_proxy,Vol Proxy,2017-08-08,-0.0010791953034885334,0.15215111721814112
base_macro_vol_term_or_implied_vol_proxy,Vol Proxy,2017-08-09,-0.0016188732376464,0.15028593060875228
base_macro_vol_term_or_implied_vol_proxy,Vol Proxy,2017-08-10,-0.0094015488220227,0.13947146127284826
base_macro_vol_term_or_implied_vol_proxy,Vol Proxy,2017-08-11,0.0023981752061877997,0.1422041134794314
base_macro_vol_term_or_implied_vol_proxy,Vol Proxy,2017-08-14,0.006263130594218166,0.14935788700740638
base_macro_vol_term_or_implied_vol_proxy,Vol Proxy,2017-08-15,-6.401801998171582e-05,0.14928430739122978
base_macro_vol_term_or_implied_vol_proxy,Vol Proxy,2017-08-16,0.002384279509518467,0.15202452241595377
base_macro_vol_term_or_implied_vol_proxy,Vol Proxy,2017-08-17,-0.011566224439180067,0.13869994823025156
base_macro_vol_term_or_implied_vol_proxy,Vol Proxy,2017-08-18,-0.004183502625487167,0.13393619400718815
base_macro_vol_term_or_implied_vol_proxy,Vol Proxy,2017-08-21,0.0032928006991668666,0.13767001989962568
base_macro_vol_term_or_implied_vol_proxy,Vol Proxy,2017-08-22,0.009941620921022368,0.14898030397067963
base_macro_vol_term_or_implied_vol_proxy,Vol Proxy,2017-08-23,-0.0050316438981417,0.14319904423512053
base_macro_vol_term_or_implied_vol_proxy,Vol Proxy,2017-08-24,0.0003186705504048,0.14356334810376925
base_macro_vol_term_or_implied_vol_proxy,Vol Proxy,2017-08-25,0.0002693915285961218,0.14387141438216133
base_macro_vol_term_or_implied_vol_proxy,Vol Proxy,2017-08-28,0.0014446970697836554,0.14552396206272844
base_macro_vol_term_or_implied_vol_proxy,Vol Proxy,2017-08-29,0.0035248979069679998,0.14956181707898497
base_macro_vol_term_or_implied_vol_proxy,Vol Proxy,2017-08-30,0.0012082371017777332,0.1509507603171667
base_macro_vol_term_or_implied_vol_proxy,Vol Proxy,2017-08-31,0.0060134168217865006,0.15787190698030584
base_macro_vol_term_or_implied_vol_proxy,Vol Proxy,2017-09-01,0.0012484179380377002,0.15931741503892982
base_macro_vol_term_or_implied_vol_proxy,Vol Proxy,2017-09-05,-0.006744820871458233,0.15149802674133017
base_macro_vol_term_or_implied_vol_proxy,Vol Proxy,2017-09-06,0.0027810751673257666,0.1547004293087253
base_macro_vol_term_or_implied_vol_proxy,Vol Proxy,2017-09-07,0.003948110948167767,0.15925931471553323
base_macro_vol_term_or_implied_vol_proxy,Vol Proxy,2017-09-08,0.0018732464509958332,0.16143089311260805
base_macro_vol_term_or_implied_vol_proxy,Vol Proxy,2017-09-11,0.012063440622420067,0.1754417457287163
base_macro_vol_term_or_implied_vol_proxy,Vol Proxy,2017-09-12,0.00012070557717683327,0.17558362810307226
base_macro_vol_term_or_implied_vol_proxy,Vol Proxy,2017-09-13,0.0018490617998941667,0.17775735488237854
base_macro_vol_term_or_implied_vol_proxy,Vol Proxy,2017-09-14,0.00038781503804749995,0.17821410689577277
base_macro_vol_term_or_implied_vol_proxy,Vol Proxy,2017-09-15,0.001804594439705133,0.1803403055218591
base_macro_vol_term_or_implied_vol_proxy,Vol Proxy,2017-09-18,0.0012178155239881666,0.1817777422695126
base_macro_vol_term_or_implied_vol_proxy,Vol Proxy,2017-09-19,-0.0022764050542049,0.17908753744406347
base_macro_vol_term_or_implied_vol_proxy,Vol Proxy,2017-09-20,0.003753672418057633,0.1835134458118426
base_macro_vol_term_or_implied_vol_proxy,Vol Proxy,2017-09-21,-0.0030383158879303995,0.1799175581058532
base_macro_vol_term_or_implied_vol_proxy,Vol Proxy,2017-09-22,-0.0016897544709005,0.17792378713674983
base_macro_vol_term_or_implied_vol_proxy,Vol Proxy,2017-09-25,-0.0038141231680356,0.17343104073005122
base_macro_vol_term_or_implied_vol_proxy,Vol Proxy,2017-09-26,-0.0013292692453840335,0.17187123493602985
base_macro_vol_term_or_implied_vol_proxy,Vol Proxy,2017-09-27,0.0020847306279507,0.1743142707915155
base_macro_vol_term_or_implied_vol_proxy,Vol Proxy,2017-09-28,0.0033464879479911335,0.17824409934587337
base_macro_vol_term_or_implied_vol_proxy,Vol Proxy,2017-09-29,0.0015051991307011665,0.18001759133996242
base_macro_vol_term_or_implied_vol_proxy,Vol Proxy,2017-10-02,0.006102730922412533,0.1872189211836235
base_macro_vol_term_or_implied_vol_proxy,Vol Proxy,2017-10-03,0.003380825189319033,0.19123270081759736
base_macro_vol_term_or_implied_vol_proxy,Vol Proxy,2018-01-04,0.0,0.19123270081759736
base_macro_vol_term_or_implied_vol_proxy,Vol Proxy,2018-01-05,0.0017928058302560668,0.19336834974881478
base_macro_vol_term_or_implied_vol_proxy,Vol Proxy,2018-01-08,-0.0003967943942133855,0.19289482787740275
base_macro_vol_term_or_implied_vol_proxy,Vol Proxy,2018-01-09,0.0028466719541322,0.1962906081281508
base_macro_vol_term_or_implied_vol_proxy,Vol Proxy,2018-01-10,0.00018111404420771498,0.19650727315823646
base_macro_vol_term_or_implied_vol_proxy,Vol Proxy,2018-01-11,0.007717709165043166,0.2057415683063306
base_macro_vol_term_or_implied_vol_proxy,Vol Proxy,2018-01-12,0.009959853463734868,0.21775057764179562
base_macro_vol_term_or_implied_vol_proxy,Vol Proxy,2018-01-16,-0.0020350058970541665,0.21527244803515333
base_macro_vol_term_or_implied_vol_proxy,Vol Proxy,2018-01-17,0.0179016836756955,0.2370278709796667
base_macro_vol_term_or_implied_vol_proxy,Vol Proxy,2018-01-18,-0.008013868977614901,0.22711449169997766
base_macro_vol_term_or_implied_vol_proxy,Vol Proxy,2018-01-19,0.00035974555437403335,0.22755594068307472
base_macro_vol_term_or_implied_vol_proxy,Vol Proxy,2018-01-22,0.006867285578109567,0.23598591789085033
base_macro_vol_term_or_implied_vol_proxy,Vol Proxy,2018-01-23,-0.00015095962008376674,0.23579933392625674
base_macro_vol_term_or_implied_vol_proxy,Vol Proxy,2018-01-24,0.0018572024900769,0.2380944635264599
base_macro_vol_term_or_implied_vol_proxy,Vol Proxy,2018-01-25,0.006888691202963433,0.2466233139657925
base_macro_vol_term_or_implied_vol_proxy,Vol Proxy,2018-01-26,0.009051847229199767,0.2579075577561696
base_macro_vol_term_or_implied_vol_proxy,Vol Proxy,2018-01-29,-0.006241336292303466,0.25005653366358316
base_macro_vol_term_or_implied_vol_proxy,Vol Proxy,2018-01-30,-0.013318528017482,0.2334076206965483
base_macro_vol_term_or_implied_vol_proxy,Vol Proxy,2018-01-31,0.012212978194604568,0.24847120107317422
base_macro_vol_term_or_implied_vol_proxy,Vol Proxy,2018-02-01,0.0011186558204799334,0.24986781064895625
base_macro_vol_term_or_implied_vol_proxy,Vol Proxy,2018-02-02,-0.023755946719254767,0.22017601753306804
base_macro_vol_term_or_implied_vol_proxy,Vol Proxy,2018-02-05,-0.046379926712807766,0.16358434326315874
base_macro_vol_term_or_implied_vol_proxy,Vol Proxy,2018-02-06,0.027672993364205433,0.19578420507297345
base_macro_vol_term_or_implied_vol_proxy,Vol Proxy,2018-02-07,0.0023049975329312335,0.19854048471558472
base_macro_vol_term_or_implied_vol_proxy,Vol Proxy,2018-02-08,-0.0447962811254837,0.14485032822199195
base_macro_vol_term_or_implied_vol_proxy,Vol Proxy,2018-02-09,0.015786957118602465,0.16292403126085042
base_macro_vol_term_or_implied_vol_proxy,Vol Proxy,2018-02-12,0.018980575620949333,0.18499699877761633
base_macro_vol_term_or_implied_vol_proxy,Vol Proxy,2018-02-13,0.0006666152776711666,0.18578693588099582
base_macro_vol_term_or_implied_vol_proxy,Vol Proxy,2018-02-14,0.009553746596172833,0.19711564378345514
base_macro_vol_term_or_implied_vol_proxy,Vol Proxy,2018-02-15,0.016517365252190132,0.21688884012093723
base_macro_vol_term_or_implied_vol_proxy,Vol Proxy,2018-02-16,0.0002955278602469,0.21724846467601666
base_macro_vol_term_or_implied_vol_proxy,Vol Proxy,2018-02-20,-0.004322912799397334,0.21198640570802185
base_macro_vol_term_or_implied_vol_proxy,Vol Proxy,2018-02-21,-0.0065600921737589335,0.2040356631732343
base_macro_vol_term_or_implied_vol_proxy,Vol Proxy,2018-02-22,0.0047647474789942,0.20977258906395813
base_macro_vol_term_or_implied_vol_proxy,Vol Proxy,2018-02-23,0.0128123198321222,0.22527258239918013
base_macro_vol_term_or_implied_vol_proxy,Vol Proxy,2018-02-26,0.015805856454936398,0.24463906495475074
base_macro_vol_term_or_implied_vol_proxy,Vol Proxy,2018-02-27,-0.010227200952968868,0.2319098911235431
base_macro_vol_term_or_implied_vol_proxy,Vol Proxy,2018-02-28,-0.010916456538874734,0.21846180033728313
base_macro_vol_term_or_implied_vol_proxy,Vol Proxy,2018-03-01,-0.016629789298874435,0.19819903732894684
base_macro_vol_term_or_implied_vol_proxy,Vol Proxy,2018-03-02,-0.0029320664795138003,0.19468583809580897
base_macro_vol_term_or_implied_vol_proxy,Vol Proxy,2018-03-05,0.014072399387102932,0.21149793435160902
base_macro_vol_term_or_implied_vol_proxy,Vol Proxy,2018-03-06,-0.001049015732543971,0.21022705395852959
base_macro_vol_term_or_implied_vol_proxy,Vol Proxy,2018-03-07,-0.001614227919239667,0.20827347165941057
base_macro_vol_term_or_implied_vol_proxy,Vol Proxy,2018-03-08,0.0036440826769342,0.21267652008648374
base_macro_vol_term_or_implied_vol_proxy,Vol Proxy,2018-03-09,0.0172782148155501,0.23362940550231182
base_macro_vol_term_or_implied_vol_proxy,Vol Proxy,2018-03-12,-0.0095021724898622,0.22190724610266277
base_macro_vol_term_or_implied_vol_proxy,Vol Proxy,2018-03-13,-0.009266059797332334,0.21058498049348184
base_macro_vol_term_or_implied_vol_proxy,Vol Proxy,2018-03-14,-0.009513467352586834,0.19906811980402517
base_macro_vol_term_or_implied_vol_proxy,Vol Proxy,2018-03-15,0.0023103422268897,0.2018383775141257
base_macro_vol_term_or_implied_vol_proxy,Vol Proxy,2018-03-16,0.0017786529198801665,0.20397603085351523
base_macro_vol_term_or_implied_vol_proxy,Vol Proxy,2018-03-19,-0.009016754793593268,0.19312007420594535
base_macro_vol_term_or_implied_vol_proxy,Vol Proxy,2018-03-20,0.007522399484308967,0.20209520003687076
base_macro_vol_term_or_implied_vol_proxy,Vol Proxy,2018-03-21,-0.003914028156129234,0.1973901655775787
base_macro_vol_term_or_implied_vol_proxy,Vol Proxy,2018-03-22,-0.031179004137207766,0.16005673265118348
base_macro_vol_term_or_implied_vol_proxy,Vol Proxy,2018-03-23,-0.014976025990955035,0.142683692872017
base_macro_vol_term_or_implied_vol_proxy,Vol Proxy,2018-03-26,0.029247346433320234,0.1761041587011507
base_macro_vol_term_or_implied_vol_proxy,Vol Proxy,2018-03-27,-0.019588763278647666,0.15306573274532087
base_macro_vol_term_or_implied_vol_proxy,Vol Proxy,2018-03-28,-0.0028077411633027666,0.14982822262349793
base_macro_vol_term_or_implied_vol_proxy,Vol Proxy,2018-03-29,0.015348165740168201,0.1674759767570464
base_macro_vol_term_or_implied_vol_proxy,Vol Proxy,2018-04-02,-0.018358728115690667,0.14604260271816338
base_macro_vol_term_or_implied_vol_proxy,Vol Proxy,2018-04-03,0.0164942013763872,0.1649456601933157
base_macro_vol_term_or_implied_vol_proxy,Vol Proxy,2018-07-05,0.0,0.1649456601933157
base_macro_vol_term_or_implied_vol_proxy,Vol Proxy,2018-07-06,0.0005610773843129333,0.16559928485720365
base_macro_vol_term_or_implied_vol_proxy,Vol Proxy,2018-07-09,0.0026727011733176,0.1687145834334598
base_macro_vol_term_or_implied_vol_proxy,Vol Proxy,2018-07-10,0.0020158584385113,0.17107054658868526
base_macro_vol_term_or_implied_vol_proxy,Vol Proxy,2018-07-11,-0.0017982087617245,0.16896471727121187
base_macro_vol_term_or_implied_vol_proxy,Vol Proxy,2018-07-12,0.005764534293305333,0.17570325447158575
base_macro_vol_term_or_implied_vol_proxy,Vol Proxy,2018-07-13,0.0026956390804319004,0.1788725261113302
base_macro_vol_term_or_implied_vol_proxy,Vol Proxy,2018-07-16,-0.0009286410196299666,0.1777777767266684
base_macro_vol_term_or_implied_vol_proxy,Vol Proxy,2018-07-17,0.00034061950991676676,0.17817895081576784
base_macro_vol_term_or_implied_vol_proxy,Vol Proxy,2018-07-18,0.003493622787661733,0.182295063646281
base_macro_vol_term_or_implied_vol_proxy,Vol Proxy,2018-07-19,-0.0046236827807988,0.1768285063186763
base_macro_vol_term_or_implied_vol_proxy,Vol Proxy,2018-07-20,0.00015945747043416667,0.17701616041542878
base_macro_vol_term_or_implied_vol_proxy,Vol Proxy,2018-07-23,-0.0005987993068884,0.17631136395437563
base_macro_vol_term_or_implied_vol_proxy,Vol Proxy,2018-07-24,0.004056149576568266,0.1810826587951917
base_macro_vol_term_or_implied_vol_proxy,Vol Proxy,2018-07-25,0.0114050812526398,0.19455300248483476
base_macro_vol_term_or_implied_vol_proxy,Vol Proxy,2018-07-26,0.0015699363762769335,0.1964283746968265
base_macro_vol_term_or_implied_vol_proxy,Vol Proxy,2018-07-27,-0.004564086306256034,0.1909677723354566
base_macro_vol_term_or_implied_vol_proxy,Vol Proxy,2018-07-30,-0.010512649722140166,0.17844754531453644
base_macro_vol_term_or_implied_vol_proxy,Vol Proxy,2018-07-31,0.006372418373928067,0.18595710610500915
base_macro_vol_term_or_implied_vol_proxy,Vol Proxy,2018-08-01,-0.003017465223631033,0.1823785217806193
base_macro_vol_term_or_implied_vol_proxy,Vol Proxy,2018-08-02,0.0045697255459189005,0.18778166711654598
base_macro_vol_term_or_implied_vol_proxy,Vol Proxy,2018-08-03,0.0059846945516435325,0.19489017758828053
base_macro_vol_term_or_implied_vol_proxy,Vol Proxy,2018-08-06,0.0024014952317601666,0.1977597006522358
base_macro_vol_term_or_implied_vol_proxy,Vol Proxy,2018-08-07,0.0065698091854631,0.20562875333555852
base_macro_vol_term_or_implied_vol_proxy,Vol Proxy,2018-08-08,-0.0013450649950233666,0.20400710430245317
base_macro_vol_term_or_implied_vol_proxy,Vol Proxy,2018-08-09,-0.0015183916596192334,0.20217894995715802
base_macro_vol_term_or_implied_vol_proxy,Vol Proxy,2018-08-10,-0.0056124658319752,0.1954317616766037
base_macro_vol_term_or_implied_vol_proxy,Vol Proxy,2018-08-13,-0.0030217841171431004,0.19181942496604099
base_macro_vol_term_or_implied_vol_proxy,Vol Proxy,2018-08-14,0.005414874736327367,0.19827297786055387
base_macro_vol_term_or_implied_vol_proxy,Vol Proxy,2018-08-15,-0.005013227973685033,0.19226576224783232
base_macro_vol_term_or_implied_vol_proxy,Vol Proxy,2018-08-16,0.0103937333481581,0.20465785466077469
base_macro_vol_term_or_implied_vol_proxy,Vol Proxy,2018-08-17,0.0024532903973249333,0.20761323020767586
base_macro_vol_term_or_implied_vol_proxy,Vol Proxy,2018-08-20,0.0013814649065765,0.20928150550592517
base_macro_vol_term_or_implied_vol_proxy,Vol Proxy,2018-08-21,0.00014830738603270003,0.20946085088498445
base_macro_vol_term_or_implied_vol_proxy,Vol Proxy,2018-08-22,5.3800440121633406e-05,0.209525920411072
base_macro_vol_term_or_implied_vol_proxy,Vol Proxy,2018-08-23,-7.190068017173335e-05,0.20943895467470908
base_macro_vol_term_or_implied_vol_proxy,Vol Proxy,2018-08-24,0.0075066533903159665,0.218517793704198
base_macro_vol_term_or_implied_vol_proxy,Vol Proxy,2018-08-27,0.008173211700645366,0.22847699759314577
base_macro_vol_term_or_implied_vol_proxy,Vol Proxy,2018-08-28,0.0022402298524976335,0.2312290684362608
base_macro_vol_term_or_implied_vol_proxy,Vol Proxy,2018-08-29,0.005900484874196633,0.2384939169312401
base_macro_vol_term_or_implied_vol_proxy,Vol Proxy,2018-08-30,-0.0041004154988096,0.2334155772790738
base_macro_vol_term_or_implied_vol_proxy,Vol Proxy,2018-08-31,0.0008288076707600333,0.23443784157075775
base_macro_vol_term_or_implied_vol_proxy,Vol Proxy,2018-09-04,-0.0018280353582567335,0.23218124554879638
base_macro_vol_term_or_implied_vol_proxy,Vol Proxy,2018-09-05,-0.004697624504316533,0.22639292073594697
base_macro_vol_term_or_implied_vol_proxy,Vol Proxy,2018-09-06,0.0014780159738086,0.22820554906296042
base_macro_vol_term_or_implied_vol_proxy,Vol Proxy,2018-09-07,-0.0008461198944506001,0.2271663399134236
base_macro_vol_term_or_implied_vol_proxy,Vol Proxy,2018-09-10,0.0021307898324720333,0.2297811734732631
base_macro_vol_term_or_implied_vol_proxy,Vol Proxy,2018-09-11,0.0035982292977278,0.23420620812144888
base_macro_vol_term_or_implied_vol_proxy,Vol Proxy,2018-09-12,0.0006382799716871,0.23499397722502469
base_macro_vol_term_or_implied_vol_proxy,Vol Proxy,2018-09-13,0.0078319172112013,0.2446663478109834
base_macro_vol_term_or_implied_vol_proxy,Vol Proxy,2018-09-14,-0.003090374988611233,0.24081986206054218
base_macro_vol_term_or_implied_vol_proxy,Vol Proxy,2018-09-17,-0.003941727058456934,0.23592888883558727
base_macro_vol_term_or_implied_vol_proxy,Vol Proxy,2018-09-18,0.005970638493564401,0.24330817343457745
base_macro_vol_term_or_implied_vol_proxy,Vol Proxy,2018-09-19,0.0019958604038309,0.24578964298769468
base_macro_vol_term_or_implied_vol_proxy,Vol Proxy,2018-09-20,0.010390889022124998,0.2587345049128924
base_macro_vol_term_or_implied_vol_proxy,Vol Proxy,2018-09-21,0.0019755914363817333,0.26122125002147656
base_macro_vol_term_or_implied_vol_proxy,Vol Proxy,2018-09-24,-0.0018569845510669001,0.25887918164470936
base_macro_vol_term_or_implied_vol_proxy,Vol Proxy,2018-09-25,-0.0023284599376105,0.2559479319039577
base_macro_vol_term_or_implied_vol_proxy,Vol Proxy,2018-09-26,-0.0017636290447549177,0.25373290565255213
base_macro_vol_term_or_implied_vol_proxy,Vol Proxy,2018-09-27,0.0040720817256984,0.2588382085065668
base_macro_vol_term_or_implied_vol_proxy,Vol Proxy,2018-09-28,-0.0009090327354174333,0.25769388336644017
base_macro_vol_term_or_implied_vol_proxy,Vol Proxy,2018-10-01,0.005181518731973033,0.2642106477821913
base_macro_vol_term_or_implied_vol_proxy,Vol Proxy,2018-10-02,0.0012714018884080666,0.2658179675871273
base_macro_vol_term_or_implied_vol_proxy,Vol Proxy,2018-10-03,-0.0005585562546616001,0.2651109370440685
base_macro_vol_term_or_implied_vol_proxy,Vol Proxy,2019-01-04,0.0,0.2651109370440685
base_macro_vol_term_or_implied_vol_proxy,Vol Proxy,2019-01-07,0.000314565029683438,0.2655088967035326
base_macro_vol_term_or_implied_vol_proxy,Vol Proxy,2019-01-08,0.0011690181670309342,0.26698829959431847
base_macro_vol_term_or_implied_vol_proxy,Vol Proxy,2019-01-09,0.0003314196535970793,0.26740820441768154
base_macro_vol_term_or_implied_vol_proxy,Vol Proxy,2019-01-10,0.0011052087221443453,0.26880895501972124
base_macro_vol_term_or_implied_vol_proxy,Vol Proxy,2019-01-11,0.00012355953437493986,0.26896572846341416
base_macro_vol_term_or_implied_vol_proxy,Vol Proxy,2019-01-14,-0.002271555595080065,0.26608320226295823
base_macro_vol_term_or_implied_vol_proxy,Vol Proxy,2019-01-15,0.003153973340524263,0.2700763949297813
base_macro_vol_term_or_implied_vol_proxy,Vol Proxy,2019-01-16,0.0007875075229004574,0.2710765896454468
base_macro_vol_term_or_implied_vol_proxy,Vol Proxy,2019-01-17,0.002947941727565715,0.2748236493629945
base_macro_vol_term_or_implied_vol_proxy,Vol Proxy,2019-01-18,0.01007436343635854,0.2876666861239421
base_macro_vol_term_or_implied_vol_proxy,Vol Proxy,2019-01-22,-0.007220488075367849,0.27836910417173555
base_macro_vol_term_or_implied_vol_proxy,Vol Proxy,2019-01-23,0.003743532271781338,0.2831547201684508
base_macro_vol_term_or_implied_vol_proxy,Vol Proxy,2019-01-24,-0.001549867159897296,0.2811660008065946
base_macro_vol_term_or_implied_vol_proxy,Vol Proxy,2019-01-25,0.00453861026154217,0.28698071396459435
base_macro_vol_term_or_implied_vol_proxy,Vol Proxy,2019-01-28,-0.006663314864443166,0.27840515624298234
base_macro_vol_term_or_implied_vol_proxy,Vol Proxy,2019-01-29,0.0012810046602378924,0.28004279920580166
base_macro_vol_term_or_implied_vol_proxy,Vol Proxy,2019-01-30,0.00886371876446323,0.29138873858443803
base_macro_vol_term_or_implied_vol_proxy,Vol Proxy,2019-01-31,0.0027879605567239906,0.29498907945100905
base_macro_vol_term_or_implied_vol_proxy,Vol Proxy,2019-02-01,0.004484939995830591,0.30079702776760286
base_macro_vol_term_or_implied_vol_proxy,Vol Proxy,2019-02-04,0.003930690213367615,0.30591005791422665
base_macro_vol_term_or_implied_vol_proxy,Vol Proxy,2019-02-05,0.0016187024280099845,0.308023937695735
base_macro_vol_term_or_implied_vol_proxy,Vol Proxy,2019-02-06,0.00022068027504260098,0.3083125927780681
base_macro_vol_term_or_implied_vol_proxy,Vol Proxy,2019-02-07,-0.005690664135251267,0.3008674252286485
base_macro_vol_term_or_implied_vol_proxy,Vol Proxy,2019-02-08,-0.0010201099649761924,0.2995403974050599
base_macro_vol_term_or_implied_vol_proxy,Vol Proxy,2019-02-11,-0.0011405850446151054,0.2980581610629065
base_macro_vol_term_or_implied_vol_proxy,Vol Proxy,2019-02-12,0.011122581645482401,0.31249591893991324
base_macro_vol_term_or_implied_vol_proxy,Vol Proxy,2019-02-13,0.0030081919656721775,0.3164441586182458
base_macro_vol_term_or_implied_vol_proxy,Vol Proxy,2019-02-14,-0.0014425129258148345,0.31454517090332557
base_macro_vol_term_or_implied_vol_proxy,Vol Proxy,2019-02-15,0.010311456948365933,0.32810004683977767
base_macro_vol_term_or_implied_vol_proxy,Vol Proxy,2019-02-19,-0.0006531715254643492,0.32723256970621395
base_macro_vol_term_or_implied_vol_proxy,Vol Proxy,2019-02-20,0.001396158773068678,0.32908559710231167
base_macro_vol_term_or_implied_vol_proxy,Vol Proxy,2019-02-21,-0.0014826411418011184,0.3271150401150724
base_macro_vol_term_or_implied_vol_proxy,Vol Proxy,2019-02-22,0.004250508943879367,0.3327559544626384
base_macro_vol_term_or_implied_vol_proxy,Vol Proxy,2019-02-25,0.0001547572346216,0.3329622080885766
base_macro_vol_term_or_implied_vol_proxy,Vol Proxy,2019-02-26,-0.0010050766440131015,0.3316224789058746
base_macro_vol_term_or_implied_vol_proxy,Vol Proxy,2019-02-27,-0.0044697439862178895,0.3256704673388724
base_macro_vol_term_or_implied_vol_proxy,Vol Proxy,2019-02-28,-0.0018826121820083742,0.3231747439677315
base_macro_vol_term_or_implied_vol_proxy,Vol Proxy,2019-03-01,0.004676493058320421,0.3293625614728417
base_macro_vol_term_or_implied_vol_proxy,Vol Proxy,2019-03-04,-0.006542480898579214,0.3206652323071193
base_macro_vol_term_or_implied_vol_proxy,Vol Proxy,2019-03-05,0.0005364525289952765,0.32137370651094654
base_macro_vol_term_or_implied_vol_proxy,Vol Proxy,2019-03-06,-0.0025725127325564334,0.31797445582648187
base_macro_vol_term_or_implied_vol_proxy,Vol Proxy,2019-03-07,-0.005921096334787101,0.31017060210674474
base_macro_vol_term_or_implied_vol_proxy,Vol Proxy,2019-03-08,-0.0011877473443325096,0.30861445045347
base_macro_vol_term_or_implied_vol_proxy,Vol Proxy,2019-03-11,0.010483590743458665,0.3223334287930002
base_macro_vol_term_or_implied_vol_proxy,Vol Proxy,2019-03-12,0.0028373568765261187,0.3260853606402463
base_macro_vol_term_or_implied_vol_proxy,Vol Proxy,2019-03-13,0.004728337161600967,0.3323555393304165
base_macro_vol_term_or_implied_vol_proxy,Vol Proxy,2019-03-14,0.0016035347806250798,0.3344920177778914
base_macro_vol_term_or_implied_vol_proxy,Vol Proxy,2019-03-15,0.0024401024470402,0.33774831501602676
base_macro_vol_term_or_implied_vol_proxy,Vol Proxy,2019-03-18,0.0018691722543172666,0.34024879704971456
base_macro_vol_term_or_implied_vol_proxy,Vol Proxy,2019-03-19,0.001814908725857632,0.3426812262863004
base_macro_vol_term_or_implied_vol_proxy,Vol Proxy,2019-03-20,-0.003633975645327086,0.33780195541053804
base_macro_vol_term_or_implied_vol_proxy,Vol Proxy,2019-03-21,0.0072677538710903015,0.3475247707507252
base_macro_vol_term_or_implied_vol_proxy,Vol Proxy,2019-03-22,-0.010997330324207499,0.33270559572672753
base_macro_vol_term_or_implied_vol_proxy,Vol Proxy,2019-03-25,-0.00102686077748865,0.3313370926225361
base_macro_vol_term_or_implied_vol_proxy,Vol Proxy,2019-03-26,0.0033154267505607995,0.33575104323343075
base_macro_vol_term_or_implied_vol_proxy,Vol Proxy,2019-03-27,-0.003151014086866634,0.3315420728796554
base_macro_vol_term_or_implied_vol_proxy,Vol Proxy,2019-03-28,0.0029959146084088998,0.3355312592275066
base_macro_vol_term_or_implied_vol_proxy,Vol Proxy,2019-03-29,0.0058960415685148,0.34340560704796275
base_macro_vol_term_or_implied_vol_proxy,Vol Proxy,2019-04-01,0.006052229140447534,0.351536205610379
base_macro_vol_term_or_implied_vol_proxy,Vol Proxy,2019-04-02,-0.0012680911453294287,0.3498223345154523
base_macro_vol_term_or_implied_vol_proxy,Vol Proxy,2019-04-03,0.002262908451886267,0.3528768588847724
base_macro_vol_term_or_implied_vol_proxy,Vol Proxy,2019-07-05,0.0,0.3528768588847724
base_macro_vol_term_or_implied_vol_proxy,Vol Proxy,2019-07-08,-0.000419284543228,0.35230961852895115
base_macro_vol_term_or_implied_vol_proxy,Vol Proxy,2019-07-09,-0.0002704688524575471,0.35194386089826035
base_macro_vol_term_or_implied_vol_proxy,Vol Proxy,2019-07-10,0.0016782505843873335,0.3542127614728716
base_macro_vol_term_or_implied_vol_proxy,Vol Proxy,2019-07-11,0.003611159115638734,0.35910303923097864
base_macro_vol_term_or_implied_vol_proxy,Vol Proxy,2019-07-12,0.005265672738345333,0.36625963105325954
base_macro_vol_term_or_implied_vol_proxy,Vol Proxy,2019-07-15,0.0012446196423341,0.36796010462659656
base_macro_vol_term_or_implied_vol_proxy,Vol Proxy,2019-07-16,-0.0028572324954024998,0.3640515245632432
base_macro_vol_term_or_implied_vol_proxy,Vol Proxy,2019-07-17,-0.006549904643531767,0.3551171171484897
base_macro_vol_term_or_implied_vol_proxy,Vol Proxy,2019-07-18,0.003975376585240167,0.36050421800625987
base_macro_vol_term_or_implied_vol_proxy,Vol Proxy,2019-07-19,-0.0072546346079592665,0.3506342570220371
base_macro_vol_term_or_implied_vol_proxy,Vol Proxy,2019-07-22,0.0016734838540204,0.3528945216438504
base_macro_vol_term_or_implied_vol_proxy,Vol Proxy,2019-07-23,0.004293637856773,0.3587033607782013
base_macro_vol_term_or_implied_vol_proxy,Vol Proxy,2019-07-24,-0.0002542982258534666,0.3583578449240943
base_macro_vol_term_or_implied_vol_proxy,Vol Proxy,2019-07-25,-0.0008919127238944667,0.3571463082786046
base_macro_vol_term_or_implied_vol_proxy,Vol Proxy,2019-07-26,0.0037706740974945666,0.36226366470974103
base_macro_vol_term_or_implied_vol_proxy,Vol Proxy,2019-07-29,0.0026035584862823665,0.3658103978345504
base_macro_vol_term_or_implied_vol_proxy,Vol Proxy,2019-07-30,-0.0025176663557311667,0.36237174294761454
base_macro_vol_term_or_implied_vol_proxy,Vol Proxy,2019-07-31,-0.0117144773740619,0.34641226998979335
base_macro_vol_term_or_implied_vol_proxy,Vol Proxy,2019-08-01,-0.0066837120111607334,0.33741323812888835
base_macro_vol_term_or_implied_vol_proxy,Vol Proxy,2019-08-02,-0.0020705504099157333,0.3346440566004538
base_macro_vol_term_or_implied_vol_proxy,Vol Proxy,2019-08-05,-0.0270198555167651,0.29858216702480034
base_macro_vol_term_or_implied_vol_proxy,Vol Proxy,2019-08-06,0.014224484186422767,0.3170538285244151
base_macro_vol_term_or_implied_vol_proxy,Vol Proxy,2019-08-07,-0.0023159865101376,0.31400354962442734
base_macro_vol_term_or_implied_vol_proxy,Vol Proxy,2019-08-08,0.014662280842212834,0.33326983869668525
base_macro_vol_term_or_implied_vol_proxy,Vol Proxy,2019-08-09,6.263005920246672e-05,0.33335334146561557
base_macro_vol_term_or_implied_vol_proxy,Vol Proxy,2019-08-12,-0.012816977842483765,0.31626378123184895
base_macro_vol_term_or_implied_vol_proxy,Vol Proxy,2019-08-13,0.014319539271513533,0.3351120721388694
base_macro_vol_term_or_implied_vol_proxy,Vol Proxy,2019-08-14,-0.027654071395495364,0.29819078757495343
base_macro_vol_term_or_implied_vol_proxy,Vol Proxy,2019-08-15,0.0028148472363868668,0.30184499632566175
base_macro_vol_term_or_implied_vol_proxy,Vol Proxy,2019-08-16,0.011272977653532234,0.31652066587760386
base_macro_vol_term_or_implied_vol_proxy,Vol Proxy,2019-08-19,0.008309172724284733,0.3274598634854713
base_macro_vol_term_or_implied_vol_proxy,Vol Proxy,2019-08-20,-0.005243821073061067,0.3204989014796833
base_macro_vol_term_or_implied_vol_proxy,Vol Proxy,2019-08-21,0.008529412852043033,0.33176198178107286
base_macro_vol_term_or_implied_vol_proxy,Vol Proxy,2019-08-22,-0.0033133580998255005,0.3273493774316989
base_macro_vol_term_or_implied_vol_proxy,Vol Proxy,2019-08-23,-0.023978565333923632,0.2955214436640101
base_macro_vol_term_or_implied_vol_proxy,Vol Proxy,2019-08-26,0.011197212408791665,0.3100276724488604
base_macro_vol_term_or_implied_vol_proxy,Vol Proxy,2019-08-27,-0.0037315642694315666,0.30513921999438365
base_macro_vol_term_or_implied_vol_proxy,Vol Proxy,2019-08-28,0.009741632648335434,0.3178534068305041
base_macro_vol_term_or_implied_vol_proxy,Vol Proxy,2019-08-29,0.012996663914461533,0.33498110464760855
base_macro_vol_term_or_implied_vol_proxy,Vol Proxy,2019-08-30,0.0009565270241163665,0.3362580501508887
base_macro_vol_term_or_implied_vol_proxy,Vol Proxy,2019-09-03,-0.0082550565234782,0.3252271644169402
base_macro_vol_term_or_implied_vol_proxy,Vol Proxy,2019-09-04,0.0083031861690842,0.33623077227942155
base_macro_vol_term_or_implied_vol_proxy,Vol Proxy,2019-09-05,0.012993041671888568,0.3535924743869081
base_macro_vol_term_or_implied_vol_proxy,Vol Proxy,2019-09-06,0.0028739299466402665,0.35748260433459556
base_macro_vol_term_or_implied_vol_proxy,Vol Proxy,2019-09-09,-0.0018647909128303001,0.3549511831097072
base_macro_vol_term_or_implied_vol_proxy,Vol Proxy,2019-09-10,-0.006780723343894834,0.3457636339925574
base_macro_vol_term_or_implied_vol_proxy,Vol Proxy,2019-09-11,0.0030280429581363,0.3498386640877844
base_macro_vol_term_or_implied_vol_proxy,Vol Proxy,2019-09-12,0.004269795913513061,0.35560219969960816
base_macro_vol_term_or_implied_vol_proxy,Vol Proxy,2019-09-13,0.0008804694199424946,0.35679576598205043
base_macro_vol_term_or_implied_vol_proxy,Vol Proxy,2019-09-16,-0.006707672745886299,0.3476948240008386
base_macro_vol_term_or_implied_vol_proxy,Vol Proxy,2019-09-17,0.0021298675772853334,0.3505652355105533
base_macro_vol_term_or_implied_vol_proxy,Vol Proxy,2019-09-18,0.0008810184914050667,0.35175510845688684
base_macro_vol_term_or_implied_vol_proxy,Vol Proxy,2019-09-19,-0.0007269261413645143,0.35077248233182656
base_macro_vol_term_or_implied_vol_proxy,Vol Proxy,2019-09-20,-0.0040415490815383,0.34531326904649107
base_macro_vol_term_or_implied_vol_proxy,Vol Proxy,2019-09-23,0.0013742154772209334,0.34716201936252555
base_macro_vol_term_or_implied_vol_proxy,Vol Proxy,2019-09-24,-0.006872644365352068,0.33790345390093735
base_macro_vol_term_or_implied_vol_proxy,Vol Proxy,2019-09-25,0.004461464383466133,0.3438724625090328
base_macro_vol_term_or_implied_vol_proxy,Vol Proxy,2019-09-26,-0.0036560776175495,0.33895916047801244
base_macro_vol_term_or_implied_vol_proxy,Vol Proxy,2019-09-27,-0.0022892275493655,0.33589397828037093
base_macro_vol_term_or_implied_vol_proxy,Vol Proxy,2019-09-30,0.004639171241009,0.3420914192054463
base_macro_vol_term_or_implied_vol_proxy,Vol Proxy,2019-10-01,-0.013213802101145833,0.3243572887904196
base_macro_vol_term_or_implied_vol_proxy,Vol Proxy,2019-10-02,-0.0178847793008723,0.30067145096490133
base_macro_vol_term_or_implied_vol_proxy,Vol Proxy,2019-10-03,0.0058380195605143995,0.308264796337437
base_macro_vol_term_or_implied_vol_proxy,Vol Proxy,2020-01-06,0.0,0.308264796337437
base_macro_vol_term_or_implied_vol_proxy,Vol Proxy,2020-01-07,-0.0008560405485788001,0.3071448686234939
base_macro_vol_term_or_implied_vol_proxy,Vol Proxy,2020-01-08,0.0023968481800281335,0.31027789642288717
base_macro_vol_term_or_implied_vol_proxy,Vol Proxy,2020-01-09,0.003011690857481667,0.3142240483843044
base_macro_vol_term_or_implied_vol_proxy,Vol Proxy,2020-01-10,-0.0012606699341136667,0.3125672456398172
base_macro_vol_term_or_implied_vol_proxy,Vol Proxy,2020-01-13,0.0014399215396882668,0.3144572394891034
base_macro_vol_term_or_implied_vol_proxy,Vol Proxy,2020-01-14,0.00043895890454619574,0.31503423219902227
base_macro_vol_term_or_implied_vol_proxy,Vol Proxy,2020-01-15,0.0055687090061218,0.32235727517122736
base_macro_vol_term_or_implied_vol_proxy,Vol Proxy,2020-01-16,0.007441991645716333,0.33219824696570366
base_macro_vol_term_or_implied_vol_proxy,Vol Proxy,2020-01-17,0.0024573793809670335,0.33547196346915764
base_macro_vol_term_or_implied_vol_proxy,Vol Proxy,2020-01-21,-0.0016780705325656333,0.3332309473201924
base_macro_vol_term_or_implied_vol_proxy,Vol Proxy,2020-01-22,-0.0012389542411600665,0.3315791351835642
base_macro_vol_term_or_implied_vol_proxy,Vol Proxy,2020-01-23,-0.0008974881419602001,0.33038405869965537
base_macro_vol_term_or_implied_vol_proxy,Vol Proxy,2020-01-24,-0.0115619484522008,0.31500222679134016
base_macro_vol_term_or_implied_vol_proxy,Vol Proxy,2020-01-27,-0.016004407531001633,0.29395639524959694
base_macro_vol_term_or_implied_vol_proxy,Vol Proxy,2020-01-28,0.008117821600496433,0.3044605024250546
base_macro_vol_term_or_implied_vol_proxy,Vol Proxy,2020-01-29,0.0011621878281357666,0.3059765305432569
base_macro_vol_term_or_implied_vol_proxy,Vol Proxy,2020-01-30,0.005423655120017967,0.3130596968397612
base_macro_vol_term_or_implied_vol_proxy,Vol Proxy,2020-01-31,-0.02087318607090183,0.2856519574654228
base_macro_vol_term_or_implied_vol_proxy,Vol Proxy,2020-02-03,0.004921463707734633,0.29197924691486676
base_macro_vol_term_or_implied_vol_proxy,Vol Proxy,2020-02-04,0.017925089494219903,0.3151380905404908
base_macro_vol_term_or_implied_vol_proxy,Vol Proxy,2020-02-05,0.016274070026675334,0.3365407399206948
base_macro_vol_term_or_implied_vol_proxy,Vol Proxy,2020-02-06,0.0006637602166656001,0.3374278824918071
base_macro_vol_term_or_implied_vol_proxy,Vol Proxy,2020-02-07,-0.008185230198504234,0.32648072739971346
base_macro_vol_term_or_implied_vol_proxy,Vol Proxy,2020-02-10,0.005831134860090667,0.3342156154104923
base_macro_vol_term_or_implied_vol_proxy,Vol Proxy,2020-02-11,0.0012484755414884998,0.33588135097340444
base_macro_vol_term_or_implied_vol_proxy,Vol Proxy,2020-02-12,0.009018870757113667,0.34792949222467207
base_macro_vol_term_or_implied_vol_proxy,Vol Proxy,2020-02-13,-0.0035953386575166666,0.34308322921366985
base_macro_vol_term_or_implied_vol_proxy,Vol Proxy,2020-02-14,3.306049158290005e-05,0.34312763220546416
base_macro_vol_term_or_implied_vol_proxy,Vol Proxy,2020-02-18,-0.0023908012378098665,0.3399164809998507
base_macro_vol_term_or_implied_vol_proxy,Vol Proxy,2020-02-19,0.0057565464712900334,0.34762977249037386
base_macro_vol_term_or_implied_vol_proxy,Vol Proxy,2020-02-20,-0.0047648882811134,0.34120846718015496
base_macro_vol_term_or_implied_vol_proxy,Vol Proxy,2020-02-21,-0.0072525881143025335,0.3314812345922822
base_macro_vol_term_or_implied_vol_proxy,Vol Proxy,2020-02-24,-0.03595864824093523,0.2836029692381723
base_macro_vol_term_or_implied_vol_proxy,Vol Proxy,2020-02-25,-0.028775374121338265,0.24666681357508335
base_macro_vol_term_or_implied_vol_proxy,Vol Proxy,2020-02-26,6.3133838248999735e-06,0.2466746842611791
base_macro_vol_term_or_implied_vol_proxy,Vol Proxy,2020-02-27,-0.0449861413878009,0.19059160065041358
base_macro_vol_term_or_implied_vol_proxy,Vol Proxy,2020-02-28,-0.004895593158130367,0.18476294855614195
base_macro_vol_term_or_implied_vol_proxy,Vol Proxy,2020-03-02,0.05321837085760756,0.2478141025307552
base_macro_vol_term_or_implied_vol_proxy,Vol Proxy,2020-03-03,-0.0313558337219774,0.2086878510158625
base_macro_vol_term_or_implied_vol_proxy,Vol Proxy,2020-03-04,0.05207987710864187,0.27163616575947724
base_macro_vol_term_or_implied_vol_proxy,Vol Proxy,2020-03-05,-0.02766420899894133,0.23645735709929472
base_macro_vol_term_or_implied_vol_proxy,Vol Proxy,2020-03-06,-0.0080409359603622,0.22651508267314058
base_macro_vol_term_or_implied_vol_proxy,Vol Proxy,2020-03-09,-0.06383844868020896,0.14821626251240905
base_macro_vol_term_or_implied_vol_proxy,Vol Proxy,2020-03-10,0.04711137571397983,0.2023103102565329
base_macro_vol_term_or_implied_vol_proxy,Vol Proxy,2020-03-11,-0.042001833869405265,0.15181107234566493
base_macro_vol_term_or_implied_vol_proxy,Vol Proxy,2020-03-12,-0.08993773669701627,0.0482197913963327
base_macro_vol_term_or_implied_vol_proxy,Vol Proxy,2020-03-13,0.0924920164562139,0.1451717535918915
base_macro_vol_term_or_implied_vol_proxy,Vol Proxy,2020-03-16,-0.11075605375157103,0.0183370492962871
base_macro_vol_term_or_implied_vol_proxy,Vol Proxy,2020-03-17,0.07083360668490479,0.09046953531880697
base_macro_vol_term_or_implied_vol_proxy,Vol Proxy,2020-03-18,-0.03733305931005403,0.04975897148094277
base_macro_vol_term_or_implied_vol_proxy,Vol Proxy,2020-03-19,-3.3004693143033385e-05,0.049724324508214846
base_macro_vol_term_or_implied_vol_proxy,Vol Proxy,2020-03-20,-0.046123400219343434,0.0013074693689425487
base_macro_vol_term_or_implied_vol_proxy,Vol Proxy,2020-03-23,-0.0298812771617586,-0.02861287664740997
base_macro_vol_term_or_implied_vol_proxy,Vol Proxy,2020-03-24,0.0920052444267287,0.06075983306962196
base_macro_vol_term_or_implied_vol_proxy,Vol Proxy,2020-03-25,0.0030597452629648,0.06400548794400018
base_macro_vol_term_or_implied_vol_proxy,Vol Proxy,2020-03-26,0.05710911888261807,0.12476990384675202
base_macro_vol_term_or_implied_vol_proxy,Vol Proxy,2020-03-27,-0.030850578674937568,0.09007010143692584
base_macro_vol_term_or_implied_vol_proxy,Vol Proxy,2020-03-30,0.04358996837888187,0.13758622268932608
base_macro_vol_term_or_implied_vol_proxy,Vol Proxy,2020-03-31,-0.0142297494651742,0.12139865574542319
base_macro_vol_term_or_implied_vol_proxy,Vol Proxy,2020-04-01,-0.03683020590480707,0.08009731235294537
base_macro_vol_term_or_implied_vol_proxy,Vol Proxy,2020-04-02,0.030865555564019136,0.1134351159619229
base_macro_vol_term_or_implied_vol_proxy,Vol Proxy,2020-04-03,-0.017470386543938,0.09398297409447376
base_macro_vol_term_or_implied_vol_proxy,Vol Proxy,2020-07-06,0.0,0.09398297409447376
base_macro_vol_term_or_implied_vol_proxy,Vol Proxy,2020-07-07,-0.0034284000968933335,0.0902323627600885
base_macro_vol_term_or_implied_vol_proxy,Vol Proxy,2020-07-08,0.0036338634051236002,0.09419411824620383
base_macro_vol_term_or_implied_vol_proxy,Vol Proxy,2020-07-09,-0.005492824806461967,0.08818390165041623
base_macro_vol_term_or_implied_vol_proxy,Vol Proxy,2020-07-10,0.007846570646497132,0.09672241351109712
base_macro_vol_term_or_implied_vol_proxy,Vol Proxy,2020-07-13,-0.007080006630113667,0.08895761155204429
base_macro_vol_term_or_implied_vol_proxy,Vol Proxy,2020-07-14,0.0190162820327275,0.10966553661500322
base_macro_vol_term_or_implied_vol_proxy,Vol Proxy,2020-07-15,0.0056440300895548,0.11592852229300021
base_macro_vol_term_or_implied_vol_proxy,Vol Proxy,2020-07-16,-0.006667854007144466,0.10848767382394198
base_macro_vol_term_or_implied_vol_proxy,Vol Proxy,2020-07-17,-0.0010440635767073002,0.10733034221847348
base_macro_vol_term_or_implied_vol_proxy,Vol Proxy,2020-07-20,0.009515697830545634,0.11786736315361934
base_macro_vol_term_or_implied_vol_proxy,Vol Proxy,2020-07-21,0.0007707224108121667,0.11872892858271733
base_macro_vol_term_or_implied_vol_proxy,Vol Proxy,2020-07-22,0.0028812024785678336,0.12195221314459537
base_macro_vol_term_or_implied_vol_proxy,Vol Proxy,2020-07-23,-0.016246037240920202,0.10372493570731534
base_macro_vol_term_or_implied_vol_proxy,Vol Proxy,2020-07-24,-0.0071715934867932,0.09580946914718558
base_macro_vol_term_or_implied_vol_proxy,Vol Proxy,2020-07-27,0.0065289504533670335,0.10296395487757803
base_macro_vol_term_or_implied_vol_proxy,Vol Proxy,2020-07-28,-0.0062806223357931,0.0960366548269993
base_macro_vol_term_or_implied_vol_proxy,Vol Proxy,2020-07-29,0.003760090698208867,0.10015785205771044
base_macro_vol_term_or_implied_vol_proxy,Vol Proxy,2020-07-30,-0.007779570767839032,0.0915990961918336
base_macro_vol_term_or_implied_vol_proxy,Vol Proxy,2020-07-31,0.0015183049565500666,0.09325647651014735
base_macro_vol_term_or_implied_vol_proxy,Vol Proxy,2020-08-03,0.012323300384780867,0.1067290044677891
base_macro_vol_term_or_implied_vol_proxy,Vol Proxy,2020-08-04,0.0017614918666806667,0.10867849860777867
base_macro_vol_term_or_implied_vol_proxy,Vol Proxy,2020-08-05,0.014249144321759733,0.12447621854087298
base_macro_vol_term_or_implied_vol_proxy,Vol Proxy,2020-08-06,0.006737437940724432,0.13205230727911244
base_macro_vol_term_or_implied_vol_proxy,Vol Proxy,2020-08-07,-0.0013620627701785,0.1305103809774728
base_macro_vol_term_or_implied_vol_proxy,Vol Proxy,2020-08-10,0.0055874172617689675,0.1368270141947554
base_macro_vol_term_or_implied_vol_proxy,Vol Proxy,2020-08-11,-0.0056849015596477336,0.13036426452870997
base_macro_vol_term_or_implied_vol_proxy,Vol Proxy,2020-08-12,0.011994732663711835,0.14392268169434508
base_macro_vol_term_or_implied_vol_proxy,Vol Proxy,2020-08-13,-0.0028819023219383336,0.14062600826185223
base_macro_vol_term_or_implied_vol_proxy,Vol Proxy,2020-08-14,0.00024669133342713817,0.14090739081277204
base_macro_vol_term_or_implied_vol_proxy,Vol Proxy,2020-08-17,-0.00044448651137653336,0.14040027286682588
base_macro_vol_term_or_implied_vol_proxy,Vol Proxy,2020-08-18,0.0013623361463175,0.14195388137982268
base_macro_vol_term_or_implied_vol_proxy,Vol Proxy,2020-08-19,-0.0034808711145933664,0.1379788870999299
base_macro_vol_term_or_implied_vol_proxy,Vol Proxy,2020-08-20,0.0036052547882552666,0.14208159093158024
base_macro_vol_term_or_implied_vol_proxy,Vol Proxy,2020-08-21,0.0013112272483743333,0.14357911943347657
base_macro_vol_term_or_implied_vol_proxy,Vol Proxy,2020-08-24,0.012195357701244766,0.15752547585464227
base_macro_vol_term_or_implied_vol_proxy,Vol Proxy,2020-08-25,0.007930210600516767,0.16670489665363308
base_macro_vol_term_or_implied_vol_proxy,Vol Proxy,2020-08-26,0.0233788414563743,0.19398110545887381
base_macro_vol_term_or_implied_vol_proxy,Vol Proxy,2020-08-27,0.007663972034511667,0.20313174326084615
base_macro_vol_term_or_implied_vol_proxy,Vol Proxy,2020-08-28,0.0023065226482155998,0.2059067938754644
base_macro_vol_term_or_implied_vol_proxy,Vol Proxy,2020-08-31,-0.005288888971698067,0.19952888673244074
base_macro_vol_term_or_implied_vol_proxy,Vol Proxy,2020-09-01,0.007283102116255067,0.20826517810591105
base_macro_vol_term_or_implied_vol_proxy,Vol Proxy,2020-09-02,0.014434835629016667,0.22570628734813458
base_macro_vol_term_or_implied_vol_proxy,Vol Proxy,2020-09-03,-0.03349407827394996,0.18465238501882353
base_macro_vol_term_or_implied_vol_proxy,Vol Proxy,2020-09-04,-0.0065908387995271,0.17684453211568907
base_macro_vol_term_or_implied_vol_proxy,Vol Proxy,2020-09-08,-0.028475543950566534,0.14333324391844493
base_macro_vol_term_or_implied_vol_proxy,Vol Proxy,2020-09-09,0.018990081878705167,0.16504523583510178
base_macro_vol_term_or_implied_vol_proxy,Vol Proxy,2020-09-10,-0.01602477445436803,0.14637564870170827
base_macro_vol_term_or_implied_vol_proxy,Vol Proxy,2020-09-11,0.002325517657268033,0.14904156551462622
base_macro_vol_term_or_implied_vol_proxy,Vol Proxy,2020-09-14,0.010637500533613767,0.16126449578093238
base_macro_vol_term_or_implied_vol_proxy,Vol Proxy,2020-09-15,0.0020164182459756663,0.16360609069862875
base_macro_vol_term_or_implied_vol_proxy,Vol Proxy,2020-09-16,-0.0006008943862829333,0.16290688633088335
base_macro_vol_term_or_implied_vol_proxy,Vol Proxy,2020-09-17,-0.008328527767176033,0.15322158403743624
base_macro_vol_term_or_implied_vol_proxy,Vol Proxy,2020-09-18,-0.010090550179794199,0.14158494377528474
base_macro_vol_term_or_implied_vol_proxy,Vol Proxy,2020-09-21,-0.0128535040799886,0.12691157704281553
base_macro_vol_term_or_implied_vol_proxy,Vol Proxy,2020-09-22,0.009360979218506567,0.13746057289660785
base_macro_vol_term_or_implied_vol_proxy,Vol Proxy,2020-09-23,-0.02437957295826773,0.10972976987252192
base_macro_vol_term_or_implied_vol_proxy,Vol Proxy,2020-09-24,0.0042392142689416,0.11443415214763486
base_macro_vol_term_or_implied_vol_proxy,Vol Proxy,2020-09-25,0.015895031319917065,0.1321481179000068
base_macro_vol_term_or_implied_vol_proxy,Vol Proxy,2020-09-28,0.016486282668303365,0.1508130317940941
base_macro_vol_term_or_implied_vol_proxy,Vol Proxy,2020-09-29,-0.005851551333139166,0.1440789902637054
base_macro_vol_term_or_implied_vol_proxy,Vol Proxy,2020-09-30,0.011681609552480534,0.15744367432516215
base_macro_vol_term_or_implied_vol_proxy,Vol Proxy,2020-10-01,0.0024407113630451334,0.1602686602531722
base_macro_vol_term_or_implied_vol_proxy,Vol Proxy,2020-10-02,-0.008888032571810566,0.14995615460879108
base_macro_vol_term_or_implied_vol_proxy,Vol Proxy,2021-01-04,0.0,0.14995615460879108
base_macro_vol_term_or_implied_vol_proxy,Vol Proxy,2021-01-05,0.0017220912876127002,0.15193648408377958
base_macro_vol_term_or_implied_vol_proxy,Vol Proxy,2021-01-06,0.0062287894076485,0.1591116538541244
base_macro_vol_term_or_implied_vol_proxy,Vol Proxy,2021-01-07,0.005973074851940766,0.16603511452435216
base_macro_vol_term_or_implied_vol_proxy,Vol Proxy,2021-01-08,-0.00043061330695586664,0.16553300428766016
base_macro_vol_term_or_implied_vol_proxy,Vol Proxy,2021-01-11,-0.0034765617717537,0.16148095680123653
base_macro_vol_term_or_implied_vol_proxy,Vol Proxy,2021-01-12,0.004066031797833933,0.16620357530416885
base_macro_vol_term_or_implied_vol_proxy,Vol Proxy,2021-01-13,-0.0007598947534572333,0.16531738332583212
base_macro_vol_term_or_implied_vol_proxy,Vol Proxy,2021-01-14,-0.0001447035665692333,0.16514875774427962
base_macro_vol_term_or_implied_vol_proxy,Vol Proxy,2021-01-15,-0.008593239860845368,0.155136354995417
base_macro_vol_term_or_implied_vol_proxy,Vol Proxy,2021-01-19,0.004070416406388899,0.15983824096640675
base_macro_vol_term_or_implied_vol_proxy,Vol Proxy,2021-01-20,0.007715593382984467,0.16878708122373953
base_macro_vol_term_or_implied_vol_proxy,Vol Proxy,2021-01-21,-0.0017899631782327334,0.16669499538515486
base_macro_vol_term_or_implied_vol_proxy,Vol Proxy,2021-01-22,-0.0031110256078145,0.16306537737800264
base_macro_vol_term_or_implied_vol_proxy,Vol Proxy,2021-01-25,-0.0033821667877615333,0.1591316962866396
base_macro_vol_term_or_implied_vol_proxy,Vol Proxy,2021-01-26,-0.0027112238759529664,0.15598903075629322
base_macro_vol_term_or_implied_vol_proxy,Vol Proxy,2021-01-27,-0.022931967061600802,0.12947992837941813
base_macro_vol_term_or_implied_vol_proxy,Vol Proxy,2021-01-28,0.012021094464614234,0.1430575132943528
base_macro_vol_term_or_implied_vol_proxy,Vol Proxy,2021-01-29,-0.021148568968239134,0.11888348263978332
base_macro_vol_term_or_implied_vol_proxy,Vol Proxy,2021-02-01,0.010867807072083666,0.13104329246525337
base_macro_vol_term_or_implied_vol_proxy,Vol Proxy,2021-02-02,0.019662057422900298,0.15328193062949147
base_macro_vol_term_or_implied_vol_proxy,Vol Proxy,2021-02-03,0.0025683922637091,0.1562440110179959
base_macro_vol_term_or_implied_vol_proxy,Vol Proxy,2021-02-04,0.012206642913476068,0.17035786878133807
base_macro_vol_term_or_implied_vol_proxy,Vol Proxy,2021-02-05,0.0028355406899521,0.17367646614007315
base_macro_vol_term_or_implied_vol_proxy,Vol Proxy,2021-02-08,0.010327691696792533,0.1857978348341487
base_macro_vol_term_or_implied_vol_proxy,Vol Proxy,2021-02-09,0.0005732260197932334,0.18647756500729007
base_macro_vol_term_or_implied_vol_proxy,Vol Proxy,2021-02-10,0.0006962303570238667,0.187303626705976
base_macro_vol_term_or_implied_vol_proxy,Vol Proxy,2021-02-11,-0.0006136008080319667,0.18657509624125002
base_macro_vol_term_or_implied_vol_proxy,Vol Proxy,2021-02-12,0.0015003233065676998,0.18835534251313368
base_macro_vol_term_or_implied_vol_proxy,Vol Proxy,2021-02-16,0.0042223449861966,0.1933729887354141
base_macro_vol_term_or_implied_vol_proxy,Vol Proxy,2021-02-17,0.0022104183433490333,0.1960108422801723
base_macro_vol_term_or_implied_vol_proxy,Vol Proxy,2021-02-18,-0.005203813308852,0.1897870251415834
base_macro_vol_term_or_implied_vol_proxy,Vol Proxy,2021-02-19,0.004275483797368367,0.19487394028989535
base_macro_vol_term_or_implied_vol_proxy,Vol Proxy,2021-02-22,-0.00016508085014550004,0.1946766894840155
base_macro_vol_term_or_implied_vol_proxy,Vol Proxy,2021-02-23,0.002972366104681,0.1982277059818902
base_macro_vol_term_or_implied_vol_proxy,Vol Proxy,2021-02-24,0.018392891416369798,0.22026657807010097
base_macro_vol_term_or_implied_vol_proxy,Vol Proxy,2021-02-25,-0.019268701232666264,0.19675362595306023
base_macro_vol_term_or_implied_vol_proxy,Vol Proxy,2021-02-26,-0.012108744785736867,0.1822624417249894
base_macro_vol_term_or_implied_vol_proxy,Vol Proxy,2021-03-01,0.025804155820186803,0.2127697259916157
base_macro_vol_term_or_implied_vol_proxy,Vol Proxy,2021-03-02,-0.004864458064418867,0.20687025851773289
base_macro_vol_term_or_implied_vol_proxy,Vol Proxy,2021-03-03,-0.0014185462886712333,0.20515825719160485
base_macro_vol_term_or_implied_vol_proxy,Vol Proxy,2021-03-04,-0.012586153852107734,0.18998994995045337
base_macro_vol_term_or_implied_vol_proxy,Vol Proxy,2021-03-05,0.014058745757886335,0.20671971611124662
base_macro_vol_term_or_implied_vol_proxy,Vol Proxy,2021-03-08,0.009677023960384867,0.21839717171752415
base_macro_vol_term_or_implied_vol_proxy,Vol Proxy,2021-03-09,0.002644610134754567,0.22161935722600457
base_macro_vol_term_or_implied_vol_proxy,Vol Proxy,2021-03-10,0.018337593788648868,0.2440209167631655
base_macro_vol_term_or_implied_vol_proxy,Vol Proxy,2021-03-11,0.0073887079206956,0.2532126239643644
base_macro_vol_term_or_implied_vol_proxy,Vol Proxy,2021-03-12,0.014827312704392434,0.2717943994249763
base_macro_vol_term_or_implied_vol_proxy,Vol Proxy,2021-03-15,0.0027859911353569004,0.2753376073477709
base_macro_vol_term_or_implied_vol_proxy,Vol Proxy,2021-03-16,-0.0086315660341937,0.264329446574058
base_macro_vol_term_or_implied_vol_proxy,Vol Proxy,2021-03-17,0.0086076764176879,0.27521238533552195
base_macro_vol_term_or_implied_vol_proxy,Vol Proxy,2021-03-18,-0.006962294590626567,0.2663339810432004
base_macro_vol_term_or_implied_vol_proxy,Vol Proxy,2021-03-19,-0.009221701115237433,0.25465622755795114
base_macro_vol_term_or_implied_vol_proxy,Vol Proxy,2021-03-22,-0.00026071271316403924,0.2543291227287763
base_macro_vol_term_or_implied_vol_proxy,Vol Proxy,2021-03-23,-0.013320360188788934,0.23762100701874145
base_macro_vol_term_or_implied_vol_proxy,Vol Proxy,2021-03-24,-0.001071848689891241,0.23629446456378655
base_macro_vol_term_or_implied_vol_proxy,Vol Proxy,2021-03-25,0.0074131628407944,0.24545931674877042
base_macro_vol_term_or_implied_vol_proxy,Vol Proxy,2021-03-26,0.010424774496946766,0.25844294927099787
base_macro_vol_term_or_implied_vol_proxy,Vol Proxy,2021-03-29,0.002336125812794467,0.2613828303287191
base_macro_vol_term_or_implied_vol_proxy,Vol Proxy,2021-03-30,-0.00012223986881483334,0.26122863905701443
base_macro_vol_term_or_implied_vol_proxy,Vol Proxy,2021-03-31,-0.0023834943643029666,0.25822250770372457
base_macro_vol_term_or_implied_vol_proxy,Vol Proxy,2021-04-01,0.004738998827248633,0.2641852226921504
base_macro_vol_term_or_implied_vol_proxy,Vol Proxy,2021-07-06,0.0,0.2641852226921504
base_macro_vol_term_or_implied_vol_proxy,Vol Proxy,2021-07-07,0.00030616716944379996,0.2645722747034347
base_macro_vol_term_or_implied_vol_proxy,Vol Proxy,2021-07-08,-0.0033033879497107667,0.260394901889641
base_macro_vol_term_or_implied_vol_proxy,Vol Proxy,2021-07-09,0.006547685175818801,0.2686475709044214
base_macro_vol_term_or_implied_vol_proxy,Vol Proxy,2021-07-12,0.0021739292549861,0.27140552097307746
base_macro_vol_term_or_implied_vol_proxy,Vol Proxy,2021-07-13,-0.0027712001253728667,0.26788220183395706
base_macro_vol_term_or_implied_vol_proxy,Vol Proxy,2021-07-14,0.0004565659520183,0.2684610736784845
base_macro_vol_term_or_implied_vol_proxy,Vol Proxy,2021-07-15,-0.000488418832035275,0.26784153340239625
base_macro_vol_term_or_implied_vol_proxy,Vol Proxy,2021-07-16,-0.0090344477921985,0.25638728526009147
base_macro_vol_term_or_implied_vol_proxy,Vol Proxy,2021-07-19,-0.0194030799612091,0.2320095023019435
base_macro_vol_term_or_implied_vol_proxy,Vol Proxy,2021-07-20,0.0164488360555352,0.25227462462416983
base_macro_vol_term_or_implied_vol_proxy,Vol Proxy,2021-07-21,0.009662977870245166,0.2643753266093827
base_macro_vol_term_or_implied_vol_proxy,Vol Proxy,2021-07-22,0.0016546940130148,0.2664674808925269
base_macro_vol_term_or_implied_vol_proxy,Vol Proxy,2021-07-23,0.008583088587884334,0.27733768347470233
base_macro_vol_term_or_implied_vol_proxy,Vol Proxy,2021-07-26,0.0012112518542452667,0.2788848611123085
base_macro_vol_term_or_implied_vol_proxy,Vol Proxy,2021-07-27,-0.0019229918465929665,0.2764255759516583
base_macro_vol_term_or_implied_vol_proxy,Vol Proxy,2021-07-28,-0.007441554936423,0.2669269849059588
base_macro_vol_term_or_implied_vol_proxy,Vol Proxy,2021-07-29,0.005976989382500267,0.27449939404314483
base_macro_vol_term_or_implied_vol_proxy,Vol Proxy,2021-07-30,-0.0028564768276301,0.27085881605723205
base_macro_vol_term_or_implied_vol_proxy,Vol Proxy,2021-08-02,-0.0017344850243760333,0.2686545304726846
base_macro_vol_term_or_implied_vol_proxy,Vol Proxy,2021-08-03,0.0076183827009441004,0.27831962620111206
base_macro_vol_term_or_implied_vol_proxy,Vol Proxy,2021-08-04,-0.005787020674613501,0.27092196409552205
base_macro_vol_term_or_implied_vol_proxy,Vol Proxy,2021-08-05,0.005418514897604233,0.27780847369166617
base_macro_vol_term_or_implied_vol_proxy,Vol Proxy,2021-08-06,0.006016961049432764,0.28549699750650404
base_macro_vol_term_or_implied_vol_proxy,Vol Proxy,2021-08-09,-0.0028177700193935,0.2818747626069098
base_macro_vol_term_or_implied_vol_proxy,Vol Proxy,2021-08-10,0.0028288046890191667,0.2855009359461076
base_macro_vol_term_or_implied_vol_proxy,Vol Proxy,2021-08-11,0.0046952751864002005,0.2915367165927496
base_macro_vol_term_or_implied_vol_proxy,Vol Proxy,2021-08-12,-1.8631176781166672e-05,0.2915126537438635
base_macro_vol_term_or_implied_vol_proxy,Vol Proxy,2021-08-13,2.757101182743338e-05,0.2915482620545151
base_macro_vol_term_or_implied_vol_proxy,Vol Proxy,2021-08-16,0.0047668106159326,0.2977048280210659
base_macro_vol_term_or_implied_vol_proxy,Vol Proxy,2021-08-17,-0.0062074630752132,0.2896493732185992
base_macro_vol_term_or_implied_vol_proxy,Vol Proxy,2021-08-18,-0.010857097518895667,0.27564752420838223
base_macro_vol_term_or_implied_vol_proxy,Vol Proxy,2021-08-19,-0.00016279245198320044,0.2754398584200499
base_macro_vol_term_or_implied_vol_proxy,Vol Proxy,2021-08-20,0.0063409293986294996,0.28352733251448936
base_macro_vol_term_or_implied_vol_proxy,Vol Proxy,2021-08-23,0.004423650146635867,0.28920520838717834
base_macro_vol_term_or_implied_vol_proxy,Vol Proxy,2021-08-24,0.0007304392451622666,0.29014689446645203
base_macro_vol_term_or_implied_vol_proxy,Vol Proxy,2021-08-25,0.0027825343167814666,0.2937367724739941
base_macro_vol_term_or_implied_vol_proxy,Vol Proxy,2021-08-26,-0.004339841256018267,0.28812216025438353
base_macro_vol_term_or_implied_vol_proxy,Vol Proxy,2021-08-27,0.006542519343233533,0.2965497244042956
base_macro_vol_term_or_implied_vol_proxy,Vol Proxy,2021-08-30,-0.0029625027073628333,0.29270869233551733
base_macro_vol_term_or_implied_vol_proxy,Vol Proxy,2021-08-31,-0.0016316532210981002,0.2905994400337264
base_macro_vol_term_or_implied_vol_proxy,Vol Proxy,2021-09-01,-0.0001421161239167696,0.2904160250437797
base_macro_vol_term_or_implied_vol_proxy,Vol Proxy,2021-09-02,0.002523967222155877,0.293672992793935
base_macro_vol_term_or_implied_vol_proxy,Vol Proxy,2021-09-03,-0.0024017080415151665,0.2905659679640509
base_macro_vol_term_or_implied_vol_proxy,Vol Proxy,2021-09-07,-0.0059538889480541665,0.28288208151065497
base_macro_vol_term_or_implied_vol_proxy,Vol Proxy,2021-09-08,-0.003471474382182,0.27842858922933034
base_macro_vol_term_or_implied_vol_proxy,Vol Proxy,2021-09-09,-0.002790753180985567,0.2748608105772756
base_macro_vol_term_or_implied_vol_proxy,Vol Proxy,2021-09-10,-0.007574891789506367,0.2652038778904704
base_macro_vol_term_or_implied_vol_proxy,Vol Proxy,2021-09-13,0.009121745800228866,0.27674474605005095
base_macro_vol_term_or_implied_vol_proxy,Vol Proxy,2021-09-14,-0.007794643526625,0.26679297588009954
base_macro_vol_term_or_implied_vol_proxy,Vol Proxy,2021-09-15,0.005512778408860966,0.273776524846028
base_macro_vol_term_or_implied_vol_proxy,Vol Proxy,2021-09-16,-0.0011767432232361668,0.2722776169524981
base_macro_vol_term_or_implied_vol_proxy,Vol Proxy,2021-09-17,-0.003277830924795933,0.26810730603472543
base_macro_vol_term_or_implied_vol_proxy,Vol Proxy,2021-09-20,-0.017850402141332933,0.24547108066364332
base_macro_vol_term_or_implied_vol_proxy,Vol Proxy,2021-09-21,0.0010792529034809666,0.24681525894365097
base_macro_vol_term_or_implied_vol_proxy,Vol Proxy,2021-09-22,0.009231893011299433,0.25832572401907417
base_macro_vol_term_or_implied_vol_proxy,Vol Proxy,2021-09-23,0.015176118605479967,0.277422224451114
base_macro_vol_term_or_implied_vol_proxy,Vol Proxy,2021-09-24,0.0003377888601444664,0.27785372344823456
base_macro_vol_term_or_implied_vol_proxy,Vol Proxy,2021-09-27,0.001639779647081567,0.2799491219758923
base_macro_vol_term_or_implied_vol_proxy,Vol Proxy,2021-09-28,-0.016426690553391868,0.2589237938251088
base_macro_vol_term_or_implied_vol_proxy,Vol Proxy,2021-09-29,0.00042520427475513335,0.25945909360383435
base_macro_vol_term_or_implied_vol_proxy,Vol Proxy,2021-09-30,-0.017353249144517097,0.23760338616519938
base_macro_vol_term_or_implied_vol_proxy,Vol Proxy,2021-10-01,0.012616607448021433,0.25321774226478766
base_macro_vol_term_or_implied_vol_proxy,Vol Proxy,2022-01-04,0.0,0.25321774226478766
base_macro_vol_term_or_implied_vol_proxy,Vol Proxy,2022-01-05,-0.004331859600829934,0.24778897895602747
base_macro_vol_term_or_implied_vol_proxy,Vol Proxy,2022-01-06,-0.0046719531013273,0.24195936736599188
base_macro_vol_term_or_implied_vol_proxy,Vol Proxy,2022-01-07,-0.004484009520219133,0.2363904097389975
base_macro_vol_term_or_implied_vol_proxy,Vol Proxy,2022-01-10,-0.0018147680224986,0.23414664796007933
base_macro_vol_term_or_implied_vol_proxy,Vol Proxy,2022-01-11,0.004150044899779334,0.23926841196202586
base_macro_vol_term_or_implied_vol_proxy,Vol Proxy,2022-01-12,0.0032608220842479997,0.24330944576806268
base_macro_vol_term_or_implied_vol_proxy,Vol Proxy,2022-01-13,-0.011212483685428534,0.2293688588914491
base_macro_vol_term_or_implied_vol_proxy,Vol Proxy,2022-01-14,-0.002995264978503833,0.22568657340274823
base_macro_vol_term_or_implied_vol_proxy,Vol Proxy,2022-01-18,-0.0157893468303607,0.20633378298997584
base_macro_vol_term_or_implied_vol_proxy,Vol Proxy,2022-01-19,-0.0052362895844352665,0.20001706996675317
base_macro_vol_term_or_implied_vol_proxy,Vol Proxy,2022-01-20,-0.006596685060359601,0.19210093528912697
base_macro_vol_term_or_implied_vol_proxy,Vol Proxy,2022-01-21,-0.008984940403986801,0.18138997943001733
base_macro_vol_term_or_implied_vol_proxy,Vol Proxy,2022-01-24,0.003094135770671733,0.18504536042448483
base_macro_vol_term_or_implied_vol_proxy,Vol Proxy,2022-01-25,-0.0057480494413199,0.17823366110255812
base_macro_vol_term_or_implied_vol_proxy,Vol Proxy,2022-01-26,0.0016813505539211998,0.18021468492130155
base_macro_vol_term_or_implied_vol_proxy,Vol Proxy,2022-01-27,0.0015717583597633332,0.1820696972186422
base_macro_vol_term_or_implied_vol_proxy,Vol Proxy,2022-01-28,0.019196633355955634,0.20476145579733407
base_macro_vol_term_or_implied_vol_proxy,Vol Proxy,2022-01-31,0.010841860867742,0.2178233118799071
base_macro_vol_term_or_implied_vol_proxy,Vol Proxy,2022-02-01,0.001789235021123733,0.2200022839990634
base_macro_vol_term_or_implied_vol_proxy,Vol Proxy,2022-02-02,0.0118588719630486,0.2344701348796352
base_macro_vol_term_or_implied_vol_proxy,Vol Proxy,2022-02-03,-0.011141411098249066,0.22071639561843015
base_macro_vol_term_or_implied_vol_proxy,Vol Proxy,2022-02-04,-0.000440386422094,0.22017880869257223
base_macro_vol_term_or_implied_vol_proxy,Vol Proxy,2022-02-07,-0.0016865801535590667,0.218120879330038
base_macro_vol_term_or_implied_vol_proxy,Vol Proxy,2022-02-08,0.0115709888411532,0.23221574243194176
base_macro_vol_term_or_implied_vol_proxy,Vol Proxy,2022-02-09,0.0080557176147093,0.24214212449337302
base_macro_vol_term_or_implied_vol_proxy,Vol Proxy,2022-02-10,-0.018144646465530403,0.21960389478449804
base_macro_vol_term_or_implied_vol_proxy,Vol Proxy,2022-02-11,-0.014893227332903066,0.2014400567233785
base_macro_vol_term_or_implied_vol_proxy,Vol Proxy,2022-02-14,-0.0037058750971393334,0.19698766993646166
base_macro_vol_term_or_implied_vol_proxy,Vol Proxy,2022-02-15,0.0106412961875103,0.20972517026505333
base_macro_vol_term_or_implied_vol_proxy,Vol Proxy,2022-02-16,-0.0001234786480128488,0.20957579503656176
base_macro_vol_term_or_implied_vol_proxy,Vol Proxy,2022-02-17,-0.01611143457637437,0.19008779374966434
base_macro_vol_term_or_implied_vol_proxy,Vol Proxy,2022-02-18,-0.005426414664251499,0.18362988389391433
base_macro_vol_term_or_implied_vol_proxy,Vol Proxy,2022-02-22,-0.012948101503572167,0.1683041240145946
base_macro_vol_term_or_implied_vol_proxy,Vol Proxy,2022-02-23,-0.013403019123387332,0.15264532149849463
base_macro_vol_term_or_implied_vol_proxy,Vol Proxy,2022-02-24,0.0012543922086996333,0.15409119080917644
base_macro_vol_term_or_implied_vol_proxy,Vol Proxy,2022-02-25,0.028510507703282232,0.18699491659503176
base_macro_vol_term_or_implied_vol_proxy,Vol Proxy,2022-02-28,-0.003494114382156167,0.1828474205854107
base_macro_vol_term_or_implied_vol_proxy,Vol Proxy,2022-03-01,-0.012053718162888602,0.16858971114797439
base_macro_vol_term_or_implied_vol_proxy,Vol Proxy,2022-03-02,0.016910266721411465,0.1883508748513838
base_macro_vol_term_or_implied_vol_proxy,Vol Proxy,2022-03-03,-0.0024032451859564,0.18549497633217027
base_macro_vol_term_or_implied_vol_proxy,Vol Proxy,2022-03-04,0.0018539651393964334,0.18769284269121989
base_macro_vol_term_or_implied_vol_proxy,Vol Proxy,2022-03-07,-0.0247518764256993,0.1582952162172393
base_macro_vol_term_or_implied_vol_proxy,Vol Proxy,2022-03-08,-0.012784367754207568,0.14348714420517883
base_macro_vol_term_or_implied_vol_proxy,Vol Proxy,2022-03-09,0.021227928942555,0.16776100804909144
base_macro_vol_term_or_implied_vol_proxy,Vol Proxy,2022-03-10,0.00014315611550480003,0.1679281801788417
base_macro_vol_term_or_implied_vol_proxy,Vol Proxy,2022-03-11,-0.0077142933338961335,0.15891843960401864
base_macro_vol_term_or_implied_vol_proxy,Vol Proxy,2022-03-14,0.0009914264982011,0.16006742205429592
base_macro_vol_term_or_implied_vol_proxy,Vol Proxy,2022-03-15,0.0204931805144119,0.18384089314334306
base_macro_vol_term_or_implied_vol_proxy,Vol Proxy,2022-03-16,0.012364721269366668,0.1984787558143386
base_macro_vol_term_or_implied_vol_proxy,Vol Proxy,2022-03-17,0.012542145464904031,0.2135102507063591
base_macro_vol_term_or_implied_vol_proxy,Vol Proxy,2022-03-18,0.007204523235840067,0.2222530135045031
base_macro_vol_term_or_implied_vol_proxy,Vol Proxy,2022-03-21,-0.0035034710487373334,0.21797088545745802
base_macro_vol_term_or_implied_vol_proxy,Vol Proxy,2022-03-22,0.0053952156718742,0.22454210106656447
base_macro_vol_term_or_implied_vol_proxy,Vol Proxy,2022-03-23,-0.009736144824606167,0.21261978182675279
base_macro_vol_term_or_implied_vol_proxy,Vol Proxy,2022-03-24,0.012623428443396,0.22792720087168927
base_macro_vol_term_or_implied_vol_proxy,Vol Proxy,2022-03-25,0.003476297003734467,0.2321958405208837
base_macro_vol_term_or_implied_vol_proxy,Vol Proxy,2022-03-28,0.0038173507688601667,0.2368995642600824
base_macro_vol_term_or_implied_vol_proxy,Vol Proxy,2022-03-29,0.006566079137642767,0.24502114468433
base_macro_vol_term_or_implied_vol_proxy,Vol Proxy,2022-03-30,0.002047157076913933,0.24756989853157796
base_macro_vol_term_or_implied_vol_proxy,Vol Proxy,2022-03-31,-0.016479556443520935,0.22701049997148903
base_macro_vol_term_or_implied_vol_proxy,Vol Proxy,2022-04-01,0.005120829895794333,0.23329381202219657
base_macro_vol_term_or_implied_vol_proxy,Vol Proxy,2022-07-05,0.0,0.23329381202219657
base_macro_vol_term_or_implied_vol_proxy,Vol Proxy,2022-07-06,0.0005261580497742945,0.23394271948912881
base_macro_vol_term_or_implied_vol_proxy,Vol Proxy,2022-07-07,0.0038030896884857003,0.23863551432179997
base_macro_vol_term_or_implied_vol_proxy,Vol Proxy,2022-07-08,-0.00015908906278363333,0.23843846095869603
base_macro_vol_term_or_implied_vol_proxy,Vol Proxy,2022-07-11,-0.0029993928869938,0.23472389744791688
base_macro_vol_term_or_implied_vol_proxy,Vol Proxy,2022-07-12,-0.007137494569468599,0.22591106233508929
base_macro_vol_term_or_implied_vol_proxy,Vol Proxy,2022-07-13,-0.007345621729466266,0.21690598339720757
base_macro_vol_term_or_implied_vol_proxy,Vol Proxy,2022-07-14,-0.0021991595955140665,0.21422981292698107
base_macro_vol_term_or_implied_vol_proxy,Vol Proxy,2022-07-15,0.021801076381877237,0.24070132982375458
base_macro_vol_term_or_implied_vol_proxy,Vol Proxy,2022-07-18,-0.010404508722059634,0.22779244201613236
base_macro_vol_term_or_implied_vol_proxy,Vol Proxy,2022-07-19,0.019745383429569066,0.2520356745556678
base_macro_vol_term_or_implied_vol_proxy,Vol Proxy,2022-07-20,-0.001615955847450467,0.250012440186153
base_macro_vol_term_or_implied_vol_proxy,Vol Proxy,2022-07-21,0.004377037401422933,0.2554837913890917
base_macro_vol_term_or_implied_vol_proxy,Vol Proxy,2022-07-22,-0.0030058977232036333,0.2517099355190362
base_macro_vol_term_or_implied_vol_proxy,Vol Proxy,2022-07-25,0.004650974570694267,0.2575316065990205
base_macro_vol_term_or_implied_vol_proxy,Vol Proxy,2022-07-26,-0.0068920927197398335,0.24886458216833685
base_macro_vol_term_or_implied_vol_proxy,Vol Proxy,2022-07-27,0.0102651102839099,0.26168431483396404
base_macro_vol_term_or_implied_vol_proxy,Vol Proxy,2022-07-28,0.005726036159098133,0.26890876484207027
base_macro_vol_term_or_implied_vol_proxy,Vol Proxy,2022-07-29,0.008674339273246701,0.27991570997510684
base_macro_vol_term_or_implied_vol_proxy,Vol Proxy,2022-08-01,-0.0005794621464475001,0.27917404727053263
base_macro_vol_term_or_implied_vol_proxy,Vol Proxy,2022-08-02,-0.009650487593125699,0.26682939399790007
base_macro_vol_term_or_implied_vol_proxy,Vol Proxy,2022-08-03,0.012752142628261534,0.2829841831158353
base_macro_vol_term_or_implied_vol_proxy,Vol Proxy,2022-08-04,-0.0022039065555128,0.280156605864047
base_macro_vol_term_or_implied_vol_proxy,Vol Proxy,2022-08-05,0.003111607756665467,0.28413995108860024
base_macro_vol_term_or_implied_vol_proxy,Vol Proxy,2022-08-08,0.0008396689654484665,0.2852182035528217
base_macro_vol_term_or_implied_vol_proxy,Vol Proxy,2022-08-09,-0.003704955670834167,0.2804565270813093
base_macro_vol_term_or_implied_vol_proxy,Vol Proxy,2022-08-10,0.013560543370994667,0.2978202133514687
base_macro_vol_term_or_implied_vol_proxy,Vol Proxy,2022-08-11,-0.0025072968354578665,0.29456619283753915
base_macro_vol_term_or_implied_vol_proxy,Vol Proxy,2022-08-12,0.0128340855290539,0.3111807660794377
base_macro_vol_term_or_implied_vol_proxy,Vol Proxy,2022-08-15,0.0036564450255526,0.315975026469169
base_macro_vol_term_or_implied_vol_proxy,Vol Proxy,2022-08-16,0.007490550019888934,0.32583240322986096
base_macro_vol_term_or_implied_vol_proxy,Vol Proxy,2022-08-17,-0.0037655769378449333,0.32083987930881097
base_macro_vol_term_or_implied_vol_proxy,Vol Proxy,2022-08-18,0.0023574640657149665,0.32395371186084465
base_macro_vol_term_or_implied_vol_proxy,Vol Proxy,2022-08-19,-0.006680570239197867,0.3151089460953116
base_macro_vol_term_or_implied_vol_proxy,Vol Proxy,2022-08-22,-0.016955927315535968,0.2928100543933083
base_macro_vol_term_or_implied_vol_proxy,Vol Proxy,2022-08-23,-0.007043634664171033,0.2837039726799948
base_macro_vol_term_or_implied_vol_proxy,Vol Proxy,2022-08-24,0.0020359927368702336,0.28631758464466284
base_macro_vol_term_or_implied_vol_proxy,Vol Proxy,2022-08-25,0.007177181284461467,0.29554971913904815
base_macro_vol_term_or_implied_vol_proxy,Vol Proxy,2022-08-26,-0.026548004740359534,0.2611554590539733
base_macro_vol_term_or_implied_vol_proxy,Vol Proxy,2022-08-29,-0.006367763331149333,0.2531247195669306
base_macro_vol_term_or_implied_vol_proxy,Vol Proxy,2022-08-30,-0.009414663825711133,0.24132697160051952
base_macro_vol_term_or_implied_vol_proxy,Vol Proxy,2022-08-31,-0.010944644785152634,0.22774108883412247
base_macro_vol_term_or_implied_vol_proxy,Vol Proxy,2022-09-01,0.007379127289874933,0.23680074660763895
base_macro_vol_term_or_implied_vol_proxy,Vol Proxy,2022-09-02,-0.009635455653578933,0.22488360786138784
base_macro_vol_term_or_implied_vol_proxy,Vol Proxy,2022-09-06,-0.003259035311786233,0.22089166893053935
base_macro_vol_term_or_implied_vol_proxy,Vol Proxy,2022-09-07,0.011747981486606466,0.2352346816542874
base_macro_vol_term_or_implied_vol_proxy,Vol Proxy,2022-09-08,0.007297230138678233,0.24424847340159572
base_macro_vol_term_or_implied_vol_proxy,Vol Proxy,2022-09-09,0.009315184436243934,0.25583887741584665
base_macro_vol_term_or_implied_vol_proxy,Vol Proxy,2022-09-12,0.006877589126435599,0.26447602122371694
base_macro_vol_term_or_implied_vol_proxy,Vol Proxy,2022-09-13,-0.03733465487828493,0.21726724536946262
base_macro_vol_term_or_implied_vol_proxy,Vol Proxy,2022-09-14,0.004359290753632433,0.22257366721690142
base_macro_vol_term_or_implied_vol_proxy,Vol Proxy,2022-09-15,-0.005010767626861367,0.21644763466375783
base_macro_vol_term_or_implied_vol_proxy,Vol Proxy,2022-09-16,-0.0011672111976313668,0.21502778336324613
base_macro_vol_term_or_implied_vol_proxy,Vol Proxy,2022-09-19,0.0031666547322700667,0.21887535684327286
base_macro_vol_term_or_implied_vol_proxy,Vol Proxy,2022-09-20,-0.009573030617176233,0.20720702573369065
base_macro_vol_term_or_implied_vol_proxy,Vol Proxy,2022-09-21,-0.017645618917665633,0.18590511060286552
base_macro_vol_term_or_implied_vol_proxy,Vol Proxy,2022-09-22,0.004978031436151266,0.19180858352373886
base_macro_vol_term_or_implied_vol_proxy,Vol Proxy,2022-09-23,-0.013654931103593934,0.17553451942705034
base_macro_vol_term_or_implied_vol_proxy,Vol Proxy,2022-09-26,-0.009779751567284334,0.16403808386828667
base_macro_vol_term_or_implied_vol_proxy,Vol Proxy,2022-09-27,-0.0030222599612176,0.1605200581740791
base_macro_vol_term_or_implied_vol_proxy,Vol Proxy,2022-09-28,0.0169467950894701,0.18018715379717531
base_macro_vol_term_or_implied_vol_proxy,Vol Proxy,2022-09-29,-0.013832224347381433,0.1638625403139553
base_macro_vol_term_or_implied_vol_proxy,Vol Proxy,2022-09-30,-0.013420743750960133,0.14824263939906013
base_macro_vol_term_or_implied_vol_proxy,Vol Proxy,2022-10-03,0.024849093406847666,0.17677542799921264
base_macro_xsec_dispersion_correlation_regime,XSec,2016-01-04,0.0,0.0
base_macro_xsec_dispersion_correlation_regime,XSec,2016-01-05,-5.979960250855915e-05,-5.979960250857008e-05
base_macro_xsec_dispersion_correlation_regime,XSec,2016-01-06,-0.0028502290793945666,-0.002909858239337093
base_macro_xsec_dispersion_correlation_regime,XSec,2016-01-07,-0.007802996644153033,-0.010690149269413696
base_macro_xsec_dispersion_correlation_regime,XSec,2016-01-08,-0.0040382931035138,-0.014685272416857242
base_macro_xsec_dispersion_correlation_regime,XSec,2016-01-11,0.0015600903421197335,-0.013148092426406355
base_macro_xsec_dispersion_correlation_regime,XSec,2016-01-12,0.0050881024505849,-0.008126888817116762
base_macro_xsec_dispersion_correlation_regime,XSec,2016-01-13,-0.017513026699425,-0.02549758909570432
base_macro_xsec_dispersion_correlation_regime,XSec,2016-01-14,0.011264417973947867,-0.014520386622658421
base_macro_xsec_dispersion_correlation_regime,XSec,2016-01-15,-0.018905919513371835,-0.03315178487523929
base_macro_xsec_dispersion_correlation_regime,XSec,2016-01-19,0.003612238542074,-0.029659298488230124
base_macro_xsec_dispersion_correlation_regime,XSec,2016-01-20,-0.011762225624217934,-0.0410726647517734
base_macro_xsec_dispersion_correlation_regime,XSec,2016-01-21,0.0063374385132848,-0.03499552172592968
base_macro_xsec_dispersion_correlation_regime,XSec,2016-01-22,0.013010307114897068,-0.02244051709633299
base_macro_xsec_dispersion_correlation_regime,XSec,2016-01-25,-0.0114676490046194,-0.03365082612740944
base_macro_xsec_dispersion_correlation_regime,XSec,2016-01-26,0.016413595576385633,-0.01778956160189049
base_macro_xsec_dispersion_correlation_regime,XSec,2016-01-27,-0.012511111968032033,-0.030078106372859015
base_macro_xsec_dispersion_correlation_regime,XSec,2016-01-28,0.007126352943453766,-0.02316610063128899
base_macro_xsec_dispersion_correlation_regime,XSec,2016-01-29,0.026858101851272232,0.003069803729731202
base_macro_xsec_dispersion_correlation_regime,XSec,2016-02-01,0.0005658607115382001,0.0036374015225921763
base_macro_xsec_dispersion_correlation_regime,XSec,2016-02-02,-0.019116949321115767,-0.01554908381909148
base_macro_xsec_dispersion_correlation_regime,XSec,2016-02-03,0.0074621771609822,-0.008202936676258266
base_macro_xsec_dispersion_correlation_regime,XSec,2016-02-04,0.003763898080833834,-0.004469913613037391
base_macro_xsec_dispersion_correlation_regime,XSec,2016-02-05,-0.019344082457539064,-0.023727529693067795
base_macro_xsec_dispersion_correlation_regime,XSec,2016-02-08,-0.013909323516430332,-0.037306819322751594
base_macro_xsec_dispersion_correlation_regime,XSec,2016-02-09,0.002749923555916467,-0.03465948666808705
base_macro_xsec_dispersion_correlation_regime,XSec,2016-02-10,-0.0029923989695219665,-0.037548170625419264
base_macro_xsec_dispersion_correlation_regime,XSec,2016-02-11,-0.0142540539128056,-0.05126701088980301
base_macro_xsec_dispersion_correlation_regime,XSec,2016-02-12,0.017803953115129303,-0.034375813232908614
base_macro_xsec_dispersion_correlation_regime,XSec,2016-02-16,0.015648636678431367,-0.0192651111662846
base_macro_xsec_dispersion_correlation_regime,XSec,2016-02-17,0.015029061843625466,-0.004525585869801452
base_macro_xsec_dispersion_correlation_regime,XSec,2016-02-18,-0.005158522511575067,-0.009660763044789134
base_macro_xsec_dispersion_correlation_regime,XSec,2016-02-19,-0.0013417305123691666,-0.010989531416608411
base_macro_xsec_dispersion_correlation_regime,XSec,2016-02-22,0.0122520791566745,0.0011279031312549925
base_macro_xsec_dispersion_correlation_regime,XSec,2016-02-23,-0.0087153666675984,-0.007597293625697832
base_macro_xsec_dispersion_correlation_regime,XSec,2016-02-24,0.0011089713891872667,-0.006496747417776838
base_macro_xsec_dispersion_correlation_regime,XSec,2016-02-25,0.011827007047261133,0.005253422551989795
base_macro_xsec_dispersion_correlation_regime,XSec,2016-02-26,-0.0033751854236726444,0.0018605058530951624
base_macro_xsec_dispersion_correlation_regime,XSec,2016-02-29,-0.006112588242236867,-0.0042634548953438545
base_macro_xsec_dispersion_correlation_regime,XSec,2016-03-01,0.021401969017657632,0.017047267792735576
base_macro_xsec_dispersion_correlation_regime,XSec,2016-03-02,0.0005857923373891,0.017643046288971176
base_macro_xsec_dispersion_correlation_regime,XSec,2016-03-03,0.0016200067761485335,0.019291634919659684
base_macro_xsec_dispersion_correlation_regime,XSec,2016-03-04,0.0029846457192955335,0.022333859334536355
base_macro_xsec_dispersion_correlation_regime,XSec,2016-03-07,0.002714637160228,0.02510912481924521
base_macro_xsec_dispersion_correlation_regime,XSec,2016-03-08,-0.0036108039060954666,0.021407656787173712
base_macro_xsec_dispersion_correlation_regime,XSec,2016-03-09,0.0033564331299821,0.024835943285631545
base_macro_xsec_dispersion_correlation_regime,XSec,2016-03-10,-0.0002637300597289666,0.024565663241096436
base_macro_xsec_dispersion_correlation_regime,XSec,2016-03-11,0.013871446120803967,0.03877787063597116
base_macro_xsec_dispersion_correlation_regime,XSec,2016-03-14,0.0028372901556417995,0.041725184862225095
base_macro_xsec_dispersion_correlation_regime,XSec,2016-03-15,0.0013107828856502666,0.04309066040609322
base_macro_xsec_dispersion_correlation_regime,XSec,2016-03-16,0.004921573749306434,0.04822430801849453
base_macro_xsec_dispersion_correlation_regime,XSec,2016-03-17,0.0070370216516848,0.055600685169842956
base_macro_xsec_dispersion_correlation_regime,XSec,2016-03-18,0.006590928300993733,0.06255807360027732
base_macro_xsec_dispersion_correlation_regime,XSec,2016-03-21,0.0008966730789813001,0.06351084081972891
base_macro_xsec_dispersion_correlation_regime,XSec,2016-03-22,-0.0013266819827533664,0.06209990014875055
base_macro_xsec_dispersion_correlation_regime,XSec,2016-03-23,-0.0035019783496693,0.05838044929324382
base_macro_xsec_dispersion_correlation_regime,XSec,2016-03-24,0.0006969426186632334,0.05911807973511607
base_macro_xsec_dispersion_correlation_regime,XSec,2016-03-28,0.0008452226620128334,0.06001327033785575
base_macro_xsec_dispersion_correlation_regime,XSec,2016-03-29,0.005933206722551367,0.06630254819941794
base_macro_xsec_dispersion_correlation_regime,XSec,2016-03-30,0.006370457896008899,0.07309538368712931
base_macro_xsec_dispersion_correlation_regime,XSec,2016-03-31,-0.0013890261630531333,0.07160482612373631
base_macro_xsec_dispersion_correlation_regime,XSec,2016-04-01,0.008300134903245666,0.08049929074353246
base_macro_xsec_dispersion_correlation_regime,XSec,2016-07-05,0.0,0.08049929074353246
base_macro_xsec_dispersion_correlation_regime,XSec,2016-07-06,0.0003279750331243,0.08085366753420464
base_macro_xsec_dispersion_correlation_regime,XSec,2016-07-07,-0.0003152034365777666,0.08051297874376018
base_macro_xsec_dispersion_correlation_regime,XSec,2016-07-08,0.0034013254368278,0.08418815502318377
base_macro_xsec_dispersion_correlation_regime,XSec,2016-07-11,0.0008903017617116334,0.08515340964762785
base_macro_xsec_dispersion_correlation_regime,XSec,2016-07-12,0.0020922601568799,0.08742383289073574
base_macro_xsec_dispersion_correlation_regime,XSec,2016-07-13,0.0004241015084655,0.08788501097860602
base_macro_xsec_dispersion_correlation_regime,XSec,2016-07-14,0.0021631481834862,0.09023826746394636
base_macro_xsec_dispersion_correlation_regime,XSec,2016-07-15,-0.00013351376891383336,0.0900927056438432
base_macro_xsec_dispersion_correlation_regime,XSec,2016-07-18,0.00027347927795443337,0.09039082340988602
base_macro_xsec_dispersion_correlation_regime,XSec,2016-07-19,0.0012228989233002666,0.0917242611738105
base_macro_xsec_dispersion_correlation_regime,XSec,2016-07-20,0.0019119938003380333,0.0938116311928534
base_macro_xsec_dispersion_correlation_regime,XSec,2016-07-21,-0.005082451682693533,0.08825238642734767
base_macro_xsec_dispersion_correlation_regime,XSec,2016-07-22,0.0016161564459131333,0.09001117253645252
base_macro_xsec_dispersion_correlation_regime,XSec,2016-07-25,-0.0038605539512117665,0.08580312559745185
base_macro_xsec_dispersion_correlation_regime,XSec,2016-07-26,-0.0019834818264398333,0.08364945483073782
base_macro_xsec_dispersion_correlation_regime,XSec,2016-07-27,-0.002707285053608233,0.08071570685832374
base_macro_xsec_dispersion_correlation_regime,XSec,2016-07-28,0.0015969676315527,0.08244157486108694
base_macro_xsec_dispersion_correlation_regime,XSec,2016-07-29,0.0012105669786476002,0.08375194288792898
base_macro_xsec_dispersion_correlation_regime,XSec,2016-08-01,-0.0023693840187357664,0.08118411835417638
base_macro_xsec_dispersion_correlation_regime,XSec,2016-08-02,-0.004730529933865067,0.0760695445182824
base_macro_xsec_dispersion_correlation_regime,XSec,2016-08-03,0.0013227905097113,0.07749295909956055
base_macro_xsec_dispersion_correlation_regime,XSec,2016-08-04,-0.0008079847512436333,0.07662236121903576
base_macro_xsec_dispersion_correlation_regime,XSec,2016-08-05,0.0084552247056694,0.08572544520629122
base_macro_xsec_dispersion_correlation_regime,XSec,2016-08-08,-0.0012603499133097,0.08435705123554738
base_macro_xsec_dispersion_correlation_regime,XSec,2016-08-09,0.0001724395992331,0.08454403733088789
base_macro_xsec_dispersion_correlation_regime,XSec,2016-08-10,-0.001530000419768567,0.08288468449851405
base_macro_xsec_dispersion_correlation_regime,XSec,2016-08-11,0.007295605483004833,0.09078498394020351
base_macro_xsec_dispersion_correlation_regime,XSec,2016-08-12,-0.0018524473122116334,0.08876436222850259
base_macro_xsec_dispersion_correlation_regime,XSec,2016-08-15,-0.0007947459248079,0.08789907118854545
base_macro_xsec_dispersion_correlation_regime,XSec,2016-08-16,-0.0054758014406237334,0.08194195188727793
base_macro_xsec_dispersion_correlation_regime,XSec,2016-08-17,0.0014988482018672333,0.08356361863638884
base_macro_xsec_dispersion_correlation_regime,XSec,2016-08-18,0.00024120402068273324,0.08382497853786952
base_macro_xsec_dispersion_correlation_regime,XSec,2016-08-19,0.0011530084855051333,0.08507463793492609
base_macro_xsec_dispersion_correlation_regime,XSec,2016-08-22,-0.0014723315664447332,0.08347704829354585
base_macro_xsec_dispersion_correlation_regime,XSec,2016-08-23,0.00316586138691,0.08690718644434181
base_macro_xsec_dispersion_correlation_regime,XSec,2016-08-24,-0.004122504483369299,0.08242640669521872
base_macro_xsec_dispersion_correlation_regime,XSec,2016-08-25,-0.00044658426804656664,0.08194301209067056
base_macro_xsec_dispersion_correlation_regime,XSec,2016-08-26,-0.0020681282520533715,0.07970541518025409
base_macro_xsec_dispersion_correlation_regime,XSec,2016-08-29,0.0042440004692229005,0.08428768546890142
base_macro_xsec_dispersion_correlation_regime,XSec,2016-08-30,-0.0013459833567796998,0.082828252290299
base_macro_xsec_dispersion_correlation_regime,XSec,2016-08-31,-0.0027163273101596997,0.07988693633639032
base_macro_xsec_dispersion_correlation_regime,XSec,2016-09-01,-0.002662808070246133,0.07701140468736045
base_macro_xsec_dispersion_correlation_regime,XSec,2016-09-02,0.0022405172637412333,0.07942446733280861
base_macro_xsec_dispersion_correlation_regime,XSec,2016-09-06,0.0007640008786586667,0.08024914857429666
base_macro_xsec_dispersion_correlation_regime,XSec,2016-09-07,-0.002124821623898367,0.07795381182420824
base_macro_xsec_dispersion_correlation_regime,XSec,2016-09-08,-0.0007165208909686666,0.07718143539853695
base_macro_xsec_dispersion_correlation_regime,XSec,2016-09-09,-0.018947355728939335,0.056771695557431334
base_macro_xsec_dispersion_correlation_regime,XSec,2016-09-12,0.012968771946287832,0.0704767266764077
base_macro_xsec_dispersion_correlation_regime,XSec,2016-09-13,-0.015324879172788233,0.05407180018280999
base_macro_xsec_dispersion_correlation_regime,XSec,2016-09-14,0.0004419686046753667,0.05453766682556438
base_macro_xsec_dispersion_correlation_regime,XSec,2016-09-15,0.008979092804226234,0.06400645840154318
base_macro_xsec_dispersion_correlation_regime,XSec,2016-09-16,-0.0013033713327563333,0.0626196628857949
base_macro_xsec_dispersion_correlation_regime,XSec,2016-09-19,-0.0012157241053480333,0.061327810546807804
base_macro_xsec_dispersion_correlation_regime,XSec,2016-09-20,0.0013631582126321332,0.06277456826804961
base_macro_xsec_dispersion_correlation_regime,XSec,2016-09-21,0.009046420509935734,0.0723888739198677
base_macro_xsec_dispersion_correlation_regime,XSec,2016-09-22,0.006215545783039033,0.07905435606293842
base_macro_xsec_dispersion_correlation_regime,XSec,2016-09-23,-0.010700006456543433,0.06750846748610373
base_macro_xsec_dispersion_correlation_regime,XSec,2016-09-26,-0.009124846036689933,0.05776761707743017
base_macro_xsec_dispersion_correlation_regime,XSec,2016-09-27,0.006965035638703001,0.06513500622784041
base_macro_xsec_dispersion_correlation_regime,XSec,2016-09-28,0.0050015858629522,0.070462370417125
base_macro_xsec_dispersion_correlation_regime,XSec,2016-09-29,-0.010969859643940169,0.05871954845952976
base_macro_xsec_dispersion_correlation_regime,XSec,2016-09-30,0.008976973995961833,0.06822364631506739
base_macro_xsec_dispersion_correlation_regime,XSec,2016-10-03,-0.0039171503489974,0.06403925368609698
base_macro_xsec_dispersion_correlation_regime,XSec,2017-01-04,0.0,0.06403925368609698
base_macro_xsec_dispersion_correlation_regime,XSec,2017-01-05,-0.0003292708327610333,0.06368889659494537
base_macro_xsec_dispersion_correlation_regime,XSec,2017-01-06,0.0013983787197929,0.0651763365124236
base_macro_xsec_dispersion_correlation_regime,XSec,2017-01-09,-0.0013350660261455666,0.06375425577369165
base_macro_xsec_dispersion_correlation_regime,XSec,2017-01-10,-0.0007788021360898333,0.06292580168702044
base_macro_xsec_dispersion_correlation_regime,XSec,2017-01-11,0.004209684844248967,0.06740038432494355
base_macro_xsec_dispersion_correlation_regime,XSec,2017-01-12,-0.0026448975690338337,0.0645772196432568
base_macro_xsec_dispersion_correlation_regime,XSec,2017-01-13,0.0008277177305058,0.06545838908344814
base_macro_xsec_dispersion_correlation_regime,XSec,2017-01-17,-0.0070060340110361325,0.057993751372185764
base_macro_xsec_dispersion_correlation_regime,XSec,2017-01-18,-0.0007375704285124333,0.05721340646762263
base_macro_xsec_dispersion_correlation_regime,XSec,2017-01-19,-0.0038674410819523664,0.05312469590705904
base_macro_xsec_dispersion_correlation_regime,XSec,2017-01-20,0.006207313592223634,0.05966177114626925
base_macro_xsec_dispersion_correlation_regime,XSec,2017-01-23,-0.001811832745331101,0.05774184125033077
base_macro_xsec_dispersion_correlation_regime,XSec,2017-01-24,0.0065513669452463,0.06467149618570223
base_macro_xsec_dispersion_correlation_regime,XSec,2017-01-25,0.012424013496984734,0.07789898922416816
base_macro_xsec_dispersion_correlation_regime,XSec,2017-01-26,0.0023882001244717997,0.08047322772440135
base_macro_xsec_dispersion_correlation_regime,XSec,2017-01-27,-0.000657660561585,0.07976264309467851
base_macro_xsec_dispersion_correlation_regime,XSec,2017-01-30,-0.005736610650265934,0.07356846521654226
base_macro_xsec_dispersion_correlation_regime,XSec,2017-01-31,-0.0058595914986264335,0.06727779256456601
base_macro_xsec_dispersion_correlation_regime,XSec,2017-02-01,0.0028733412539412666,0.07034444587535704
base_macro_xsec_dispersion_correlation_regime,XSec,2017-02-02,0.0004869802417574235,0.07086568247237324
base_macro_xsec_dispersion_correlation_regime,XSec,2017-02-03,0.0111779539560224,0.08283576976413398
base_macro_xsec_dispersion_correlation_regime,XSec,2017-02-06,-0.0012539647339858669,0.08147793189615138
base_macro_xsec_dispersion_correlation_regime,XSec,2017-02-07,0.0035369026404807337,0.08530301404909668
base_macro_xsec_dispersion_correlation_regime,XSec,2017-02-08,-0.0008348128324139,0.08439698916591087
base_macro_xsec_dispersion_correlation_regime,XSec,2017-02-09,0.006000532252840233,0.09090394827428372
base_macro_xsec_dispersion_correlation_regime,XSec,2017-02-10,0.004230125199453466,0.09551860855606198
base_macro_xsec_dispersion_correlation_regime,XSec,2017-02-13,0.007460088030278367,0.10369127381469823
base_macro_xsec_dispersion_correlation_regime,XSec,2017-02-14,0.005472184253223867,0.10973087582368768
base_macro_xsec_dispersion_correlation_regime,XSec,2017-02-15,0.006409406705183067,0.11684359234014052
base_macro_xsec_dispersion_correlation_regime,XSec,2017-02-16,0.0004657758391635667,0.11736379110157724
base_macro_xsec_dispersion_correlation_regime,XSec,2017-02-17,0.0014181429354599665,0.11894837266826674
base_macro_xsec_dispersion_correlation_regime,XSec,2017-02-21,0.006894527709729166,0.12666299322938457
base_macro_xsec_dispersion_correlation_regime,XSec,2017-02-22,0.0004485487044907,0.12716835645539537
base_macro_xsec_dispersion_correlation_regime,XSec,2017-02-23,0.0025473421678111666,0.13003963994001677
base_macro_xsec_dispersion_correlation_regime,XSec,2017-02-24,-0.0008451121752019666,0.12908462968184264
base_macro_xsec_dispersion_correlation_regime,XSec,2017-02-27,0.0026106423788493337,0.1320322658653974
base_macro_xsec_dispersion_correlation_regime,XSec,2017-02-28,-0.0002247083404875,0.13177788877355656
base_macro_xsec_dispersion_correlation_regime,XSec,2017-03-01,0.0157536468850137,0.14960751798556138
base_macro_xsec_dispersion_correlation_regime,XSec,2017-03-02,-0.0062528185608919,0.14241923075936036
base_macro_xsec_dispersion_correlation_regime,XSec,2017-03-03,0.0009637825588692667,0.14352027448888305
base_macro_xsec_dispersion_correlation_regime,XSec,2017-03-06,-0.0024907183079786997,0.14067208760566885
base_macro_xsec_dispersion_correlation_regime,XSec,2017-03-07,-0.0007781925972423667,0.13978442503121324
base_macro_xsec_dispersion_correlation_regime,XSec,2017-03-08,-0.0016462791126875334,0.13790802173931782
base_macro_xsec_dispersion_correlation_regime,XSec,2017-03-09,-0.0010337431353691,0.13673171713316346
base_macro_xsec_dispersion_correlation_regime,XSec,2017-03-10,0.00023403671426996668,0.13699775408924775
base_macro_xsec_dispersion_correlation_regime,XSec,2017-03-13,-0.0007487468987752,0.13614643054695907
base_macro_xsec_dispersion_correlation_regime,XSec,2017-03-14,-0.0013702781123113,0.13458959396079995
base_macro_xsec_dispersion_correlation_regime,XSec,2017-03-15,0.0029706875234286998,0.13796010511179135
base_macro_xsec_dispersion_correlation_regime,XSec,2017-03-16,-3.100184786185145e-06,0.13795657722518606
base_macro_xsec_dispersion_correlation_regime,XSec,2017-03-17,-0.005537825524569767,0.13165477224597644
base_macro_xsec_dispersion_correlation_regime,XSec,2017-03-20,-0.0011804871867837667,0.1303188682874774
base_macro_xsec_dispersion_correlation_regime,XSec,2017-03-21,-0.0147346846876676,0.11366397616674018
base_macro_xsec_dispersion_correlation_regime,XSec,2017-03-22,-9.135849088144183e-05,0.1135622335065285
base_macro_xsec_dispersion_correlation_regime,XSec,2017-03-23,-0.0008732624349005775,0.11258980143908315
base_macro_xsec_dispersion_correlation_regime,XSec,2017-03-24,-0.0040958380731808,0.10803281377051621
base_macro_xsec_dispersion_correlation_regime,XSec,2017-03-27,-0.0030179066926842666,0.10468887412612427
base_macro_xsec_dispersion_correlation_regime,XSec,2017-03-28,0.007525023483566667,0.11300168384595821
base_macro_xsec_dispersion_correlation_regime,XSec,2017-03-29,-0.0020247289582943665,0.11074815710604491
base_macro_xsec_dispersion_correlation_regime,XSec,2017-03-30,0.004076261685934767,0.11527585726157885
base_macro_xsec_dispersion_correlation_regime,XSec,2017-03-31,-0.0024227057646429334,0.11257387201302405
base_macro_xsec_dispersion_correlation_regime,XSec,2017-04-03,-0.0005399093100544333,0.1119731830214008
base_macro_xsec_dispersion_correlation_regime,XSec,2017-07-05,0.0,0.1119731830214008
base_macro_xsec_dispersion_correlation_regime,XSec,2017-07-06,-0.0010042923358915333,0.11085643687597546
base_macro_xsec_dispersion_correlation_regime,XSec,2017-07-07,0.0016185943040123,0.11265446277727831
base_macro_xsec_dispersion_correlation_regime,XSec,2017-07-10,0.0002960140608016852,0.11298382414307406
base_macro_xsec_dispersion_correlation_regime,XSec,2017-07-11,-0.0005489647147689999,0.1123728352955109
base_macro_xsec_dispersion_correlation_regime,XSec,2017-07-12,0.0044049734536472,0.11727280810554586
base_macro_xsec_dispersion_correlation_regime,XSec,2017-07-13,-0.0010096597068011335,0.1161447427696971
base_macro_xsec_dispersion_correlation_regime,XSec,2017-07-14,0.004316785220611001,0.12096289989934794
base_macro_xsec_dispersion_correlation_regime,XSec,2017-07-17,-0.0004461774840772667,0.12046275149292685
base_macro_xsec_dispersion_correlation_regime,XSec,2017-07-18,-0.0005156981789821333,0.11988493089236463
base_macro_xsec_dispersion_correlation_regime,XSec,2017-07-19,0.006184312097988167,0.12681064881883675
base_macro_xsec_dispersion_correlation_regime,XSec,2017-07-20,-0.0006059505882546,0.1261278572433333
base_macro_xsec_dispersion_correlation_regime,XSec,2017-07-21,0.00040609596670893337,0.1265851732241583
base_macro_xsec_dispersion_correlation_regime,XSec,2017-07-24,-0.0019805400115123334,0.12435392621221131
base_macro_xsec_dispersion_correlation_regime,XSec,2017-07-25,0.0033812320595873664,0.12815562775384293
base_macro_xsec_dispersion_correlation_regime,XSec,2017-07-26,0.0075380544582028,0.13665972631317946
base_macro_xsec_dispersion_correlation_regime,XSec,2017-07-27,0.004128915675367067,0.14135289847471233
base_macro_xsec_dispersion_correlation_regime,XSec,2017-07-28,0.0010703739983894333,0.14257457294022613
base_macro_xsec_dispersion_correlation_regime,XSec,2017-07-31,0.0012479933806459334,0.14400049844414986
base_macro_xsec_dispersion_correlation_regime,XSec,2017-08-01,0.0026170966611282994,0.14699445832895708
base_macro_xsec_dispersion_correlation_regime,XSec,2017-08-02,0.0019288996303066666,0.14920689551559163
base_macro_xsec_dispersion_correlation_regime,XSec,2017-08-03,0.0013176761396558,0.15072117802134044
base_macro_xsec_dispersion_correlation_regime,XSec,2017-08-04,0.00015804745848556668,0.15090304657895204
base_macro_xsec_dispersion_correlation_regime,XSec,2017-08-07,0.0016596756849717382,0.15281317238111902
base_macro_xsec_dispersion_correlation_regime,XSec,2017-08-08,-0.0013683337982829998,0.15123573915424404
base_macro_xsec_dispersion_correlation_regime,XSec,2017-08-09,-0.0027175382122504,0.14810721204178412
base_macro_xsec_dispersion_correlation_regime,XSec,2017-08-10,-0.009618258432823367,0.13706442016777798
base_macro_xsec_dispersion_correlation_regime,XSec,2017-08-11,0.0025815891894986997,0.13999985338264676
base_macro_xsec_dispersion_correlation_regime,XSec,2017-08-14,0.007523067249693834,0.1485761489442854
base_macro_xsec_dispersion_correlation_regime,XSec,2017-08-15,-0.00016302417067016661,0.1483889032701522
base_macro_xsec_dispersion_correlation_regime,XSec,2017-08-16,0.003415747133502767,0.15231150937464366
base_macro_xsec_dispersion_correlation_regime,XSec,2017-08-17,-0.0121699443223219,0.13828794246358367
base_macro_xsec_dispersion_correlation_regime,XSec,2017-08-18,-0.005060255335514,0.13252791482938098
base_macro_xsec_dispersion_correlation_regime,XSec,2017-08-21,0.0027097362500297004,0.13559676677436472
base_macro_xsec_dispersion_correlation_regime,XSec,2017-08-22,0.009680925801296566,0.14659039481369973
base_macro_xsec_dispersion_correlation_regime,XSec,2017-08-23,-0.005302955254830634,0.14051007725438414
base_macro_xsec_dispersion_correlation_regime,XSec,2017-08-24,0.00022180951010109995,0.14076305323588545
base_macro_xsec_dispersion_correlation_regime,XSec,2017-08-25,0.0005330338538932666,0.14137111856253104
base_macro_xsec_dispersion_correlation_regime,XSec,2017-08-28,0.0021435111714373668,0.1438176603059258
base_macro_xsec_dispersion_correlation_regime,XSec,2017-08-29,0.0026753510645373666,0.14687777410106206
base_macro_xsec_dispersion_correlation_regime,XSec,2017-08-30,0.002940631703057,0.15025031924311505
base_macro_xsec_dispersion_correlation_regime,XSec,2017-08-31,0.003264150237647267,0.1540049090960265
base_macro_xsec_dispersion_correlation_regime,XSec,2017-09-01,0.0013837902762901002,0.15560180986802452
base_macro_xsec_dispersion_correlation_regime,XSec,2017-09-05,-0.006096308056573067,0.14855690524433562
base_macro_xsec_dispersion_correlation_regime,XSec,2017-09-06,0.0014113210693015334,0.15017788780399877
base_macro_xsec_dispersion_correlation_regime,XSec,2017-09-07,0.002940047938843933,0.1535594659323407
base_macro_xsec_dispersion_correlation_regime,XSec,2017-09-08,0.0012484618530518028,0.1549996409207839
base_macro_xsec_dispersion_correlation_regime,XSec,2017-09-11,0.011534278944514633,0.16832172895997832
base_macro_xsec_dispersion_correlation_regime,XSec,2017-09-12,-0.0007276260579345998,0.16747162762593581
base_macro_xsec_dispersion_correlation_regime,XSec,2017-09-13,0.001434790716960433,0.1691467050795683
base_macro_xsec_dispersion_correlation_regime,XSec,2017-09-14,0.0009539777124118001,0.17026204497875397
base_macro_xsec_dispersion_correlation_regime,XSec,2017-09-15,0.0037860024797382002,0.174692659982987
base_macro_xsec_dispersion_correlation_regime,XSec,2017-09-18,0.0013831853761929,0.17631747769179662
base_macro_xsec_dispersion_correlation_regime,XSec,2017-09-19,0.0001068592465149333,0.17644317809112509
base_macro_xsec_dispersion_correlation_regime,XSec,2017-09-20,0.0031826303654638663,0.18018736187296058
base_macro_xsec_dispersion_correlation_regime,XSec,2017-09-21,-0.0012383511507092335,0.1787258754953327
base_macro_xsec_dispersion_correlation_regime,XSec,2017-09-22,-0.0006162790531245,0.17799945142888918
base_macro_xsec_dispersion_correlation_regime,XSec,2017-09-25,-0.005572495283251167,0.17143505504212908
base_macro_xsec_dispersion_correlation_regime,XSec,2017-09-26,-0.0019384077864002998,0.16916433621017313
base_macro_xsec_dispersion_correlation_regime,XSec,2017-09-27,0.0022421477575274335,0.1717857754047878
base_macro_xsec_dispersion_correlation_regime,XSec,2017-09-28,0.0035797161913297335,0.17598043591777435
base_macro_xsec_dispersion_correlation_regime,XSec,2017-09-29,0.0016843916785444,0.17796124757816534
base_macro_xsec_dispersion_correlation_regime,XSec,2017-10-02,0.005981300023703166,0.1850069872162261
base_macro_xsec_dispersion_correlation_regime,XSec,2017-10-03,0.0035607192148547997,0.18922646436534407
base_macro_xsec_dispersion_correlation_regime,XSec,2018-01-04,0.0,0.18922646436534407
base_macro_xsec_dispersion_correlation_regime,XSec,2018-01-05,0.0011588216698964332,0.19060456576266493
base_macro_xsec_dispersion_correlation_regime,XSec,2018-01-08,-0.0003627094877848038,0.19017272219046277
base_macro_xsec_dispersion_correlation_regime,XSec,2018-01-09,0.0012583842472220334,0.19167041679554053
base_macro_xsec_dispersion_correlation_regime,XSec,2018-01-10,-0.0006336061037761975,0.1909153671457693
base_macro_xsec_dispersion_correlation_regime,XSec,2018-01-11,0.0054366518700404995,0.19738995940362236
base_macro_xsec_dispersion_correlation_regime,XSec,2018-01-12,0.0075621589865508335,0.20644481264553227
base_macro_xsec_dispersion_correlation_regime,XSec,2018-01-16,4.091229198796671e-05,0.20649417106797463
base_macro_xsec_dispersion_correlation_regime,XSec,2018-01-17,0.010328848100695369,0.21895586609531015
base_macro_xsec_dispersion_correlation_regime,XSec,2018-01-18,-0.0015290480798202666,0.2170920239688714
base_macro_xsec_dispersion_correlation_regime,XSec,2018-01-19,0.005046479298627067,0.2232340536723545
base_macro_xsec_dispersion_correlation_regime,XSec,2018-01-22,0.006590879059949033,0.23129624138212002
base_macro_xsec_dispersion_correlation_regime,XSec,2018-01-23,0.0015985204728709665,0.23326449363213841
base_macro_xsec_dispersion_correlation_regime,XSec,2018-01-24,0.0019190939276877,0.23563124403310054
base_macro_xsec_dispersion_correlation_regime,XSec,2018-01-25,0.005239130289331133,0.24210487711015816
base_macro_xsec_dispersion_correlation_regime,XSec,2018-01-26,0.0115552166271381,0.2564576680387909
base_macro_xsec_dispersion_correlation_regime,XSec,2018-01-29,-0.005526668151774334,0.24951364346078808
base_macro_xsec_dispersion_correlation_regime,XSec,2018-01-30,-0.011971022122371533,0.23455568799271398
base_macro_xsec_dispersion_correlation_regime,XSec,2018-01-31,0.0023770027092311335,0.23749023020776927
base_macro_xsec_dispersion_correlation_regime,XSec,2018-02-01,-0.0015482993757517667,0.23557422485683976
base_macro_xsec_dispersion_correlation_regime,XSec,2018-02-02,-0.020237169465396432,0.210569699881336
base_macro_xsec_dispersion_correlation_regime,XSec,2018-02-05,-0.04159851258623207,0.1602118009843112
base_macro_xsec_dispersion_correlation_regime,XSec,2018-02-06,0.020138978397268765,0.18357728138059048
base_macro_xsec_dispersion_correlation_regime,XSec,2018-02-07,-5.800192345133126e-06,0.18357041640470317
base_macro_xsec_dispersion_correlation_regime,XSec,2018-02-08,-0.042205225590020996,0.13361755997866753
base_macro_xsec_dispersion_correlation_regime,XSec,2018-02-09,0.013874396629627334,0.1493458196321218
base_macro_xsec_dispersion_correlation_regime,XSec,2018-02-12,0.01702103095443293,0.16890887040542824
base_macro_xsec_dispersion_correlation_regime,XSec,2018-02-13,0.001441721202833767,0.1705941111080722
base_macro_xsec_dispersion_correlation_regime,XSec,2018-02-14,0.009759112931667433,0.18201807123552083
base_macro_xsec_dispersion_correlation_regime,XSec,2018-02-15,0.013676587450346266,0.198184044754663
base_macro_xsec_dispersion_correlation_regime,XSec,2018-02-16,-0.0018303847895899665,0.19599090690401466
base_macro_xsec_dispersion_correlation_regime,XSec,2018-02-20,-0.008866328064069867,0.18538685916175934
base_macro_xsec_dispersion_correlation_regime,XSec,2018-02-21,-0.004454973856073767,0.1801059916948604
base_macro_xsec_dispersion_correlation_regime,XSec,2018-02-22,0.0035647153500869334,0.18431273363818446
base_macro_xsec_dispersion_correlation_regime,XSec,2018-02-23,0.013903928239424832,0.20077933289972694
base_macro_xsec_dispersion_correlation_regime,XSec,2018-02-26,0.015221472405682931,0.21905696238077454
base_macro_xsec_dispersion_correlation_regime,XSec,2018-02-27,-0.012503171459636033,0.20381488416106452
base_macro_xsec_dispersion_correlation_regime,XSec,2018-02-28,-0.014091569169743768,0.1868512434533418
base_macro_xsec_dispersion_correlation_regime,XSec,2018-03-01,-0.012947001497828133,0.1714850786266522
base_macro_xsec_dispersion_correlation_regime,XSec,2018-03-02,-0.0034776000031917,0.16741112211348108
base_macro_xsec_dispersion_correlation_regime,XSec,2018-03-05,0.012808296867072267,0.18236367033143241
base_macro_xsec_dispersion_correlation_regime,XSec,2018-03-06,0.0037256337226001662,0.18676872429399638
base_macro_xsec_dispersion_correlation_regime,XSec,2018-03-07,-0.0023584590669408667,0.18396977883582344
base_macro_xsec_dispersion_correlation_regime,XSec,2018-03-08,0.006291248185143134,0.19141842655818864
base_macro_xsec_dispersion_correlation_regime,XSec,2018-03-09,0.017834822459817067,0.21266716267120844
base_macro_xsec_dispersion_correlation_regime,XSec,2018-03-12,-0.0050020321771716,0.20660136250332783
base_macro_xsec_dispersion_correlation_regime,XSec,2018-03-13,-0.006778055741954733,0.19842295120996178
base_macro_xsec_dispersion_correlation_regime,XSec,2018-03-14,-0.006025199390064799,0.1912022139752918
base_macro_xsec_dispersion_correlation_regime,XSec,2018-03-15,0.0027102404534015,0.19443065840378893
base_macro_xsec_dispersion_correlation_regime,XSec,2018-03-16,0.0033817148905334,0.19846988234702256
base_macro_xsec_dispersion_correlation_regime,XSec,2018-03-19,-0.012423509969724267,0.18358067981526993
base_macro_xsec_dispersion_correlation_regime,XSec,2018-03-20,0.006359302393303166,0.19110742726508656
base_macro_xsec_dispersion_correlation_regime,XSec,2018-03-21,-0.0025138887189461,0.18811311574063194
base_macro_xsec_dispersion_correlation_regime,XSec,2018-03-22,-0.026441504043465233,0.15669761798668191
base_macro_xsec_dispersion_correlation_regime,XSec,2018-03-23,-0.018149514403607268,0.1357041179084144
base_macro_xsec_dispersion_correlation_regime,XSec,2018-03-26,0.027333899581661103,0.16674734022180204
base_macro_xsec_dispersion_correlation_regime,XSec,2018-03-27,-0.0161677954639249,0.1478836078670176
base_macro_xsec_dispersion_correlation_regime,XSec,2018-03-28,-0.0023974236038184662,0.14513164461108086
base_macro_xsec_dispersion_correlation_regime,XSec,2018-03-29,0.011553713306823567,0.15836216733148856
base_macro_xsec_dispersion_correlation_regime,XSec,2018-04-02,-0.021981630250878334,0.13289947847260186
base_macro_xsec_dispersion_correlation_regime,XSec,2018-04-03,0.015778798180525067,0.15077527070224317
base_macro_xsec_dispersion_correlation_regime,XSec,2018-07-05,0.0,0.15077527070224317
base_macro_xsec_dispersion_correlation_regime,XSec,2018-07-06,0.0006782694143932334,0.15155580637120059
base_macro_xsec_dispersion_correlation_regime,XSec,2018-07-09,0.004330537425625066,0.15654266188838695
base_macro_xsec_dispersion_correlation_regime,XSec,2018-07-10,0.0027087857976301004,0.15967548822526334
base_macro_xsec_dispersion_correlation_regime,XSec,2018-07-11,-0.003942159873707,0.15510386204906013
base_macro_xsec_dispersion_correlation_regime,XSec,2018-07-12,0.009252464595131833,0.165791419636369
base_macro_xsec_dispersion_correlation_regime,XSec,2018-07-13,0.0032836145853892,0.16961942934540852
base_macro_xsec_dispersion_correlation_regime,XSec,2018-07-16,0.004922818840992734,0.1753772539089813
base_macro_xsec_dispersion_correlation_regime,XSec,2018-07-17,0.0035447597008691997,0.17954368383195596
base_macro_xsec_dispersion_correlation_regime,XSec,2018-07-18,0.0033444681456098664,0.18348863010888716
base_macro_xsec_dispersion_correlation_regime,XSec,2018-07-19,-0.005566125593423733,0.17690118375531205
base_macro_xsec_dispersion_correlation_regime,XSec,2018-07-20,0.0012058157239261001,0.17832030970819135
base_macro_xsec_dispersion_correlation_regime,XSec,2018-07-23,0.0004409990159382861,0.1788399478052327
base_macro_xsec_dispersion_correlation_regime,XSec,2018-07-24,0.004784509532845333,0.1844801187732057
base_macro_xsec_dispersion_correlation_regime,XSec,2018-07-25,0.006867449689659733,0.1926144763972828
base_macro_xsec_dispersion_correlation_regime,XSec,2018-07-26,-0.0015346589169397667,0.19078421995660833
base_macro_xsec_dispersion_correlation_regime,XSec,2018-07-27,-0.0029600991030377666,0.1872593806552032
base_macro_xsec_dispersion_correlation_regime,XSec,2018-07-30,-0.011887096607419467,0.17314631369928968
base_macro_xsec_dispersion_correlation_regime,XSec,2018-07-31,0.0027592249132928335,0.1763832882349865
base_macro_xsec_dispersion_correlation_regime,XSec,2018-08-01,-0.0023815773088124333,0.17358164048926006
base_macro_xsec_dispersion_correlation_regime,XSec,2018-08-02,0.0017551665723131002,0.17564147175452716
base_macro_xsec_dispersion_correlation_regime,XSec,2018-08-03,0.002538244869743833,0.17862553768886613
base_macro_xsec_dispersion_correlation_regime,XSec,2018-08-06,0.0029154252468193997,0.18206173233799028
base_macro_xsec_dispersion_correlation_regime,XSec,2018-08-07,0.007304317940836633,0.19069588705668306
base_macro_xsec_dispersion_correlation_regime,XSec,2018-08-08,0.00013489869040256665,0.19085651037251483
base_macro_xsec_dispersion_correlation_regime,XSec,2018-08-09,-0.0015187109454308,0.1890479435557746
base_macro_xsec_dispersion_correlation_regime,XSec,2018-08-10,-0.007369548587723,0.18028519696260825
base_macro_xsec_dispersion_correlation_regime,XSec,2018-08-13,-0.005133942574171167,0.17422568054025778
base_macro_xsec_dispersion_correlation_regime,XSec,2018-08-14,0.005446903508954767,0.18062157451989735
base_macro_xsec_dispersion_correlation_regime,XSec,2018-08-15,-0.0095120041552861,0.16939149719724367
base_macro_xsec_dispersion_correlation_regime,XSec,2018-08-16,0.016530418574256602,0.18872202812309058
base_macro_xsec_dispersion_correlation_regime,XSec,2018-08-17,0.0012933501887920668,0.19025946198258503
base_macro_xsec_dispersion_correlation_regime,XSec,2018-08-20,0.005335300289428834,0.19660985363459593
base_macro_xsec_dispersion_correlation_regime,XSec,2018-08-21,0.004085662755652867,0.20149879794663805
base_macro_xsec_dispersion_correlation_regime,XSec,2018-08-22,-0.0013852892234995334,0.1998343746097948
base_macro_xsec_dispersion_correlation_regime,XSec,2018-08-23,-0.0016119421490090665,0.19790031100953143
base_macro_xsec_dispersion_correlation_regime,XSec,2018-08-24,0.005619141683444367,0.20463148257973596
base_macro_xsec_dispersion_correlation_regime,XSec,2018-08-27,0.008417418366431234,0.21477136974598388
base_macro_xsec_dispersion_correlation_regime,XSec,2018-08-28,0.0009455173896770458,0.21591995720056056
base_macro_xsec_dispersion_correlation_regime,XSec,2018-08-29,0.0050201375614016336,0.22202404264936093
base_macro_xsec_dispersion_correlation_regime,XSec,2018-08-30,-0.007287963171519667,0.21311797643182073
base_macro_xsec_dispersion_correlation_regime,XSec,2018-08-31,0.00024815215877519993,0.21341901427652132
base_macro_xsec_dispersion_correlation_regime,XSec,2018-09-04,0.0016521014750767334,0.21542370561989377
base_macro_xsec_dispersion_correlation_regime,XSec,2018-09-05,-0.004041305462617234,0.21051180715897755
base_macro_xsec_dispersion_correlation_regime,XSec,2018-09-06,0.0010107283927351333,0.21173530581221423
base_macro_xsec_dispersion_correlation_regime,XSec,2018-09-07,-0.0009969714979466001,0.21052724024926373
base_macro_xsec_dispersion_correlation_regime,XSec,2018-09-10,0.0020359008341627664,0.21299175366746392
base_macro_xsec_dispersion_correlation_regime,XSec,2018-09-11,0.007085622382288367,0.22158655518678128
base_macro_xsec_dispersion_correlation_regime,XSec,2018-09-12,0.0036854115433339,0.22608860437844802
base_macro_xsec_dispersion_correlation_regime,XSec,2018-09-13,0.0035292943729181,0.23041583199058002
base_macro_xsec_dispersion_correlation_regime,XSec,2018-09-14,-0.0005877522292226421,0.22969265234245673
base_macro_xsec_dispersion_correlation_regime,XSec,2018-09-17,-0.007644816407275966,0.22029187777792236
base_macro_xsec_dispersion_correlation_regime,XSec,2018-09-18,0.010540959024622201,0.23315492445965869
base_macro_xsec_dispersion_correlation_regime,XSec,2018-09-19,0.0019148710615928667,0.23551625713896707
base_macro_xsec_dispersion_correlation_regime,XSec,2018-09-20,0.008741871569386633,0.2463169815807651
base_macro_xsec_dispersion_correlation_regime,XSec,2018-09-21,0.004203837223320167,0.25155629529999035
base_macro_xsec_dispersion_correlation_regime,XSec,2018-09-24,-0.005136419744729867,0.24512777683317055
base_macro_xsec_dispersion_correlation_regime,XSec,2018-09-25,0.002623150153044733,0.24839393395153064
base_macro_xsec_dispersion_correlation_regime,XSec,2018-09-26,-0.004818772864104033,0.2423782071388929
base_macro_xsec_dispersion_correlation_regime,XSec,2018-09-27,0.004743056829576334,0.24827087757917976
base_macro_xsec_dispersion_correlation_regime,XSec,2018-09-28,0.00038423489683159993,0.2487505068110445
base_macro_xsec_dispersion_correlation_regime,XSec,2018-10-01,0.0071876852948787665,0.25772613246582243
base_macro_xsec_dispersion_correlation_regime,XSec,2018-10-02,-0.0018606575500902335,0.2553859348415042
base_macro_xsec_dispersion_correlation_regime,XSec,2018-10-03,0.0028414057527991667,0.25895299565874597
base_macro_xsec_dispersion_correlation_regime,XSec,2019-01-04,0.0,0.25895299565874597
base_macro_xsec_dispersion_correlation_regime,XSec,2019-01-07,0.0006515658023198257,0.25977328637744534
base_macro_xsec_dispersion_correlation_regime,XSec,2019-01-08,0.0014092552349897665,0.261548628476173
base_macro_xsec_dispersion_correlation_regime,XSec,2019-01-09,0.0006021831204556736,0.2623083117658753
base_macro_xsec_dispersion_correlation_regime,XSec,2019-01-10,0.0013109312511400666,0.2639631111803431
base_macro_xsec_dispersion_correlation_regime,XSec,2019-01-11,-0.00046588872104016667,0.2633742450230334
base_macro_xsec_dispersion_correlation_regime,XSec,2019-01-14,-0.0039844016534277,0.2583404545922656
base_macro_xsec_dispersion_correlation_regime,XSec,2019-01-15,0.007046031463034033,0.2672067610265314
base_macro_xsec_dispersion_correlation_regime,XSec,2019-01-16,0.00045628799434566667,0.2677849722579415
base_macro_xsec_dispersion_correlation_regime,XSec,2019-01-17,0.005503842938190034,0.2747626616246468
base_macro_xsec_dispersion_correlation_regime,XSec,2019-01-18,0.012844063854814966,0.2911357946502877
base_macro_xsec_dispersion_correlation_regime,XSec,2019-01-22,-0.008112650847838734,0.28066126075114317
base_macro_xsec_dispersion_correlation_regime,XSec,2019-01-23,0.005267276184823534,0.2874068573107238
base_macro_xsec_dispersion_correlation_regime,XSec,2019-01-24,-0.0005767893382040333,0.28666429476149613
base_macro_xsec_dispersion_correlation_regime,XSec,2019-01-25,0.0007576778014401,0.28763917173554265
base_macro_xsec_dispersion_correlation_regime,XSec,2019-01-28,-0.007870020327502199,0.27750542527949595
base_macro_xsec_dispersion_correlation_regime,XSec,2019-01-29,-0.0005028610382271668,0.2768630175749991
base_macro_xsec_dispersion_correlation_regime,XSec,2019-01-30,0.005857739958957634,0.28434254909516343
base_macro_xsec_dispersion_correlation_regime,XSec,2019-01-31,0.0030366728352181002,0.28824267722511543
base_macro_xsec_dispersion_correlation_regime,XSec,2019-02-01,0.005301777304123033,0.2950726530134302
base_macro_xsec_dispersion_correlation_regime,XSec,2019-02-04,0.005836325360883466,0.3026311183823993
base_macro_xsec_dispersion_correlation_regime,XSec,2019-02-05,0.0034350007898113666,0.30710565730287587
base_macro_xsec_dispersion_correlation_regime,XSec,2019-02-06,0.0008220615155406667,0.30818017856049007
base_macro_xsec_dispersion_correlation_regime,XSec,2019-02-07,-0.008044263681444733,0.29765683226131
base_macro_xsec_dispersion_correlation_regime,XSec,2019-02-08,-0.0005055917442185666,0.29700074768008977
base_macro_xsec_dispersion_correlation_regime,XSec,2019-02-11,-0.0006522454150141333,0.2961547848891455
base_macro_xsec_dispersion_correlation_regime,XSec,2019-02-12,0.014029252368613765,0.3143388674751417
base_macro_xsec_dispersion_correlation_regime,XSec,2019-02-13,0.004501724008686733,0.3202556583104046
base_macro_xsec_dispersion_correlation_regime,XSec,2019-02-14,-0.003358525227398433,0.31582154637535353
base_macro_xsec_dispersion_correlation_regime,XSec,2019-02-15,0.013171839865251866,0.3331533370754578
base_macro_xsec_dispersion_correlation_regime,XSec,2019-02-19,-0.0016079019476293998,0.3310097572282855
base_macro_xsec_dispersion_correlation_regime,XSec,2019-02-20,0.0008144713963211892,0.3320938266037723
base_macro_xsec_dispersion_correlation_regime,XSec,2019-02-21,-0.0005520167226559001,0.3313584885353402
base_macro_xsec_dispersion_correlation_regime,XSec,2019-02-22,0.0071980332139058335,0.34094165115543307
base_macro_xsec_dispersion_correlation_regime,XSec,2019-02-25,0.0008330936779284668,0.34205878116748156
base_macro_xsec_dispersion_correlation_regime,XSec,2019-02-26,0.0017537186111793665,0.34441237462931173
base_macro_xsec_dispersion_correlation_regime,XSec,2019-02-27,-0.0033437063764309334,0.3399170543997112
base_macro_xsec_dispersion_correlation_regime,XSec,2019-02-28,-0.0014865423275662668,0.33792521098291806
base_macro_xsec_dispersion_correlation_regime,XSec,2019-03-01,0.007549356101214734,0.348025684837421
base_macro_xsec_dispersion_correlation_regime,XSec,2019-03-04,-0.0092663333838567,0.33553442943171574
base_macro_xsec_dispersion_correlation_regime,XSec,2019-03-05,0.0008993380231778334,0.33673552632536685
base_macro_xsec_dispersion_correlation_regime,XSec,2019-03-06,-0.004720792174941133,0.3304250757127243
base_macro_xsec_dispersion_correlation_regime,XSec,2019-03-07,-0.0072622511815558,0.3207631946346581
base_macro_xsec_dispersion_correlation_regime,XSec,2019-03-08,-0.0019388754259943,0.3182023993330232
base_macro_xsec_dispersion_correlation_regime,XSec,2019-03-11,0.014690506369999433,0.3375674600773735
base_macro_xsec_dispersion_correlation_regime,XSec,2019-03-12,0.0033376841459382,0.34203183778299673
base_macro_xsec_dispersion_correlation_regime,XSec,2019-03-13,0.0081733283354837,0.35300070462986977
base_macro_xsec_dispersion_correlation_regime,XSec,2019-03-14,0.0032047425319803335,0.35733672353379653
base_macro_xsec_dispersion_correlation_regime,XSec,2019-03-15,0.0065570686553939675,0.3662368736184951
base_macro_xsec_dispersion_correlation_regime,XSec,2019-03-18,0.0028399970712549333,0.3701169823382122
base_macro_xsec_dispersion_correlation_regime,XSec,2019-03-19,-0.0010246719978464333,0.3687130618326364
base_macro_xsec_dispersion_correlation_regime,XSec,2019-03-20,-0.005955558773431367,0.3605616107489289
base_macro_xsec_dispersion_correlation_regime,XSec,2019-03-21,0.010364603438556533,0.3746632922980653
base_macro_xsec_dispersion_correlation_regime,XSec,2019-03-22,-0.020185944918945268,0.3469144147976404
base_macro_xsec_dispersion_correlation_regime,XSec,2019-03-25,-0.0010448047237121667,0.3455071522546238
base_macro_xsec_dispersion_correlation_regime,XSec,2019-03-26,0.006531470993049601,0.35429529319051545
base_macro_xsec_dispersion_correlation_regime,XSec,2019-03-27,-0.0047968715669742664,0.3477989126053227
base_macro_xsec_dispersion_correlation_regime,XSec,2019-03-28,0.0051393183582838335,0.35472568030015017
base_macro_xsec_dispersion_correlation_regime,XSec,2019-03-29,0.006264771670953066,0.3632127273640071
base_macro_xsec_dispersion_correlation_regime,XSec,2019-04-01,0.008897689385945533,0.37534217077905985
base_macro_xsec_dispersion_correlation_regime,XSec,2019-04-02,-0.0026232593170778667,0.3717342916153936
base_macro_xsec_dispersion_correlation_regime,XSec,2019-04-03,0.001789928622828867,0.3741895980868719
base_macro_xsec_dispersion_correlation_regime,XSec,2019-07-05,0.0,0.3741895980868719
base_macro_xsec_dispersion_correlation_regime,XSec,2019-07-08,-0.0006153440132139667,0.3733439987446683
base_macro_xsec_dispersion_correlation_regime,XSec,2019-07-09,0.0004551776292352,0.37396911421014134
base_macro_xsec_dispersion_correlation_regime,XSec,2019-07-10,0.0009193855426113667,0.3752323215497406
base_macro_xsec_dispersion_correlation_regime,XSec,2019-07-11,0.0012596345942167666,0.37696461175704976
base_macro_xsec_dispersion_correlation_regime,XSec,2019-07-12,0.0035458266591686994,0.3818470895861499
base_macro_xsec_dispersion_correlation_regime,XSec,2019-07-15,0.0007658582079891333,0.38290538852189515
base_macro_xsec_dispersion_correlation_regime,XSec,2019-07-16,-0.0005226633792602334,0.38218259451833303
base_macro_xsec_dispersion_correlation_regime,XSec,2019-07-17,-0.0043186972307434,0.3762133663750049
base_macro_xsec_dispersion_correlation_regime,XSec,2019-07-18,0.004815187664864467,0.38284009200099556
base_macro_xsec_dispersion_correlation_regime,XSec,2019-07-19,-0.004845553091664967,0.3761394669179219
base_macro_xsec_dispersion_correlation_regime,XSec,2019-07-22,0.0010360091834682,0.37756516004338203
base_macro_xsec_dispersion_correlation_regime,XSec,2019-07-23,0.004445012403861266,0.3836884542669021
base_macro_xsec_dispersion_correlation_regime,XSec,2019-07-24,-0.0005504261438035668,0.38292683596679455
base_macro_xsec_dispersion_correlation_regime,XSec,2019-07-25,-0.0061495816347386335,0.3744224144941459
base_macro_xsec_dispersion_correlation_regime,XSec,2019-07-26,0.002763975137590467,0.3782212838763548
base_macro_xsec_dispersion_correlation_regime,XSec,2019-07-29,-0.0010532096421223003,0.3767697279311981
base_macro_xsec_dispersion_correlation_regime,XSec,2019-07-30,-0.0012647117783690666,0.37502851104018164
base_macro_xsec_dispersion_correlation_regime,XSec,2019-07-31,-0.0074972943560402995,0.36471951754496557
base_macro_xsec_dispersion_correlation_regime,XSec,2019-08-01,-0.009181512086479033,0.35218932879997267
base_macro_xsec_dispersion_correlation_regime,XSec,2019-08-02,0.0003167990830804,0.35261770113948754
base_macro_xsec_dispersion_correlation_regime,XSec,2019-08-05,-0.028235286780677132,0.31442615244319394
base_macro_xsec_dispersion_correlation_regime,XSec,2019-08-06,0.015372322907473167,0.33463193569657834
base_macro_xsec_dispersion_correlation_regime,XSec,2019-08-07,0.0033108498061079,0.3390507015821047
base_macro_xsec_dispersion_correlation_regime,XSec,2019-08-08,0.0142771744186457,0.35816856200400227
base_macro_xsec_dispersion_correlation_regime,XSec,2019-08-09,0.005163337879214667,0.3651812451865559
base_macro_xsec_dispersion_correlation_regime,XSec,2019-08-12,-0.010042577930485701,0.3514713061425325
base_macro_xsec_dispersion_correlation_regime,XSec,2019-08-13,0.012135829844403598,0.36787253195347214
base_macro_xsec_dispersion_correlation_regime,XSec,2019-08-14,-0.028760444988925465,0.3285319092463621
base_macro_xsec_dispersion_correlation_regime,XSec,2019-08-15,0.0041348143334097994,0.3340251420271063
base_macro_xsec_dispersion_correlation_regime,XSec,2019-08-16,0.011786118051896966,0.34974811983523635
base_macro_xsec_dispersion_correlation_regime,XSec,2019-08-19,0.0086404702889021,0.36141057836217416
base_macro_xsec_dispersion_correlation_regime,XSec,2019-08-20,-0.007509910670469133,0.35118650653284256
base_macro_xsec_dispersion_correlation_regime,XSec,2019-08-21,0.010002754126236866,0.36470209293637956
base_macro_xsec_dispersion_correlation_regime,XSec,2019-08-22,0.002533434398559267,0.3681594761624103
base_macro_xsec_dispersion_correlation_regime,XSec,2019-08-23,-0.023521810465909967,0.3359778882769795
base_macro_xsec_dispersion_correlation_regime,XSec,2019-08-26,0.013263697577031233,0.35369789495668624
base_macro_xsec_dispersion_correlation_regime,XSec,2019-08-27,-0.002191003987110567,0.350731937471493
base_macro_xsec_dispersion_correlation_regime,XSec,2019-08-28,0.007733796683786066,0.3611782236501939
base_macro_xsec_dispersion_correlation_regime,XSec,2019-08-29,0.011410147738091231,0.37670946827991525
base_macro_xsec_dispersion_correlation_regime,XSec,2019-08-30,-0.0002795470384583659,0.37632461322524
base_macro_xsec_dispersion_correlation_regime,XSec,2019-09-03,-0.010105101031177099,0.3624167139569032
base_macro_xsec_dispersion_correlation_regime,XSec,2019-09-04,0.010652676477976132,0.3769300984388735
base_macro_xsec_dispersion_correlation_regime,XSec,2019-09-05,0.012534821661970534,0.39418967166380425
base_macro_xsec_dispersion_correlation_regime,XSec,2019-09-06,0.003333313552829,0.39883694299157546
base_macro_xsec_dispersion_correlation_regime,XSec,2019-09-09,-0.0071622186781033,0.38881816691086035
base_macro_xsec_dispersion_correlation_regime,XSec,2019-09-10,-0.009543918007484466,0.37556340019855816
base_macro_xsec_dispersion_correlation_regime,XSec,2019-09-11,0.0051837243658614,0.3826939417129547
base_macro_xsec_dispersion_correlation_regime,XSec,2019-09-12,0.004114821371580867,0.3883834802946706
base_macro_xsec_dispersion_correlation_regime,XSec,2019-09-13,-0.0012727104509182667,0.38661647012941724
base_macro_xsec_dispersion_correlation_regime,XSec,2019-09-16,-0.006825358935009467,0.3771523150155882
base_macro_xsec_dispersion_correlation_regime,XSec,2019-09-17,0.005672164597022599,0.38496374962152724
base_macro_xsec_dispersion_correlation_regime,XSec,2019-09-18,0.0009565058684244333,0.3862884755755953
base_macro_xsec_dispersion_correlation_regime,XSec,2019-09-19,-0.0011692479354864667,0.3846675606375398
base_macro_xsec_dispersion_correlation_regime,XSec,2019-09-20,-0.004598787515407167,0.37829976874669047
base_macro_xsec_dispersion_correlation_regime,XSec,2019-09-23,0.003090000179673333,0.3825587152797616
base_macro_xsec_dispersion_correlation_regime,XSec,2019-09-24,-0.004475177256046334,0.37637151996199303
base_macro_xsec_dispersion_correlation_regime,XSec,2019-09-25,0.006485149359916832,0.38529749484368225
base_macro_xsec_dispersion_correlation_regime,XSec,2019-09-26,-0.0007438813289081667,0.3842669979022848
base_macro_xsec_dispersion_correlation_regime,XSec,2019-09-27,-0.002447076553639367,0.38087959058774135
base_macro_xsec_dispersion_correlation_regime,XSec,2019-09-30,0.0014496305993414334,0.3828813558962634
base_macro_xsec_dispersion_correlation_regime,XSec,2019-10-01,-0.0145346690293466,0.36278163308145706
base_macro_xsec_dispersion_correlation_regime,XSec,2019-10-02,-0.0214425668673358,0.3335600967885308
base_macro_xsec_dispersion_correlation_regime,XSec,2019-10-03,0.008569972118432701,0.34498866963626296
base_macro_xsec_dispersion_correlation_regime,XSec,2020-01-06,0.0,0.34498866963626296
base_macro_xsec_dispersion_correlation_regime,XSec,2020-01-07,-0.0008402432909647,0.34385855193017756
base_macro_xsec_dispersion_correlation_regime,XSec,2020-01-08,0.0024913879081045667,0.3472066248766592
base_macro_xsec_dispersion_correlation_regime,XSec,2020-01-09,0.0029516685155228997,0.35118313225521147
base_macro_xsec_dispersion_correlation_regime,XSec,2020-01-10,-0.0019959557891014,0.3484862304602505
base_macro_xsec_dispersion_correlation_regime,XSec,2020-01-13,0.0014862624622620998,0.3504904349254607
base_macro_xsec_dispersion_correlation_regime,XSec,2020-01-14,0.0009469491166509667,0.3517692806498589
base_macro_xsec_dispersion_correlation_regime,XSec,2020-01-15,0.0038805680302533333,0.3570149133046274
base_macro_xsec_dispersion_correlation_regime,XSec,2020-01-16,0.0098416626913561,0.3703701963485113
base_macro_xsec_dispersion_correlation_regime,XSec,2020-01-17,0.0020147323703798,0.3731311255424985
base_macro_xsec_dispersion_correlation_regime,XSec,2020-01-21,-0.0039311589177446005,0.3677331288730894
base_macro_xsec_dispersion_correlation_regime,XSec,2020-01-22,-0.0028241819747451334,0.3638704016242642
base_macro_xsec_dispersion_correlation_regime,XSec,2020-01-23,-0.0021032041645269667,0.3610019037156931
base_macro_xsec_dispersion_correlation_regime,XSec,2020-01-24,-0.009468054616802668,0.3481158633577406
base_macro_xsec_dispersion_correlation_regime,XSec,2020-01-27,-0.014688712660816802,0.3283137768073898
base_macro_xsec_dispersion_correlation_regime,XSec,2020-01-28,0.005093966750566333,0.3350801630207658
base_macro_xsec_dispersion_correlation_regime,XSec,2020-01-29,-0.0026977081252343,0.3314785064171455
base_macro_xsec_dispersion_correlation_regime,XSec,2020-01-30,0.006083148112511833,0.33957808738030715
base_macro_xsec_dispersion_correlation_regime,XSec,2020-01-31,-0.017879855831795032,0.3156266243025154
base_macro_xsec_dispersion_correlation_regime,XSec,2020-02-03,0.006928476370583134,0.3247419122815054
base_macro_xsec_dispersion_correlation_regime,XSec,2020-02-04,0.0164537266705584,0.3465388536152183
base_macro_xsec_dispersion_correlation_regime,XSec,2020-02-05,0.0136460427948376,0.364913780436563
base_macro_xsec_dispersion_correlation_regime,XSec,2020-02-06,0.0012232842246020666,0.366583457932113
base_macro_xsec_dispersion_correlation_regime,XSec,2020-02-07,-0.008413782170724334,0.35508532239895696
base_macro_xsec_dispersion_correlation_regime,XSec,2020-02-10,0.006763534589624133,0.36425048884889444
base_macro_xsec_dispersion_correlation_regime,XSec,2020-02-11,-7.70511076576669e-06,0.36423997714776557
base_macro_xsec_dispersion_correlation_regime,XSec,2020-02-12,0.0063349006851112334,0.3728823019136551
base_macro_xsec_dispersion_correlation_regime,XSec,2020-02-13,-0.0032460723438601665,0.36842582664203816
base_macro_xsec_dispersion_correlation_regime,XSec,2020-02-14,0.0015800227294491666,0.3705879705516977
base_macro_xsec_dispersion_correlation_regime,XSec,2020-02-18,-0.003321402483807434,0.3660356962620308
base_macro_xsec_dispersion_correlation_regime,XSec,2020-02-19,0.0049511338618851665,0.3727991218543374
base_macro_xsec_dispersion_correlation_regime,XSec,2020-02-20,-0.004440902352697434,0.36670265500431354
base_macro_xsec_dispersion_correlation_regime,XSec,2020-02-21,-0.009073008890620966,0.35430254966462416
base_macro_xsec_dispersion_correlation_regime,XSec,2020-02-24,-0.03405210968387717,0.3081856906982898
base_macro_xsec_dispersion_correlation_regime,XSec,2020-02-25,-0.026463780181053664,0.2735661521436503
base_macro_xsec_dispersion_correlation_regime,XSec,2020-02-26,-0.0034806910675615334,0.26913326181393527
base_macro_xsec_dispersion_correlation_regime,XSec,2020-02-27,-0.0416101160766164,0.2163244794731627
base_macro_xsec_dispersion_correlation_regime,XSec,2020-02-28,-0.008796293887543332,0.20562533188910348
base_macro_xsec_dispersion_correlation_regime,XSec,2020-03-02,0.048182244761575364,0.2637150667209398
base_macro_xsec_dispersion_correlation_regime,XSec,2020-03-03,-0.03208847308957537,0.22316437980957393
base_macro_xsec_dispersion_correlation_regime,XSec,2020-03-04,0.04899615016063243,0.2830947254338607
base_macro_xsec_dispersion_correlation_regime,XSec,2020-03-05,-0.0267108465087235,0.2488221791666443
base_macro_xsec_dispersion_correlation_regime,XSec,2020-03-06,-0.0123251413415804,0.2334302692979151
base_macro_xsec_dispersion_correlation_regime,XSec,2020-03-09,-0.0701104702093687,0.14695389314697005
base_macro_xsec_dispersion_correlation_regime,XSec,2020-03-10,0.05087782091801313,0.20530840792371952
base_macro_xsec_dispersion_correlation_regime,XSec,2020-03-11,-0.0477676551757687,0.14773365151356455
base_macro_xsec_dispersion_correlation_regime,XSec,2020-03-12,-0.09227606803546311,0.0418253029999085
base_macro_xsec_dispersion_correlation_regime,XSec,2020-03-13,0.0964172594575266,0.14227524354866694
base_macro_xsec_dispersion_correlation_regime,XSec,2020-03-16,-0.11381418867805804,0.012268113457144292
base_macro_xsec_dispersion_correlation_regime,XSec,2020-03-17,0.06155298110464633,0.07457623351760789
base_macro_xsec_dispersion_correlation_regime,XSec,2020-03-18,-0.049129856656832366,0.021782457198048943
base_macro_xsec_dispersion_correlation_regime,XSec,2020-03-19,0.0089526131430533,0.030930080253701586
base_macro_xsec_dispersion_correlation_regime,XSec,2020-03-20,-0.04911451948999887,-0.019703555265744965
base_macro_xsec_dispersion_correlation_regime,XSec,2020-03-23,-0.027910976631878966,-0.0470645864270367
base_macro_xsec_dispersion_correlation_regime,XSec,2020-03-24,0.102559401379223,0.05066789914206882
base_macro_xsec_dispersion_correlation_regime,XSec,2020-03-25,0.003726476404462133,0.0545831882771477
base_macro_xsec_dispersion_correlation_regime,XSec,2020-03-26,0.05926894171692303,0.11708721779879272
base_macro_xsec_dispersion_correlation_regime,XSec,2020-03-27,-0.033184996224565035,0.08001668269362994
base_macro_xsec_dispersion_correlation_regime,XSec,2020-03-30,0.04331362851952433,0.1267961240827109
base_macro_xsec_dispersion_correlation_regime,XSec,2020-03-31,-0.01932669718392153,0.1050188766045479
base_macro_xsec_dispersion_correlation_regime,XSec,2020-04-01,-0.03796657089653566,0.06306509908393121
base_macro_xsec_dispersion_correlation_regime,XSec,2020-04-02,0.029030886904227032,0.09392682174726774
base_macro_xsec_dispersion_correlation_regime,XSec,2020-04-03,-0.014725490397402133,0.0778182128381677
base_macro_xsec_dispersion_correlation_regime,XSec,2020-07-06,0.0,0.0778182128381677
base_macro_xsec_dispersion_correlation_regime,XSec,2020-07-07,-0.0031169233066558667,0.07445873613023424
base_macro_xsec_dispersion_correlation_regime,XSec,2020-07-08,0.0035149834517193665,0.07823544080728739
base_macro_xsec_dispersion_correlation_regime,XSec,2020-07-09,-0.004690025913209966,0.07317848864935983
base_macro_xsec_dispersion_correlation_regime,XSec,2020-07-10,0.0091699155745364,0.083019444786683
base_macro_xsec_dispersion_correlation_regime,XSec,2020-07-13,-0.009607431946097334,0.07261440917459483
base_macro_xsec_dispersion_correlation_regime,XSec,2020-07-14,0.019100329113628498,0.0931016974018497
base_macro_xsec_dispersion_correlation_regime,XSec,2020-07-15,0.005757127917300567,0.09939482370041053
base_macro_xsec_dispersion_correlation_regime,XSec,2020-07-16,-0.0061893607226376325,0.09259027255992813
base_macro_xsec_dispersion_correlation_regime,XSec,2020-07-17,-0.0010050224662129,0.09149219478963966
base_macro_xsec_dispersion_correlation_regime,XSec,2020-07-20,0.0098452455245302,0.10223820343545187
base_macro_xsec_dispersion_correlation_regime,XSec,2020-07-21,0.0014053706436311668,0.10378725664884891
base_macro_xsec_dispersion_correlation_regime,XSec,2020-07-22,0.003446030758570933,0.10759094148617931
base_macro_xsec_dispersion_correlation_regime,XSec,2020-07-23,-0.014089599343083833,0.09198542888461003
base_macro_xsec_dispersion_correlation_regime,XSec,2020-07-24,-0.005210158257544867,0.0862960119851881
base_macro_xsec_dispersion_correlation_regime,XSec,2020-07-27,0.0072892341639068,0.0942142779878663
base_macro_xsec_dispersion_correlation_regime,XSec,2020-07-28,-0.0099214474408879,0.0833580885397407
base_macro_xsec_dispersion_correlation_regime,XSec,2020-07-29,0.005243100094866833,0.08903824343653799
base_macro_xsec_dispersion_correlation_regime,XSec,2020-07-30,-0.009166037328480833,0.07905607824505534
base_macro_xsec_dispersion_correlation_regime,XSec,2020-07-31,-0.0007388923244015332,0.07825877199124132
base_macro_xsec_dispersion_correlation_regime,XSec,2020-08-03,0.011768405606351132,0.09094815856864047
base_macro_xsec_dispersion_correlation_regime,XSec,2020-08-04,0.0025039011082062,0.093679784871876
base_macro_xsec_dispersion_correlation_regime,XSec,2020-08-05,0.014395344358439602,0.10942368199297081
base_macro_xsec_dispersion_correlation_regime,XSec,2020-08-06,0.008054527577598433,0.11835956563482397
base_macro_xsec_dispersion_correlation_regime,XSec,2020-08-07,-0.0005469909709591333,0.11774783305013603
base_macro_xsec_dispersion_correlation_regime,XSec,2020-08-10,0.004510324107230133,0.12278923804734632
base_macro_xsec_dispersion_correlation_regime,XSec,2020-08-11,-0.0034149973545909,0.11895491576965145
base_macro_xsec_dispersion_correlation_regime,XSec,2020-08-12,0.0100842039414935,0.13023868534160932
base_macro_xsec_dispersion_correlation_regime,XSec,2020-08-13,-0.0026775442882933666,0.12721242120526477
base_macro_xsec_dispersion_correlation_regime,XSec,2020-08-14,-0.0011788454126609666,0.12588361201343234
base_macro_xsec_dispersion_correlation_regime,XSec,2020-08-17,0.0011442633657491334,0.1271719193847567
base_macro_xsec_dispersion_correlation_regime,XSec,2020-08-18,0.0023558219190772333,0.12982733569901161
base_macro_xsec_dispersion_correlation_regime,XSec,2020-08-19,-0.004127844360873967,0.12516358430258512
base_macro_xsec_dispersion_correlation_regime,XSec,2020-08-20,0.0027642675268258997,0.1282738374610397
base_macro_xsec_dispersion_correlation_regime,XSec,2020-08-21,-0.0009255628076378666,0.12722954916025486
base_macro_xsec_dispersion_correlation_regime,XSec,2020-08-24,0.014178147229468767,0.1432115756696568
base_macro_xsec_dispersion_correlation_regime,XSec,2020-08-25,0.0061552870710833004,0.15024837110088907
base_macro_xsec_dispersion_correlation_regime,XSec,2020-08-26,0.036873680629701734,0.1926622621816978
base_macro_xsec_dispersion_correlation_regime,XSec,2020-08-27,0.008920196780156433,0.20330104425262507
base_macro_xsec_dispersion_correlation_regime,XSec,2020-08-28,0.0008333921425652258,0.2043038658880456
base_macro_xsec_dispersion_correlation_regime,XSec,2020-08-31,-0.007110834806082467,0.19574026004138934
base_macro_xsec_dispersion_correlation_regime,XSec,2020-09-01,0.009311229727407068,0.2068740722969442
base_macro_xsec_dispersion_correlation_regime,XSec,2020-09-02,0.013715948677177667,0.22342749513238536
base_macro_xsec_dispersion_correlation_regime,XSec,2020-09-03,-0.031347999500459134,0.18507549062612738
base_macro_xsec_dispersion_correlation_regime,XSec,2020-09-04,-0.0095227012451869,0.17379037077590143
base_macro_xsec_dispersion_correlation_regime,XSec,2020-09-08,-0.02626139576326003,0.14296499730585177
base_macro_xsec_dispersion_correlation_regime,XSec,2020-09-09,0.018820173962790333,0.16447579738852802
base_macro_xsec_dispersion_correlation_regime,XSec,2020-09-10,-0.014547355495663201,0.14753575399782126
base_macro_xsec_dispersion_correlation_regime,XSec,2020-09-11,0.0016022610181429333,0.14937440580337724
base_macro_xsec_dispersion_correlation_regime,XSec,2020-09-14,0.009559208893674702,0.16036151584549496
base_macro_xsec_dispersion_correlation_regime,XSec,2020-09-15,0.0034149342025585998,0.16432407407328853
base_macro_xsec_dispersion_correlation_regime,XSec,2020-09-16,5.7272639230466584e-05,0.16439075798593028
base_macro_xsec_dispersion_correlation_regime,XSec,2020-09-17,-0.008822679476828467,0.15411771154243903
base_macro_xsec_dispersion_correlation_regime,XSec,2020-09-18,-0.011077677328728034,0.14133276793460192
base_macro_xsec_dispersion_correlation_regime,XSec,2020-09-21,-0.013483721465836132,0.12594335479193997
base_macro_xsec_dispersion_correlation_regime,XSec,2020-09-22,0.0093339520411938,0.13645285606666868
base_macro_xsec_dispersion_correlation_regime,XSec,2020-09-23,-0.028427720711553566,0.10414609167255806
base_macro_xsec_dispersion_correlation_regime,XSec,2020-09-24,0.0057553466635702,0.11050083519735976
base_macro_xsec_dispersion_correlation_regime,XSec,2020-09-25,0.0125515689985531,0.12443936305329029
base_macro_xsec_dispersion_correlation_regime,XSec,2020-09-28,0.016661047934310568,0.1431737011803469
base_macro_xsec_dispersion_correlation_regime,XSec,2020-09-29,-0.006546975293353533,0.13568937120270763
base_macro_xsec_dispersion_correlation_regime,XSec,2020-09-30,0.011448431967249999,0.14869123370485093
base_macro_xsec_dispersion_correlation_regime,XSec,2020-10-01,0.0017711388001596,0.15072572531826878
base_macro_xsec_dispersion_correlation_regime,XSec,2020-10-02,-0.0066722846409204,0.1430477557353158
base_macro_xsec_dispersion_correlation_regime,XSec,2021-01-04,0.0,0.1430477557353158
base_macro_xsec_dispersion_correlation_regime,XSec,2021-01-05,0.0010403661914822667,0.14423694397563236
base_macro_xsec_dispersion_correlation_regime,XSec,2021-01-06,0.007689420312707567,0.1530354627751891
base_macro_xsec_dispersion_correlation_regime,XSec,2021-01-07,0.0038932603950237667,0.1575245300764696
base_macro_xsec_dispersion_correlation_regime,XSec,2021-01-08,-0.0008541586967239001,0.15653582043243364
base_macro_xsec_dispersion_correlation_regime,XSec,2021-01-11,-0.003767176395239033,0.15217894598945225
base_macro_xsec_dispersion_correlation_regime,XSec,2021-01-12,0.003509241569621867,0.15622222024236154
base_macro_xsec_dispersion_correlation_regime,XSec,2021-01-13,-0.0011045560552698406,0.1549451079877553
base_macro_xsec_dispersion_correlation_regime,XSec,2021-01-14,0.0014165079245924666,0.15658109688568933
base_macro_xsec_dispersion_correlation_regime,XSec,2021-01-15,-0.007712309062211933,0.14766118601099465
base_macro_xsec_dispersion_correlation_regime,XSec,2021-01-19,0.0026038144519620336,0.150649482793086
base_macro_xsec_dispersion_correlation_regime,XSec,2021-01-20,0.005838032373063667,0.15736701172368095
base_macro_xsec_dispersion_correlation_regime,XSec,2021-01-21,-0.0002978683502631,0.1570222687212499
base_macro_xsec_dispersion_correlation_regime,XSec,2021-01-22,-0.010180553579454334,0.1452431415219113
base_macro_xsec_dispersion_correlation_regime,XSec,2021-01-25,-0.0027014320462434,0.1421493449986635
base_macro_xsec_dispersion_correlation_regime,XSec,2021-01-26,-0.0008826293490298999,0.1411412504657923
base_macro_xsec_dispersion_correlation_regime,XSec,2021-01-27,-0.020007980408909467,0.11830931868267425
base_macro_xsec_dispersion_correlation_regime,XSec,2021-01-28,0.008782012738131966,0.12813032536451718
base_macro_xsec_dispersion_correlation_regime,XSec,2021-01-29,-0.019536347019027133,0.10609077984550797
base_macro_xsec_dispersion_correlation_regime,XSec,2021-02-01,0.0092001064502061,0.11626693276367805
base_macro_xsec_dispersion_correlation_regime,XSec,2021-02-02,0.017411562215250167,0.13570288391231933
base_macro_xsec_dispersion_correlation_regime,XSec,2021-02-03,-0.00031395319093553204,0.1353463263679604
base_macro_xsec_dispersion_correlation_regime,XSec,2021-02-04,0.0079696025110876,0.14439458530153648
base_macro_xsec_dispersion_correlation_regime,XSec,2021-02-05,0.0031037939870583995,0.14794655033421766
base_macro_xsec_dispersion_correlation_regime,XSec,2021-02-08,0.008905818687703732,0.15816995417466928
base_macro_xsec_dispersion_correlation_regime,XSec,2021-02-09,0.001260567180813076,0.15962990520870557
base_macro_xsec_dispersion_correlation_regime,XSec,2021-02-10,0.0021371792821897667,0.1621082422171254
base_macro_xsec_dispersion_correlation_regime,XSec,2021-02-11,-0.001097816614744,0.16083246048068855
base_macro_xsec_dispersion_correlation_regime,XSec,2021-02-12,0.0009917395757460985,0.161983703972558
base_macro_xsec_dispersion_correlation_regime,XSec,2021-02-16,0.003784361477513667,0.16638107033937044
base_macro_xsec_dispersion_correlation_regime,XSec,2021-02-17,0.002477965817417675,0.16927132276175438
base_macro_xsec_dispersion_correlation_regime,XSec,2021-02-18,-0.002368398810945933,0.1665020219512523
base_macro_xsec_dispersion_correlation_regime,XSec,2021-02-19,0.00037317142733913337,0.16693732717577792
base_macro_xsec_dispersion_correlation_regime,XSec,2021-02-22,0.003233782303074567,0.17071094845319612
base_macro_xsec_dispersion_correlation_regime,XSec,2021-02-23,0.0033983037812536855,0.1746893798960798
base_macro_xsec_dispersion_correlation_regime,XSec,2021-02-24,0.0165798706703519,0.1941655778925928
base_macro_xsec_dispersion_correlation_regime,XSec,2021-02-25,-0.014954877289475865,0.17630697821189312
base_macro_xsec_dispersion_correlation_regime,XSec,2021-02-26,-0.016148509626028568,0.15731137365107384
base_macro_xsec_dispersion_correlation_regime,XSec,2021-03-01,0.020635004668848766,0.18119249924967562
base_macro_xsec_dispersion_correlation_regime,XSec,2021-03-02,-0.0036049230773201667,0.1769343911503729
base_macro_xsec_dispersion_correlation_regime,XSec,2021-03-03,-0.0012238588698347333,0.17549398955654993
base_macro_xsec_dispersion_correlation_regime,XSec,2021-03-04,-0.010284906158767067,0.16340414418376614
base_macro_xsec_dispersion_correlation_regime,XSec,2021-03-05,0.0183131141964385,0.18470969713281327
base_macro_xsec_dispersion_correlation_regime,XSec,2021-03-08,0.009938625281876966,0.19648408288042218
base_macro_xsec_dispersion_correlation_regime,XSec,2021-03-09,-0.0014732658504639333,0.19472134374049088
base_macro_xsec_dispersion_correlation_regime,XSec,2021-03-10,0.016108697305135065,0.21396674823079054
base_macro_xsec_dispersion_correlation_regime,XSec,2021-03-11,0.0037074366303842337,0.2184674530212498
base_macro_xsec_dispersion_correlation_regime,XSec,2021-03-12,0.011228383868984435,0.23214887331563605
base_macro_xsec_dispersion_correlation_regime,XSec,2021-03-15,0.003700892715426833,0.23670892410521116
base_macro_xsec_dispersion_correlation_regime,XSec,2021-03-16,-0.006953112073961667,0.2281099483530391
base_macro_xsec_dispersion_correlation_regime,XSec,2021-03-17,0.007166577108692634,0.23691129299586366
base_macro_xsec_dispersion_correlation_regime,XSec,2021-03-18,-0.0020333499940457665,0.23439621942561528
base_macro_xsec_dispersion_correlation_regime,XSec,2021-03-19,-0.0079924927236593,0.22453031662374356
base_macro_xsec_dispersion_correlation_regime,XSec,2021-03-22,0.0016248982829918334,0.22652005383269702
base_macro_xsec_dispersion_correlation_regime,XSec,2021-03-23,-0.010117187093385866,0.21411112097428187
base_macro_xsec_dispersion_correlation_regime,XSec,2021-03-24,0.0007918570874001999,0.2150725234703168
base_macro_xsec_dispersion_correlation_regime,XSec,2021-03-25,0.006249253199888001,0.2226658193257096
base_macro_xsec_dispersion_correlation_regime,XSec,2021-03-26,0.011114350992338666,0.23625495638803073
base_macro_xsec_dispersion_correlation_regime,XSec,2021-03-29,0.0030712439027919,0.2400517968851339
base_macro_xsec_dispersion_correlation_regime,XSec,2021-03-30,-0.0023842714955629,0.23709517673279912
base_macro_xsec_dispersion_correlation_regime,XSec,2021-03-31,-0.0049367932395492,0.23098789362762573
base_macro_xsec_dispersion_correlation_regime,XSec,2021-04-01,0.0026936692667714336,0.23430376788445817
base_macro_xsec_dispersion_correlation_regime,XSec,2021-07-06,0.0,0.23430376788445817
base_macro_xsec_dispersion_correlation_regime,XSec,2021-07-07,0.0004691323852335667,0.23488281975518843
base_macro_xsec_dispersion_correlation_regime,XSec,2021-07-08,-0.0031728160172969666,0.23096476376518416
base_macro_xsec_dispersion_correlation_regime,XSec,2021-07-09,0.007085719965187833,0.23968703536823788
base_macro_xsec_dispersion_correlation_regime,XSec,2021-07-12,0.0036101933859628336,0.24416254530398818
base_macro_xsec_dispersion_correlation_regime,XSec,2021-07-13,-0.0021559979875619664,0.24148013336011287
base_macro_xsec_dispersion_correlation_regime,XSec,2021-07-14,0.00033190558917660005,0.2418921875552269
base_macro_xsec_dispersion_correlation_regime,XSec,2021-07-15,0.0006106825433840333,0.24265058943493178
base_macro_xsec_dispersion_correlation_regime,XSec,2021-07-16,-0.0092617266457994,0.23114149935934392
base_macro_xsec_dispersion_correlation_regime,XSec,2021-07-19,-0.020643193837908264,0.20572680674617594
base_macro_xsec_dispersion_correlation_regime,XSec,2021-07-20,0.016150714051508367,0.2252001556261718
base_macro_xsec_dispersion_correlation_regime,XSec,2021-07-21,0.010402280622416235,0.23794503146362334
base_macro_xsec_dispersion_correlation_regime,XSec,2021-07-22,0.0023921075256902002,0.24090632908977838
base_macro_xsec_dispersion_correlation_regime,XSec,2021-07-23,0.004240384083800866,0.24616824853713837
base_macro_xsec_dispersion_correlation_regime,XSec,2021-07-26,0.0010234740935328333,0.2474436694556994
base_macro_xsec_dispersion_correlation_regime,XSec,2021-07-27,-0.002801074497095933,0.24394948680662343
base_macro_xsec_dispersion_correlation_regime,XSec,2021-07-28,-0.004104686787095566,0.23884346378431398
base_macro_xsec_dispersion_correlation_regime,XSec,2021-07-29,0.004758754548884033,0.24473881575295287
base_macro_xsec_dispersion_correlation_regime,XSec,2021-07-30,-0.0090222063577668,0.23350852529570743
base_macro_xsec_dispersion_correlation_regime,XSec,2021-08-02,0.0005729460033895333,0.23421525907542273
base_macro_xsec_dispersion_correlation_regime,XSec,2021-08-03,0.009164221168612098,0.24552588067926573
base_macro_xsec_dispersion_correlation_regime,XSec,2021-08-04,-0.007510470308398166,0.23617139553408273
base_macro_xsec_dispersion_correlation_regime,XSec,2021-08-05,0.0054980612515515325,0.24296794158414525
base_macro_xsec_dispersion_correlation_regime,XSec,2021-08-06,0.007202947597781833,0.25192097453309836
base_macro_xsec_dispersion_correlation_regime,XSec,2021-08-09,-0.002967238798122,0.2482062260452811
base_macro_xsec_dispersion_correlation_regime,XSec,2021-08-10,0.0044518923267554,0.2537631057652203
base_macro_xsec_dispersion_correlation_regime,XSec,2021-08-11,0.0042284918490856005,0.2590646328386328
base_macro_xsec_dispersion_correlation_regime,XSec,2021-08-12,0.0015223153127596667,0.2609813262089573
base_macro_xsec_dispersion_correlation_regime,XSec,2021-08-13,0.0003178829077896,0.2613821706196011
base_macro_xsec_dispersion_correlation_regime,XSec,2021-08-16,0.0037097664839208667,0.2660616039195811
base_macro_xsec_dispersion_correlation_regime,XSec,2021-08-17,-0.004690732606058733,0.26012284747279657
base_macro_xsec_dispersion_correlation_regime,XSec,2021-08-18,-0.011309091734898335,0.2458720025934853
base_macro_xsec_dispersion_correlation_regime,XSec,2021-08-19,0.0009716562415248668,0.24708256190094646
base_macro_xsec_dispersion_correlation_regime,XSec,2021-08-20,0.007109849765460634,0.2559491315611879
base_macro_xsec_dispersion_correlation_regime,XSec,2021-08-23,0.005443638220313234,0.2627860642565234
base_macro_xsec_dispersion_correlation_regime,XSec,2021-08-24,0.0024263207586781997,0.26584998829799833
base_macro_xsec_dispersion_correlation_regime,XSec,2021-08-25,0.0030689971059656668,0.2697348782486715
base_macro_xsec_dispersion_correlation_regime,XSec,2021-08-26,-0.0036083380872044004,0.26515324552683506
base_macro_xsec_dispersion_correlation_regime,XSec,2021-08-27,0.0064149162756943,0.2732690976728127
base_macro_xsec_dispersion_correlation_regime,XSec,2021-08-30,-0.0012539502640754,0.2716724815515468
base_macro_xsec_dispersion_correlation_regime,XSec,2021-08-31,0.00018081870807392354,0.271902423726754
base_macro_xsec_dispersion_correlation_regime,XSec,2021-09-01,-0.0015748405508633333,0.26989938021312776
base_macro_xsec_dispersion_correlation_regime,XSec,2021-09-02,0.0030105597874374667,0.2737224882212892
base_macro_xsec_dispersion_correlation_regime,XSec,2021-09-03,-0.0031755565052621333,0.26967771048791933
base_macro_xsec_dispersion_correlation_regime,XSec,2021-09-07,-0.007281458088157333,0.26043260545353397
base_macro_xsec_dispersion_correlation_regime,XSec,2021-09-08,-0.003538056495469167,0.255973123686708
base_macro_xsec_dispersion_correlation_regime,XSec,2021-09-09,-0.005472816801733466,0.24909941287286963
base_macro_xsec_dispersion_correlation_regime,XSec,2021-09-10,-0.0072038187858465995,0.24010112705702613
base_macro_xsec_dispersion_correlation_regime,XSec,2021-09-13,0.008111465253850066,0.25016016426040943
base_macro_xsec_dispersion_correlation_regime,XSec,2021-09-14,-0.007246597601356367,0.24110075661276875
base_macro_xsec_dispersion_correlation_regime,XSec,2021-09-15,0.007486943040706233,0.2503928072853061
base_macro_xsec_dispersion_correlation_regime,XSec,2021-09-16,-0.0026081340860963,0.2471316151836156
base_macro_xsec_dispersion_correlation_regime,XSec,2021-09-17,-0.0054073562020010004,0.2403879303095411
base_macro_xsec_dispersion_correlation_regime,XSec,2021-09-20,-0.0200094632539153,0.2155684335974124
base_macro_xsec_dispersion_correlation_regime,XSec,2021-09-21,-0.0007502909017271333,0.2146564036612575
base_macro_xsec_dispersion_correlation_regime,XSec,2021-09-22,0.009773024435163733,0.2265272703745671
base_macro_xsec_dispersion_correlation_regime,XSec,2021-09-23,0.0145915880927772,0.24442425108843113
base_macro_xsec_dispersion_correlation_regime,XSec,2021-09-24,0.00026506060345343323,0.24475409893137656
base_macro_xsec_dispersion_correlation_regime,XSec,2021-09-27,0.0003050738815634999,0.2451338408959296
base_macro_xsec_dispersion_correlation_regime,XSec,2021-09-28,-0.017954395757384365,0.22277821514557217
base_macro_xsec_dispersion_correlation_regime,XSec,2021-09-29,-0.0006443771838524,0.22199028476282057
base_macro_xsec_dispersion_correlation_regime,XSec,2021-09-30,-0.013938981591804433,0.20495698467814782
base_macro_xsec_dispersion_correlation_regime,XSec,2021-10-01,0.012344987031148733,0.21983216302709163
base_macro_xsec_dispersion_correlation_regime,XSec,2022-01-04,0.0,0.21983216302709163
base_macro_xsec_dispersion_correlation_regime,XSec,2022-01-05,-0.0030903845976509667,0.21606241249875335
base_macro_xsec_dispersion_correlation_regime,XSec,2022-01-06,-0.004209967171837466,0.2109428296632283
base_macro_xsec_dispersion_correlation_regime,XSec,2022-01-07,-0.0037398524933354663,0.20641408210242562
base_macro_xsec_dispersion_correlation_regime,XSec,2022-01-10,-0.003886518806230567,0.20172533108423307
base_macro_xsec_dispersion_correlation_regime,XSec,2022-01-11,0.004025824577558867,0.20656326645758694
base_macro_xsec_dispersion_correlation_regime,XSec,2022-01-12,0.0005797595526531666,0.20726278303719603
base_macro_xsec_dispersion_correlation_regime,XSec,2022-01-13,-0.0071991389470652005,0.19857153051649057
base_macro_xsec_dispersion_correlation_regime,XSec,2022-01-14,-0.0085835992185139,0.18828347286381608
base_macro_xsec_dispersion_correlation_regime,XSec,2022-01-18,-0.014736965249348635,0.1707717806178466
base_macro_xsec_dispersion_correlation_regime,XSec,2022-01-19,-0.0094542766141604,0.1597029803518324
base_macro_xsec_dispersion_correlation_regime,XSec,2022-01-20,-0.009752801435854499,0.14839262745989235
base_macro_xsec_dispersion_correlation_regime,XSec,2022-01-21,-0.0138390659022199,0.13249994620685146
base_macro_xsec_dispersion_correlation_regime,XSec,2022-01-24,0.004588550937363634,0.13769647989658318
base_macro_xsec_dispersion_correlation_regime,XSec,2022-01-25,-0.0018876432930488999,0.135548914766781
base_macro_xsec_dispersion_correlation_regime,XSec,2022-01-26,-0.0003376002468508,0.13516555317284462
base_macro_xsec_dispersion_correlation_regime,XSec,2022-01-27,0.0018194428368941999,0.13723092200725406
base_macro_xsec_dispersion_correlation_regime,XSec,2022-01-28,0.015626810258887198,0.15500221384600077
base_macro_xsec_dispersion_correlation_regime,XSec,2022-01-31,0.010914308556017068,0.1676082643907988
base_macro_xsec_dispersion_correlation_regime,XSec,2022-02-01,0.0061150011574,0.1747481902789383
base_macro_xsec_dispersion_correlation_regime,XSec,2022-02-02,0.008148060211827967,0.184320109267067
base_macro_xsec_dispersion_correlation_regime,XSec,2022-02-03,-0.014041865011873433,0.16769004616189154
base_macro_xsec_dispersion_correlation_regime,XSec,2022-02-04,0.003138471865411866,0.1713548085192922
base_macro_xsec_dispersion_correlation_regime,XSec,2022-02-07,-0.0003887652132172333,0.1708994265174053
base_macro_xsec_dispersion_correlation_regime,XSec,2022-02-08,0.010531295707404667,0.1832305146216906
base_macro_xsec_dispersion_correlation_regime,XSec,2022-02-09,0.008581544032037099,0.19338445938296656
base_macro_xsec_dispersion_correlation_regime,XSec,2022-02-10,-0.013869977644539034,0.1768322436099845
base_macro_xsec_dispersion_correlation_regime,XSec,2022-02-11,-0.013387056650175267,0.16107792369702478
base_macro_xsec_dispersion_correlation_regime,XSec,2022-02-14,-0.0028016114920995996,0.15782503444277207
base_macro_xsec_dispersion_correlation_regime,XSec,2022-02-15,0.010620013208200467,0.17012115160133945
base_macro_xsec_dispersion_correlation_regime,XSec,2022-02-16,-0.000469376902605976,0.169571923759527
base_macro_xsec_dispersion_correlation_regime,XSec,2022-02-17,-0.01613596551704283,0.15069975152804171
base_macro_xsec_dispersion_correlation_regime,XSec,2022-02-18,-0.005874416443156766,0.14394006198652898
base_macro_xsec_dispersion_correlation_regime,XSec,2022-02-22,-0.0173132942185148,0.12413469112501008
base_macro_xsec_dispersion_correlation_regime,XSec,2022-02-23,-0.0137290953167312,0.10870133880171062
base_macro_xsec_dispersion_correlation_regime,XSec,2022-02-24,0.0021198259848243667,0.11105159270911202
base_macro_xsec_dispersion_correlation_regime,XSec,2022-02-25,0.025527881493798435,0.1394143861012862
base_macro_xsec_dispersion_correlation_regime,XSec,2022-02-28,-0.004853508981870866,0.1338842281442707
base_macro_xsec_dispersion_correlation_regime,XSec,2022-03-01,-0.012712362109499567,0.11946988124585034
base_macro_xsec_dispersion_correlation_regime,XSec,2022-03-02,0.0181420841064246,0.1397793979860218
base_macro_xsec_dispersion_correlation_regime,XSec,2022-03-03,-0.0021456405823429333,0.13733384105478463
base_macro_xsec_dispersion_correlation_regime,XSec,2022-03-04,-0.0035456970709246,0.13330119978589328
base_macro_xsec_dispersion_correlation_regime,XSec,2022-03-07,-0.022299062130145864,0.10802964591969877
base_macro_xsec_dispersion_correlation_regime,XSec,2022-03-08,-0.0063757158936984665,0.10096516369551956
base_macro_xsec_dispersion_correlation_regime,XSec,2022-03-09,0.018042523249334433,0.12082935325820321
base_macro_xsec_dispersion_correlation_regime,XSec,2022-03-10,0.0016341909501032998,0.12266100244390787
base_macro_xsec_dispersion_correlation_regime,XSec,2022-03-11,-0.0066078790561361666,0.11524259431871808
base_macro_xsec_dispersion_correlation_regime,XSec,2022-03-14,-1.7601252228966672e-05,0.11522296465251913
base_macro_xsec_dispersion_correlation_regime,XSec,2022-03-15,0.019190781187931497,0.13662496454292183
base_macro_xsec_dispersion_correlation_regime,XSec,2022-03-16,0.013106973628183733,0.1515226779783212
base_macro_xsec_dispersion_correlation_regime,XSec,2022-03-17,0.013387469179450467,0.16693865233919425
base_macro_xsec_dispersion_correlation_regime,XSec,2022-03-18,0.006931448373947934,0.1750272273634479
base_macro_xsec_dispersion_correlation_regime,XSec,2022-03-21,-0.004460642400472067,0.16978585109136146
base_macro_xsec_dispersion_correlation_regime,XSec,2022-03-22,0.005544773140815099,0.17627204825899834
base_macro_xsec_dispersion_correlation_regime,XSec,2022-03-23,-0.011785650120139999,0.16240891745211727
base_macro_xsec_dispersion_correlation_regime,XSec,2022-03-24,0.008914756685069566,0.172771510119758
base_macro_xsec_dispersion_correlation_regime,XSec,2022-03-25,0.0038481888944883664,0.17728455642077323
base_macro_xsec_dispersion_correlation_regime,XSec,2022-03-28,0.003010743110810033,0.18082905778848013
base_macro_xsec_dispersion_correlation_regime,XSec,2022-03-29,0.007384860539756566,0.1895493157015402
base_macro_xsec_dispersion_correlation_regime,XSec,2022-03-30,-0.0015760483029155,0.18767452852129463
base_macro_xsec_dispersion_correlation_regime,XSec,2022-03-31,-0.016830647611090765,0.16768519705508433
base_macro_xsec_dispersion_correlation_regime,XSec,2022-04-01,0.004573489607847033,0.17302559316905275
base_macro_xsec_dispersion_correlation_regime,XSec,2022-07-05,0.0,0.17302559316905275
base_macro_xsec_dispersion_correlation_regime,XSec,2022-07-06,0.00041488784701037814,0.1735122672318905
base_macro_xsec_dispersion_correlation_regime,XSec,2022-07-07,0.0036712764249715,0.1778205551529939
base_macro_xsec_dispersion_correlation_regime,XSec,2022-07-08,-0.00013331552743646666,0.17766353338445828
base_macro_xsec_dispersion_correlation_regime,XSec,2022-07-11,-0.0032328230339885335,0.1738563555874446
base_macro_xsec_dispersion_correlation_regime,XSec,2022-07-12,-0.007808323146657599,0.16469050583526013
base_macro_xsec_dispersion_correlation_regime,XSec,2022-07-13,-0.006590136192588067,0.1570150367795915
base_macro_xsec_dispersion_correlation_regime,XSec,2022-07-14,-0.005639590613392799,0.15048994563861506
base_macro_xsec_dispersion_correlation_regime,XSec,2022-07-15,0.02239866688015643,0.17625938667994356
base_macro_xsec_dispersion_correlation_regime,XSec,2022-07-18,-0.010253832272181934,0.1641982202203478
base_macro_xsec_dispersion_correlation_regime,XSec,2022-07-19,0.0206719597523271,0.18826447897247367
base_macro_xsec_dispersion_correlation_regime,XSec,2022-07-20,-0.0035469463422058336,0.18404976862520916
base_macro_xsec_dispersion_correlation_regime,XSec,2022-07-21,0.0035257510186182,0.18822443330303407
base_macro_xsec_dispersion_correlation_regime,XSec,2022-07-22,-0.0015052532523557665,0.18643585461027623
base_macro_xsec_dispersion_correlation_regime,XSec,2022-07-25,0.005269695553044633,0.19268801035728877
base_macro_xsec_dispersion_correlation_regime,XSec,2022-07-26,-0.0026031056024289,0.1895833175155779
base_macro_xsec_dispersion_correlation_regime,XSec,2022-07-27,0.012133763018028668,0.20401743958051233
base_macro_xsec_dispersion_correlation_regime,XSec,2022-07-28,0.0086622056018712,0.21444688619039742
base_macro_xsec_dispersion_correlation_regime,XSec,2022-07-29,0.008801022100569033,0.22513526007572637
base_macro_xsec_dispersion_correlation_regime,XSec,2022-08-01,-0.0052008697613906,0.2187634911479852
base_macro_xsec_dispersion_correlation_regime,XSec,2022-08-02,-0.010794254055317499,0.20560784839118806
base_macro_xsec_dispersion_correlation_regime,XSec,2022-08-03,0.010116941528203234,0.21780491249930467
base_macro_xsec_dispersion_correlation_regime,XSec,2022-08-04,-0.0038635653526995334,0.21309984363302514
base_macro_xsec_dispersion_correlation_regime,XSec,2022-08-05,0.0026762031808297997,0.21634634529321994
base_macro_xsec_dispersion_correlation_regime,XSec,2022-08-08,0.00016274261445256664,0.21654429667753283
base_macro_xsec_dispersion_correlation_regime,XSec,2022-08-09,0.0024121296924558,0.2194787592977363
base_macro_xsec_dispersion_correlation_regime,XSec,2022-08-10,0.012744180558812332,0.2350200167938632
base_macro_xsec_dispersion_correlation_regime,XSec,2022-08-11,-0.00042156594090700513,0.23449937441844448
base_macro_xsec_dispersion_correlation_regime,XSec,2022-08-12,0.012165679059341001,0.2495178976065764
base_macro_xsec_dispersion_correlation_regime,XSec,2022-08-15,0.0036946574548621853,0.25413443822195236
base_macro_xsec_dispersion_correlation_regime,XSec,2022-08-16,0.004316566035230733,0.2595479923415944
base_macro_xsec_dispersion_correlation_regime,XSec,2022-08-17,-0.0019570189992643,0.2570830329900968
base_macro_xsec_dispersion_correlation_regime,XSec,2022-08-18,0.0022332102236500002,0.2598903636713472
base_macro_xsec_dispersion_correlation_regime,XSec,2022-08-19,-0.004671155862587001,0.2540052194128668
base_macro_xsec_dispersion_correlation_regime,XSec,2022-08-22,-0.016014914878060765,0.23392243256732592
base_macro_xsec_dispersion_correlation_regime,XSec,2022-08-23,-0.004302625849594534,0.22861332601256712
base_macro_xsec_dispersion_correlation_regime,XSec,2022-08-24,0.0005127773155784,0.22924333105576378
base_macro_xsec_dispersion_correlation_regime,XSec,2022-08-25,0.009156093336893,0.24049839772866366
base_macro_xsec_dispersion_correlation_regime,XSec,2022-08-26,-0.026719552094084234,0.20735283616792466
base_macro_xsec_dispersion_correlation_regime,XSec,2022-08-29,-0.0058931064564829,0.20023777737385062
base_macro_xsec_dispersion_correlation_regime,XSec,2022-08-30,-0.009041993510072668,0.18938523518029227
base_macro_xsec_dispersion_correlation_regime,XSec,2022-08-31,-0.00798336094592,0.17988994354410015
base_macro_xsec_dispersion_correlation_regime,XSec,2022-09-01,0.006989699212644599,0.1881370193534977
base_macro_xsec_dispersion_correlation_regime,XSec,2022-09-02,-0.010570150349465965,0.17557823242316495
base_macro_xsec_dispersion_correlation_regime,XSec,2022-09-06,-0.0040454822057656,0.17082245160241172
base_macro_xsec_dispersion_correlation_regime,XSec,2022-09-07,0.011246755595766001,0.18399040556161972
base_macro_xsec_dispersion_correlation_regime,XSec,2022-09-08,0.0063213104828674675,0.19147477652391087
base_macro_xsec_dispersion_correlation_regime,XSec,2022-09-09,0.0119183253187602,0.2056751605196201
base_macro_xsec_dispersion_correlation_regime,XSec,2022-09-12,0.0066686543327569995,0.21371539140271678
base_macro_xsec_dispersion_correlation_regime,XSec,2022-09-13,-0.034470930686084165,0.17187749227304017
base_macro_xsec_dispersion_correlation_regime,XSec,2022-09-14,0.003027778763691967,0.17542567805779297
base_macro_xsec_dispersion_correlation_regime,XSec,2022-09-15,-0.0036850808935767333,0.1710941393497627
base_macro_xsec_dispersion_correlation_regime,XSec,2022-09-16,-0.0026340035386014002,0.16800947324268
base_macro_xsec_dispersion_correlation_regime,XSec,2022-09-19,0.004689845029315166,0.17348725666496012
base_macro_xsec_dispersion_correlation_regime,XSec,2022-09-20,-0.009261803985356866,0.16261864771441514
base_macro_xsec_dispersion_correlation_regime,XSec,2022-09-21,-0.017825311839105268,0.1418946077689467
base_macro_xsec_dispersion_correlation_regime,XSec,2022-09-22,0.0002747989967425333,0.14220839926154727
base_macro_xsec_dispersion_correlation_regime,XSec,2022-09-23,-0.015422886120122034,0.12459224919428968
base_macro_xsec_dispersion_correlation_regime,XSec,2022-09-26,-0.009974827059948767,0.11337463599561781
base_macro_xsec_dispersion_correlation_regime,XSec,2022-09-27,-0.005621608474226734,0.10711567970691571
base_macro_xsec_dispersion_correlation_regime,XSec,2022-09-28,0.014852840831328033,0.12355949267947008
base_macro_xsec_dispersion_correlation_regime,XSec,2022-09-29,-0.012494965892445966,0.10952065514030629
base_macro_xsec_dispersion_correlation_regime,XSec,2022-09-30,-0.015360347338376967,0.09247803249824749
base_macro_xsec_dispersion_correlation_regime,XSec,2022-10-03,0.025931325468966565,0.12080743592665577
base_macro_xsec_sector_complementarity_v2,XSec/Sector v2,2016-01-04,0.0,0.0
base_macro_xsec_sector_complementarity_v2,XSec/Sector v2,2016-01-05,-8.851608784962947e-06,-8.851608784943288e-06
base_macro_xsec_sector_complementarity_v2,XSec/Sector v2,2016-01-06,-0.0023139885867167666,-0.0023228197129799844
base_macro_xsec_sector_complementarity_v2,XSec/Sector v2,2016-01-07,-0.0061510707690794674,-0.008459602653621112
base_macro_xsec_sector_complementarity_v2,XSec/Sector v2,2016-01-08,-0.003228901904616333,-0.011661189331116817
base_macro_xsec_sector_complementarity_v2,XSec/Sector v2,2016-01-11,0.001478579587542667,-0.01019985174008553
base_macro_xsec_sector_complementarity_v2,XSec/Sector v2,2016-01-12,0.0046623825282562995,-0.005585024822372997
base_macro_xsec_sector_complementarity_v2,XSec/Sector v2,2016-01-13,-0.015416810394452701,-0.020915731948090932
base_macro_xsec_sector_complementarity_v2,XSec/Sector v2,2016-01-14,0.009130091183523899,-0.011976603304423183
base_macro_xsec_sector_complementarity_v2,XSec/Sector v2,2016-01-15,-0.014814366659836634,-0.026613544171568693
base_macro_xsec_sector_complementarity_v2,XSec/Sector v2,2016-01-19,0.0033155315137778003,-0.02338625070218503
base_macro_xsec_sector_complementarity_v2,XSec/Sector v2,2016-01-20,-0.009299471797459333,-0.032468242720791074
base_macro_xsec_sector_complementarity_v2,XSec/Sector v2,2016-01-21,0.0075875145650728,-0.025127081420264652
base_macro_xsec_sector_complementarity_v2,XSec/Sector v2,2016-01-22,0.0104462012090627,-0.014943362759514578
base_macro_xsec_sector_complementarity_v2,XSec/Sector v2,2016-01-25,-0.010362698240498467,-0.025151207441037937
base_macro_xsec_sector_complementarity_v2,XSec/Sector v2,2016-01-26,0.013028494635816568,-0.01245039517645119
base_macro_xsec_sector_complementarity_v2,XSec/Sector v2,2016-01-27,-0.013583423197743033,-0.02586469938753344
base_macro_xsec_sector_complementarity_v2,XSec/Sector v2,2016-01-28,0.006459956250966366,-0.0195718279630549
base_macro_xsec_sector_complementarity_v2,XSec/Sector v2,2016-01-29,0.023207505660776135,0.0031814643894769734
base_macro_xsec_sector_complementarity_v2,XSec/Sector v2,2016-02-01,0.0012877350147404998,0.004473296287309969
base_macro_xsec_sector_complementarity_v2,XSec/Sector v2,2016-02-02,-0.019659090531625133,-0.015273735181002168
base_macro_xsec_sector_complementarity_v2,XSec/Sector v2,2016-02-03,0.0027190908719119367,-0.012596174983000918
base_macro_xsec_sector_complementarity_v2,XSec/Sector v2,2016-02-04,-0.0020099381963590334,-0.014580795646133682
base_macro_xsec_sector_complementarity_v2,XSec/Sector v2,2016-02-05,-0.0264026986782285,-0.04059852197042857
base_macro_xsec_sector_complementarity_v2,XSec/Sector v2,2016-02-08,-0.014425729255760565,-0.054438587940059735
base_macro_xsec_sector_complementarity_v2,XSec/Sector v2,2016-02-09,0.0039089261626574666,-0.05074245819805934
base_macro_xsec_sector_complementarity_v2,XSec/Sector v2,2016-02-10,0.0008999412271994,-0.049888182200961695
base_macro_xsec_sector_complementarity_v2,XSec/Sector v2,2016-02-11,-0.0117213972692281,-0.06102482026757261
base_macro_xsec_sector_complementarity_v2,XSec/Sector v2,2016-02-12,0.0180841040153505,-0.04404429544945887
base_macro_xsec_sector_complementarity_v2,XSec/Sector v2,2016-02-16,0.0147534227651361,-0.02994067679548129
base_macro_xsec_sector_complementarity_v2,XSec/Sector v2,2016-02-17,0.016622761348720597,-0.01381561217175109
base_macro_xsec_sector_complementarity_v2,XSec/Sector v2,2016-02-18,-0.0069871023725333005,-0.020706183447701143
base_macro_xsec_sector_complementarity_v2,XSec/Sector v2,2016-02-19,0.0015678986884272328,-0.01917074995714385
base_macro_xsec_sector_complementarity_v2,XSec/Sector v2,2016-02-22,0.0100880650384558,-0.009276080691091648
base_macro_xsec_sector_complementarity_v2,XSec/Sector v2,2016-02-23,-0.008078958836144167,-0.0172800984531718
base_macro_xsec_sector_complementarity_v2,XSec/Sector v2,2016-02-24,0.0016931696867859333,-0.015616186905271445
base_macro_xsec_sector_complementarity_v2,XSec/Sector v2,2016-02-25,0.012016902197195367,-0.003786942898809764
base_macro_xsec_sector_complementarity_v2,XSec/Sector v2,2016-02-26,-0.0036492692259463,-0.007422392550575085
base_macro_xsec_sector_complementarity_v2,XSec/Sector v2,2016-02-29,-0.010594142189663333,-0.017937900858170153
base_macro_xsec_sector_complementarity_v2,XSec/Sector v2,2016-03-01,0.024953513459903,0.006567998951226173
base_macro_xsec_sector_complementarity_v2,XSec/Sector v2,2016-03-02,0.0016814636091246002,0.008260506411572166
base_macro_xsec_sector_complementarity_v2,XSec/Sector v2,2016-03-03,0.00037034556334786657,0.008633911216820556
base_macro_xsec_sector_complementarity_v2,XSec/Sector v2,2016-03-04,0.0013239466166633334,0.009969288671027865
base_macro_xsec_sector_complementarity_v2,XSec/Sector v2,2016-03-07,0.0015246236656262667,0.011509111750091616
base_macro_xsec_sector_complementarity_v2,XSec/Sector v2,2016-03-08,-0.0017675168025661665,0.00972125239912458
base_macro_xsec_sector_complementarity_v2,XSec/Sector v2,2016-03-09,0.0020458982850058336,0.011787039377741948
base_macro_xsec_sector_complementarity_v2,XSec/Sector v2,2016-03-10,0.00037692689889606666,0.012168409128837876
base_macro_xsec_sector_complementarity_v2,XSec/Sector v2,2016-03-11,0.013555984637819499,0.02588934853387448
base_macro_xsec_sector_complementarity_v2,XSec/Sector v2,2016-03-14,0.0012698177310441333,0.02719204101873207
base_macro_xsec_sector_complementarity_v2,XSec/Sector v2,2016-03-15,0.0017878174955111312,0.02902847292091515
base_macro_xsec_sector_complementarity_v2,XSec/Sector v2,2016-03-16,0.004244269545467,0.033395947129951864
base_macro_xsec_sector_complementarity_v2,XSec/Sector v2,2016-03-17,0.0051059044744197,0.03867236812024988
base_macro_xsec_sector_complementarity_v2,XSec/Sector v2,2016-03-18,0.0063391883572938,0.045256707903280624
base_macro_xsec_sector_complementarity_v2,XSec/Sector v2,2016-03-21,0.0017797057492235334,0.047116957275750604
base_macro_xsec_sector_complementarity_v2,XSec/Sector v2,2016-03-22,0.0011525075592063666,0.04832376748438394
base_macro_xsec_sector_complementarity_v2,XSec/Sector v2,2016-03-23,-0.0042786878961097,0.043838317269244254
base_macro_xsec_sector_complementarity_v2,XSec/Sector v2,2016-03-24,0.000712121044342,0.04458165650186219
base_macro_xsec_sector_complementarity_v2,XSec/Sector v2,2016-03-28,-0.0012192404899535,0.04330806025119238
base_macro_xsec_sector_complementarity_v2,XSec/Sector v2,2016-03-29,0.008110500592634434,0.05176981089216004
base_macro_xsec_sector_complementarity_v2,XSec/Sector v2,2016-03-30,0.0052510825685993,0.05729274101231496
base_macro_xsec_sector_complementarity_v2,XSec/Sector v2,2016-03-31,-0.002247459908728733,0.05491651796509989
base_macro_xsec_sector_complementarity_v2,XSec/Sector v2,2016-04-01,0.009961107189802301,0.06542465447684309
base_macro_xsec_sector_complementarity_v2,XSec/Sector v2,2016-07-05,0.0,0.06542465447684309
base_macro_xsec_sector_complementarity_v2,XSec/Sector v2,2016-07-06,0.0004699443692525,0.06592534479407708
base_macro_xsec_sector_complementarity_v2,XSec/Sector v2,2016-07-07,-0.0002143067965252664,0.06569690974809927
base_macro_xsec_sector_complementarity_v2,XSec/Sector v2,2016-07-08,0.005341014447873033,0.0713888123401174
base_macro_xsec_sector_complementarity_v2,XSec/Sector v2,2016-07-11,0.0011052298562978001,0.07257294324321917
base_macro_xsec_sector_complementarity_v2,XSec/Sector v2,2016-07-12,0.0027189531426129996,0.07548921881793214
base_macro_xsec_sector_complementarity_v2,XSec/Sector v2,2016-07-13,-0.0007493779652063334,0.07468327089553295
base_macro_xsec_sector_complementarity_v2,XSec/Sector v2,2016-07-14,0.004339851170163867,0.07934723634628438
base_macro_xsec_sector_complementarity_v2,XSec/Sector v2,2016-07-15,0.0007838161879742334,0.08019324618257784
base_macro_xsec_sector_complementarity_v2,XSec/Sector v2,2016-07-18,0.00014581555678940003,0.08035075516221024
base_macro_xsec_sector_complementarity_v2,XSec/Sector v2,2016-07-19,0.0016318706988624667,0.08211374790405346
base_macro_xsec_sector_complementarity_v2,XSec/Sector v2,2016-07-20,0.0023140774966143333,0.08461784297685537
base_macro_xsec_sector_complementarity_v2,XSec/Sector v2,2016-07-21,-0.004515821443077966,0.07971990246399563
base_macro_xsec_sector_complementarity_v2,XSec/Sector v2,2016-07-22,0.0014196456768010002,0.08125272215568469
base_macro_xsec_sector_complementarity_v2,XSec/Sector v2,2016-07-25,-0.0036852816771725003,0.07726800131033151
base_macro_xsec_sector_complementarity_v2,XSec/Sector v2,2016-07-26,0.0005732154013703667,0.0778855079200862
base_macro_xsec_sector_complementarity_v2,XSec/Sector v2,2016-07-27,0.0005775834681814,0.07850807677005323
base_macro_xsec_sector_complementarity_v2,XSec/Sector v2,2016-07-28,0.0008885394354240999,0.07946637372768683
base_macro_xsec_sector_complementarity_v2,XSec/Sector v2,2016-07-29,0.0013159213575317666,0.08088686658361244
base_macro_xsec_sector_complementarity_v2,XSec/Sector v2,2016-08-01,-0.0006858087975649334,0.08014558486133705
base_macro_xsec_sector_complementarity_v2,XSec/Sector v2,2016-08-02,-0.0044721747417922,0.07531498505926182
base_macro_xsec_sector_complementarity_v2,XSec/Sector v2,2016-08-03,0.0011995668086015666,0.07660489722413089
base_macro_xsec_sector_complementarity_v2,XSec/Sector v2,2016-08-04,-0.000809415747250551,0.07573347626675053
base_macro_xsec_sector_complementarity_v2,XSec/Sector v2,2016-08-05,0.010809801265518332,0.0873619413598592
base_macro_xsec_sector_complementarity_v2,XSec/Sector v2,2016-08-08,-0.0015429855570466,0.08568415758905878
base_macro_xsec_sector_complementarity_v2,XSec/Sector v2,2016-08-09,0.0003371589990041506,0.08605020577286626
base_macro_xsec_sector_complementarity_v2,XSec/Sector v2,2016-08-10,-0.0012115067592658,0.08473444860767043
base_macro_xsec_sector_complementarity_v2,XSec/Sector v2,2016-08-11,0.007090600828199133,0.09242586758734417
base_macro_xsec_sector_complementarity_v2,XSec/Sector v2,2016-08-12,-0.0013286274179027998,0.09097444062764137
base_macro_xsec_sector_complementarity_v2,XSec/Sector v2,2016-08-15,0.0022650156963254335,0.0934455148599529
base_macro_xsec_sector_complementarity_v2,XSec/Sector v2,2016-08-16,-0.0045350357421725,0.08848670036794481
base_macro_xsec_sector_complementarity_v2,XSec/Sector v2,2016-08-17,0.0015833636571623,0.09021017065061199
base_macro_xsec_sector_complementarity_v2,XSec/Sector v2,2016-08-18,0.0007886806245132333,0.09106999828885143
base_macro_xsec_sector_complementarity_v2,XSec/Sector v2,2016-08-19,-0.0005010985623796,0.09052326468125349
base_macro_xsec_sector_complementarity_v2,XSec/Sector v2,2016-08-22,-8.830080452799984e-06,0.09051363527309064
base_macro_xsec_sector_complementarity_v2,XSec/Sector v2,2016-08-23,0.0019276979153737665,0.09261581613449321
base_macro_xsec_sector_complementarity_v2,XSec/Sector v2,2016-08-24,-0.005581506205145366,0.08651737417689853
base_macro_xsec_sector_complementarity_v2,XSec/Sector v2,2016-08-25,-0.0002981009408116668,0.08619348232544821
base_macro_xsec_sector_complementarity_v2,XSec/Sector v2,2016-08-26,-0.0008217776679143666,0.08530087277863907
base_macro_xsec_sector_complementarity_v2,XSec/Sector v2,2016-08-29,0.0043573936767408,0.09002995593904584
base_macro_xsec_sector_complementarity_v2,XSec/Sector v2,2016-08-30,-0.0024815811612090336,0.087324958135234
base_macro_xsec_sector_complementarity_v2,XSec/Sector v2,2016-08-31,-0.0033581741629265666,0.08367353155411905
base_macro_xsec_sector_complementarity_v2,XSec/Sector v2,2016-09-01,-0.0019243823319382667,0.08158812935640714
base_macro_xsec_sector_complementarity_v2,XSec/Sector v2,2016-09-02,0.0030524884666162,0.0848896646468964
base_macro_xsec_sector_complementarity_v2,XSec/Sector v2,2016-09-06,0.0023553639545488,0.0874449746576682
base_macro_xsec_sector_complementarity_v2,XSec/Sector v2,2016-09-07,-0.0027819386962917004,0.08441976940258011
base_macro_xsec_sector_complementarity_v2,XSec/Sector v2,2016-09-08,-0.00045575164877376665,0.08392554330471214
base_macro_xsec_sector_complementarity_v2,XSec/Sector v2,2016-09-09,-0.020220848656828768,0.062007648938276816
base_macro_xsec_sector_complementarity_v2,XSec/Sector v2,2016-09-12,0.014213328859271132,0.07710231290369807
base_macro_xsec_sector_complementarity_v2,XSec/Sector v2,2016-09-13,-0.014997173444147935,0.06094882269998836
base_macro_xsec_sector_complementarity_v2,XSec/Sector v2,2016-09-14,0.0010681941751189,0.06208212205249586
base_macro_xsec_sector_complementarity_v2,XSec/Sector v2,2016-09-15,0.009385941655949701,0.07205076288390777
base_macro_xsec_sector_complementarity_v2,XSec/Sector v2,2016-09-16,-0.002783267664422167,0.0690669586609538
base_macro_xsec_sector_complementarity_v2,XSec/Sector v2,2016-09-19,0.0001634142194975334,0.06924165940359406
base_macro_xsec_sector_complementarity_v2,XSec/Sector v2,2016-09-20,0.0022791777364466665,0.07167865118858785
base_macro_xsec_sector_complementarity_v2,XSec/Sector v2,2016-09-21,0.0093407031603455,0.0816888833526197
base_macro_xsec_sector_complementarity_v2,XSec/Sector v2,2016-09-22,0.006954426302432999,0.08921140897405655
base_macro_xsec_sector_complementarity_v2,XSec/Sector v2,2016-09-23,-0.009611504916526467,0.07874244816156573
base_macro_xsec_sector_complementarity_v2,XSec/Sector v2,2016-09-26,-0.0079116233525918,0.07020784421725867
base_macro_xsec_sector_complementarity_v2,XSec/Sector v2,2016-09-27,0.005493622192097934,0.07608716178040797
base_macro_xsec_sector_complementarity_v2,XSec/Sector v2,2016-09-28,0.008430189315630233,0.0851587802743361
base_macro_xsec_sector_complementarity_v2,XSec/Sector v2,2016-09-29,-0.010857009715508001,0.07337720085402877
base_macro_xsec_sector_complementarity_v2,XSec/Sector v2,2016-09-30,0.008718366803309766,0.08273529700938398
base_macro_xsec_sector_complementarity_v2,XSec/Sector v2,2016-10-03,-0.002875234622129867,0.07962217899682056
base_macro_xsec_sector_complementarity_v2,XSec/Sector v2,2017-01-04,0.0,0.07962217899682056
base_macro_xsec_sector_complementarity_v2,XSec/Sector v2,2017-01-05,-0.0003763489538190666,0.07921586431923511
base_macro_xsec_sector_complementarity_v2,XSec/Sector v2,2017-01-06,0.0012747966052341,0.08059164503938399
base_macro_xsec_sector_complementarity_v2,XSec/Sector v2,2017-01-09,-0.0014791843585894,0.07899325078001929
base_macro_xsec_sector_complementarity_v2,XSec/Sector v2,2017-01-10,-0.0005083670472022334,0.07844472616716902
base_macro_xsec_sector_complementarity_v2,XSec/Sector v2,2017-01-11,0.003558957912736667,0.08228286555881081
base_macro_xsec_sector_complementarity_v2,XSec/Sector v2,2017-01-12,-0.0027242784400405666,0.07933442568214377
base_macro_xsec_sector_complementarity_v2,XSec/Sector v2,2017-01-13,0.0004008494456569333,0.07976707628835689
base_macro_xsec_sector_complementarity_v2,XSec/Sector v2,2017-01-17,-0.006608113108834132,0.07263185331704824
base_macro_xsec_sector_complementarity_v2,XSec/Sector v2,2017-01-18,-0.0011942071665986666,0.07135090867069493
base_macro_xsec_sector_complementarity_v2,XSec/Sector v2,2017-01-19,-0.004329606975513,0.06671238030329207
base_macro_xsec_sector_complementarity_v2,XSec/Sector v2,2017-01-20,0.0035723768703234,0.07052307893797516
base_macro_xsec_sector_complementarity_v2,XSec/Sector v2,2017-01-23,0.0009428830567852667,0.07153245701100341
base_macro_xsec_sector_complementarity_v2,XSec/Sector v2,2017-01-24,0.004426319645309766,0.07627540217605833
base_macro_xsec_sector_complementarity_v2,XSec/Sector v2,2017-01-25,0.008788401318457466,0.08573414233956567
base_macro_xsec_sector_complementarity_v2,XSec/Sector v2,2017-01-26,0.002521134053231433,0.08847142365857397
base_macro_xsec_sector_complementarity_v2,XSec/Sector v2,2017-01-27,0.0010831819645145,0.08965043627357039
base_macro_xsec_sector_complementarity_v2,XSec/Sector v2,2017-01-30,-0.0049242144925527665,0.08428476380345562
base_macro_xsec_sector_complementarity_v2,XSec/Sector v2,2017-01-31,-0.006445764399178967,0.07729571967435911
base_macro_xsec_sector_complementarity_v2,XSec/Sector v2,2017-02-01,0.0009252023937613334,0.07829243625299065
base_macro_xsec_sector_complementarity_v2,XSec/Sector v2,2017-02-02,0.0005084246766140754,0.07884066673618806
base_macro_xsec_sector_complementarity_v2,XSec/Sector v2,2017-02-03,0.012116595682430566,0.09191254290079431
base_macro_xsec_sector_complementarity_v2,XSec/Sector v2,2017-02-06,-0.0029213311443148666,0.08872270478235023
base_macro_xsec_sector_complementarity_v2,XSec/Sector v2,2017-02-07,0.0012803439165615666,0.09011664427424093
base_macro_xsec_sector_complementarity_v2,XSec/Sector v2,2017-02-08,-0.0008910268386512101,0.08914532108693218
base_macro_xsec_sector_complementarity_v2,XSec/Sector v2,2017-02-09,0.0075154670700727,0.09733075688208492
base_macro_xsec_sector_complementarity_v2,XSec/Sector v2,2017-02-10,0.004337510358329866,0.102090440406575
base_macro_xsec_sector_complementarity_v2,XSec/Sector v2,2017-02-13,0.0071119070696344005,0.10992840520107894
base_macro_xsec_sector_complementarity_v2,XSec/Sector v2,2017-02-14,0.006344732242327134,0.11697060374023294
base_macro_xsec_sector_complementarity_v2,XSec/Sector v2,2017-02-15,0.005465016845764266,0.12307486690589675
base_macro_xsec_sector_complementarity_v2,XSec/Sector v2,2017-02-16,-0.0001561474734981784,0.12289950160288021
base_macro_xsec_sector_complementarity_v2,XSec/Sector v2,2017-02-17,-0.0007660306915164668,0.12203932612116386
base_macro_xsec_sector_complementarity_v2,XSec/Sector v2,2017-02-21,0.0051771703137742,0.12784831481124548
base_macro_xsec_sector_complementarity_v2,XSec/Sector v2,2017-02-22,0.0008330071252991666,0.12878782049373982
base_macro_xsec_sector_complementarity_v2,XSec/Sector v2,2017-02-23,0.0016968641235312668,0.1307032200494147
base_macro_xsec_sector_complementarity_v2,XSec/Sector v2,2017-02-24,-0.0013222416226512997,0.12920815718899958
base_macro_xsec_sector_complementarity_v2,XSec/Sector v2,2017-02-27,0.0010506960064317666,0.1303946116901884
base_macro_xsec_sector_complementarity_v2,XSec/Sector v2,2017-02-28,-0.0009354854031318667,0.12933714403117347
base_macro_xsec_sector_complementarity_v2,XSec/Sector v2,2017-03-01,0.016342847221411133,0.14779372843753968
base_macro_xsec_sector_complementarity_v2,XSec/Sector v2,2017-03-02,-0.006641817337780433,0.14017029215180754
base_macro_xsec_sector_complementarity_v2,XSec/Sector v2,2017-03-03,0.0016283983328134,0.14202694355467083
base_macro_xsec_sector_complementarity_v2,XSec/Sector v2,2017-03-06,-0.002558854469480933,0.1391046628058883
base_macro_xsec_sector_complementarity_v2,XSec/Sector v2,2017-03-07,-0.0010560809187652254,0.13790167610702264
base_macro_xsec_sector_complementarity_v2,XSec/Sector v2,2017-03-08,-0.0011136609775760334,0.13663443941402398
base_macro_xsec_sector_complementarity_v2,XSec/Sector v2,2017-03-09,0.0002484883458922333,0.13691687982575806
base_macro_xsec_sector_complementarity_v2,XSec/Sector v2,2017-03-10,0.0018306099633354667,0.1389981311934514
base_macro_xsec_sector_complementarity_v2,XSec/Sector v2,2017-03-13,-0.0007509423644083334,0.13814280924375644
base_macro_xsec_sector_complementarity_v2,XSec/Sector v2,2017-03-14,-0.0010175121986695666,0.13698473505152298
base_macro_xsec_sector_complementarity_v2,XSec/Sector v2,2017-03-15,0.0035290007849085665,0.14099715507394883
base_macro_xsec_sector_complementarity_v2,XSec/Sector v2,2017-03-16,0.000711841748183543,0.14180936448348902
base_macro_xsec_sector_complementarity_v2,XSec/Sector v2,2017-03-17,-0.0042142489066515,0.1369974956176101
base_macro_xsec_sector_complementarity_v2,XSec/Sector v2,2017-03-20,-0.0016587494287770334,0.13511150167123342
base_macro_xsec_sector_complementarity_v2,XSec/Sector v2,2017-03-21,-0.014167498619743,0.11902981103805188
base_macro_xsec_sector_complementarity_v2,XSec/Sector v2,2017-03-22,-0.00039190305276533326,0.11859125983897068
base_macro_xsec_sector_complementarity_v2,XSec/Sector v2,2017-03-23,-0.0011176042301830333,0.11734111751512888
base_macro_xsec_sector_complementarity_v2,XSec/Sector v2,2017-03-24,-0.003234236167009,0.11372737246197517
base_macro_xsec_sector_complementarity_v2,XSec/Sector v2,2017-03-27,-0.0028196597449249,0.11058704022302313
base_macro_xsec_sector_complementarity_v2,XSec/Sector v2,2017-03-28,0.007673269978403334,0.11910887441717022
base_macro_xsec_sector_complementarity_v2,XSec/Sector v2,2017-03-29,-0.0030769581673252664,0.11566542322590623
base_macro_xsec_sector_complementarity_v2,XSec/Sector v2,2017-03-30,0.0045081136048421,0.12069496969880289
base_macro_xsec_sector_complementarity_v2,XSec/Sector v2,2017-03-31,-0.0020904569702746,0.1183522050878445
base_macro_xsec_sector_complementarity_v2,XSec/Sector v2,2017-04-03,-0.000362067152567348,0.11794728648938091
base_macro_xsec_sector_complementarity_v2,XSec/Sector v2,2017-07-05,0.0,0.11794728648938091
base_macro_xsec_sector_complementarity_v2,XSec/Sector v2,2017-07-06,-0.0004983436968636931,0.11739016450573292
base_macro_xsec_sector_complementarity_v2,XSec/Sector v2,2017-07-07,0.0007037508521025917,0.11817652878613494
base_macro_xsec_sector_complementarity_v2,XSec/Sector v2,2017-07-10,0.00034003183682502526,0.11855674440511255
base_macro_xsec_sector_complementarity_v2,XSec/Sector v2,2017-07-11,0.0002281877904306361,0.1188119853970897
base_macro_xsec_sector_complementarity_v2,XSec/Sector v2,2017-07-12,0.0016941287417923188,0.12070739693821286
base_macro_xsec_sector_complementarity_v2,XSec/Sector v2,2017-07-13,4.50964517991002e-05,0.12075793686531977
base_macro_xsec_sector_complementarity_v2,XSec/Sector v2,2017-07-14,0.0024704946371603338,0.12352676333790047
base_macro_xsec_sector_complementarity_v2,XSec/Sector v2,2017-07-17,0.0003141302923399091,0.12387969712851965
base_macro_xsec_sector_complementarity_v2,XSec/Sector v2,2017-07-18,-0.0010211008705948174,0.12273210259133793
base_macro_xsec_sector_complementarity_v2,XSec/Sector v2,2017-07-19,0.004358018194017798,0.12762498952143875
base_macro_xsec_sector_complementarity_v2,XSec/Sector v2,2017-07-20,-0.0018640024168251135,0.12552309381569837
base_macro_xsec_sector_complementarity_v2,XSec/Sector v2,2017-07-21,0.0007528412547714412,0.1263704340339209
base_macro_xsec_sector_complementarity_v2,XSec/Sector v2,2017-07-24,-1.5063883069933495e-05,0.12635346652140922
base_macro_xsec_sector_complementarity_v2,XSec/Sector v2,2017-07-25,0.003224867346616185,0.129985807036342
base_macro_xsec_sector_complementarity_v2,XSec/Sector v2,2017-07-26,0.009990949920848266,0.14127543864571157
base_macro_xsec_sector_complementarity_v2,XSec/Sector v2,2017-07-27,0.004693119148142912,0.14663158026012502
base_macro_xsec_sector_complementarity_v2,XSec/Sector v2,2017-07-28,0.0005103316082036143,0.14721674259849626
base_macro_xsec_sector_complementarity_v2,XSec/Sector v2,2017-07-31,0.0017832000006180483,0.14926245949460704
base_macro_xsec_sector_complementarity_v2,XSec/Sector v2,2017-08-01,0.000691130825771832,0.15005675020726605
base_macro_xsec_sector_complementarity_v2,XSec/Sector v2,2017-08-02,0.001931662897600493,0.15227827216177636
base_macro_xsec_sector_complementarity_v2,XSec/Sector v2,2017-08-03,0.0007067596510010009,0.15309265595126553
base_macro_xsec_sector_complementarity_v2,XSec/Sector v2,2017-08-04,0.0008372246375241633,0.15405805353217605
base_macro_xsec_sector_complementarity_v2,XSec/Sector v2,2017-08-07,0.0025504723923187637,0.15700144673684302
base_macro_xsec_sector_complementarity_v2,XSec/Sector v2,2017-08-08,-0.0014261999895425316,0.1553513312856063
base_macro_xsec_sector_complementarity_v2,XSec/Sector v2,2017-08-09,-0.0008971222502167225,0.15431483989949246
base_macro_xsec_sector_complementarity_v2,XSec/Sector v2,2017-08-10,-0.005540731837659733,0.14791909091537825
base_macro_xsec_sector_complementarity_v2,XSec/Sector v2,2017-08-11,0.0009989278183932535,0.14906577922855835
base_macro_xsec_sector_complementarity_v2,XSec/Sector v2,2017-08-14,0.0052041746980478,0.15504571828321212
base_macro_xsec_sector_complementarity_v2,XSec/Sector v2,2017-08-15,0.0003106846414694002,0.15540457324807755
base_macro_xsec_sector_complementarity_v2,XSec/Sector v2,2017-08-16,0.001155886361913747,0.15674008963678765
base_macro_xsec_sector_complementarity_v2,XSec/Sector v2,2017-08-17,-0.008017661438095,0.1474657392262082
base_macro_xsec_sector_complementarity_v2,XSec/Sector v2,2017-08-18,-0.0018595974158962878,0.1453319149027137
base_macro_xsec_sector_complementarity_v2,XSec/Sector v2,2017-08-21,0.0010258524922611729,0.14650685650208306
base_macro_xsec_sector_complementarity_v2,XSec/Sector v2,2017-08-22,0.0068720822537755,0.15438574592448306
base_macro_xsec_sector_complementarity_v2,XSec/Sector v2,2017-08-23,-0.004073897394104134,0.14968289684237046
base_macro_xsec_sector_complementarity_v2,XSec/Sector v2,2017-08-24,-0.0003684152718908615,0.14925933610534203
base_macro_xsec_sector_complementarity_v2,XSec/Sector v2,2017-08-25,-0.0002892525858804918,0.14892690987052615
base_macro_xsec_sector_complementarity_v2,XSec/Sector v2,2017-08-28,0.0010673720000180088,0.15015324228418914
base_macro_xsec_sector_complementarity_v2,XSec/Sector v2,2017-08-29,0.0027092817602189004,0.15326933148496646
base_macro_xsec_sector_complementarity_v2,XSec/Sector v2,2017-08-30,0.0013713543018082335,0.15485087234384176
base_macro_xsec_sector_complementarity_v2,XSec/Sector v2,2017-08-31,0.0013338785808038,0.15639130318648364
base_macro_xsec_sector_complementarity_v2,XSec/Sector v2,2017-09-01,0.0009018612774417063,0.15743420772439776
base_macro_xsec_sector_complementarity_v2,XSec/Sector v2,2017-09-05,-0.005993390158861433,0.15049725293429272
base_macro_xsec_sector_complementarity_v2,XSec/Sector v2,2017-09-06,0.000959739734911804,0.1516014308628406
base_macro_xsec_sector_complementarity_v2,XSec/Sector v2,2017-09-07,0.0035169240707375996,0.155651525654938
base_macro_xsec_sector_complementarity_v2,XSec/Sector v2,2017-09-08,0.002111539126769075,0.15809172906826863
base_macro_xsec_sector_complementarity_v2,XSec/Sector v2,2017-09-11,0.008767065692510968,0.16824479533496373
base_macro_xsec_sector_complementarity_v2,XSec/Sector v2,2017-09-12,0.0013331696374774664,0.16980226382524544
base_macro_xsec_sector_complementarity_v2,XSec/Sector v2,2017-09-13,0.00011570025978175278,0.16993761025106346
base_macro_xsec_sector_complementarity_v2,XSec/Sector v2,2017-09-14,0.0024257392224932,0.17277557380011932
base_macro_xsec_sector_complementarity_v2,XSec/Sector v2,2017-09-15,0.003727838102852933,0.17714749127022666
base_macro_xsec_sector_complementarity_v2,XSec/Sector v2,2017-09-18,0.0030507634694437666,0.18073868983474117
base_macro_xsec_sector_complementarity_v2,XSec/Sector v2,2017-09-19,0.0010901064138233334,0.18202582065357942
base_macro_xsec_sector_complementarity_v2,XSec/Sector v2,2017-09-20,0.001873325144944507,0.1842401393453834
base_macro_xsec_sector_complementarity_v2,XSec/Sector v2,2017-09-21,-0.0010654166483467,0.18297843018528437
base_macro_xsec_sector_complementarity_v2,XSec/Sector v2,2017-09-22,0.0003838829635702903,0.18343255545090353
base_macro_xsec_sector_complementarity_v2,XSec/Sector v2,2017-09-25,-0.002681937132131667,0.18025866373706623
base_macro_xsec_sector_complementarity_v2,XSec/Sector v2,2017-09-26,-0.0009879354232074915,0.1790926443946128
base_macro_xsec_sector_complementarity_v2,XSec/Sector v2,2017-09-27,-6.201049893305034e-05,0.17901952827144552
base_macro_xsec_sector_complementarity_v2,XSec/Sector v2,2017-09-28,0.0016658884475962016,0.18098364328308314
base_macro_xsec_sector_complementarity_v2,XSec/Sector v2,2017-09-29,0.0007643880868472858,0.18188637311077027
base_macro_xsec_sector_complementarity_v2,XSec/Sector v2,2017-10-02,0.0038611910385537664,0.18644986218321447
base_macro_xsec_sector_complementarity_v2,XSec/Sector v2,2017-10-03,0.0019405188709741,0.1887521905302456
base_macro_xsec_sector_complementarity_v2,XSec/Sector v2,2018-01-04,0.0,0.1887521905302456
base_macro_xsec_sector_complementarity_v2,XSec/Sector v2,2018-01-05,0.0009611588030497666,0.18989477016281842
base_macro_xsec_sector_complementarity_v2,XSec/Sector v2,2018-01-08,0.0005558169702329033,0.19055613386886616
base_macro_xsec_sector_complementarity_v2,XSec/Sector v2,2018-01-09,0.0015075208621796333,0.19235092207826932
base_macro_xsec_sector_complementarity_v2,XSec/Sector v2,2018-01-10,-7.695079533358903e-05,0.1922591697264988
base_macro_xsec_sector_complementarity_v2,XSec/Sector v2,2018-01-11,0.005068567150295866,0.19830221538881365
base_macro_xsec_sector_complementarity_v2,XSec/Sector v2,2018-01-12,0.0068635405254956336,0.20652681120592575
base_macro_xsec_sector_complementarity_v2,XSec/Sector v2,2018-01-16,-0.0022382086744600666,0.2038263524311159
base_macro_xsec_sector_complementarity_v2,XSec/Sector v2,2018-01-17,0.011486070471338533,0.21765358675039392
base_macro_xsec_sector_complementarity_v2,XSec/Sector v2,2018-01-18,-0.0015967002180199664,0.21570935900295685
base_macro_xsec_sector_complementarity_v2,XSec/Sector v2,2018-01-19,-0.0008939013064764,0.21462263481864863
base_macro_xsec_sector_complementarity_v2,XSec/Sector v2,2018-01-22,0.0077526128126473,0.22403913381987506
base_macro_xsec_sector_complementarity_v2,XSec/Sector v2,2018-01-23,0.0026960980145272,0.22733926329827048
base_macro_xsec_sector_complementarity_v2,XSec/Sector v2,2018-01-24,0.0013002577645547877,0.22893512070511712
base_macro_xsec_sector_complementarity_v2,XSec/Sector v2,2018-01-25,0.0049528504022442335,0.23502185251203356
base_macro_xsec_sector_complementarity_v2,XSec/Sector v2,2018-01-26,0.0100732494564194,0.24746253571651633
base_macro_xsec_sector_complementarity_v2,XSec/Sector v2,2018-01-29,-0.0069653259843781,0.23877355250195187
base_macro_xsec_sector_complementarity_v2,XSec/Sector v2,2018-01-30,-0.008716419595918866,0.2279758824340179
base_macro_xsec_sector_complementarity_v2,XSec/Sector v2,2018-01-31,0.0038732324059515665,0.23273211841558838
base_macro_xsec_sector_complementarity_v2,XSec/Sector v2,2018-02-01,-0.0019368649940682669,0.2303444827283656
base_macro_xsec_sector_complementarity_v2,XSec/Sector v2,2018-02-02,-0.019414298074914967,0.20645820820584992
base_macro_xsec_sector_complementarity_v2,XSec/Sector v2,2018-02-05,-0.04314892723266694,0.15440083077072186
base_macro_xsec_sector_complementarity_v2,XSec/Sector v2,2018-02-06,0.0212445952627032,0.17892560919137424
base_macro_xsec_sector_complementarity_v2,XSec/Sector v2,2018-02-07,-0.0015935456867977999,0.17704693737179178
base_macro_xsec_sector_complementarity_v2,XSec/Sector v2,2018-02-08,-0.042754304185473935,0.12672311457081786
base_macro_xsec_sector_complementarity_v2,XSec/Sector v2,2018-02-09,0.0168887639389412,0.14575207527735312
base_macro_xsec_sector_complementarity_v2,XSec/Sector v2,2018-02-12,0.015058566029436666,0.16300545855628124
base_macro_xsec_sector_complementarity_v2,XSec/Sector v2,2018-02-13,0.0015761869851743332,0.16483857262374424
base_macro_xsec_sector_complementarity_v2,XSec/Sector v2,2018-02-14,0.0131929712287748,0.18020625439853655
base_macro_xsec_sector_complementarity_v2,XSec/Sector v2,2018-02-15,0.014131702085961833,0.19688457758568556
base_macro_xsec_sector_complementarity_v2,XSec/Sector v2,2018-02-16,9.80891926312927e-05,0.19700197902757366
base_macro_xsec_sector_complementarity_v2,XSec/Sector v2,2018-02-20,-0.005651191987349333,0.19023749103485166
base_macro_xsec_sector_complementarity_v2,XSec/Sector v2,2018-02-21,-0.0058320342718295335,0.18329598519552004
base_macro_xsec_sector_complementarity_v2,XSec/Sector v2,2018-02-22,0.0010867690768072335,0.18458195468094063
base_macro_xsec_sector_complementarity_v2,XSec/Sector v2,2018-02-23,0.015575647667199266,0.2030325858399733
base_macro_xsec_sector_complementarity_v2,XSec/Sector v2,2018-02-26,0.015033526621790333,0.22111840824607976
base_macro_xsec_sector_complementarity_v2,XSec/Sector v2,2018-02-27,-0.0099839545379527,0.2089268175726937
base_macro_xsec_sector_complementarity_v2,XSec/Sector v2,2018-02-28,-0.012003751990052566,0.19441515988042757
base_macro_xsec_sector_complementarity_v2,XSec/Sector v2,2018-03-01,-0.0118883259362782,0.1802155631565372
base_macro_xsec_sector_complementarity_v2,XSec/Sector v2,2018-03-02,0.0018381994602344335,0.18238503476769163
base_macro_xsec_sector_complementarity_v2,XSec/Sector v2,2018-03-05,0.011670653451762566,0.19618424075501562
base_macro_xsec_sector_complementarity_v2,XSec/Sector v2,2018-03-06,0.0016734823380870998,0.19818603395501722
base_macro_xsec_sector_complementarity_v2,XSec/Sector v2,2018-03-07,-0.0011126045428236,0.19685292673049104
base_macro_xsec_sector_complementarity_v2,XSec/Sector v2,2018-03-08,0.0055971682607282,0.20355191394474637
base_macro_xsec_sector_complementarity_v2,XSec/Sector v2,2018-03-09,0.01837183965775767,0.22566337672752668
base_macro_xsec_sector_complementarity_v2,XSec/Sector v2,2018-03-12,-0.005334364877226601,0.21912524105940845
base_macro_xsec_sector_complementarity_v2,XSec/Sector v2,2018-03-13,-0.0060611025165383,0.21173599799284792
base_macro_xsec_sector_complementarity_v2,XSec/Sector v2,2018-03-14,-0.006911498461269067,0.20336108650725615
base_macro_xsec_sector_complementarity_v2,XSec/Sector v2,2018-03-15,0.0017650252147359332,0.20548504916737342
base_macro_xsec_sector_complementarity_v2,XSec/Sector v2,2018-03-16,0.0018831235031343669,0.2077551263961377
base_macro_xsec_sector_complementarity_v2,XSec/Sector v2,2018-03-19,-0.012303660465339766,0.192895317395686
base_macro_xsec_sector_complementarity_v2,XSec/Sector v2,2018-03-20,0.006267234938795733,0.20037147260719412
base_macro_xsec_sector_complementarity_v2,XSec/Sector v2,2018-03-21,-0.0027791117668702664,0.19703550612305598
base_macro_xsec_sector_complementarity_v2,XSec/Sector v2,2018-03-22,-0.028299093189658602,0.16316048678394934
base_macro_xsec_sector_complementarity_v2,XSec/Sector v2,2018-03-23,-0.019101366470456668,0.1409425320619344
base_macro_xsec_sector_complementarity_v2,XSec/Sector v2,2018-03-26,0.030392399073837367,0.17561851281667518
base_macro_xsec_sector_complementarity_v2,XSec/Sector v2,2018-03-27,-0.017438872397642233,0.1551170515833593
base_macro_xsec_sector_complementarity_v2,XSec/Sector v2,2018-03-28,-0.0044489232537964,0.14997802447171327
base_macro_xsec_sector_complementarity_v2,XSec/Sector v2,2018-03-29,0.014294971592598966,0.16641692766364957
base_macro_xsec_sector_complementarity_v2,XSec/Sector v2,2018-04-02,-0.024772158246968237,0.1375222629496231
base_macro_xsec_sector_complementarity_v2,XSec/Sector v2,2018-04-03,0.014992122307228233,0.15457613584295893
base_macro_xsec_sector_complementarity_v2,XSec/Sector v2,2018-07-05,0.0,0.15457613584295893
base_macro_xsec_sector_complementarity_v2,XSec/Sector v2,2018-07-06,0.0006476428433736667,0.15532388881446768
base_macro_xsec_sector_complementarity_v2,XSec/Sector v2,2018-07-09,0.0028364720061198998,0.1586009326830915
base_macro_xsec_sector_complementarity_v2,XSec/Sector v2,2018-07-10,0.0022390949297807004,0.16119515015710162
base_macro_xsec_sector_complementarity_v2,XSec/Sector v2,2018-07-11,-0.002160375618606,0.15868653246625852
base_macro_xsec_sector_complementarity_v2,XSec/Sector v2,2018-07-12,0.007598551323156633,0.16749087155065379
base_macro_xsec_sector_complementarity_v2,XSec/Sector v2,2018-07-13,0.0020815626185834665,0.169921076906411
base_macro_xsec_sector_complementarity_v2,XSec/Sector v2,2018-07-16,-0.0020225064851647997,0.16755490394123673
base_macro_xsec_sector_complementarity_v2,XSec/Sector v2,2018-07-17,0.0028749355370570663,0.17091154902604244
base_macro_xsec_sector_complementarity_v2,XSec/Sector v2,2018-07-18,0.0024897687786652667,0.17382684804338622
base_macro_xsec_sector_complementarity_v2,XSec/Sector v2,2018-07-19,-0.0043279307024532,0.1687466067883754
base_macro_xsec_sector_complementarity_v2,XSec/Sector v2,2018-07-20,-0.0007802569199380666,0.16783468416077452
base_macro_xsec_sector_complementarity_v2,XSec/Sector v2,2018-07-23,-4.5917201680966694e-05,0.1677810604600518
base_macro_xsec_sector_complementarity_v2,XSec/Sector v2,2018-07-24,0.0030456823471423002,0.17133775062122214
base_macro_xsec_sector_complementarity_v2,XSec/Sector v2,2018-07-25,0.010610895725191067,0.18376669335204388
base_macro_xsec_sector_complementarity_v2,XSec/Sector v2,2018-07-26,-0.0003009372774189667,0.18341045382624732
base_macro_xsec_sector_complementarity_v2,XSec/Sector v2,2018-07-27,-0.008042247982312867,0.1738931734917153
base_macro_xsec_sector_complementarity_v2,XSec/Sector v2,2018-07-30,-0.0115043729880387,0.16038826857575406
base_macro_xsec_sector_complementarity_v2,XSec/Sector v2,2018-07-31,0.005532135959711133,0.166807694243569
base_macro_xsec_sector_complementarity_v2,XSec/Sector v2,2018-08-01,-0.0032259305487971,0.16304365365813722
base_macro_xsec_sector_complementarity_v2,XSec/Sector v2,2018-08-02,0.005175650246064666,0.16906316083037698
base_macro_xsec_sector_complementarity_v2,XSec/Sector v2,2018-08-03,0.004647515126488234,0.1744963995541562
base_macro_xsec_sector_complementarity_v2,XSec/Sector v2,2018-08-06,0.003780700211514,0.178936818340373
base_macro_xsec_sector_complementarity_v2,XSec/Sector v2,2018-08-07,0.007789824152539333,0.18812052884219876
base_macro_xsec_sector_complementarity_v2,XSec/Sector v2,2018-08-08,-0.0010834338987415332,0.1868332787854603
base_macro_xsec_sector_complementarity_v2,XSec/Sector v2,2018-08-09,-0.0006259446599648,0.18609038683233603
base_macro_xsec_sector_complementarity_v2,XSec/Sector v2,2018-08-10,-0.006472710560649533,0.17841316705960142
base_macro_xsec_sector_complementarity_v2,XSec/Sector v2,2018-08-13,-0.0033480385185737003,0.17446779438549154
base_macro_xsec_sector_complementarity_v2,XSec/Sector v2,2018-08-14,0.004176014022921466,0.17937238836431502
base_macro_xsec_sector_complementarity_v2,XSec/Sector v2,2018-08-15,-0.005291778258320167,0.17313141120110553
base_macro_xsec_sector_complementarity_v2,XSec/Sector v2,2018-08-16,0.010219443189560567,0.18512016101176432
base_macro_xsec_sector_complementarity_v2,XSec/Sector v2,2018-08-17,0.002515826153208,0.18810171730753167
base_macro_xsec_sector_complementarity_v2,XSec/Sector v2,2018-08-20,0.0028169820252551335,0.1914485784893616
base_macro_xsec_sector_complementarity_v2,XSec/Sector v2,2018-08-21,0.0025822596238244664,0.19452520804745776
base_macro_xsec_sector_complementarity_v2,XSec/Sector v2,2018-08-22,-0.0001015957201177,0.19440384939874744
base_macro_xsec_sector_complementarity_v2,XSec/Sector v2,2018-08-23,0.00013993498814003332,0.1945709882872475
base_macro_xsec_sector_complementarity_v2,XSec/Sector v2,2018-08-24,0.0074121833241458,0.2034253674461386
base_macro_xsec_sector_complementarity_v2,XSec/Sector v2,2018-08-27,0.0074333126346091336,0.21237080443478518
base_macro_xsec_sector_complementarity_v2,XSec/Sector v2,2018-08-28,0.0025241880792614335,0.21543105636698412
base_macro_xsec_sector_complementarity_v2,XSec/Sector v2,2018-08-29,0.0064942170671826,0.22332432947722647
base_macro_xsec_sector_complementarity_v2,XSec/Sector v2,2018-08-30,-0.006222015349226566,0.2157127867221369
base_macro_xsec_sector_complementarity_v2,XSec/Sector v2,2018-08-31,0.0019026442117362,0.21802585561892762
base_macro_xsec_sector_complementarity_v2,XSec/Sector v2,2018-09-04,0.00030557996978279996,0.21839805992308237
base_macro_xsec_sector_complementarity_v2,XSec/Sector v2,2018-09-05,-0.005501473966602933,0.211695074715456
base_macro_xsec_sector_complementarity_v2,XSec/Sector v2,2018-09-06,0.00041018287771493327,0.2121920912881159
base_macro_xsec_sector_complementarity_v2,XSec/Sector v2,2018-09-07,-0.0005787921467449,0.211490484025332
base_macro_xsec_sector_complementarity_v2,XSec/Sector v2,2018-09-10,0.0059207770444528,0.21866344907272217
base_macro_xsec_sector_complementarity_v2,XSec/Sector v2,2018-09-11,0.004353885925743099,0.2239693707118573
base_macro_xsec_sector_complementarity_v2,XSec/Sector v2,2018-09-12,0.0018207525504404,0.22619791606524187
base_macro_xsec_sector_complementarity_v2,XSec/Sector v2,2018-09-13,0.006920296067715667,0.23468356868202944
base_macro_xsec_sector_complementarity_v2,XSec/Sector v2,2018-09-14,-0.0029407356127580664,0.231052690741119
base_macro_xsec_sector_complementarity_v2,XSec/Sector v2,2018-09-17,-0.0051466995443461335,0.22471683241861573
base_macro_xsec_sector_complementarity_v2,XSec/Sector v2,2018-09-18,0.008126251052695566,0.23466918886731158
base_macro_xsec_sector_complementarity_v2,XSec/Sector v2,2018-09-19,-9.451104005116664e-05,0.23455249899815245
base_macro_xsec_sector_complementarity_v2,XSec/Sector v2,2018-09-20,0.010406093887957433,0.24739936821233965
base_macro_xsec_sector_complementarity_v2,XSec/Sector v2,2018-09-21,0.0014204745140135335,0.24917126722368188
base_macro_xsec_sector_complementarity_v2,XSec/Sector v2,2018-09-24,-0.0019552856568787,0.2467287805618943
base_macro_xsec_sector_complementarity_v2,XSec/Sector v2,2018-09-25,-0.0007678872159478335,0.24577143346954666
base_macro_xsec_sector_complementarity_v2,XSec/Sector v2,2018-09-26,-0.0022491310453707,0.2429695302630943
base_macro_xsec_sector_complementarity_v2,XSec/Sector v2,2018-09-27,0.004309548731430433,0.24832616802544627
base_macro_xsec_sector_complementarity_v2,XSec/Sector v2,2018-09-28,-0.00034961138046909996,0.2478897389905672
base_macro_xsec_sector_complementarity_v2,XSec/Sector v2,2018-10-01,0.0034251265063058333,0.2521639192125309
base_macro_xsec_sector_complementarity_v2,XSec/Sector v2,2018-10-02,-0.0007851123970483333,0.2511808297964204
base_macro_xsec_sector_complementarity_v2,XSec/Sector v2,2018-10-03,-3.368686264453336e-05,0.25113868143966367
base_macro_xsec_sector_complementarity_v2,XSec/Sector v2,2019-01-04,0.0,0.25113868143966367
base_macro_xsec_sector_complementarity_v2,XSec/Sector v2,2019-01-07,0.0010387848361968,0.2524383453299224
base_macro_xsec_sector_complementarity_v2,XSec/Sector v2,2019-01-08,0.0026790228983036997,0.255793656335775
base_macro_xsec_sector_complementarity_v2,XSec/Sector v2,2019-01-09,0.0011408497203529667,0.2572263281774265
base_macro_xsec_sector_complementarity_v2,XSec/Sector v2,2019-01-10,0.0027856783267753336,0.2607285563116817
base_macro_xsec_sector_complementarity_v2,XSec/Sector v2,2019-01-11,-9.327396019863333e-05,0.260610963166499
base_macro_xsec_sector_complementarity_v2,XSec/Sector v2,2019-01-14,-0.004579274091990467,0.2548382800427915
base_macro_xsec_sector_complementarity_v2,XSec/Sector v2,2019-01-15,0.007736041674270767,0.2645457612716726
base_macro_xsec_sector_complementarity_v2,XSec/Sector v2,2019-01-16,0.003169399407906367,0.2685536118587175
base_macro_xsec_sector_complementarity_v2,XSec/Sector v2,2019-01-17,0.005727676590295667,0.2758194766848956
base_macro_xsec_sector_complementarity_v2,XSec/Sector v2,2019-01-18,0.0117083153375762,0.29075717343174357
base_macro_xsec_sector_complementarity_v2,XSec/Sector v2,2019-01-22,-0.0107732242824468,0.2768515569081864
base_macro_xsec_sector_complementarity_v2,XSec/Sector v2,2019-01-23,0.006326564760987333,0.28492964097313367
base_macro_xsec_sector_complementarity_v2,XSec/Sector v2,2019-01-24,-0.0008798925564938576,0.28379904094642305
base_macro_xsec_sector_complementarity_v2,XSec/Sector v2,2019-01-25,0.002882088256852733,0.28749906308649353
base_macro_xsec_sector_complementarity_v2,XSec/Sector v2,2019-01-28,-0.007824019369821867,0.2774256454782773
base_macro_xsec_sector_complementarity_v2,XSec/Sector v2,2019-01-29,-0.0028017645792727335,0.27384659955212176
base_macro_xsec_sector_complementarity_v2,XSec/Sector v2,2019-01-30,0.0117139684883903,0.2887683984783185
base_macro_xsec_sector_complementarity_v2,XSec/Sector v2,2019-01-31,0.0023067105814960002,0.29174121418018606
base_macro_xsec_sector_complementarity_v2,XSec/Sector v2,2019-02-01,0.003658021609447433,0.29646643145547125
base_macro_xsec_sector_complementarity_v2,XSec/Sector v2,2019-02-04,0.006211242303783633,0.30451909859996285
base_macro_xsec_sector_complementarity_v2,XSec/Sector v2,2019-02-05,0.006404068832998134,0.31287332870135764
base_macro_xsec_sector_complementarity_v2,XSec/Sector v2,2019-02-06,-0.0013429234148002003,0.31111024036757784
base_macro_xsec_sector_complementarity_v2,XSec/Sector v2,2019-02-07,-0.010474394662362933,0.2973771542641024
base_macro_xsec_sector_complementarity_v2,XSec/Sector v2,2019-02-08,-0.0014055782978128334,0.2955535890919905
base_macro_xsec_sector_complementarity_v2,XSec/Sector v2,2019-02-11,-0.0018147910269801955,0.2932024300635343
base_macro_xsec_sector_complementarity_v2,XSec/Sector v2,2019-02-12,0.014033768741944402,0.3113509339035667
base_macro_xsec_sector_complementarity_v2,XSec/Sector v2,2019-02-13,0.0029340540327589,0.31519850839954877
base_macro_xsec_sector_complementarity_v2,XSec/Sector v2,2019-02-14,-0.0029173915680988996,0.3113615593607677
base_macro_xsec_sector_complementarity_v2,XSec/Sector v2,2019-02-15,0.013827365411150266,0.32949423482818485
base_macro_xsec_sector_complementarity_v2,XSec/Sector v2,2019-02-19,0.0005437566865350332,0.33021715620808223
base_macro_xsec_sector_complementarity_v2,XSec/Sector v2,2019-02-20,0.0006089250441066001,0.33102715874859756
base_macro_xsec_sector_complementarity_v2,XSec/Sector v2,2019-02-21,-0.0008815752333578333,0.3298537581705181
base_macro_xsec_sector_complementarity_v2,XSec/Sector v2,2019-02-22,0.007959315003888566,0.3404384831409024
base_macro_xsec_sector_complementarity_v2,XSec/Sector v2,2019-02-25,0.0010455433297176001,0.3418399696558472
base_macro_xsec_sector_complementarity_v2,XSec/Sector v2,2019-02-26,0.0016668042508757666,0.3440765542212647
base_macro_xsec_sector_complementarity_v2,XSec/Sector v2,2019-02-27,-0.002584166067275133,0.3406032371980259
base_macro_xsec_sector_complementarity_v2,XSec/Sector v2,2019-02-28,-0.000988989429775033,0.339277394766915
base_macro_xsec_sector_complementarity_v2,XSec/Sector v2,2019-03-01,0.007050396157997467,0.34871983096547265
base_macro_xsec_sector_complementarity_v2,XSec/Sector v2,2019-03-04,-0.010496190426741466,0.33456341078733653
base_macro_xsec_sector_complementarity_v2,XSec/Sector v2,2019-03-05,-0.0001697664302893,0.33433684672109254
base_macro_xsec_sector_complementarity_v2,XSec/Sector v2,2019-03-06,-0.0059441326835847005,0.32640537145958626
base_macro_xsec_sector_complementarity_v2,XSec/Sector v2,2019-03-07,-0.0081374023891106,0.31561187722094175
base_macro_xsec_sector_complementarity_v2,XSec/Sector v2,2019-03-08,-0.0008555765861881414,0.3144862705022804
base_macro_xsec_sector_complementarity_v2,XSec/Sector v2,2019-03-11,0.010131485023461466,0.3278039684654199
base_macro_xsec_sector_complementarity_v2,XSec/Sector v2,2019-03-12,-0.0009938600095916001,0.32648431720058513
base_macro_xsec_sector_complementarity_v2,XSec/Sector v2,2019-03-13,0.006566482068905334,0.3351946526841669
base_macro_xsec_sector_complementarity_v2,XSec/Sector v2,2019-03-14,0.0017997489936804002,0.33759766791670254
base_macro_xsec_sector_complementarity_v2,XSec/Sector v2,2019-03-15,0.008080768388306833,0.34840648486787673
base_macro_xsec_sector_complementarity_v2,XSec/Sector v2,2019-03-18,0.0006763039910367332,0.3493184175551327
base_macro_xsec_sector_complementarity_v2,XSec/Sector v2,2019-03-19,-0.0014323592714386667,0.3473857088096246
base_macro_xsec_sector_complementarity_v2,XSec/Sector v2,2019-03-20,-0.004044205224598,0.341936604486508
base_macro_xsec_sector_complementarity_v2,XSec/Sector v2,2019-03-21,0.007390243375078866,0.3518538425875901
base_macro_xsec_sector_complementarity_v2,XSec/Sector v2,2019-03-22,-0.0177329125804303,0.3278815365754655
base_macro_xsec_sector_complementarity_v2,XSec/Sector v2,2019-03-25,-0.00022331342764072954,0.32758500279803204
base_macro_xsec_sector_complementarity_v2,XSec/Sector v2,2019-03-26,0.0058483797058672335,0.3353492239862097
base_macro_xsec_sector_complementarity_v2,XSec/Sector v2,2019-03-27,-0.004624627474070067,0.32917373127748495
base_macro_xsec_sector_complementarity_v2,XSec/Sector v2,2019-03-28,0.0038044210895227335,0.33423046785239663
base_macro_xsec_sector_complementarity_v2,XSec/Sector v2,2019-03-29,0.008947901797750102,0.34616903105430596
base_macro_xsec_sector_complementarity_v2,XSec/Sector v2,2019-04-01,0.011540191940759434,0.36170408005737875
base_macro_xsec_sector_complementarity_v2,XSec/Sector v2,2019-04-02,-0.0015053828266617666,0.3596541941202651
base_macro_xsec_sector_complementarity_v2,XSec/Sector v2,2019-04-03,0.004075402037858333,0.3651953315937655
base_macro_xsec_sector_complementarity_v2,XSec/Sector v2,2019-07-05,0.0,0.3651953315937655
base_macro_xsec_sector_complementarity_v2,XSec/Sector v2,2019-07-08,-0.0004147457695006667,0.364629122605445
base_macro_xsec_sector_complementarity_v2,XSec/Sector v2,2019-07-09,-1.771569702216667e-05,0.3646049472493613
base_macro_xsec_sector_complementarity_v2,XSec/Sector v2,2019-07-10,0.0013710180213153001,0.3664758452240162
base_macro_xsec_sector_complementarity_v2,XSec/Sector v2,2019-07-11,0.0049095572739524,0.3731846366496161
base_macro_xsec_sector_complementarity_v2,XSec/Sector v2,2019-07-12,0.006485826269107867,0.3820908736383335
base_macro_xsec_sector_complementarity_v2,XSec/Sector v2,2019-07-15,7.422955266686668e-05,0.3821934656256285
base_macro_xsec_sector_complementarity_v2,XSec/Sector v2,2019-07-16,-0.0019218185674046665,0.3795371405596437
base_macro_xsec_sector_complementarity_v2,XSec/Sector v2,2019-07-17,-0.004524606261150767,0.3732952781759775
base_macro_xsec_sector_complementarity_v2,XSec/Sector v2,2019-07-18,0.0008562693944824825,0.37447118889226694
base_macro_xsec_sector_complementarity_v2,XSec/Sector v2,2019-07-19,-0.004745274161276834,0.36794894627419716
base_macro_xsec_sector_complementarity_v2,XSec/Sector v2,2019-07-22,0.0012769718928970332,0.3696957786295074
base_macro_xsec_sector_complementarity_v2,XSec/Sector v2,2019-07-23,0.004048807399310367,0.37524141303282676
base_macro_xsec_sector_complementarity_v2,XSec/Sector v2,2019-07-24,-0.0032781317389077003,0.3707331905081037
base_macro_xsec_sector_complementarity_v2,XSec/Sector v2,2019-07-25,-0.004150940846672433,0.3650433581177339
base_macro_xsec_sector_complementarity_v2,XSec/Sector v2,2019-07-26,0.004437560824041433,0.37110082104683517
base_macro_xsec_sector_complementarity_v2,XSec/Sector v2,2019-07-29,0.0007939692361329443,0.372189432918383
base_macro_xsec_sector_complementarity_v2,XSec/Sector v2,2019-07-30,-0.0014675838493192334,0.37017562986842556
base_macro_xsec_sector_complementarity_v2,XSec/Sector v2,2019-07-31,-0.014004406532147967,0.35098713332730624
base_macro_xsec_sector_complementarity_v2,XSec/Sector v2,2019-08-01,-0.007636085806036333,0.3406708796543678
base_macro_xsec_sector_complementarity_v2,XSec/Sector v2,2019-08-02,-0.0022893078336501333,0.3376016713072285
base_macro_xsec_sector_complementarity_v2,XSec/Sector v2,2019-08-05,-0.027791702962461,0.30042744297616664
base_macro_xsec_sector_complementarity_v2,XSec/Sector v2,2019-08-06,0.015593078800132934,0.32070511056834916
base_macro_xsec_sector_complementarity_v2,XSec/Sector v2,2019-08-07,-0.0024878777081420666,0.31741935776473684
base_macro_xsec_sector_complementarity_v2,XSec/Sector v2,2019-08-08,0.014298934645564301,0.33625705106221604
base_macro_xsec_sector_complementarity_v2,XSec/Sector v2,2019-08-09,-0.0017770831908415,0.33388241111813
base_macro_xsec_sector_complementarity_v2,XSec/Sector v2,2019-08-12,-0.015308842469098733,0.313462215414021
base_macro_xsec_sector_complementarity_v2,XSec/Sector v2,2019-08-13,0.015570542624638667,0.3339135348249773
base_macro_xsec_sector_complementarity_v2,XSec/Sector v2,2019-08-14,-0.026707806545705898,0.29828763018817317
base_macro_xsec_sector_complementarity_v2,XSec/Sector v2,2019-08-15,0.003350515339501667,0.30263756280820386
base_macro_xsec_sector_complementarity_v2,XSec/Sector v2,2019-08-16,0.010896893850979467,0.31683226605642356
base_macro_xsec_sector_complementarity_v2,XSec/Sector v2,2019-08-19,0.008099351645388,0.3274977536372077
base_macro_xsec_sector_complementarity_v2,XSec/Sector v2,2019-08-20,-0.0037590675885728667,0.3225075998576068
base_macro_xsec_sector_complementarity_v2,XSec/Sector v2,2019-08-21,0.007935986127962234,0.3330030018242014
base_macro_xsec_sector_complementarity_v2,XSec/Sector v2,2019-08-22,-0.003706554210332567,0.32806215393540383
base_macro_xsec_sector_complementarity_v2,XSec/Sector v2,2019-08-23,-0.024456066400091365,0.29558297771531117
base_macro_xsec_sector_complementarity_v2,XSec/Sector v2,2019-08-26,0.010473006746728334,0.30915162698186993
base_macro_xsec_sector_complementarity_v2,XSec/Sector v2,2019-08-27,-0.004459194573253997,0.3033138651512659
base_macro_xsec_sector_complementarity_v2,XSec/Sector v2,2019-08-28,0.0102127203793501,0.3166242452225858
base_macro_xsec_sector_complementarity_v2,XSec/Sector v2,2019-08-29,0.014249324855677365,0.3353852518056235
base_macro_xsec_sector_complementarity_v2,XSec/Sector v2,2019-08-30,0.0006768027961498666,0.3362890442779829
base_macro_xsec_sector_complementarity_v2,XSec/Sector v2,2019-09-03,-0.007746964161396766,0.32593686094269425
base_macro_xsec_sector_complementarity_v2,XSec/Sector v2,2019-09-04,0.008958610407909367,0.3378154127053661
base_macro_xsec_sector_complementarity_v2,XSec/Sector v2,2019-09-05,0.012970896162390598,0.35516807750801327
base_macro_xsec_sector_complementarity_v2,XSec/Sector v2,2019-09-06,0.0030549876737083,0.35930809928060325
base_macro_xsec_sector_complementarity_v2,XSec/Sector v2,2019-09-09,-0.0008816612810108002,0.3581096499605032
base_macro_xsec_sector_complementarity_v2,XSec/Sector v2,2019-09-10,-0.006592447859250533,0.3491563829059936
base_macro_xsec_sector_complementarity_v2,XSec/Sector v2,2019-09-11,0.0042761659912627,0.35492559954747116
base_macro_xsec_sector_complementarity_v2,XSec/Sector v2,2019-09-12,0.0034354365533021333,0.3595803604791612
base_macro_xsec_sector_complementarity_v2,XSec/Sector v2,2019-09-13,-0.0003464390626396,0.35910934873349354
base_macro_xsec_sector_complementarity_v2,XSec/Sector v2,2019-09-16,-0.008498731679868166,0.3475586430550073
base_macro_xsec_sector_complementarity_v2,XSec/Sector v2,2019-09-17,0.0024349676074421,0.3508399046999746
base_macro_xsec_sector_complementarity_v2,XSec/Sector v2,2019-09-18,0.0015089398415023,0.3528782408516675
base_macro_xsec_sector_complementarity_v2,XSec/Sector v2,2019-09-19,-0.0027045255762693002,0.34921934704770585
base_macro_xsec_sector_complementarity_v2,XSec/Sector v2,2019-09-20,-0.0051406713516381,0.34228345380326175
base_macro_xsec_sector_complementarity_v2,XSec/Sector v2,2019-09-23,0.0011502168766736331,0.34382737088510607
base_macro_xsec_sector_complementarity_v2,XSec/Sector v2,2019-09-24,-0.0063959195984359994,0.3352323590667472
base_macro_xsec_sector_complementarity_v2,XSec/Sector v2,2019-09-25,0.0057287724255649,0.34288160138709056
base_macro_xsec_sector_complementarity_v2,XSec/Sector v2,2019-09-26,-0.0034909235304513334,0.3381937044061982
base_macro_xsec_sector_complementarity_v2,XSec/Sector v2,2019-09-27,-0.0012468691339424668,0.336525151980938
base_macro_xsec_sector_complementarity_v2,XSec/Sector v2,2019-09-30,0.0059689888675559,0.3445028557343206
base_macro_xsec_sector_complementarity_v2,XSec/Sector v2,2019-10-01,-0.012560831964288033,0.3276147812879364
base_macro_xsec_sector_complementarity_v2,XSec/Sector v2,2019-10-02,-0.017759155621425767,0.3040374637817389
base_macro_xsec_sector_complementarity_v2,XSec/Sector v2,2019-10-03,0.004031026983966,0.3092940739863457
base_macro_xsec_sector_complementarity_v2,XSec/Sector v2,2020-01-06,0.0,0.3092940739863457
base_macro_xsec_sector_complementarity_v2,XSec/Sector v2,2020-01-07,-0.0010437479320525333,0.30792750100417376
base_macro_xsec_sector_complementarity_v2,XSec/Sector v2,2020-01-08,0.0018909839384389,0.3104007709012151
base_macro_xsec_sector_complementarity_v2,XSec/Sector v2,2020-01-09,0.0025820804229194,0.3137843310779376
base_macro_xsec_sector_complementarity_v2,XSec/Sector v2,2020-01-10,-0.0019693672871532665,0.3111970071939383
base_macro_xsec_sector_complementarity_v2,XSec/Sector v2,2020-01-13,0.00036021389238376656,0.31166931857158153
base_macro_xsec_sector_complementarity_v2,XSec/Sector v2,2020-01-14,0.0013691606162229,0.3134652045440778
base_macro_xsec_sector_complementarity_v2,XSec/Sector v2,2020-01-15,0.005338911018864967,0.32047767839751384
base_macro_xsec_sector_complementarity_v2,XSec/Sector v2,2020-01-16,0.0081034110983631,0.33117805187178107
base_macro_xsec_sector_complementarity_v2,XSec/Sector v2,2020-01-17,0.0013675862839494666,0.3329985527170156
base_macro_xsec_sector_complementarity_v2,XSec/Sector v2,2020-01-21,-0.0045815455250516335,0.32689135916291456
base_macro_xsec_sector_complementarity_v2,XSec/Sector v2,2020-01-22,0.0004246478219062334,0.3274548206884895
base_macro_xsec_sector_complementarity_v2,XSec/Sector v2,2020-01-23,-0.0035835439985296333,0.3226978279324919
base_macro_xsec_sector_complementarity_v2,XSec/Sector v2,2020-01-24,-0.0113596566020868,0.30767243481885265
base_macro_xsec_sector_complementarity_v2,XSec/Sector v2,2020-01-27,-0.015898069872577233,0.2868829670796593
base_macro_xsec_sector_complementarity_v2,XSec/Sector v2,2020-01-28,0.008924175458602334,0.29836733647256497
base_macro_xsec_sector_complementarity_v2,XSec/Sector v2,2020-01-29,-0.0009714304493762333,0.29710606290744
base_macro_xsec_sector_complementarity_v2,XSec/Sector v2,2020-01-30,0.0065470958089696,0.30559834057569035
base_macro_xsec_sector_complementarity_v2,XSec/Sector v2,2020-01-31,-0.015452726782495435,0.2854232861310948
base_macro_xsec_sector_complementarity_v2,XSec/Sector v2,2020-02-03,0.007168338811252467,0.294637635761956
base_macro_xsec_sector_complementarity_v2,XSec/Sector v2,2020-02-04,0.016819245286293,0.3164124637147028
base_macro_xsec_sector_complementarity_v2,XSec/Sector v2,2020-02-05,0.015835871041782766,0.33725900172788426
base_macro_xsec_sector_complementarity_v2,XSec/Sector v2,2020-02-06,0.0005470112061678667,0.3379904973873782
base_macro_xsec_sector_complementarity_v2,XSec/Sector v2,2020-02-07,-0.007654119697090032,0.32774935796680604
base_macro_xsec_sector_complementarity_v2,XSec/Sector v2,2020-02-10,0.0054738858486914335,0.33501730638798954
base_macro_xsec_sector_complementarity_v2,XSec/Sector v2,2020-02-11,0.0002117007681458334,0.33529993057723995
base_macro_xsec_sector_complementarity_v2,XSec/Sector v2,2020-02-12,0.006118926987260467,0.34347053335853617
base_macro_xsec_sector_complementarity_v2,XSec/Sector v2,2020-02-13,-0.0034290858652056,0.3388636575422761
base_macro_xsec_sector_complementarity_v2,XSec/Sector v2,2020-02-14,-0.0006725364605606,0.33796322291685943
base_macro_xsec_sector_complementarity_v2,XSec/Sector v2,2020-02-18,-0.0023720981841122333,0.3347894427853695
base_macro_xsec_sector_complementarity_v2,XSec/Sector v2,2020-02-19,0.005236625185512299,0.34177923479881533
base_macro_xsec_sector_complementarity_v2,XSec/Sector v2,2020-02-20,-0.005262568396452834,0.33471802980274656
base_macro_xsec_sector_complementarity_v2,XSec/Sector v2,2020-02-21,-0.006985514478629767,0.3253943376806714
base_macro_xsec_sector_complementarity_v2,XSec/Sector v2,2020-02-24,-0.03499538852925733,0.2790116478790585
base_macro_xsec_sector_complementarity_v2,XSec/Sector v2,2020-02-25,-0.030296449320879566,0.24026213630827598
base_macro_xsec_sector_complementarity_v2,XSec/Sector v2,2020-02-26,-0.0046416318766377,0.2345052960410008
base_macro_xsec_sector_complementarity_v2,XSec/Sector v2,2020-02-27,-0.04451185712215306,0.17955517268708254
base_macro_xsec_sector_complementarity_v2,XSec/Sector v2,2020-02-28,-0.009042306563879566,0.16888927320663605
base_macro_xsec_sector_complementarity_v2,XSec/Sector v2,2020-03-02,0.048054550011558735,0.22505972124391893
base_macro_xsec_sector_complementarity_v2,XSec/Sector v2,2020-03-03,-0.03270211443264797,0.18499767805297251
base_macro_xsec_sector_complementarity_v2,XSec/Sector v2,2020-03-04,0.05116831675483937,0.24563201459733608
base_macro_xsec_sector_complementarity_v2,XSec/Sector v2,2020-03-05,-0.028246422107257797,0.21044736692270583
base_macro_xsec_sector_complementarity_v2,XSec/Sector v2,2020-03-06,-0.009424931390890933,0.19903898353717464
base_macro_xsec_sector_complementarity_v2,XSec/Sector v2,2020-03-09,-0.06875748301367024,0.11659608099388885
base_macro_xsec_sector_complementarity_v2,XSec/Sector v2,2020-03-10,0.04921526847636343,0.17154965689965818
base_macro_xsec_sector_complementarity_v2,XSec/Sector v2,2020-03-11,-0.04758000846404473,0.1158073143083238
base_macro_xsec_sector_complementarity_v2,XSec/Sector v2,2020-03-12,-0.0961432102318087,0.008530017110588872
base_macro_xsec_sector_complementarity_v2,XSec/Sector v2,2020-03-13,0.10481785436509077,0.11424196956690924
base_macro_xsec_sector_complementarity_v2,XSec/Sector v2,2020-03-16,-0.11163105193620844,-0.01014203360731758
base_macro_xsec_sector_complementarity_v2,XSec/Sector v2,2020-03-17,0.056645996099919965,0.045929456896437015
base_macro_xsec_sector_complementarity_v2,XSec/Sector v2,2020-03-18,-0.0589620531534015,-0.01574069133579914
base_macro_xsec_sector_complementarity_v2,XSec/Sector v2,2020-03-19,0.005216319530230134,-0.010606480281203257
base_macro_xsec_sector_complementarity_v2,XSec/Sector v2,2020-03-20,-0.04604923280892146,-0.05616729281037236
base_macro_xsec_sector_complementarity_v2,XSec/Sector v2,2020-03-23,-0.037130632621430536,-0.09121239831712069
base_macro_xsec_sector_complementarity_v2,XSec/Sector v2,2020-03-24,0.10767880782684926,0.0066447671999134705
base_macro_xsec_sector_complementarity_v2,XSec/Sector v2,2020-03-25,0.0113820798774101,0.018102478348359652
base_macro_xsec_sector_complementarity_v2,XSec/Sector v2,2020-03-26,0.05751824214849427,0.07666194322998288
base_macro_xsec_sector_complementarity_v2,XSec/Sector v2,2020-03-27,-0.03576246413792957,0.03815785909654701
base_macro_xsec_sector_complementarity_v2,XSec/Sector v2,2020-03-30,0.042908206312696505,0.08270335069980894
base_macro_xsec_sector_complementarity_v2,XSec/Sector v2,2020-03-31,-0.0173988967251953,0.06386550691696002
base_macro_xsec_sector_complementarity_v2,XSec/Sector v2,2020-04-01,-0.0377720201535145,0.023681157549063636
base_macro_xsec_sector_complementarity_v2,XSec/Sector v2,2020-04-02,0.031442820446185064,0.055868580380021626
base_macro_xsec_sector_complementarity_v2,XSec/Sector v2,2020-04-03,-0.0192299181953425,0.03556431395428139
base_macro_xsec_sector_complementarity_v2,XSec/Sector v2,2020-07-06,0.0,0.03556431395428139
base_macro_xsec_sector_complementarity_v2,XSec/Sector v2,2020-07-07,-0.0035246324915569334,0.03191433032622126
base_macro_xsec_sector_complementarity_v2,XSec/Sector v2,2020-07-08,0.0034539937247011336,0.03547855594759719
base_macro_xsec_sector_complementarity_v2,XSec/Sector v2,2020-07-09,-0.005472213112373367,0.029812196616159303
base_macro_xsec_sector_complementarity_v2,XSec/Sector v2,2020-07-10,0.005395771023917067,0.03536882742673697
base_macro_xsec_sector_complementarity_v2,XSec/Sector v2,2020-07-13,-0.0039208885130593,0.03130926168449988
base_macro_xsec_sector_complementarity_v2,XSec/Sector v2,2020-07-14,0.0193288174251533,0.05124325011246933
base_macro_xsec_sector_complementarity_v2,XSec/Sector v2,2020-07-15,0.0008041121670723999,0.05208856760043745
base_macro_xsec_sector_complementarity_v2,XSec/Sector v2,2020-07-16,-0.0018851115733092667,0.05010526326550746
base_macro_xsec_sector_complementarity_v2,XSec/Sector v2,2020-07-17,0.0014716674434085,0.051650668993607374
base_macro_xsec_sector_complementarity_v2,XSec/Sector v2,2020-07-20,0.010376908106518033,0.06256355134591218
base_macro_xsec_sector_complementarity_v2,XSec/Sector v2,2020-07-21,-0.00028025234068965117,0.06226576542351592
base_macro_xsec_sector_complementarity_v2,XSec/Sector v2,2020-07-22,0.003556012529590032,0.06604319579511642
base_macro_xsec_sector_complementarity_v2,XSec/Sector v2,2020-07-23,-0.014449875480221301,0.05063900435933988
base_macro_xsec_sector_complementarity_v2,XSec/Sector v2,2020-07-24,-0.007733576950747632,0.04251380677167016
base_macro_xsec_sector_complementarity_v2,XSec/Sector v2,2020-07-27,0.007958737139403467,0.05081090012396472
base_macro_xsec_sector_complementarity_v2,XSec/Sector v2,2020-07-28,-0.007273901982371467,0.04316740463445545
base_macro_xsec_sector_complementarity_v2,XSec/Sector v2,2020-07-29,0.007456746019779167,0.05094603902692674
base_macro_xsec_sector_complementarity_v2,XSec/Sector v2,2020-07-30,-0.006564628615665167,0.044046968585610635
base_macro_xsec_sector_complementarity_v2,XSec/Sector v2,2020-07-31,0.0040512665233481,0.04827668111824468
base_macro_xsec_sector_complementarity_v2,XSec/Sector v2,2020-08-03,0.0088668063047135,0.05757154740346815
base_macro_xsec_sector_complementarity_v2,XSec/Sector v2,2020-08-04,0.0028033356392396336,0.06053627541335005
base_macro_xsec_sector_complementarity_v2,XSec/Sector v2,2020-08-05,0.009754686537606734,0.07088147434176828
base_macro_xsec_sector_complementarity_v2,XSec/Sector v2,2020-08-06,0.008457430209488333,0.07993837967364792
base_macro_xsec_sector_complementarity_v2,XSec/Sector v2,2020-08-07,-8.611670158733331e-05,0.0798453789424729
base_macro_xsec_sector_complementarity_v2,XSec/Sector v2,2020-08-10,0.0044893892987875,0.08469322523104217
base_macro_xsec_sector_complementarity_v2,XSec/Sector v2,2020-08-11,-0.007418832146189366,0.0766460682629444
base_macro_xsec_sector_complementarity_v2,XSec/Sector v2,2020-08-12,0.015175647396143833,0.09298486936534744
base_macro_xsec_sector_complementarity_v2,XSec/Sector v2,2020-08-13,-0.0023690244417506998,0.09039556149535732
base_macro_xsec_sector_complementarity_v2,XSec/Sector v2,2020-08-14,-5.037063085076666e-05,0.090340637583048
base_macro_xsec_sector_complementarity_v2,XSec/Sector v2,2020-08-17,0.0029561471077929,0.09356384490534797
base_macro_xsec_sector_complementarity_v2,XSec/Sector v2,2020-08-18,0.002047107174015297,0.09580248729749741
base_macro_xsec_sector_complementarity_v2,XSec/Sector v2,2020-08-19,-0.0032777554388866335,0.09221071473481257
base_macro_xsec_sector_complementarity_v2,XSec/Sector v2,2020-08-20,0.002772933923561767,0.09523934287737834
base_macro_xsec_sector_complementarity_v2,XSec/Sector v2,2020-08-21,0.003780522692485667,0.09937992006682927
base_macro_xsec_sector_complementarity_v2,XSec/Sector v2,2020-08-24,0.006358182375294234,0.10636997809835069
base_macro_xsec_sector_complementarity_v2,XSec/Sector v2,2020-08-25,0.0098444172548528,0.11726154580099335
base_macro_xsec_sector_complementarity_v2,XSec/Sector v2,2020-08-26,0.025040350240323334,0.1452381662178952
base_macro_xsec_sector_complementarity_v2,XSec/Sector v2,2020-08-27,0.0037281174035469333,0.1495077485565781
base_macro_xsec_sector_complementarity_v2,XSec/Sector v2,2020-08-28,0.002014178506556251,0.15182306235684062
base_macro_xsec_sector_complementarity_v2,XSec/Sector v2,2020-08-31,-0.0021468274156313002,0.14935029702861646
base_macro_xsec_sector_complementarity_v2,XSec/Sector v2,2020-09-01,0.0071481607916719335,0.1575660377577328
base_macro_xsec_sector_complementarity_v2,XSec/Sector v2,2020-09-02,0.0136543597002562,0.1733718608140773
base_macro_xsec_sector_complementarity_v2,XSec/Sector v2,2020-09-03,-0.03334372565372277,0.13424727139729442
base_macro_xsec_sector_complementarity_v2,XSec/Sector v2,2020-09-04,-0.010194328235961633,0.12268438241192658
base_macro_xsec_sector_complementarity_v2,XSec/Sector v2,2020-09-08,-0.0256034296204106,0.09393981184090872
base_macro_xsec_sector_complementarity_v2,XSec/Sector v2,2020-09-09,0.021123335531477536,0.11704746953766554
base_macro_xsec_sector_complementarity_v2,XSec/Sector v2,2020-09-10,-0.016448756074375365,0.09867342818774216
base_macro_xsec_sector_complementarity_v2,XSec/Sector v2,2020-09-11,0.0007450269748406,0.09949196952828254
base_macro_xsec_sector_complementarity_v2,XSec/Sector v2,2020-09-14,0.012716267460243333,0.11347340348319368
base_macro_xsec_sector_complementarity_v2,XSec/Sector v2,2020-09-15,0.004587231586008934,0.11858116384983264
base_macro_xsec_sector_complementarity_v2,XSec/Sector v2,2020-09-16,-0.0034878929809886,0.11467967245977473
base_macro_xsec_sector_complementarity_v2,XSec/Sector v2,2020-09-17,-0.008414584906395966,0.10530010571242832
base_macro_xsec_sector_complementarity_v2,XSec/Sector v2,2020-09-18,-0.008411188017477566,0.09600321870754325
base_macro_xsec_sector_complementarity_v2,XSec/Sector v2,2020-09-21,-0.013225159534485298,0.08150840128982662
base_macro_xsec_sector_complementarity_v2,XSec/Sector v2,2020-09-22,0.008082338342829233,0.09024951810966342
base_macro_xsec_sector_complementarity_v2,XSec/Sector v2,2020-09-23,-0.02283293870334943,0.06535591769130922
base_macro_xsec_sector_complementarity_v2,XSec/Sector v2,2020-09-24,0.0044128235794648665,0.07005714540541996
base_macro_xsec_sector_complementarity_v2,XSec/Sector v2,2020-09-25,0.015797962074180567,0.08696186760574065
base_macro_xsec_sector_complementarity_v2,XSec/Sector v2,2020-09-28,0.014201794534207834,0.10239867671599634
base_macro_xsec_sector_complementarity_v2,XSec/Sector v2,2020-09-29,-0.003986770956295433,0.09800366568940655
base_macro_xsec_sector_complementarity_v2,XSec/Sector v2,2020-09-30,0.013155478923981901,0.11244842977183844
base_macro_xsec_sector_complementarity_v2,XSec/Sector v2,2020-10-01,0.0033797424512067333,0.11620821895471667
base_macro_xsec_sector_complementarity_v2,XSec/Sector v2,2020-10-02,-0.008721278089269233,0.10647345667168473
base_macro_xsec_sector_complementarity_v2,XSec/Sector v2,2021-01-04,0.0,0.10647345667168473
base_macro_xsec_sector_complementarity_v2,XSec/Sector v2,2021-01-05,0.0006407589078265636,0.10718243939532068
base_macro_xsec_sector_complementarity_v2,XSec/Sector v2,2021-01-06,0.007915795226964433,0.11594666886446503
base_macro_xsec_sector_complementarity_v2,XSec/Sector v2,2021-01-07,0.0047560535657253334,0.12125417099807723
base_macro_xsec_sector_complementarity_v2,XSec/Sector v2,2021-01-08,0.0003115705256854666,0.12160352074956227
base_macro_xsec_sector_complementarity_v2,XSec/Sector v2,2021-01-11,-0.0017405355716399668,0.11965132992442107
base_macro_xsec_sector_complementarity_v2,XSec/Sector v2,2021-01-12,0.0028439157392618,0.1228355239640786
base_macro_xsec_sector_complementarity_v2,XSec/Sector v2,2021-01-13,-0.0015027468358391664,0.12114818643327374
base_macro_xsec_sector_complementarity_v2,XSec/Sector v2,2021-01-14,-0.002502514415739633,0.11834249693454413
base_macro_xsec_sector_complementarity_v2,XSec/Sector v2,2021-01-15,-0.0037736033273623668,0.1141223159669813
base_macro_xsec_sector_complementarity_v2,XSec/Sector v2,2021-01-19,0.0012531801598410668,0.11551851194898721
base_macro_xsec_sector_complementarity_v2,XSec/Sector v2,2021-01-20,0.004030034819552333,0.1200140903939968
base_macro_xsec_sector_complementarity_v2,XSec/Sector v2,2021-01-21,0.001733512989399233,0.12195564936800496
base_macro_xsec_sector_complementarity_v2,XSec/Sector v2,2021-01-22,-0.006526243286073667,0.11463349384404453
base_macro_xsec_sector_complementarity_v2,XSec/Sector v2,2021-01-25,-0.0017952315534436665,0.11263246862537057
base_macro_xsec_sector_complementarity_v2,XSec/Sector v2,2021-01-26,-0.004391444041756833,0.10774640540036051
base_macro_xsec_sector_complementarity_v2,XSec/Sector v2,2021-01-27,-0.024944146576497166,0.08011461669446618
base_macro_xsec_sector_complementarity_v2,XSec/Sector v2,2021-01-28,0.012428492785606001,0.09353881341568093
base_macro_xsec_sector_complementarity_v2,XSec/Sector v2,2021-01-29,-0.020026342550165,0.0716392305463176
base_macro_xsec_sector_complementarity_v2,XSec/Sector v2,2021-02-01,0.007185545887259633,0.07933954341199567
base_macro_xsec_sector_complementarity_v2,XSec/Sector v2,2021-02-02,0.016451083612279566,0.09709584848670594
base_macro_xsec_sector_complementarity_v2,XSec/Sector v2,2021-02-03,0.0008842023015972999,0.09806590316101071
base_macro_xsec_sector_complementarity_v2,XSec/Sector v2,2021-02-04,0.009007282199415934,0.10795649262433837
base_macro_xsec_sector_complementarity_v2,XSec/Sector v2,2021-02-05,0.0017672600147742665,0.10991453983186283
base_macro_xsec_sector_complementarity_v2,XSec/Sector v2,2021-02-08,0.008533276710215034,0.11938574772493915
base_macro_xsec_sector_complementarity_v2,XSec/Sector v2,2021-02-09,0.0012762500341485666,0.12081436382369848
base_macro_xsec_sector_complementarity_v2,XSec/Sector v2,2021-02-10,0.0031115423257455665,0.12430182515603949
base_macro_xsec_sector_complementarity_v2,XSec/Sector v2,2021-02-11,-0.0007463259474059001,0.12346272953120985
base_macro_xsec_sector_complementarity_v2,XSec/Sector v2,2021-02-12,-0.0008699134138575668,0.12248541423282155
base_macro_xsec_sector_complementarity_v2,XSec/Sector v2,2021-02-16,0.0007914026641797333,0.12337375218014834
base_macro_xsec_sector_complementarity_v2,XSec/Sector v2,2021-02-17,0.005567528309534,0.12962816734759874
base_macro_xsec_sector_complementarity_v2,XSec/Sector v2,2021-02-18,-0.0022483815985031665,0.12708833216298365
base_macro_xsec_sector_complementarity_v2,XSec/Sector v2,2021-02-19,-0.0020641260811392,0.12476187974081832
base_macro_xsec_sector_complementarity_v2,XSec/Sector v2,2021-02-22,0.003142049402910833,0.12829593713347487
base_macro_xsec_sector_complementarity_v2,XSec/Sector v2,2021-02-23,0.002046056455418738,0.13060449431926968
base_macro_xsec_sector_complementarity_v2,XSec/Sector v2,2021-02-24,0.011543385549145134,0.14365549790079335
base_macro_xsec_sector_complementarity_v2,XSec/Sector v2,2021-02-25,-0.014582023093574535,0.1269786870193106
base_macro_xsec_sector_complementarity_v2,XSec/Sector v2,2021-02-26,-0.0106573804957626,0.11496804634113089
base_macro_xsec_sector_complementarity_v2,XSec/Sector v2,2021-03-01,0.020040286779364702,0.13731232573963514
base_macro_xsec_sector_complementarity_v2,XSec/Sector v2,2021-03-02,-0.0033388560348024334,0.13351500361738422
base_macro_xsec_sector_complementarity_v2,XSec/Sector v2,2021-03-03,-0.0017838283481817336,0.13149300742084225
base_macro_xsec_sector_complementarity_v2,XSec/Sector v2,2021-03-04,-0.011331182114169168,0.11867185409284775
base_macro_xsec_sector_complementarity_v2,XSec/Sector v2,2021-03-05,0.018487760565312965,0.13935359148247084
base_macro_xsec_sector_complementarity_v2,XSec/Sector v2,2021-03-08,0.0138073103325978,0.15508500009862902
base_macro_xsec_sector_complementarity_v2,XSec/Sector v2,2021-03-09,-0.00023451930260210002,0.15481411036995985
base_macro_xsec_sector_complementarity_v2,XSec/Sector v2,2021-03-10,0.0132825674700522,0.17015300670631728
base_macro_xsec_sector_complementarity_v2,XSec/Sector v2,2021-03-11,0.0050485342196771995,0.17606056420293226
base_macro_xsec_sector_complementarity_v2,XSec/Sector v2,2021-03-12,0.011252006015748066,0.18929360474622792
base_macro_xsec_sector_complementarity_v2,XSec/Sector v2,2021-03-15,0.003754992722794367,0.19375939357731609
base_macro_xsec_sector_complementarity_v2,XSec/Sector v2,2021-03-16,-0.004075750763651899,0.18889392781732672
base_macro_xsec_sector_complementarity_v2,XSec/Sector v2,2021-03-17,0.0039871701280164,0.19363425017169988
base_macro_xsec_sector_complementarity_v2,XSec/Sector v2,2021-03-18,0.0007527266793493,0.1945327305171891
base_macro_xsec_sector_complementarity_v2,XSec/Sector v2,2021-03-19,-0.007129981857620899,0.18601573382026726
base_macro_xsec_sector_complementarity_v2,XSec/Sector v2,2021-03-22,0.0005855213237840666,0.18671017132276235
base_macro_xsec_sector_complementarity_v2,XSec/Sector v2,2021-03-23,-0.0075326356260344,0.17777111600847917
base_macro_xsec_sector_complementarity_v2,XSec/Sector v2,2021-03-24,0.0012422999623036334,0.17923426102149875
base_macro_xsec_sector_complementarity_v2,XSec/Sector v2,2021-03-25,0.006885555193201966,0.18735394361147684
base_macro_xsec_sector_complementarity_v2,XSec/Sector v2,2021-03-26,0.012706977795868534,0.20244162380878494
base_macro_xsec_sector_complementarity_v2,XSec/Sector v2,2021-03-29,0.0019840478237474666,0.20482732549568605
base_macro_xsec_sector_complementarity_v2,XSec/Sector v2,2021-03-30,-0.002218454918758567,0.20215447038918533
base_macro_xsec_sector_complementarity_v2,XSec/Sector v2,2021-03-31,-0.004867052630686467,0.19630352131158624
base_macro_xsec_sector_complementarity_v2,XSec/Sector v2,2021-04-01,0.0020614273355361334,0.1987696140920161
base_macro_xsec_sector_complementarity_v2,XSec/Sector v2,2021-07-06,0.0,0.1987696140920161
base_macro_xsec_sector_complementarity_v2,XSec/Sector v2,2021-07-07,0.0008918423103331333,0.1998387275542053
base_macro_xsec_sector_complementarity_v2,XSec/Sector v2,2021-07-08,-0.0034466228533270005,0.19570333597551026
base_macro_xsec_sector_complementarity_v2,XSec/Sector v2,2021-07-09,0.005792879929757733,0.20262990183242713
base_macro_xsec_sector_complementarity_v2,XSec/Sector v2,2021-07-12,0.0009989742645270666,0.2038312981541084
base_macro_xsec_sector_complementarity_v2,XSec/Sector v2,2021-07-13,0.0014157011910946,0.20553556355678215
base_macro_xsec_sector_complementarity_v2,XSec/Sector v2,2021-07-14,0.005528199064204233,0.21220000413110163
base_macro_xsec_sector_complementarity_v2,XSec/Sector v2,2021-07-15,3.4721862845266734e-05,0.21224209397338623
base_macro_xsec_sector_complementarity_v2,XSec/Sector v2,2021-07-16,-0.007544128857963334,0.20309678340940374
base_macro_xsec_sector_complementarity_v2,XSec/Sector v2,2021-07-19,-0.0188571772984647,0.18040977405743996
base_macro_xsec_sector_complementarity_v2,XSec/Sector v2,2021-07-20,0.014596807179395765,0.19763998792203052
base_macro_xsec_sector_complementarity_v2,XSec/Sector v2,2021-07-21,0.006008099406811267,0.20483552802303828
base_macro_xsec_sector_complementarity_v2,XSec/Sector v2,2021-07-22,0.006517140215556633,0.21268761009584858
base_macro_xsec_sector_complementarity_v2,XSec/Sector v2,2021-07-23,0.007861103841852367,0.22222067332653972
base_macro_xsec_sector_complementarity_v2,XSec/Sector v2,2021-07-26,0.0022545232106464335,0.22497619820308623
base_macro_xsec_sector_complementarity_v2,XSec/Sector v2,2021-07-27,-0.004643051048469467,0.21928857118166922
base_macro_xsec_sector_complementarity_v2,XSec/Sector v2,2021-07-28,-0.005834700861030234,0.21217438710555125
base_macro_xsec_sector_complementarity_v2,XSec/Sector v2,2021-07-29,0.0026896926349601,0.2154347636268361
base_macro_xsec_sector_complementarity_v2,XSec/Sector v2,2021-07-30,-0.009700852917266767,0.20364400975435926
base_macro_xsec_sector_complementarity_v2,XSec/Sector v2,2021-08-02,-0.0038894041475270665,0.19896255175067457
base_macro_xsec_sector_complementarity_v2,XSec/Sector v2,2021-08-03,0.005085327559751733,0.2050596690582025
base_macro_xsec_sector_complementarity_v2,XSec/Sector v2,2021-08-04,-0.003974164803405366,0.20027056333542803
base_macro_xsec_sector_complementarity_v2,XSec/Sector v2,2021-08-05,0.008285515719033666,0.2102154239550369
base_macro_xsec_sector_complementarity_v2,XSec/Sector v2,2021-08-06,0.0022717534096196334,0.21296473497078106
base_macro_xsec_sector_complementarity_v2,XSec/Sector v2,2021-08-09,-0.0034618826845719333,0.20876559335778944
base_macro_xsec_sector_complementarity_v2,XSec/Sector v2,2021-08-10,-0.0012633836706780336,0.20723845864546386
base_macro_xsec_sector_complementarity_v2,XSec/Sector v2,2021-08-11,0.0016986387535227665,0.2092891206760621
base_macro_xsec_sector_complementarity_v2,XSec/Sector v2,2021-08-12,0.004578196802248133,0.21482548426133463
base_macro_xsec_sector_complementarity_v2,XSec/Sector v2,2021-08-13,0.0032960779846639334,0.2188296437952173
base_macro_xsec_sector_complementarity_v2,XSec/Sector v2,2021-08-16,0.0050244049519981,0.22495353749314395
base_macro_xsec_sector_complementarity_v2,XSec/Sector v2,2021-08-17,-0.0077938454210461335,0.21540643897395872
base_macro_xsec_sector_complementarity_v2,XSec/Sector v2,2021-08-18,-0.008570324343066434,0.20499001158330055
base_macro_xsec_sector_complementarity_v2,XSec/Sector v2,2021-08-19,0.0033863194322557,0.20907049267519895
base_macro_xsec_sector_complementarity_v2,XSec/Sector v2,2021-08-20,0.008939972721839266,0.219879549898496
base_macro_xsec_sector_complementarity_v2,XSec/Sector v2,2021-08-23,0.006991975331327366,0.22840891761857707
base_macro_xsec_sector_complementarity_v2,XSec/Sector v2,2021-08-24,0.0001101534030768,0.22854423104122268
base_macro_xsec_sector_complementarity_v2,XSec/Sector v2,2021-08-25,-0.0006570670854043333,0.227736995064042
base_macro_xsec_sector_complementarity_v2,XSec/Sector v2,2021-08-26,-0.0017874610027195667,0.22554246306376902
base_macro_xsec_sector_complementarity_v2,XSec/Sector v2,2021-08-27,0.004539743660847066,0.2311061116915616
base_macro_xsec_sector_complementarity_v2,XSec/Sector v2,2021-08-30,0.0034218649172340003,0.2353187905045513
base_macro_xsec_sector_complementarity_v2,XSec/Sector v2,2021-08-31,-0.00046586057547970015,0.23474330418190603
base_macro_xsec_sector_complementarity_v2,XSec/Sector v2,2021-09-01,0.0017496463070208,0.23690366824418652
base_macro_xsec_sector_complementarity_v2,XSec/Sector v2,2021-09-02,-0.0012937349990637668,0.23530344267810865
base_macro_xsec_sector_complementarity_v2,XSec/Sector v2,2021-09-03,0.0010897253945953667,0.23664958420962612
base_macro_xsec_sector_complementarity_v2,XSec/Sector v2,2021-09-07,-0.0043154270222735,0.23131291317684455
base_macro_xsec_sector_complementarity_v2,XSec/Sector v2,2021-09-08,-0.000163122271259,0.23111205861781658
base_macro_xsec_sector_complementarity_v2,XSec/Sector v2,2021-09-09,-0.005692638024539833,0.22410378330045932
base_macro_xsec_sector_complementarity_v2,XSec/Sector v2,2021-09-10,-0.008679918511988566,0.21347866221119438
base_macro_xsec_sector_complementarity_v2,XSec/Sector v2,2021-09-13,0.0030956043604168666,0.2172351120492082
base_macro_xsec_sector_complementarity_v2,XSec/Sector v2,2021-09-14,-0.0046949773981224,0.21152022070993626
base_macro_xsec_sector_complementarity_v2,XSec/Sector v2,2021-09-15,0.006315902072650867,0.2191720637829766
base_macro_xsec_sector_complementarity_v2,XSec/Sector v2,2021-09-16,0.0012566486729192333,0.22070413473898975
base_macro_xsec_sector_complementarity_v2,XSec/Sector v2,2021-09-17,-0.007214737410476134,0.21189707495096544
base_macro_xsec_sector_complementarity_v2,XSec/Sector v2,2021-09-20,-0.0162045172969341,0.19225886783781876
base_macro_xsec_sector_complementarity_v2,XSec/Sector v2,2021-09-21,-0.0014313433857029,0.19055233599329346
base_macro_xsec_sector_complementarity_v2,XSec/Sector v2,2021-09-22,0.0097358507545142,0.2021433758519624
base_macro_xsec_sector_complementarity_v2,XSec/Sector v2,2021-09-23,0.0179553288145517,0.22372825544761965
base_macro_xsec_sector_complementarity_v2,XSec/Sector v2,2021-09-24,0.004931823347585067,0.2297634670289357
base_macro_xsec_sector_complementarity_v2,XSec/Sector v2,2021-09-27,-0.004218272226444767,0.22457598995087102
base_macro_xsec_sector_complementarity_v2,XSec/Sector v2,2021-09-28,-0.021040092112086867,0.1988107983240548
base_macro_xsec_sector_complementarity_v2,XSec/Sector v2,2021-09-29,0.0013906459265518667,0.20047791967745043
base_macro_xsec_sector_complementarity_v2,XSec/Sector v2,2021-09-30,-0.0111421175914167,0.18710205353050502
base_macro_xsec_sector_complementarity_v2,XSec/Sector v2,2021-10-01,0.016222313453469802,0.2063595951441346
base_macro_xsec_sector_complementarity_v2,XSec/Sector v2,2022-01-04,0.0,0.2063595951441346
base_macro_xsec_sector_complementarity_v2,XSec/Sector v2,2022-01-05,-0.0026563159277597,0.20315512293694749
base_macro_xsec_sector_complementarity_v2,XSec/Sector v2,2022-01-06,-0.004712870463489367,0.19748480869506202
base_macro_xsec_sector_complementarity_v2,XSec/Sector v2,2022-01-07,-0.003132153330078382,0.19373410266378954
base_macro_xsec_sector_complementarity_v2,XSec/Sector v2,2022-01-10,-0.0052751146070583324,0.1874370184618841
base_macro_xsec_sector_complementarity_v2,XSec/Sector v2,2022-01-11,0.004719655396381634,0.19304131199393093
base_macro_xsec_sector_complementarity_v2,XSec/Sector v2,2022-01-12,0.0034641656082481,0.19717420467615954
base_macro_xsec_sector_complementarity_v2,XSec/Sector v2,2022-01-13,-0.006494331825315233,0.18939935813828468
base_macro_xsec_sector_complementarity_v2,XSec/Sector v2,2022-01-14,-0.004520980614450567,0.18402210669730157
base_macro_xsec_sector_complementarity_v2,XSec/Sector v2,2022-01-18,-0.014323390289566867,0.16706289595160095
base_macro_xsec_sector_complementarity_v2,XSec/Sector v2,2022-01-19,-0.007732074623928234,0.15803907854928534
base_macro_xsec_sector_complementarity_v2,XSec/Sector v2,2022-01-20,-0.007668840249492867,0.149158261853221
base_macro_xsec_sector_complementarity_v2,XSec/Sector v2,2022-01-21,-0.011692282624823866,0.1357219786749817
base_macro_xsec_sector_complementarity_v2,XSec/Sector v2,2022-01-24,0.005895235987087267,0.14241732775499227
base_macro_xsec_sector_complementarity_v2,XSec/Sector v2,2022-01-25,-0.0032007030116838666,0.13876078917344703
base_macro_xsec_sector_complementarity_v2,XSec/Sector v2,2022-01-26,-0.004208020359623533,0.13396886058786417
base_macro_xsec_sector_complementarity_v2,XSec/Sector v2,2022-01-27,0.0016119553737552002,0.13579676778635985
base_macro_xsec_sector_complementarity_v2,XSec/Sector v2,2022-01-28,0.013839901226174766,0.15151608286553153
base_macro_xsec_sector_complementarity_v2,XSec/Sector v2,2022-01-31,0.0113780527688615,0.16461809362056812
base_macro_xsec_sector_complementarity_v2,XSec/Sector v2,2022-02-01,0.004829402443385499,0.17024250308751032
base_macro_xsec_sector_complementarity_v2,XSec/Sector v2,2022-02-02,0.009715149024928933,0.18161158340031136
base_macro_xsec_sector_complementarity_v2,XSec/Sector v2,2022-02-03,-0.013884671200277733,0.16520529507835846
base_macro_xsec_sector_complementarity_v2,XSec/Sector v2,2022-02-04,0.0008000649319842666,0.16613753497351325
base_macro_xsec_sector_complementarity_v2,XSec/Sector v2,2022-02-07,0.00022292157510956666,0.16639749218960387
base_macro_xsec_sector_complementarity_v2,XSec/Sector v2,2022-02-08,0.0090653879872925,0.17697133800370746
base_macro_xsec_sector_complementarity_v2,XSec/Sector v2,2022-02-09,0.008036189289190967,0.18642970246385748
base_macro_xsec_sector_complementarity_v2,XSec/Sector v2,2022-02-10,-0.016750844735424136,0.1665560027283901
base_macro_xsec_sector_complementarity_v2,XSec/Sector v2,2022-02-11,-0.014795037792635635,0.14929676258079772
base_macro_xsec_sector_complementarity_v2,XSec/Sector v2,2022-02-14,-0.004084597290699733,0.1446023481381502
base_macro_xsec_sector_complementarity_v2,XSec/Sector v2,2022-02-15,0.010777243155986299,0.15693800596094798
base_macro_xsec_sector_complementarity_v2,XSec/Sector v2,2022-02-16,-3.2418826361812515e-05,0.15690049938862138
base_macro_xsec_sector_complementarity_v2,XSec/Sector v2,2022-02-17,-0.016882946915897635,0.13736860967046782
base_macro_xsec_sector_complementarity_v2,XSec/Sector v2,2022-02-18,-0.0057715979487521,0.1308041753359186
base_macro_xsec_sector_complementarity_v2,XSec/Sector v2,2022-02-22,-0.017749792097986602,0.11073263632017083
base_macro_xsec_sector_complementarity_v2,XSec/Sector v2,2022-02-23,-0.012609716918758567,0.09672661220374712
base_macro_xsec_sector_complementarity_v2,XSec/Sector v2,2022-02-24,0.0022186655811254,0.09915988179014779
base_macro_xsec_sector_complementarity_v2,XSec/Sector v2,2022-02-25,0.02874523621679,0.1307554922322245
base_macro_xsec_sector_complementarity_v2,XSec/Sector v2,2022-02-28,-0.0028410664567591003,0.12754294073244732
base_macro_xsec_sector_complementarity_v2,XSec/Sector v2,2022-03-01,-0.010131136304952099,0.11611964951020037
base_macro_xsec_sector_complementarity_v2,XSec/Sector v2,2022-03-02,0.0193059365177064,0.1376673846098091
base_macro_xsec_sector_complementarity_v2,XSec/Sector v2,2022-03-03,-0.0012469107608363667,0.13624881490568663
base_macro_xsec_sector_complementarity_v2,XSec/Sector v2,2022-03-04,0.00026864011806216676,0.13655405692147093
base_macro_xsec_sector_complementarity_v2,XSec/Sector v2,2022-03-07,-0.0188798501052782,0.11509608669024773
base_macro_xsec_sector_complementarity_v2,XSec/Sector v2,2022-03-08,-0.008189583978106567,0.10596391364463997
base_macro_xsec_sector_complementarity_v2,XSec/Sector v2,2022-03-09,0.018555395230748634,0.1264855111732619
base_macro_xsec_sector_complementarity_v2,XSec/Sector v2,2022-03-10,-0.00034357797540743334,0.12609847556200715
base_macro_xsec_sector_complementarity_v2,XSec/Sector v2,2022-03-11,-0.008774298665254266,0.11621775121093858
base_macro_xsec_sector_complementarity_v2,XSec/Sector v2,2022-03-14,-0.0014662149598369003,0.11458113604567766
base_macro_xsec_sector_complementarity_v2,XSec/Sector v2,2022-03-15,0.0173327712269005,0.13389991589057626
base_macro_xsec_sector_complementarity_v2,XSec/Sector v2,2022-03-16,0.012154601487816332,0.14768201749529486
base_macro_xsec_sector_complementarity_v2,XSec/Sector v2,2022-03-17,0.013009199571617199,0.1626124419056476
base_macro_xsec_sector_complementarity_v2,XSec/Sector v2,2022-03-18,0.007541059417963633,0.17137977141012195
base_macro_xsec_sector_complementarity_v2,XSec/Sector v2,2022-03-21,-0.0027220655883419,0.16819119884348677
base_macro_xsec_sector_complementarity_v2,XSec/Sector v2,2022-03-22,0.005964976902742933,0.1751594323625758
base_macro_xsec_sector_complementarity_v2,XSec/Sector v2,2022-03-23,-0.009694031097276566,0.16376740028099523
base_macro_xsec_sector_complementarity_v2,XSec/Sector v2,2022-03-24,0.008972064960128366,0.17420879699479608
base_macro_xsec_sector_complementarity_v2,XSec/Sector v2,2022-03-25,0.0051113721017827666,0.18021061508142333
base_macro_xsec_sector_complementarity_v2,XSec/Sector v2,2022-03-28,0.0026679164238567333,0.18335931836500907
base_macro_xsec_sector_complementarity_v2,XSec/Sector v2,2022-03-29,0.005916465826319733,0.1903606233323727
base_macro_xsec_sector_complementarity_v2,XSec/Sector v2,2022-03-30,-0.00027902658504670003,0.19002848107267023
base_macro_xsec_sector_complementarity_v2,XSec/Sector v2,2022-03-31,-0.016969252666906267,0.16983458709653343
base_macro_xsec_sector_complementarity_v2,XSec/Sector v2,2022-04-01,0.0046232809138419,0.17524306101540899
base_macro_xsec_sector_complementarity_v2,XSec/Sector v2,2022-07-05,0.0,0.17524306101540899
base_macro_xsec_sector_complementarity_v2,XSec/Sector v2,2022-07-06,0.0004159122152862715,0.17573185896041577
base_macro_xsec_sector_complementarity_v2,XSec/Sector v2,2022-07-07,0.002396644278833959,0.17854966999363597
base_macro_xsec_sector_complementarity_v2,XSec/Sector v2,2022-07-08,-0.00020543935987674407,0.17830754950384953
base_macro_xsec_sector_complementarity_v2,XSec/Sector v2,2022-07-11,-0.002428954478089571,0.1754454941049155
base_macro_xsec_sector_complementarity_v2,XSec/Sector v2,2022-07-12,-0.007038209028054837,0.16717246301631983
base_macro_xsec_sector_complementarity_v2,XSec/Sector v2,2022-07-13,-0.004110627597378629,0.1623746516789446
base_macro_xsec_sector_complementarity_v2,XSec/Sector v2,2022-07-14,-0.0030197055837895698,0.1588646224528143
base_macro_xsec_sector_complementarity_v2,XSec/Sector v2,2022-07-15,0.015337967726548501,0.17663925063143449
base_macro_xsec_sector_complementarity_v2,XSec/Sector v2,2022-07-18,-0.004954251822640444,0.1708098834794034
base_macro_xsec_sector_complementarity_v2,XSec/Sector v2,2022-07-19,0.016184587576276745,0.18975895857374625
base_macro_xsec_sector_complementarity_v2,XSec/Sector v2,2022-07-20,0.0013297874445931457,0.19134108509894987
base_macro_xsec_sector_complementarity_v2,XSec/Sector v2,2022-07-21,0.0049066933818184165,0.19718663051669338
base_macro_xsec_sector_complementarity_v2,XSec/Sector v2,2022-07-22,-0.00398547033384581,0.1924152787166924
base_macro_xsec_sector_complementarity_v2,XSec/Sector v2,2022-07-25,0.0005290791841815761,0.1930461608195615
base_macro_xsec_sector_complementarity_v2,XSec/Sector v2,2022-07-26,-0.005976973627369718,0.18591535538010828
base_macro_xsec_sector_complementarity_v2,XSec/Sector v2,2022-07-27,0.011394507044368798,0.199428276251012
base_macro_xsec_sector_complementarity_v2,XSec/Sector v2,2022-07-28,0.007232959499419533,0.20810369239559434
base_macro_xsec_sector_complementarity_v2,XSec/Sector v2,2022-07-29,0.00795152891223336,0.2177099638346538
base_macro_xsec_sector_complementarity_v2,XSec/Sector v2,2022-08-01,-0.003028353784349311,0.2140223072574352
base_macro_xsec_sector_complementarity_v2,XSec/Sector v2,2022-08-02,-0.008519594757653468,0.20367932917285025
base_macro_xsec_sector_complementarity_v2,XSec/Sector v2,2022-08-03,0.010501208138909575,0.21631941634099738
base_macro_xsec_sector_complementarity_v2,XSec/Sector v2,2022-08-04,0.0014115386308750243,0.2180362981846462
base_macro_xsec_sector_complementarity_v2,XSec/Sector v2,2022-08-05,0.0018930541898638878,0.2203421069023308
base_macro_xsec_sector_complementarity_v2,XSec/Sector v2,2022-08-08,-0.0021614853709018317,0.21770435529076582
base_macro_xsec_sector_complementarity_v2,XSec/Sector v2,2022-08-09,-0.0011013748722035548,0.21636320631207573
base_macro_xsec_sector_complementarity_v2,XSec/Sector v2,2022-08-10,0.011392821576171571,0.23022101529340921
base_macro_xsec_sector_complementarity_v2,XSec/Sector v2,2022-08-11,-0.0012202404488885533,0.22871984984947535
base_macro_xsec_sector_complementarity_v2,XSec/Sector v2,2022-08-12,0.007826792969811376,0.238336785732145
base_macro_xsec_sector_complementarity_v2,XSec/Sector v2,2022-08-15,0.004544435135099356,0.24396432693031223
base_macro_xsec_sector_complementarity_v2,XSec/Sector v2,2022-08-16,0.002698581268957853,0.24732126576221813
base_macro_xsec_sector_complementarity_v2,XSec/Sector v2,2022-08-17,-0.002566397330436771,0.24412014379556912
base_macro_xsec_sector_complementarity_v2,XSec/Sector v2,2022-08-18,0.000598228261343077,0.24486441162609385
base_macro_xsec_sector_complementarity_v2,XSec/Sector v2,2022-08-19,-0.005589879793272228,0.23790576920618145
base_macro_xsec_sector_complementarity_v2,XSec/Sector v2,2022-08-22,-0.013705807170073267,0.22093927143872016
base_macro_xsec_sector_complementarity_v2,XSec/Sector v2,2022-08-23,-0.0040125692726593965,0.216040168034362
base_macro_xsec_sector_complementarity_v2,XSec/Sector v2,2022-08-24,0.000585973920987941,0.2167527358597039
base_macro_xsec_sector_complementarity_v2,XSec/Sector v2,2022-08-25,0.0064275685876886346,0.22457349752369993
base_macro_xsec_sector_complementarity_v2,XSec/Sector v2,2022-08-26,-0.021586510584366933,0.19813922875806944
base_macro_xsec_sector_complementarity_v2,XSec/Sector v2,2022-08-29,-0.005026395289438519,0.19211690738254839
base_macro_xsec_sector_complementarity_v2,XSec/Sector v2,2022-08-30,-0.005470700674286404,0.18559519261350244
base_macro_xsec_sector_complementarity_v2,XSec/Sector v2,2022-08-31,-0.005274803257655441,0.17934141122924419
base_macro_xsec_sector_complementarity_v2,XSec/Sector v2,2022-09-01,0.003284587634429467,0.18321506144533828
base_macro_xsec_sector_complementarity_v2,XSec/Sector v2,2022-09-02,-0.007673381568696899,0.17413580080103896
base_macro_xsec_sector_complementarity_v2,XSec/Sector v2,2022-09-06,-0.0037106508304749603,0.16977899281670616
base_macro_xsec_sector_complementarity_v2,XSec/Sector v2,2022-09-07,0.009005775101553865,0.18031375934453542
base_macro_xsec_sector_complementarity_v2,XSec/Sector v2,2022-09-08,0.004075458515284294,0.18512407910576334
base_macro_xsec_sector_complementarity_v2,XSec/Sector v2,2022-09-09,0.009762839154115834,0.1966942548677426
base_macro_xsec_sector_complementarity_v2,XSec/Sector v2,2022-09-12,0.0066803054868823,0.20468853806465614
base_macro_xsec_sector_complementarity_v2,XSec/Sector v2,2022-09-13,-0.026936600845943032,0.1722383237711258
base_macro_xsec_sector_complementarity_v2,XSec/Sector v2,2022-09-14,0.0006994832294282177,0.1730582848194968
base_macro_xsec_sector_complementarity_v2,XSec/Sector v2,2022-09-15,-0.005668626515505111,0.16640865552193596
base_macro_xsec_sector_complementarity_v2,XSec/Sector v2,2022-09-16,-0.003399195949787367,0.1624438039442888
base_macro_xsec_sector_complementarity_v2,XSec/Sector v2,2022-09-19,0.003953933763569221,0.16704002974895604
base_macro_xsec_sector_complementarity_v2,XSec/Sector v2,2022-09-20,-0.006055788479967533,0.15997268218114136
base_macro_xsec_sector_complementarity_v2,XSec/Sector v2,2022-09-21,-0.012021524485574068,0.14602804217970378
base_macro_xsec_sector_complementarity_v2,XSec/Sector v2,2022-09-22,-0.002434231140044533,0.14323834503206578
base_macro_xsec_sector_complementarity_v2,XSec/Sector v2,2022-09-23,-0.009242354250966114,0.13267213125399113
base_macro_xsec_sector_complementarity_v2,XSec/Sector v2,2022-09-26,-0.007582777244884522,0.12408333079120348
base_macro_xsec_sector_complementarity_v2,XSec/Sector v2,2022-09-27,-0.0034039201627536412,0.12025704087690814
base_macro_xsec_sector_complementarity_v2,XSec/Sector v2,2022-09-28,0.010423109256214666,0.13193360240901186
base_macro_xsec_sector_complementarity_v2,XSec/Sector v2,2022-09-29,-0.008206722363304166,0.12264413760034643
base_macro_xsec_sector_complementarity_v2,XSec/Sector v2,2022-09-30,-0.0097635832412591,0.11168310811257376
base_macro_xsec_sector_complementarity_v2,XSec/Sector v2,2022-10-03,0.016830898063983267,0.13039373318466851
