run_key,feature_set,feature_family,is_negative_control,fold_id,seed,selection_rule,selected_model_type,benchmark_id,benchmark_name,benchmark_family,is_primary_benchmark,n_days,agent_return_pct,agent_sharpe,agent_max_drawdown,agent_turnover,benchmark_return_pct,benchmark_sharpe,benchmark_max_drawdown,benchmark_turnover,benchmark_transaction_cost_total,daily_excess_return_mean,daily_excess_return_sharpe,excess_return_pct,excess_sharpe,benchmark_relative_regret_return_pct,benchmark_relative_regret_sharpe,outperformed_benchmark_on_return,outperformed_benchmark_on_sharpe,hit_rate_vs_benchmark
base_macro_rates_credit_vol_risk_state_context__fold_01__seed123,base_macro_rates_credit_vol_risk_state_context,rates_credit_vol_risk_state_context,False,fold_01,123,checkpoint_robust_score,checkpoint,dow30_equal_weight_rebalance_matched,Equal Weight Rebalance Matched,passive_rebalanced,True,62,6.311440362347787,1.489089079994806,-0.06957157193930064,15.114754098360656,4.5775750734391885,0.7203749272039337,-0.0873341574831592,0.004611332029984715,0.0005718051717181049,0.0005318102284623977,1.8866132288224993,1.7338652889085981,0.7687141527908723,-1.7338652889085981,-0.7687141527908723,True,True,0.5
base_macro_rates_credit_vol_risk_state_context__fold_01__seed123,base_macro_rates_credit_vol_risk_state_context,rates_credit_vol_risk_state_context,False,fold_01,123,checkpoint_robust_score,checkpoint,dow30_equal_weight_vol_target,Equal Weight Vol Target,structured_risk_control,False,62,6.311440362347787,1.489089079994806,-0.06957157193930064,15.114754098360656,4.778156254745403,1.0632156486331494,-0.06371352126772856,0.00957141332102949,0.0011868552518076569,0.00047521765757845046,1.5212073667125938,1.533284107602384,0.42587343136165656,-1.533284107602384,-0.42587343136165656,True,True,0.532258064516129
base_macro_rates_credit_vol_risk_state_context__fold_01__seed123,base_macro_rates_credit_vol_risk_state_context,rates_credit_vol_risk_state_context,False,fold_01,123,checkpoint_robust_score,checkpoint,dow30_market_proxy_buy_hold,Market Proxy Buy and Hold,passive_buy_hold,False,62,6.311440362347787,1.489089079994806,-0.06957157193930064,15.114754098360656,3.3249656247091863,0.39891203286569105,-0.0991881494609852,0.0,0.0,0.0007500511149704305,2.1345377300364143,2.9864747376386003,1.090177047129115,-2.9864747376386003,-1.090177047129115,True,True,0.5
base_macro_rates_credit_vol_risk_state_context__fold_01__seed123,base_macro_rates_credit_vol_risk_state_context,rates_credit_vol_risk_state_context,False,fold_01,123,checkpoint_robust_score,checkpoint,dow30_trend_filter_overlay,Trend Filter Overlay,structured_trend_filter,False,62,6.311440362347787,1.489089079994806,-0.06957157193930064,15.114754098360656,7.433256446365477,2.684650874012399,-0.012883997680726789,0.04203490395904734,0.005212328090921871,0.00016503807685712434,0.25104918333985926,-1.1218160840176905,-1.1955617940175929,1.1218160840176905,1.1955617940175929,False,False,0.5
base_macro_rates_credit_vol_risk_state_context__fold_01__seed42,base_macro_rates_credit_vol_risk_state_context,rates_credit_vol_risk_state_context,False,fold_01,42,checkpoint_robust_score,checkpoint,dow30_equal_weight_rebalance_matched,Equal Weight Rebalance Matched,passive_rebalanced,True,62,6.2078932957440935,1.5039062946592714,-0.06486649786384957,13.78688524590164,4.5775750734391885,0.7203749272039337,-0.0873341574831592,0.004611332029984715,0.0005718051717181049,0.000512575330913756,1.8844811802344472,1.630318222304905,0.7835313674553377,-1.630318222304905,-0.7835313674553377,True,True,0.532258064516129
base_macro_rates_credit_vol_risk_state_context__fold_01__seed42,base_macro_rates_credit_vol_risk_state_context,rates_credit_vol_risk_state_context,False,fold_01,42,checkpoint_robust_score,checkpoint,dow30_equal_weight_vol_target,Equal Weight Vol Target,structured_risk_control,False,62,6.2078932957440935,1.5039062946592714,-0.06486649786384957,13.78688524590164,4.778156254745403,1.0632156486331494,-0.06371352126772856,0.00957141332102949,0.0011868552518076569,0.00045598276002980874,1.559798494559507,1.429737040998691,0.44069064602612196,-1.429737040998691,-0.44069064602612196,True,True,0.532258064516129
base_macro_rates_credit_vol_risk_state_context__fold_01__seed42,base_macro_rates_credit_vol_risk_state_context,rates_credit_vol_risk_state_context,False,fold_01,42,checkpoint_robust_score,checkpoint,dow30_market_proxy_buy_hold,Market Proxy Buy and Hold,passive_buy_hold,False,62,6.2078932957440935,1.5039062946592714,-0.06486649786384957,13.78688524590164,3.3249656247091863,0.39891203286569105,-0.0991881494609852,0.0,0.0,0.0007308162174217889,2.4699338668389723,2.882927671034907,1.1049942617935804,-2.882927671034907,-1.1049942617935804,True,True,0.43548387096774194
base_macro_rates_credit_vol_risk_state_context__fold_01__seed42,base_macro_rates_credit_vol_risk_state_context,rates_credit_vol_risk_state_context,False,fold_01,42,checkpoint_robust_score,checkpoint,dow30_trend_filter_overlay,Trend Filter Overlay,structured_trend_filter,False,62,6.2078932957440935,1.5039062946592714,-0.06486649786384957,13.78688524590164,7.433256446365477,2.684650874012399,-0.012883997680726789,0.04203490395904734,0.005212328090921871,0.00014580317930848263,0.22592753090850867,-1.2253631506213836,-1.1807445793531275,1.2253631506213836,1.1807445793531275,False,False,0.5483870967741935
base_macro_rates_credit_vol_risk_state_context__fold_01__seed999,base_macro_rates_credit_vol_risk_state_context,rates_credit_vol_risk_state_context,False,fold_01,999,checkpoint_robust_score,checkpoint,dow30_equal_weight_rebalance_matched,Equal Weight Rebalance Matched,passive_rebalanced,True,62,9.074949333174477,2.45072931072776,-0.0501122563752201,13.073770491803279,4.5775750734391885,0.7203749272039337,-0.0873341574831592,0.004611332029984715,0.0005718051717181049,0.0009273986191665589,2.846826838167922,4.497374259735288,1.7303543835238262,-4.497374259735288,-1.7303543835238262,True,True,0.5483870967741935
base_macro_rates_credit_vol_risk_state_context__fold_01__seed999,base_macro_rates_credit_vol_risk_state_context,rates_credit_vol_risk_state_context,False,fold_01,999,checkpoint_robust_score,checkpoint,dow30_equal_weight_vol_target,Equal Weight Vol Target,structured_risk_control,False,62,9.074949333174477,2.45072931072776,-0.0501122563752201,13.073770491803279,4.778156254745403,1.0632156486331494,-0.06371352126772856,0.00957141332102949,0.0011868552518076569,0.0008708060482826118,3.0746156413447183,4.296793078429074,1.3875136620946105,-4.296793078429074,-1.3875136620946105,True,True,0.5483870967741935
base_macro_rates_credit_vol_risk_state_context__fold_01__seed999,base_macro_rates_credit_vol_risk_state_context,rates_credit_vol_risk_state_context,False,fold_01,999,checkpoint_robust_score,checkpoint,dow30_market_proxy_buy_hold,Market Proxy Buy and Hold,passive_buy_hold,False,62,9.074949333174477,2.45072931072776,-0.0501122563752201,13.073770491803279,3.3249656247091863,0.39891203286569105,-0.0991881494609852,0.0,0.0,0.0011456395056745916,3.3773443158891405,5.74998370846529,2.0518172778620687,-5.74998370846529,-2.0518172778620687,True,True,0.5645161290322581
base_macro_rates_credit_vol_risk_state_context__fold_01__seed999,base_macro_rates_credit_vol_risk_state_context,rates_credit_vol_risk_state_context,False,fold_01,999,checkpoint_robust_score,checkpoint,dow30_trend_filter_overlay,Trend Filter Overlay,structured_trend_filter,False,62,9.074949333174477,2.45072931072776,-0.0501122563752201,13.073770491803279,7.433256446365477,2.684650874012399,-0.012883997680726789,0.04203490395904734,0.005212328090921871,0.0005606264675612854,1.0099605211250042,1.6416928868089995,-0.23392156328463898,-1.6416928868089995,0.23392156328463898,True,False,0.5645161290322581
base_macro_rates_credit_vol_risk_state_context__fold_02__seed123,base_macro_rates_credit_vol_risk_state_context,rates_credit_vol_risk_state_context,False,fold_02,123,checkpoint_robust_score,best_model,dow30_equal_weight_rebalance_matched,Equal Weight Rebalance Matched,passive_rebalanced,True,64,0.3975900221988571,0.2190889394041376,-0.026714057575311534,10.777777777777779,4.151995687307863,1.5240847465316727,-0.02597669502770339,0.0026979915686282828,0.00034534292078442023,-0.0004957225833207309,-3.5953996142962468,-3.7544056651090063,-1.3049958071275352,3.7544056651090063,1.3049958071275352,False,False,0.40625
base_macro_rates_credit_vol_risk_state_context__fold_02__seed123,base_macro_rates_credit_vol_risk_state_context,rates_credit_vol_risk_state_context,False,fold_02,123,checkpoint_robust_score,best_model,dow30_equal_weight_vol_target,Equal Weight Vol Target,structured_risk_control,False,64,0.3975900221988571,0.2190889394041376,-0.026714057575311534,10.777777777777779,3.6605524051908533,1.371657811116517,-0.025976695027702945,0.004567654857737278,0.0005846598217903716,-0.00042724206120568374,-3.373584406474753,-3.2629623829919963,-1.1525688717123794,3.2629623829919963,1.1525688717123794,False,False,0.40625
base_macro_rates_credit_vol_risk_state_context__fold_02__seed123,base_macro_rates_credit_vol_risk_state_context,rates_credit_vol_risk_state_context,False,fold_02,123,checkpoint_robust_score,best_model,dow30_market_proxy_buy_hold,Market Proxy Buy and Hold,passive_buy_hold,False,64,0.3975900221988571,0.2190889394041376,-0.026714057575311534,10.777777777777779,3.456395280890856,1.3180221991745606,-0.030684356573299265,0.0,0.0,-0.00041013686755790135,-2.753355860205035,-3.058805258691999,-1.098933259770423,3.058805258691999,1.098933259770423,False,False,0.40625
base_macro_rates_credit_vol_risk_state_context__fold_02__seed123,base_macro_rates_credit_vol_risk_state_context,rates_credit_vol_risk_state_context,False,fold_02,123,checkpoint_robust_score,best_model,dow30_trend_filter_overlay,Trend Filter Overlay,structured_trend_filter,False,64,0.3975900221988571,0.2190889394041376,-0.026714057575311534,10.777777777777779,-3.6588089722012884,-2.402093570485383,-0.04670196791037706,0.07169711325138103,0.009177230496176771,0.0006530018457850351,2.3467161449328144,4.056398994400146,2.621182509889521,-4.056398994400146,-2.621182509889521,True,True,0.578125
base_macro_rates_credit_vol_risk_state_context__fold_02__seed42,base_macro_rates_credit_vol_risk_state_context,rates_credit_vol_risk_state_context,False,fold_02,42,checkpoint_robust_score,best_model,dow30_equal_weight_rebalance_matched,Equal Weight Rebalance Matched,passive_rebalanced,True,64,-2.575316172961384,-1.1367954077474451,-0.04045884386956211,8.73015873015873,4.151995687307863,1.5240847465316727,-0.02597669502770339,0.0026979915686282828,0.00034534292078442023,-0.0009662657124511754,-5.771213329652433,-6.727311860269247,-2.660880154279118,6.727311860269247,2.660880154279118,False,False,0.34375
base_macro_rates_credit_vol_risk_state_context__fold_02__seed42,base_macro_rates_credit_vol_risk_state_context,rates_credit_vol_risk_state_context,False,fold_02,42,checkpoint_robust_score,best_model,dow30_equal_weight_vol_target,Equal Weight Vol Target,structured_risk_control,False,64,-2.575316172961384,-1.1367954077474451,-0.04045884386956211,8.73015873015873,3.6605524051908533,1.371657811116517,-0.025976695027702945,0.004567654857737278,0.0005846598217903716,-0.0008977851903361283,-5.795602040180935,-6.235868578152237,-2.508453218863962,6.235868578152237,2.508453218863962,False,False,0.34375
base_macro_rates_credit_vol_risk_state_context__fold_02__seed42,base_macro_rates_credit_vol_risk_state_context,rates_credit_vol_risk_state_context,False,fold_02,42,checkpoint_robust_score,best_model,dow30_market_proxy_buy_hold,Market Proxy Buy and Hold,passive_buy_hold,False,64,-2.575316172961384,-1.1367954077474451,-0.04045884386956211,8.73015873015873,3.456395280890856,1.3180221991745606,-0.030684356573299265,0.0,0.0,-0.0008806799966883458,-5.46406580030168,-6.03171145385224,-2.454817606922006,6.03171145385224,2.454817606922006,False,False,0.390625
base_macro_rates_credit_vol_risk_state_context__fold_02__seed42,base_macro_rates_credit_vol_risk_state_context,rates_credit_vol_risk_state_context,False,fold_02,42,checkpoint_robust_score,best_model,dow30_trend_filter_overlay,Trend Filter Overlay,structured_trend_filter,False,64,-2.575316172961384,-1.1367954077474451,-0.04045884386956211,8.73015873015873,-3.6588089722012884,-2.402093570485383,-0.04670196791037706,0.07169711325138103,0.009177230496176771,0.00018245871665459041,0.6602330040897314,1.0834927992399046,1.265298162737938,-1.0834927992399046,-1.265298162737938,True,True,0.46875
base_macro_rates_credit_vol_risk_state_context__fold_02__seed999,base_macro_rates_credit_vol_risk_state_context,rates_credit_vol_risk_state_context,False,fold_02,999,checkpoint_robust_score,best_model,dow30_equal_weight_rebalance_matched,Equal Weight Rebalance Matched,passive_rebalanced,True,64,-0.035636088295609714,-0.5190367455887765,-0.0010951050219489833,0.0,4.151995687307863,1.5240847465316727,-0.02597669502770339,0.0026979915686282828,0.00034534292078442023,-0.0005792990131061969,-1.5769665280357097,-4.187631775603473,-2.0431214921204495,4.187631775603473,2.0431214921204495,False,False,0.515625
base_macro_rates_credit_vol_risk_state_context__fold_02__seed999,base_macro_rates_credit_vol_risk_state_context,rates_credit_vol_risk_state_context,False,fold_02,999,checkpoint_robust_score,best_model,dow30_equal_weight_vol_target,Equal Weight Vol Target,structured_risk_control,False,64,-0.035636088295609714,-0.5190367455887765,-0.0010951050219489833,0.0,3.6605524051908533,1.371657811116517,-0.025976695027702945,0.004567654857737278,0.0005846598217903716,-0.0005108184909911499,-1.422564879504648,-3.696188493486463,-1.8906945567052935,3.696188493486463,1.8906945567052935,False,False,0.515625
base_macro_rates_credit_vol_risk_state_context__fold_02__seed999,base_macro_rates_credit_vol_risk_state_context,rates_credit_vol_risk_state_context,False,fold_02,999,checkpoint_robust_score,best_model,dow30_market_proxy_buy_hold,Market Proxy Buy and Hold,passive_buy_hold,False,64,-0.035636088295609714,-0.5190367455887765,-0.0010951050219489833,0.0,3.456395280890856,1.3180221991745606,-0.030684356573299265,0.0,0.0,-0.0004937132973433674,-1.3671779349423283,-3.4920313691864657,-1.8370589447633372,3.4920313691864657,1.8370589447633372,False,False,0.46875
base_macro_rates_credit_vol_risk_state_context__fold_02__seed999,base_macro_rates_credit_vol_risk_state_context,rates_credit_vol_risk_state_context,False,fold_02,999,checkpoint_robust_score,best_model,dow30_trend_filter_overlay,Trend Filter Overlay,structured_trend_filter,False,64,-0.035636088295609714,-0.5190367455887765,-0.0010951050219489833,0.0,-3.6588089722012884,-2.402093570485383,-0.04670196791037706,0.07169711325138103,0.009177230496176771,0.0005694254159995689,2.4376618033802244,3.6231728839056787,1.8830568248966066,-3.6231728839056787,-1.8830568248966066,True,True,0.703125
base_macro_rates_credit_vol_risk_state_context__fold_03__seed123,base_macro_rates_credit_vol_risk_state_context,rates_credit_vol_risk_state_context,False,fold_03,123,checkpoint_robust_score,checkpoint,dow30_equal_weight_rebalance_matched,Equal Weight Rebalance Matched,passive_rebalanced,True,62,4.796008717530675,2.6296507855597326,-0.035883055394705154,17.21311475409836,5.669794204618395,4.067408498743239,-0.02392067092113981,0.0027503027692098404,0.00034103754338202013,-0.00020329958487492274,-1.9292996973301564,-0.8737854870877193,-1.4377577131835064,0.8737854870877193,1.4377577131835064,False,False,0.5
base_macro_rates_credit_vol_risk_state_context__fold_03__seed123,base_macro_rates_credit_vol_risk_state_context,rates_credit_vol_risk_state_context,False,fold_03,123,checkpoint_robust_score,checkpoint,dow30_equal_weight_vol_target,Equal Weight Vol Target,structured_risk_control,False,62,4.796008717530675,2.6296507855597326,-0.035883055394705154,17.21311475409836,5.669794204618328,4.067408498743239,-0.02392067092114003,0.0027503027692098404,0.00034103754338202013,-0.00020329958487492274,-1.9292996973301564,-0.8737854870876527,-1.4377577131835064,0.8737854870876527,1.4377577131835064,False,False,0.5
base_macro_rates_credit_vol_risk_state_context__fold_03__seed123,base_macro_rates_credit_vol_risk_state_context,rates_credit_vol_risk_state_context,False,fold_03,123,checkpoint_robust_score,checkpoint,dow30_market_proxy_buy_hold,Market Proxy Buy and Hold,passive_buy_hold,False,62,4.796008717530675,2.6296507855597326,-0.035883055394705154,17.21311475409836,7.090829156741729,5.0924005668221675,-0.019717038313999402,0.0,0.0,-0.00043501225179986994,-3.725908485912812,-2.294820439211054,-2.462749781262435,2.294820439211054,2.462749781262435,False,False,0.4032258064516129
base_macro_rates_credit_vol_risk_state_context__fold_03__seed123,base_macro_rates_credit_vol_risk_state_context,rates_credit_vol_risk_state_context,False,fold_03,123,checkpoint_robust_score,checkpoint,dow30_trend_filter_overlay,Trend Filter Overlay,structured_trend_filter,False,62,4.796008717530675,2.6296507855597326,-0.035883055394705154,17.21311475409836,5.430501666668519,4.038401449403397,-0.02014071492773184,0.01047047091243348,0.0012983383931417516,-0.00016625852968967926,-1.3177567312228902,-0.6344929491378437,-1.408750663843664,0.6344929491378437,1.408750663843664,False,False,0.4838709677419355
base_macro_rates_credit_vol_risk_state_context__fold_03__seed42,base_macro_rates_credit_vol_risk_state_context,rates_credit_vol_risk_state_context,False,fold_03,42,checkpoint_robust_score,checkpoint,dow30_equal_weight_rebalance_matched,Equal Weight Rebalance Matched,passive_rebalanced,True,62,3.0634103065832585,1.5948981264552435,-0.040087215951757904,12.795081967213115,5.669794204618395,4.067408498743239,-0.02392067092113981,0.0027503027692098404,0.00034103754338202013,-0.0004707320789335691,-3.280386332998284,-2.606383898035136,-2.4725103722879958,2.606383898035136,2.4725103722879958,False,False,0.46774193548387094
base_macro_rates_credit_vol_risk_state_context__fold_03__seed42,base_macro_rates_credit_vol_risk_state_context,rates_credit_vol_risk_state_context,False,fold_03,42,checkpoint_robust_score,checkpoint,dow30_equal_weight_vol_target,Equal Weight Vol Target,structured_risk_control,False,62,3.0634103065832585,1.5948981264552435,-0.040087215951757904,12.795081967213115,5.669794204618328,4.067408498743239,-0.02392067092114003,0.0027503027692098404,0.00034103754338202013,-0.0004707320789335691,-3.280386332998284,-2.6063838980350695,-2.4725103722879958,2.6063838980350695,2.4725103722879958,False,False,0.46774193548387094
base_macro_rates_credit_vol_risk_state_context__fold_03__seed42,base_macro_rates_credit_vol_risk_state_context,rates_credit_vol_risk_state_context,False,fold_03,42,checkpoint_robust_score,checkpoint,dow30_market_proxy_buy_hold,Market Proxy Buy and Hold,passive_buy_hold,False,62,3.0634103065832585,1.5948981264552435,-0.040087215951757904,12.795081967213115,7.090829156741729,5.0924005668221675,-0.019717038313999402,0.0,0.0,-0.0007024447458585163,-4.847962160634164,-4.027418850158471,-3.497502440366924,4.027418850158471,3.497502440366924,False,False,0.3709677419354839
base_macro_rates_credit_vol_risk_state_context__fold_03__seed42,base_macro_rates_credit_vol_risk_state_context,rates_credit_vol_risk_state_context,False,fold_03,42,checkpoint_robust_score,checkpoint,dow30_trend_filter_overlay,Trend Filter Overlay,structured_trend_filter,False,62,3.0634103065832585,1.5948981264552435,-0.040087215951757904,12.795081967213115,5.430501666668519,4.038401449403397,-0.02014071492773184,0.01047047091243348,0.0012983383931417516,-0.0004336910237483256,-2.5640571090277477,-2.3670913600852606,-2.4435033229481533,2.3670913600852606,2.4435033229481533,False,False,0.45161290322580644
base_macro_rates_credit_vol_risk_state_context__fold_03__seed999,base_macro_rates_credit_vol_risk_state_context,rates_credit_vol_risk_state_context,False,fold_03,999,checkpoint_robust_score,checkpoint,dow30_equal_weight_rebalance_matched,Equal Weight Rebalance Matched,passive_rebalanced,True,62,0.03025978360711168,0.5391852248852039,-0.0015634452963739776,0.0,5.669794204618395,4.067408498743239,-0.02392067092113981,0.0027503027692098404,0.00034103754338202013,-0.0009649579691407589,-4.176064732295206,-5.639534421011283,-3.528223273858035,5.639534421011283,3.528223273858035,False,False,0.43548387096774194
base_macro_rates_credit_vol_risk_state_context__fold_03__seed999,base_macro_rates_credit_vol_risk_state_context,rates_credit_vol_risk_state_context,False,fold_03,999,checkpoint_robust_score,checkpoint,dow30_equal_weight_vol_target,Equal Weight Vol Target,structured_risk_control,False,62,0.03025978360711168,0.5391852248852039,-0.0015634452963739776,0.0,5.669794204618328,4.067408498743239,-0.02392067092114003,0.0027503027692098404,0.00034103754338202013,-0.0009649579691407589,-4.176064732295206,-5.639534421011216,-3.528223273858035,5.639534421011216,3.528223273858035,False,False,0.43548387096774194
base_macro_rates_credit_vol_risk_state_context__fold_03__seed999,base_macro_rates_credit_vol_risk_state_context,rates_credit_vol_risk_state_context,False,fold_03,999,checkpoint_robust_score,checkpoint,dow30_market_proxy_buy_hold,Market Proxy Buy and Hold,passive_buy_hold,False,62,0.03025978360711168,0.5391852248852039,-0.0015634452963739776,0.0,7.090829156741729,5.0924005668221675,-0.019717038313999402,0.0,0.0,-0.0011966706360657063,-5.234652235012763,-7.0605693731346175,-4.553215341936964,7.0605693731346175,4.553215341936964,False,False,0.4032258064516129
base_macro_rates_credit_vol_risk_state_context__fold_03__seed999,base_macro_rates_credit_vol_risk_state_context,rates_credit_vol_risk_state_context,False,fold_03,999,checkpoint_robust_score,checkpoint,dow30_trend_filter_overlay,Trend Filter Overlay,structured_trend_filter,False,62,0.03025978360711168,0.5391852248852039,-0.0015634452963739776,0.0,5.430501666668519,4.038401449403397,-0.02014071492773184,0.01047047091243348,0.0012983383931417516,-0.0009279169139555154,-4.134871961094492,-5.400241883061407,-3.4992162245181926,5.400241883061407,3.4992162245181926,False,False,0.3870967741935484
base_macro_rates_credit_vol_risk_state_context__fold_04__seed123,base_macro_rates_credit_vol_risk_state_context,rates_credit_vol_risk_state_context,False,fold_04,123,checkpoint_robust_score,checkpoint,dow30_equal_weight_rebalance_matched,Equal Weight Rebalance Matched,passive_rebalanced,True,64,8.617243768201455,4.065544832001347,-0.017942199263933145,9.523809523809524,6.184681554026161,3.7725813323448136,-0.01927595496702894,0.002957974327769496,0.00037862071395449554,0.0003259913546983686,1.4577580178813359,2.4325622141752934,0.29296349965653334,-2.4325622141752934,-0.29296349965653334,True,True,0.484375
base_macro_rates_credit_vol_risk_state_context__fold_04__seed123,base_macro_rates_credit_vol_risk_state_context,rates_credit_vol_risk_state_context,False,fold_04,123,checkpoint_robust_score,checkpoint,dow30_equal_weight_vol_target,Equal Weight Vol Target,structured_risk_control,False,64,8.617243768201455,4.065544832001347,-0.017942199263933145,9.523809523809524,6.1846815540261835,3.7725813323448136,-0.019275954967028608,0.002957974327769496,0.00037862071395449554,0.0003259913546983686,1.4577580178813359,2.432562214175271,0.29296349965653334,-2.432562214175271,-0.29296349965653334,True,True,0.484375
base_macro_rates_credit_vol_risk_state_context__fold_04__seed123,base_macro_rates_credit_vol_risk_state_context,rates_credit_vol_risk_state_context,False,fold_04,123,checkpoint_robust_score,checkpoint,dow30_market_proxy_buy_hold,Market Proxy Buy and Hold,passive_buy_hold,False,64,8.617243768201455,4.065544832001347,-0.017942199263933145,9.523809523809524,6.20188260241985,3.7252263573194626,-0.019446289183368548,0.0,0.0,0.0003027098896683782,1.4180205438630742,2.4153611657816043,0.34031847468188436,-2.4153611657816043,-0.34031847468188436,True,True,0.46875
base_macro_rates_credit_vol_risk_state_context__fold_04__seed123,base_macro_rates_credit_vol_risk_state_context,rates_credit_vol_risk_state_context,False,fold_04,123,checkpoint_robust_score,checkpoint,dow30_trend_filter_overlay,Trend Filter Overlay,structured_trend_filter,False,64,8.617243768201455,4.065544832001347,-0.017942199263933145,9.523809523809524,5.131620620692834,3.318101063173315,-0.01927595496702883,0.03370674236244743,0.004314463022393271,0.0004826067693910218,2.0461109271114792,3.485623147508621,0.747443768828032,-3.485623147508621,-0.747443768828032,True,True,0.546875
base_macro_rates_credit_vol_risk_state_context__fold_04__seed42,base_macro_rates_credit_vol_risk_state_context,rates_credit_vol_risk_state_context,False,fold_04,42,checkpoint_robust_score,best_model,dow30_equal_weight_rebalance_matched,Equal Weight Rebalance Matched,passive_rebalanced,True,64,7.800593514690779,4.540355899341926,-0.01908630464318939,11.904761904761905,6.184681554026161,3.7725813323448136,-0.01927595496702894,0.002957974327769496,0.00037862071395449554,0.0002034972096978388,1.1070339012057968,1.6159119606646177,0.7677745669971126,-1.6159119606646177,-0.7677745669971126,True,True,0.484375
base_macro_rates_credit_vol_risk_state_context__fold_04__seed42,base_macro_rates_credit_vol_risk_state_context,rates_credit_vol_risk_state_context,False,fold_04,42,checkpoint_robust_score,best_model,dow30_equal_weight_vol_target,Equal Weight Vol Target,structured_risk_control,False,64,7.800593514690779,4.540355899341926,-0.01908630464318939,11.904761904761905,6.1846815540261835,3.7725813323448136,-0.019275954967028608,0.002957974327769496,0.00037862071395449554,0.0002034972096978388,1.1070339012057968,1.6159119606645955,0.7677745669971126,-1.6159119606645955,-0.7677745669971126,True,True,0.484375
base_macro_rates_credit_vol_risk_state_context__fold_04__seed42,base_macro_rates_credit_vol_risk_state_context,rates_credit_vol_risk_state_context,False,fold_04,42,checkpoint_robust_score,best_model,dow30_market_proxy_buy_hold,Market Proxy Buy and Hold,passive_buy_hold,False,64,7.800593514690779,4.540355899341926,-0.01908630464318939,11.904761904761905,6.20188260241985,3.7252263573194626,-0.019446289183368548,0.0,0.0,0.0001802157446678484,0.93934301294597,1.5987109122709287,0.8151295420224636,-1.5987109122709287,-0.8151295420224636,True,True,0.5
base_macro_rates_credit_vol_risk_state_context__fold_04__seed42,base_macro_rates_credit_vol_risk_state_context,rates_credit_vol_risk_state_context,False,fold_04,42,checkpoint_robust_score,best_model,dow30_trend_filter_overlay,Trend Filter Overlay,structured_trend_filter,False,64,7.800593514690779,4.540355899341926,-0.01908630464318939,11.904761904761905,5.131620620692834,3.318101063173315,-0.01927595496702883,0.03370674236244743,0.004314463022393271,0.0003601126243904921,1.8543941754363307,2.668972893997945,1.2222548361686112,-2.668972893997945,-1.2222548361686112,True,True,0.546875
base_macro_rates_credit_vol_risk_state_context__fold_04__seed999,base_macro_rates_credit_vol_risk_state_context,rates_credit_vol_risk_state_context,False,fold_04,999,checkpoint_robust_score,checkpoint,dow30_equal_weight_rebalance_matched,Equal Weight Rebalance Matched,passive_rebalanced,True,64,4.5892622172243325,2.5493058255070826,-0.022054861053440455,9.468253968253968,6.184681554026161,3.7725813323448136,-0.01927595496702894,0.002957974327769496,0.00037862071395449554,-0.000268192606643287,-1.555859226987659,-1.5954193368018288,-1.223275506837731,1.5954193368018288,1.223275506837731,False,False,0.390625
base_macro_rates_credit_vol_risk_state_context__fold_04__seed999,base_macro_rates_credit_vol_risk_state_context,rates_credit_vol_risk_state_context,False,fold_04,999,checkpoint_robust_score,checkpoint,dow30_equal_weight_vol_target,Equal Weight Vol Target,structured_risk_control,False,64,4.5892622172243325,2.5493058255070826,-0.022054861053440455,9.468253968253968,6.1846815540261835,3.7725813323448136,-0.019275954967028608,0.002957974327769496,0.00037862071395449554,-0.000268192606643287,-1.555859226987659,-1.595419336801851,-1.223275506837731,1.595419336801851,1.223275506837731,False,False,0.390625
base_macro_rates_credit_vol_risk_state_context__fold_04__seed999,base_macro_rates_credit_vol_risk_state_context,rates_credit_vol_risk_state_context,False,fold_04,999,checkpoint_robust_score,checkpoint,dow30_market_proxy_buy_hold,Market Proxy Buy and Hold,passive_buy_hold,False,64,4.5892622172243325,2.5493058255070826,-0.022054861053440455,9.468253968253968,6.20188260241985,3.7252263573194626,-0.019446289183368548,0.0,0.0,-0.0002914740716732774,-1.6609701188368786,-1.6126203851955179,-1.17592053181238,1.6126203851955179,1.17592053181238,False,False,0.484375
base_macro_rates_credit_vol_risk_state_context__fold_04__seed999,base_macro_rates_credit_vol_risk_state_context,rates_credit_vol_risk_state_context,False,fold_04,999,checkpoint_robust_score,checkpoint,dow30_trend_filter_overlay,Trend Filter Overlay,structured_trend_filter,False,64,4.5892622172243325,2.5493058255070826,-0.022054861053440455,9.468253968253968,5.131620620692834,3.318101063173315,-0.01927595496702883,0.03370674236244743,0.004314463022393271,-0.00011157719195063367,-0.5731653671109118,-0.5423584034685014,-0.7687952376662324,0.5423584034685014,0.7687952376662324,False,False,0.4375
base_macro_rates_credit_vol_risk_state_context__fold_05__seed123,base_macro_rates_credit_vol_risk_state_context,rates_credit_vol_risk_state_context,False,fold_05,123,checkpoint_robust_score,checkpoint,dow30_equal_weight_rebalance_matched,Equal Weight Rebalance Matched,passive_rebalanced,True,61,-3.4290839533338113,-0.503450362302258,-0.10049637338324746,9.875,-2.197904046653143,-0.21102849962765233,-0.1018104651132864,0.004006614550557066,0.000488806975167962,-0.0002867288854827861,-1.0282149223352326,-1.2311799066806683,-0.2924218626746057,1.2311799066806683,0.2924218626746057,False,False,0.5245901639344263
base_macro_rates_credit_vol_risk_state_context__fold_05__seed123,base_macro_rates_credit_vol_risk_state_context,rates_credit_vol_risk_state_context,False,fold_05,123,checkpoint_robust_score,checkpoint,dow30_equal_weight_vol_target,Equal Weight Vol Target,structured_risk_control,False,61,-3.4290839533338113,-0.503450362302258,-0.10049637338324746,9.875,-4.085857893203537,-0.7488947456175344,-0.11270866882764441,0.01266255195701421,0.0015448313387557344,5.9940112204896435e-05,0.1631128003847616,0.6567739398697254,0.2454443833152764,-0.6567739398697254,-0.2454443833152764,True,True,0.5573770491803278
base_macro_rates_credit_vol_risk_state_context__fold_05__seed123,base_macro_rates_credit_vol_risk_state_context,rates_credit_vol_risk_state_context,False,fold_05,123,checkpoint_robust_score,checkpoint,dow30_market_proxy_buy_hold,Market Proxy Buy and Hold,passive_buy_hold,False,61,-3.4290839533338113,-0.503450362302258,-0.10049637338324746,9.875,-0.4746316710954268,0.12153369990283441,-0.09755224538655749,0.0,0.0,-0.0005690353522011026,-2.1242587107086432,-2.9544522822383845,-0.6249840622050924,2.9544522822383845,0.6249840622050924,False,False,0.47540983606557374
base_macro_rates_credit_vol_risk_state_context__fold_05__seed123,base_macro_rates_credit_vol_risk_state_context,rates_credit_vol_risk_state_context,False,fold_05,123,checkpoint_robust_score,checkpoint,dow30_trend_filter_overlay,Trend Filter Overlay,structured_trend_filter,False,61,-3.4290839533338113,-0.503450362302258,-0.10049637338324746,9.875,-5.752357063965241,-1.577648897384811,-0.11597939523583212,0.04285051664656708,0.005227763030881185,0.0003733079798290734,0.5152164085039471,2.3232731106314297,1.074198535082553,-2.3232731106314297,-1.074198535082553,True,True,0.5409836065573771
base_macro_rates_credit_vol_risk_state_context__fold_05__seed42,base_macro_rates_credit_vol_risk_state_context,rates_credit_vol_risk_state_context,False,fold_05,42,checkpoint_robust_score,checkpoint,dow30_equal_weight_rebalance_matched,Equal Weight Rebalance Matched,passive_rebalanced,True,61,-5.607856399024946,-0.977218588593117,-0.10962427200965652,12.5,-2.197904046653143,-0.21102849962765233,-0.1018104651132864,0.004006614550557066,0.000488806975167962,-0.0006724404465897748,-4.474777594585493,-3.4099523523718034,-0.7661900889654647,3.4099523523718034,0.7661900889654647,False,False,0.39344262295081966
base_macro_rates_credit_vol_risk_state_context__fold_05__seed42,base_macro_rates_credit_vol_risk_state_context,rates_credit_vol_risk_state_context,False,fold_05,42,checkpoint_robust_score,checkpoint,dow30_equal_weight_vol_target,Equal Weight Vol Target,structured_risk_control,False,61,-5.607856399024946,-0.977218588593117,-0.10962427200965652,12.5,-4.085857893203537,-0.7488947456175344,-0.11270866882764441,0.01266255195701421,0.0015448313387557344,-0.00032577144890209213,-1.1788628319363745,-1.5219985058214096,-0.2283238429755826,1.5219985058214096,0.2283238429755826,False,False,0.4426229508196721
base_macro_rates_credit_vol_risk_state_context__fold_05__seed42,base_macro_rates_credit_vol_risk_state_context,rates_credit_vol_risk_state_context,False,fold_05,42,checkpoint_robust_score,checkpoint,dow30_market_proxy_buy_hold,Market Proxy Buy and Hold,passive_buy_hold,False,61,-5.607856399024946,-0.977218588593117,-0.10962427200965652,12.5,-0.4746316710954268,0.12153369990283441,-0.09755224538655749,0.0,0.0,-0.0009547469133080914,-5.26378883268141,-5.13322472792952,-1.0987522884959515,5.13322472792952,1.0987522884959515,False,False,0.36065573770491804
base_macro_rates_credit_vol_risk_state_context__fold_05__seed42,base_macro_rates_credit_vol_risk_state_context,rates_credit_vol_risk_state_context,False,fold_05,42,checkpoint_robust_score,checkpoint,dow30_trend_filter_overlay,Trend Filter Overlay,structured_trend_filter,False,61,-5.607856399024946,-0.977218588593117,-0.10962427200965652,12.5,-5.752357063965241,-1.577648897384811,-0.11597939523583212,0.04285051664656708,0.005227763030881185,-1.2403581277915229e-05,-0.018005908882401448,0.14450066494029468,0.600430308791694,-0.14450066494029468,-0.600430308791694,True,True,0.45901639344262296
base_macro_rates_credit_vol_risk_state_context__fold_05__seed999,base_macro_rates_credit_vol_risk_state_context,rates_credit_vol_risk_state_context,False,fold_05,999,checkpoint_robust_score,checkpoint,dow30_equal_weight_rebalance_matched,Equal Weight Rebalance Matched,passive_rebalanced,True,61,-3.927877682445524,-0.6121493695418713,-0.10834043917644143,10.833333333333334,-2.197904046653143,-0.21102849962765233,-0.1018104651132864,0.004006614550557066,0.000488806975167962,-0.00037597782109102796,-1.8652866346403554,-1.7299736357923812,-0.4011208699142189,1.7299736357923812,0.4011208699142189,False,False,0.4426229508196721
base_macro_rates_credit_vol_risk_state_context__fold_05__seed999,base_macro_rates_credit_vol_risk_state_context,rates_credit_vol_risk_state_context,False,fold_05,999,checkpoint_robust_score,checkpoint,dow30_equal_weight_vol_target,Equal Weight Vol Target,structured_risk_control,False,61,-3.927877682445524,-0.6121493695418713,-0.10834043917644143,10.833333333333334,-4.085857893203537,-0.7488947456175344,-0.11270866882764441,0.01266255195701421,0.0015448313387557344,-2.9308823403345454e-05,-0.09468656492806889,0.1579802107580126,0.13674537607566317,-0.1579802107580126,-0.13674537607566317,True,True,0.45901639344262296
base_macro_rates_credit_vol_risk_state_context__fold_05__seed999,base_macro_rates_credit_vol_risk_state_context,rates_credit_vol_risk_state_context,False,fold_05,999,checkpoint_robust_score,checkpoint,dow30_market_proxy_buy_hold,Market Proxy Buy and Hold,passive_buy_hold,False,61,-3.927877682445524,-0.6121493695418713,-0.10834043917644143,10.833333333333334,-0.4746316710954268,0.12153369990283441,-0.09755224538655749,0.0,0.0,-0.0006582842878093448,-3.4516887775200304,-3.4532460113500973,-0.7336830694447056,3.4532460113500973,0.7336830694447056,False,False,0.4262295081967213
base_macro_rates_credit_vol_risk_state_context__fold_05__seed999,base_macro_rates_credit_vol_risk_state_context,rates_credit_vol_risk_state_context,False,fold_05,999,checkpoint_robust_score,checkpoint,dow30_trend_filter_overlay,Trend Filter Overlay,structured_trend_filter,False,61,-3.927877682445524,-0.6121493695418713,-0.10834043917644143,10.833333333333334,-5.752357063965241,-1.577648897384811,-0.11597939523583212,0.04285051664656708,0.005227763030881185,0.00028405904422083145,0.38662886028868776,1.824479381519717,0.9654995278429398,-1.824479381519717,-0.9654995278429398,True,True,0.47540983606557374
base_macro_rates_credit_vol_risk_state_context__fold_06__seed123,base_macro_rates_credit_vol_risk_state_context,rates_credit_vol_risk_state_context,False,fold_06,123,checkpoint_robust_score,best_model,dow30_equal_weight_rebalance_matched,Equal Weight Rebalance Matched,passive_rebalanced,True,64,7.928812325849899,4.50509757099397,-0.013112547749208114,11.904761904761905,10.668136048268352,5.988361923127513,-0.013054279731453344,0.0034908641737591735,0.00044683061424117426,-0.0005296476264864536,-3.540045003846693,-2.739323722418453,-1.4832643521335438,2.739323722418453,1.4832643521335438,False,False,0.484375
base_macro_rates_credit_vol_risk_state_context__fold_06__seed123,base_macro_rates_credit_vol_risk_state_context,rates_credit_vol_risk_state_context,False,fold_06,123,checkpoint_robust_score,best_model,dow30_equal_weight_vol_target,Equal Weight Vol Target,structured_risk_control,False,64,7.928812325849899,4.50509757099397,-0.013112547749208114,11.904761904761905,10.668136048268352,5.988361923127513,-0.013054279731453344,0.0034908641737591735,0.00044683061424117426,-0.0005296476264864536,-3.540045003846693,-2.739323722418453,-1.4832643521335438,2.739323722418453,1.4832643521335438,False,False,0.484375
base_macro_rates_credit_vol_risk_state_context__fold_06__seed123,base_macro_rates_credit_vol_risk_state_context,rates_credit_vol_risk_state_context,False,fold_06,123,checkpoint_robust_score,best_model,dow30_market_proxy_buy_hold,Market Proxy Buy and Hold,passive_buy_hold,False,64,7.928812325849899,4.50509757099397,-0.013112547749208114,11.904761904761905,11.78157859623341,5.896917354429322,-0.018542858767121806,0.0,0.0,-0.0006796016801316166,-3.8656612099788226,-3.852766270383512,-1.391819783435352,3.852766270383512,1.391819783435352,False,False,0.359375
base_macro_rates_credit_vol_risk_state_context__fold_06__seed123,base_macro_rates_credit_vol_risk_state_context,rates_credit_vol_risk_state_context,False,fold_06,123,checkpoint_robust_score,best_model,dow30_trend_filter_overlay,Trend Filter Overlay,structured_trend_filter,False,64,7.928812325849899,4.50509757099397,-0.013112547749208114,11.904761904761905,7.95104578543262,4.900669078218845,-0.013054279731453344,0.04227217991615985,0.00541083902926846,-0.00012393706595731254,-0.8301037075109526,-0.02223345958272116,-0.3955715072248758,0.02223345958272116,0.3955715072248758,False,False,0.515625
base_macro_rates_credit_vol_risk_state_context__fold_06__seed42,base_macro_rates_credit_vol_risk_state_context,rates_credit_vol_risk_state_context,False,fold_06,42,checkpoint_robust_score,best_model,dow30_equal_weight_rebalance_matched,Equal Weight Rebalance Matched,passive_rebalanced,True,64,7.799573026728446,4.46978908763894,-0.015717210689272898,9.428571428571429,10.668136048268352,5.988361923127513,-0.013054279731453344,0.0034908641737591735,0.00044683061424117426,-0.0005485286942960328,-3.159602689453261,-2.868563021539906,-1.5185728354885732,2.868563021539906,1.5185728354885732,False,False,0.40625
base_macro_rates_credit_vol_risk_state_context__fold_06__seed42,base_macro_rates_credit_vol_risk_state_context,rates_credit_vol_risk_state_context,False,fold_06,42,checkpoint_robust_score,best_model,dow30_equal_weight_vol_target,Equal Weight Vol Target,structured_risk_control,False,64,7.799573026728446,4.46978908763894,-0.015717210689272898,9.428571428571429,10.668136048268352,5.988361923127513,-0.013054279731453344,0.0034908641737591735,0.00044683061424117426,-0.0005485286942960328,-3.159602689453261,-2.868563021539906,-1.5185728354885732,2.868563021539906,1.5185728354885732,False,False,0.40625
base_macro_rates_credit_vol_risk_state_context__fold_06__seed42,base_macro_rates_credit_vol_risk_state_context,rates_credit_vol_risk_state_context,False,fold_06,42,checkpoint_robust_score,best_model,dow30_market_proxy_buy_hold,Market Proxy Buy and Hold,passive_buy_hold,False,64,7.799573026728446,4.46978908763894,-0.015717210689272898,9.428571428571429,11.78157859623341,5.896917354429322,-0.018542858767121806,0.0,0.0,-0.0006984827479411958,-4.176855366757617,-3.982005569504965,-1.4271282667903815,3.982005569504965,1.4271282667903815,False,False,0.390625
base_macro_rates_credit_vol_risk_state_context__fold_06__seed42,base_macro_rates_credit_vol_risk_state_context,rates_credit_vol_risk_state_context,False,fold_06,42,checkpoint_robust_score,best_model,dow30_trend_filter_overlay,Trend Filter Overlay,structured_trend_filter,False,64,7.799573026728446,4.46978908763894,-0.015717210689272898,9.428571428571429,7.95104578543262,4.900669078218845,-0.013054279731453344,0.04227217991615985,0.00541083902926846,-0.00014281813376689176,-0.8840100470702773,-0.1514727587041742,-0.4308799905799052,0.1514727587041742,0.4308799905799052,False,False,0.453125
base_macro_rates_credit_vol_risk_state_context__fold_06__seed999,base_macro_rates_credit_vol_risk_state_context,rates_credit_vol_risk_state_context,False,fold_06,999,checkpoint_robust_score,checkpoint,dow30_equal_weight_rebalance_matched,Equal Weight Rebalance Matched,passive_rebalanced,True,64,6.453417781036008,2.9354831047378016,-0.03056455670303837,12.84920634920635,10.668136048268352,5.988361923127513,-0.013054279731453344,0.0034908641737591735,0.00044683061424117426,-0.0007394977288173622,-2.754980712394737,-4.214718267232343,-3.0528788183897118,4.214718267232343,3.0528788183897118,False,False,0.484375
base_macro_rates_credit_vol_risk_state_context__fold_06__seed999,base_macro_rates_credit_vol_risk_state_context,rates_credit_vol_risk_state_context,False,fold_06,999,checkpoint_robust_score,checkpoint,dow30_equal_weight_vol_target,Equal Weight Vol Target,structured_risk_control,False,64,6.453417781036008,2.9354831047378016,-0.03056455670303837,12.84920634920635,10.668136048268352,5.988361923127513,-0.013054279731453344,0.0034908641737591735,0.00044683061424117426,-0.0007394977288173622,-2.754980712394737,-4.214718267232343,-3.0528788183897118,4.214718267232343,3.0528788183897118,False,False,0.484375
base_macro_rates_credit_vol_risk_state_context__fold_06__seed999,base_macro_rates_credit_vol_risk_state_context,rates_credit_vol_risk_state_context,False,fold_06,999,checkpoint_robust_score,checkpoint,dow30_market_proxy_buy_hold,Market Proxy Buy and Hold,passive_buy_hold,False,64,6.453417781036008,2.9354831047378016,-0.03056455670303837,12.84920634920635,11.78157859623341,5.896917354429322,-0.018542858767121806,0.0,0.0,-0.0008894517824625251,-4.4572703147574115,-5.3281608151974025,-2.96143424969152,5.3281608151974025,2.96143424969152,False,False,0.453125
base_macro_rates_credit_vol_risk_state_context__fold_06__seed999,base_macro_rates_credit_vol_risk_state_context,rates_credit_vol_risk_state_context,False,fold_06,999,checkpoint_robust_score,checkpoint,dow30_trend_filter_overlay,Trend Filter Overlay,structured_trend_filter,False,64,6.453417781036008,2.9354831047378016,-0.03056455670303837,12.84920634920635,7.95104578543262,4.900669078218845,-0.013054279731453344,0.04227217991615985,0.00541083902926846,-0.00033378716828822113,-1.2884039095354476,-1.4976280043966117,-1.9651859734810437,1.4976280043966117,1.9651859734810437,False,False,0.515625
base_macro_rates_credit_vol_risk_state_context__fold_07__seed123,base_macro_rates_credit_vol_risk_state_context,rates_credit_vol_risk_state_context,False,fold_07,123,checkpoint_robust_score,checkpoint,dow30_equal_weight_rebalance_matched,Equal Weight Rebalance Matched,passive_rebalanced,True,62,11.740667354494484,3.997558631269049,-0.02933797911560876,7.377049180327869,12.9682269408677,5.316742554168367,-0.020376675133546573,0.0035299525485280752,0.0004377141160174813,-0.0007169197510741228,-2.242128025590192,-1.227559586373216,-1.3191839228993176,1.227559586373216,1.3191839228993176,False,False,0.5806451612903226
base_macro_rates_credit_vol_risk_state_context__fold_07__seed123,base_macro_rates_credit_vol_risk_state_context,rates_credit_vol_risk_state_context,False,fold_07,123,checkpoint_robust_score,checkpoint,dow30_equal_weight_vol_target,Equal Weight Vol Target,structured_risk_control,False,62,11.740667354494484,3.997558631269049,-0.02933797911560876,7.377049180327869,10.364183539522953,5.034636455621809,-0.020376675133546684,0.00741732551673264,0.0009197483640748474,-6.950630597717703e-05,-0.2861119200814874,1.3764838149715306,-1.0370778243527594,-1.3764838149715306,1.0370778243527594,True,False,0.5967741935483871
base_macro_rates_credit_vol_risk_state_context__fold_07__seed123,base_macro_rates_credit_vol_risk_state_context,rates_credit_vol_risk_state_context,False,fold_07,123,checkpoint_robust_score,checkpoint,dow30_market_proxy_buy_hold,Market Proxy Buy and Hold,passive_buy_hold,False,62,11.740667354494484,3.997558631269049,-0.02933797911560876,7.377049180327869,13.516477013708595,4.980269894120438,-0.024726167559160017,0.0,0.0,-0.0008347251749179696,-2.4524740245738967,-1.7758096592141115,-0.9827112628513888,1.7758096592141115,0.9827112628513888,False,False,0.4838709677419355
base_macro_rates_credit_vol_risk_state_context__fold_07__seed123,base_macro_rates_credit_vol_risk_state_context,rates_credit_vol_risk_state_context,False,fold_07,123,checkpoint_robust_score,checkpoint,dow30_trend_filter_overlay,Trend Filter Overlay,structured_trend_filter,False,62,11.740667354494484,3.997558631269049,-0.02933797911560876,7.377049180327869,10.408564075755056,4.048677811968784,-0.020376675133546684,0.011188886994545285,0.0013874219873236155,0.00019970819102367194,1.2421045451207358,1.332103278739428,-0.05111918069973509,-1.332103278739428,0.05111918069973509,True,False,0.6290322580645161
base_macro_rates_credit_vol_risk_state_context__fold_07__seed42,base_macro_rates_credit_vol_risk_state_context,rates_credit_vol_risk_state_context,False,fold_07,42,checkpoint_robust_score,last_model,dow30_equal_weight_rebalance_matched,Equal Weight Rebalance Matched,passive_rebalanced,True,62,8.292035286869016,2.9880890571447387,-0.029924978823510417,11.475409836065573,12.9682269408677,5.316742554168367,-0.020376675133546573,0.0035299525485280752,0.0004377141160174813,-0.0012251702457452822,-4.033009672074738,-4.676191653998684,-2.328653497023628,4.676191653998684,2.328653497023628,False,False,0.3548387096774194
base_macro_rates_credit_vol_risk_state_context__fold_07__seed42,base_macro_rates_credit_vol_risk_state_context,rates_credit_vol_risk_state_context,False,fold_07,42,checkpoint_robust_score,last_model,dow30_equal_weight_vol_target,Equal Weight Vol Target,structured_risk_control,False,62,8.292035286869016,2.9880890571447387,-0.029924978823510417,11.475409836065573,10.364183539522953,5.034636455621809,-0.020376675133546684,0.00741732551673264,0.0009197483640748474,-0.0005777568006483366,-2.6545442526707403,-2.072148252653937,-2.04654739847707,2.072148252653937,2.04654739847707,False,False,0.41935483870967744
base_macro_rates_credit_vol_risk_state_context__fold_07__seed42,base_macro_rates_credit_vol_risk_state_context,rates_credit_vol_risk_state_context,False,fold_07,42,checkpoint_robust_score,last_model,dow30_market_proxy_buy_hold,Market Proxy Buy and Hold,passive_buy_hold,False,62,8.292035286869016,2.9880890571447387,-0.029924978823510417,11.475409836065573,13.516477013708595,4.980269894120438,-0.024726167559160017,0.0,0.0,-0.0013429756695891289,-4.102139952976605,-5.224441726839579,-1.9921808369756993,5.224441726839579,1.9921808369756993,False,False,0.41935483870967744
base_macro_rates_credit_vol_risk_state_context__fold_07__seed42,base_macro_rates_credit_vol_risk_state_context,rates_credit_vol_risk_state_context,False,fold_07,42,checkpoint_robust_score,last_model,dow30_trend_filter_overlay,Trend Filter Overlay,structured_trend_filter,False,62,8.292035286869016,2.9880890571447387,-0.029924978823510417,11.475409836065573,10.408564075755056,4.048677811968784,-0.020376675133546684,0.011188886994545285,0.0013874219873236155,-0.0003085423036474873,-2.1659591722738556,-2.11652878888604,-1.0605887548240456,2.11652878888604,1.0605887548240456,False,False,0.41935483870967744
base_macro_rates_credit_vol_risk_state_context__fold_07__seed999,base_macro_rates_credit_vol_risk_state_context,rates_credit_vol_risk_state_context,False,fold_07,999,checkpoint_robust_score,best_model,dow30_equal_weight_rebalance_matched,Equal Weight Rebalance Matched,passive_rebalanced,True,62,11.96916870928517,5.025442906036279,-0.015174134344585477,9.01639344262295,12.9682269408677,5.316742554168367,-0.020376675133546573,0.0035299525485280752,0.0004377141160174813,-0.0006930931107886556,-2.1327635993539356,-0.9990582315825289,-0.291299648132088,0.9990582315825289,0.291299648132088,False,False,0.5
base_macro_rates_credit_vol_risk_state_context__fold_07__seed999,base_macro_rates_credit_vol_risk_state_context,rates_credit_vol_risk_state_context,False,fold_07,999,checkpoint_robust_score,best_model,dow30_equal_weight_vol_target,Equal Weight Vol Target,structured_risk_control,False,62,11.96916870928517,5.025442906036279,-0.015174134344585477,9.01639344262295,10.364183539522953,5.034636455621809,-0.020376675133546684,0.00741732551673264,0.0009197483640748474,-4.567966569170989e-05,-0.22511162631310447,1.6049851697622177,-0.009193549585529759,-1.6049851697622177,0.009193549585529759,True,False,0.5161290322580645
base_macro_rates_credit_vol_risk_state_context__fold_07__seed999,base_macro_rates_credit_vol_risk_state_context,rates_credit_vol_risk_state_context,False,fold_07,999,checkpoint_robust_score,best_model,dow30_market_proxy_buy_hold,Market Proxy Buy and Hold,passive_buy_hold,False,62,11.96916870928517,5.025442906036279,-0.015174134344585477,9.01639344262295,13.516477013708595,4.980269894120438,-0.024726167559160017,0.0,0.0,-0.000810898534632502,-2.099328439437848,-1.5473083044234244,0.04517301191584089,1.5473083044234244,-0.04517301191584089,False,True,0.5
base_macro_rates_credit_vol_risk_state_context__fold_07__seed999,base_macro_rates_credit_vol_risk_state_context,rates_credit_vol_risk_state_context,False,fold_07,999,checkpoint_robust_score,best_model,dow30_trend_filter_overlay,Trend Filter Overlay,structured_trend_filter,False,62,11.96916870928517,5.025442906036279,-0.015174134344585477,9.01639344262295,10.408564075755056,4.048677811968784,-0.020376675133546684,0.011188886994545285,0.0013874219873236155,0.00022353483130913923,1.3623633691649673,1.5606046335301151,0.9767650940674946,-1.5606046335301151,-0.9767650940674946,True,True,0.5645161290322581
base_macro_rates_credit_vol_risk_state_context__fold_08__seed123,base_macro_rates_credit_vol_risk_state_context,rates_credit_vol_risk_state_context,False,fold_08,123,checkpoint_robust_score,best_model,dow30_equal_weight_rebalance_matched,Equal Weight Rebalance Matched,passive_rebalanced,True,64,-7.398351589122765,-1.9407637403005062,-0.08958258204827263,7.936507936507937,-2.190403319732037,-0.5990153921314147,-0.057323168468871866,0.003868327643184435,0.0004951459383276077,-0.000812329131712117,-4.072993056112217,-5.2079482693907275,-1.3417483481690915,5.2079482693907275,1.3417483481690915,False,False,0.4375
base_macro_rates_credit_vol_risk_state_context__fold_08__seed123,base_macro_rates_credit_vol_risk_state_context,rates_credit_vol_risk_state_context,False,fold_08,123,checkpoint_robust_score,best_model,dow30_equal_weight_vol_target,Equal Weight Vol Target,structured_risk_control,False,64,-7.398351589122765,-1.9407637403005062,-0.08958258204827263,7.936507936507937,-3.3874261587000354,-1.0224298181033473,-0.05666765101309834,0.008014296642030449,0.0010258299701798974,-0.000614000432541001,-2.9361684776867554,-4.010925430422729,-0.9183339221971589,4.010925430422729,0.9183339221971589,False,False,0.5
base_macro_rates_credit_vol_risk_state_context__fold_08__seed123,base_macro_rates_credit_vol_risk_state_context,rates_credit_vol_risk_state_context,False,fold_08,123,checkpoint_robust_score,best_model,dow30_market_proxy_buy_hold,Market Proxy Buy and Hold,passive_buy_hold,False,64,-7.398351589122765,-1.9407637403005062,-0.08958258204827263,7.936507936507937,-2.496020260160614,-0.6432292494334115,-0.06879474749546755,0.0,0.0,-0.000778112560720573,-4.3094328820766,-4.90233132896215,-1.2975344908670947,4.90233132896215,1.2975344908670947,False,False,0.375
base_macro_rates_credit_vol_risk_state_context__fold_08__seed123,base_macro_rates_credit_vol_risk_state_context,rates_credit_vol_risk_state_context,False,fold_08,123,checkpoint_robust_score,best_model,dow30_trend_filter_overlay,Trend Filter Overlay,structured_trend_filter,False,64,-7.398351589122765,-1.9407637403005062,-0.08958258204827263,7.936507936507937,-2.3697757991338553,-1.3329469349418939,-0.040772358223871596,0.04135129051360751,0.005292965185741761,-0.0007535668415846763,-1.427381868679981,-5.02857578998891,-0.6078168053586124,5.02857578998891,0.6078168053586124,False,False,0.40625
base_macro_rates_credit_vol_risk_state_context__fold_08__seed42,base_macro_rates_credit_vol_risk_state_context,rates_credit_vol_risk_state_context,False,fold_08,42,checkpoint_robust_score,best_model,dow30_equal_weight_rebalance_matched,Equal Weight Rebalance Matched,passive_rebalanced,True,64,-3.246411923195236,-0.7687249332030159,-0.06321256060558955,10.817460317460318,-2.190403319732037,-0.5990153921314147,-0.057323168468871866,0.003868327643184435,0.0004951459383276077,-0.00012538276500137448,-0.4549532003353528,-1.0560086034631988,-0.1697095410716012,1.0560086034631988,0.1697095410716012,False,False,0.515625
base_macro_rates_credit_vol_risk_state_context__fold_08__seed42,base_macro_rates_credit_vol_risk_state_context,rates_credit_vol_risk_state_context,False,fold_08,42,checkpoint_robust_score,best_model,dow30_equal_weight_vol_target,Equal Weight Vol Target,structured_risk_control,False,64,-3.246411923195236,-0.7687249332030159,-0.06321256060558955,10.817460317460318,-3.3874261587000354,-1.0224298181033473,-0.05666765101309834,0.008014296642030449,0.0010258299701798974,7.294593416974144e-05,0.2550800312356347,0.1410142355047994,0.2537048849003314,-0.1410142355047994,-0.2537048849003314,True,True,0.578125
base_macro_rates_credit_vol_risk_state_context__fold_08__seed42,base_macro_rates_credit_vol_risk_state_context,rates_credit_vol_risk_state_context,False,fold_08,42,checkpoint_robust_score,best_model,dow30_market_proxy_buy_hold,Market Proxy Buy and Hold,passive_buy_hold,False,64,-3.246411923195236,-0.7687249332030159,-0.06321256060558955,10.817460317460318,-2.496020260160614,-0.6432292494334115,-0.06879474749546755,0.0,0.0,-9.11661940098305e-05,-0.33392528822274514,-0.7503916630346219,-0.1254956837696044,0.7503916630346219,0.1254956837696044,False,False,0.5625
base_macro_rates_credit_vol_risk_state_context__fold_08__seed42,base_macro_rates_credit_vol_risk_state_context,rates_credit_vol_risk_state_context,False,fold_08,42,checkpoint_robust_score,best_model,dow30_trend_filter_overlay,Trend Filter Overlay,structured_trend_filter,False,64,-3.246411923195236,-0.7687249332030159,-0.06321256060558955,10.817460317460318,-2.3697757991338553,-1.3329469349418939,-0.040772358223871596,0.04135129051360751,0.005292965185741761,-6.66204748739335e-05,-0.11682740997389889,-0.8766361240613807,0.5642220017388779,0.8766361240613807,-0.5642220017388779,False,True,0.546875
base_macro_rates_credit_vol_risk_state_context__fold_08__seed999,base_macro_rates_credit_vol_risk_state_context,rates_credit_vol_risk_state_context,False,fold_08,999,checkpoint_robust_score,checkpoint,dow30_equal_weight_rebalance_matched,Equal Weight Rebalance Matched,passive_rebalanced,True,64,-1.8947274460659025,-0.4260520485355741,-0.05134169103518493,11.920634920634921,-2.190403319732037,-0.5990153921314147,-0.057323168468871866,0.003868327643184435,0.0004951459383276077,8.920114472641598e-05,0.50058836970671,0.2956758736661347,0.17296334359584065,-0.2956758736661347,-0.17296334359584065,True,True,0.578125
base_macro_rates_credit_vol_risk_state_context__fold_08__seed999,base_macro_rates_credit_vol_risk_state_context,rates_credit_vol_risk_state_context,False,fold_08,999,checkpoint_robust_score,checkpoint,dow30_equal_weight_vol_target,Equal Weight Vol Target,structured_risk_control,False,64,-1.8947274460659025,-0.4260520485355741,-0.05134169103518493,11.920634920634921,-3.3874261587000354,-1.0224298181033473,-0.05666765101309834,0.008014296642030449,0.0010258299701798974,0.00028752984389753184,1.4959643772230586,1.492698712634133,0.5963777695677732,-1.492698712634133,-0.5963777695677732,True,True,0.625
base_macro_rates_credit_vol_risk_state_context__fold_08__seed999,base_macro_rates_credit_vol_risk_state_context,rates_credit_vol_risk_state_context,False,fold_08,999,checkpoint_robust_score,checkpoint,dow30_market_proxy_buy_hold,Market Proxy Buy and Hold,passive_buy_hold,False,64,-1.8947274460659025,-0.4260520485355741,-0.05134169103518493,11.920634920634921,-2.496020260160614,-0.6432292494334115,-0.06879474749546755,0.0,0.0,0.0001234177157179599,0.677759953160982,0.6012928140947116,0.21717720089783743,-0.6012928140947116,-0.21717720089783743,True,True,0.515625
base_macro_rates_credit_vol_risk_state_context__fold_08__seed999,base_macro_rates_credit_vol_risk_state_context,rates_credit_vol_risk_state_context,False,fold_08,999,checkpoint_robust_score,checkpoint,dow30_trend_filter_overlay,Trend Filter Overlay,structured_trend_filter,False,64,-1.8947274460659025,-0.4260520485355741,-0.05134169103518493,11.920634920634921,-2.3697757991338553,-1.3329469349418939,-0.040772358223871596,0.04135129051360751,0.005292965185741761,0.0001479634348538568,0.2860716485949215,0.4750483530679528,0.9068948864063198,-0.4750483530679528,-0.9068948864063198,True,True,0.578125
base_macro_rates_credit_vol_risk_state_context__fold_09__seed123,base_macro_rates_credit_vol_risk_state_context,rates_credit_vol_risk_state_context,False,fold_09,123,checkpoint_robust_score,checkpoint,dow30_equal_weight_rebalance_matched,Equal Weight Rebalance Matched,passive_rebalanced,True,63,-19.664420405259886,-1.1775749987068107,-0.3105798282382404,12.766129032258064,-21.26096321011869,-1.3324342350158593,-0.3294921903254425,0.007400981379565179,0.0009325236538252126,0.0002968066525187571,0.7323348030453505,1.596542804858803,0.15485923630904863,-1.596542804858803,-0.15485923630904863,True,True,0.47619047619047616
base_macro_rates_credit_vol_risk_state_context__fold_09__seed123,base_macro_rates_credit_vol_risk_state_context,rates_credit_vol_risk_state_context,False,fold_09,123,checkpoint_robust_score,checkpoint,dow30_equal_weight_vol_target,Equal Weight Vol Target,structured_risk_control,False,63,-19.664420405259886,-1.1775749987068107,-0.3105798282382404,12.766129032258064,-11.091494824986892,-2.090526409539299,-0.16088145120459163,0.009631361690851272,0.0012135515730472607,-0.0010407227138590192,-0.6092594064890845,-8.572925580272994,0.9129514108324883,8.572925580272994,-0.9129514108324883,False,True,0.3968253968253968
base_macro_rates_credit_vol_risk_state_context__fold_09__seed123,base_macro_rates_credit_vol_risk_state_context,rates_credit_vol_risk_state_context,False,fold_09,123,checkpoint_robust_score,checkpoint,dow30_market_proxy_buy_hold,Market Proxy Buy and Hold,passive_buy_hold,False,63,-19.664420405259886,-1.1775749987068107,-0.3105798282382404,12.766129032258064,-20.400146714686084,-1.265645074928371,-0.31696628941530847,0.0,0.0,0.0001020193972718952,0.2408761620904367,0.7357263094261981,0.08807007622156027,-0.7357263094261981,-0.08807007622156027,True,True,0.4444444444444444
base_macro_rates_credit_vol_risk_state_context__fold_09__seed123,base_macro_rates_credit_vol_risk_state_context,rates_credit_vol_risk_state_context,False,fold_09,123,checkpoint_robust_score,checkpoint,dow30_trend_filter_overlay,Trend Filter Overlay,structured_trend_filter,False,63,-19.664420405259886,-1.1775749987068107,-0.3105798282382404,12.766129032258064,-2.118284949104654,-0.687585375996711,-0.046682085064553624,0.025721469034897162,0.0032409050983970428,-0.0024985040135967135,-1.0826131831377377,-17.54613545615523,-0.4899896227100997,17.54613545615523,0.4899896227100997,False,False,0.3968253968253968
base_macro_rates_credit_vol_risk_state_context__fold_09__seed42,base_macro_rates_credit_vol_risk_state_context,rates_credit_vol_risk_state_context,False,fold_09,42,checkpoint_robust_score,best_model,dow30_equal_weight_rebalance_matched,Equal Weight Rebalance Matched,passive_rebalanced,True,63,-18.4621976524319,-1.1470400411004895,-0.31685573043298365,12.096774193548388,-21.26096321011869,-1.3324342350158593,-0.3294921903254425,0.007400981379565179,0.0009325236538252126,0.00047784448716618,1.6590079590368942,2.7987655576867887,0.18539419391536982,-2.7987655576867887,-0.18539419391536982,True,True,0.5714285714285714
base_macro_rates_credit_vol_risk_state_context__fold_09__seed42,base_macro_rates_credit_vol_risk_state_context,rates_credit_vol_risk_state_context,False,fold_09,42,checkpoint_robust_score,best_model,dow30_equal_weight_vol_target,Equal Weight Vol Target,structured_risk_control,False,63,-18.4621976524319,-1.1470400411004895,-0.31685573043298365,12.096774193548388,-11.091494824986892,-2.090526409539299,-0.16088145120459163,0.009631361690851272,0.0012135515730472607,-0.0008596848792115966,-0.5310924528743266,-7.370702827445008,0.9434863684388095,7.370702827445008,-0.9434863684388095,False,True,0.4603174603174603
base_macro_rates_credit_vol_risk_state_context__fold_09__seed42,base_macro_rates_credit_vol_risk_state_context,rates_credit_vol_risk_state_context,False,fold_09,42,checkpoint_robust_score,best_model,dow30_market_proxy_buy_hold,Market Proxy Buy and Hold,passive_buy_hold,False,63,-18.4621976524319,-1.1470400411004895,-0.31685573043298365,12.096774193548388,-20.400146714686084,-1.265645074928371,-0.31696628941530847,0.0,0.0,0.00028305723191931814,0.8450397306206957,1.9379490622541837,0.11860503382788146,-1.9379490622541837,-0.11860503382788146,True,True,0.5396825396825397
base_macro_rates_credit_vol_risk_state_context__fold_09__seed42,base_macro_rates_credit_vol_risk_state_context,rates_credit_vol_risk_state_context,False,fold_09,42,checkpoint_robust_score,best_model,dow30_trend_filter_overlay,Trend Filter Overlay,structured_trend_filter,False,63,-18.4621976524319,-1.1470400411004895,-0.31685573043298365,12.096774193548388,-2.118284949104654,-0.687585375996711,-0.046682085064553624,0.025721469034897162,0.0032409050983970428,-0.002317466178949291,-1.0446923039152287,-16.343912703327245,-0.4594546651037785,16.343912703327245,0.4594546651037785,False,False,0.47619047619047616
base_macro_rates_credit_vol_risk_state_context__fold_09__seed999,base_macro_rates_credit_vol_risk_state_context,rates_credit_vol_risk_state_context,False,fold_09,999,checkpoint_robust_score,checkpoint,dow30_equal_weight_rebalance_matched,Equal Weight Rebalance Matched,passive_rebalanced,True,63,-26.59681255876868,-1.652618362467679,-0.3545226018936314,11.64516129032258,-21.26096321011869,-1.3324342350158593,-0.3294921903254425,0.007400981379565179,0.0009325236538252126,-0.0010428292852276404,-2.8838223087913026,-5.33584934864999,-0.32018412745181957,5.33584934864999,0.32018412745181957,False,False,0.4444444444444444
base_macro_rates_credit_vol_risk_state_context__fold_09__seed999,base_macro_rates_credit_vol_risk_state_context,rates_credit_vol_risk_state_context,False,fold_09,999,checkpoint_robust_score,checkpoint,dow30_equal_weight_vol_target,Equal Weight Vol Target,structured_risk_control,False,63,-26.59681255876868,-1.652618362467679,-0.3545226018936314,11.64516129032258,-11.091494824986892,-2.090526409539299,-0.16088145120459163,0.009631361690851272,0.0012135515730472607,-0.0023803586516054176,-1.285610467460849,-15.505317733781787,0.4379080470716201,15.505317733781787,-0.4379080470716201,False,True,0.4126984126984127
base_macro_rates_credit_vol_risk_state_context__fold_09__seed999,base_macro_rates_credit_vol_risk_state_context,rates_credit_vol_risk_state_context,False,fold_09,999,checkpoint_robust_score,checkpoint,dow30_market_proxy_buy_hold,Market Proxy Buy and Hold,passive_buy_hold,False,63,-26.59681255876868,-1.652618362467679,-0.3545226018936314,11.64516129032258,-20.400146714686084,-1.265645074928371,-0.31696628941530847,0.0,0.0,-0.0012376165404745026,-2.979439018652828,-6.196665844082595,-0.38697328753930793,6.196665844082595,0.38697328753930793,False,False,0.3968253968253968
base_macro_rates_credit_vol_risk_state_context__fold_09__seed999,base_macro_rates_credit_vol_risk_state_context,rates_credit_vol_risk_state_context,False,fold_09,999,checkpoint_robust_score,checkpoint,dow30_trend_filter_overlay,Trend Filter Overlay,structured_trend_filter,False,63,-26.59681255876868,-1.652618362467679,-0.3545226018936314,11.64516129032258,-2.118284949104654,-0.687585375996711,-0.046682085064553624,0.025721469034897162,0.0032409050983970428,-0.0038381399513431115,-1.5705782587788122,-24.478527609664024,-0.9650329864709679,24.478527609664024,0.9650329864709679,False,False,0.4126984126984127
base_macro_rates_credit_vol_risk_state_context__fold_10__seed123,base_macro_rates_credit_vol_risk_state_context,rates_credit_vol_risk_state_context,False,fold_10,123,checkpoint_robust_score,checkpoint,dow30_equal_weight_rebalance_matched,Equal Weight Rebalance Matched,passive_rebalanced,True,64,7.983434384337995,1.7279534289386553,-0.10169760666341832,12.19047619047619,5.140182356197354,1.7631856246025919,-0.07834233141860591,0.0053498553911146655,0.0006847814900626773,0.0001772648839378732,0.45001806786802334,2.8432520281406415,-0.03523219566393654,-2.8432520281406415,0.03523219566393654,True,False,0.546875
base_macro_rates_credit_vol_risk_state_context__fold_10__seed123,base_macro_rates_credit_vol_risk_state_context,rates_credit_vol_risk_state_context,False,fold_10,123,checkpoint_robust_score,checkpoint,dow30_equal_weight_vol_target,Equal Weight Vol Target,structured_risk_control,False,64,7.983434384337995,1.7279534289386553,-0.10169760666341832,12.19047619047619,4.434125075326278,1.599283820344288,-0.07258155423496293,0.011029724420170084,0.0014118047257817708,0.00043322862967859997,1.1574412478341247,3.5493093090117167,0.12866960859436727,-3.5493093090117167,-0.12866960859436727,True,True,0.53125
base_macro_rates_credit_vol_risk_state_context__fold_10__seed123,base_macro_rates_credit_vol_risk_state_context,rates_credit_vol_risk_state_context,False,fold_10,123,checkpoint_robust_score,checkpoint,dow30_market_proxy_buy_hold,Market Proxy Buy and Hold,passive_buy_hold,False,64,7.983434384337995,1.7279534289386553,-0.10169760666341832,12.19047619047619,7.459383800817432,1.9896585046355737,-0.10061713762766844,0.0,0.0,-0.00027409348995355477,-0.9777956412974171,0.5240505835205633,-0.26170507569691837,-0.5240505835205633,0.26170507569691837,True,False,0.5
base_macro_rates_credit_vol_risk_state_context__fold_10__seed123,base_macro_rates_credit_vol_risk_state_context,rates_credit_vol_risk_state_context,False,fold_10,123,checkpoint_robust_score,checkpoint,dow30_trend_filter_overlay,Trend Filter Overlay,structured_trend_filter,False,64,7.983434384337995,1.7279534289386553,-0.10169760666341832,12.19047619047619,-0.268187000876019,-0.05154333566205412,-0.06774338595118334,0.08890750130911783,0.011380160167567082,0.0012948163343548852,2.5957104070044945,8.251621385214014,1.7794967646007094,-8.251621385214014,-1.7794967646007094,True,True,0.578125
base_macro_rates_credit_vol_risk_state_context__fold_10__seed42,base_macro_rates_credit_vol_risk_state_context,rates_credit_vol_risk_state_context,False,fold_10,42,checkpoint_robust_score,checkpoint,dow30_equal_weight_rebalance_matched,Equal Weight Rebalance Matched,passive_rebalanced,True,64,5.348629428493479,1.3343595357486593,-0.09569762139273963,8.507936507936508,5.140182356197354,1.7631856246025919,-0.07834233141860591,0.0053498553911146655,0.0006847814900626773,-0.0002237541399575583,-0.7842270476113273,0.20844707229612514,-0.4288260888539326,-0.20844707229612514,0.4288260888539326,True,False,0.421875
base_macro_rates_credit_vol_risk_state_context__fold_10__seed42,base_macro_rates_credit_vol_risk_state_context,rates_credit_vol_risk_state_context,False,fold_10,42,checkpoint_robust_score,checkpoint,dow30_equal_weight_vol_target,Equal Weight Vol Target,structured_risk_control,False,64,5.348629428493479,1.3343595357486593,-0.09569762139273963,8.507936507936508,4.434125075326278,1.599283820344288,-0.07258155423496293,0.011029724420170084,0.0014118047257817708,3.220960578316856e-05,0.12676302627588393,0.9145043531672004,-0.2649242845956288,-0.9145043531672004,0.2649242845956288,True,False,0.453125
base_macro_rates_credit_vol_risk_state_context__fold_10__seed42,base_macro_rates_credit_vol_risk_state_context,rates_credit_vol_risk_state_context,False,fold_10,42,checkpoint_robust_score,checkpoint,dow30_market_proxy_buy_hold,Market Proxy Buy and Hold,passive_buy_hold,False,64,5.348629428493479,1.3343595357486593,-0.09569762139273963,8.507936507936508,7.459383800817432,1.9896585046355737,-0.10061713762766844,0.0,0.0,-0.0006751125138489862,-1.509122038053138,-2.110754372323953,-0.6552989688869144,2.110754372323953,0.6552989688869144,False,False,0.484375
base_macro_rates_credit_vol_risk_state_context__fold_10__seed42,base_macro_rates_credit_vol_risk_state_context,rates_credit_vol_risk_state_context,False,fold_10,42,checkpoint_robust_score,checkpoint,dow30_trend_filter_overlay,Trend Filter Overlay,structured_trend_filter,False,64,5.348629428493479,1.3343595357486593,-0.09569762139273963,8.507936507936508,-0.268187000876019,-0.05154333566205412,-0.06774338595118334,0.08890750130911783,0.011380160167567082,0.0008937973104594537,2.2247459274670867,5.616816429369498,1.3859028714107133,-5.616816429369498,-1.3859028714107133,True,True,0.53125
base_macro_rates_credit_vol_risk_state_context__fold_10__seed999,base_macro_rates_credit_vol_risk_state_context,rates_credit_vol_risk_state_context,False,fold_10,999,checkpoint_robust_score,best_model,dow30_equal_weight_rebalance_matched,Equal Weight Rebalance Matched,passive_rebalanced,True,64,9.073195909316256,1.638323638777425,-0.1162184268723262,10.492063492063492,5.140182356197354,1.7631856246025919,-0.07834233141860591,0.0053498553911146655,0.0006847814900626773,0.00036584539074279126,0.6317576402363259,3.9330135531189025,-0.12486198582516694,-3.9330135531189025,0.12486198582516694,True,False,0.484375
base_macro_rates_credit_vol_risk_state_context__fold_10__seed999,base_macro_rates_credit_vol_risk_state_context,rates_credit_vol_risk_state_context,False,fold_10,999,checkpoint_robust_score,best_model,dow30_equal_weight_vol_target,Equal Weight Vol Target,structured_risk_control,False,64,9.073195909316256,1.638323638777425,-0.1162184268723262,10.492063492063492,4.434125075326278,1.599283820344288,-0.07258155423496293,0.011029724420170084,0.0014118047257817708,0.0006218091364835181,1.0966049351642386,4.639070833989978,0.039039818433136864,-4.639070833989978,-0.039039818433136864,True,True,0.515625
base_macro_rates_credit_vol_risk_state_context__fold_10__seed999,base_macro_rates_credit_vol_risk_state_context,rates_credit_vol_risk_state_context,False,fold_10,999,checkpoint_robust_score,best_model,dow30_market_proxy_buy_hold,Market Proxy Buy and Hold,passive_buy_hold,False,64,9.073195909316256,1.638323638777425,-0.1162184268723262,10.492063492063492,7.459383800817432,1.9896585046355737,-0.10061713762766844,0.0,0.0,-8.55129831486365e-05,-0.2487959971712251,1.6138121084988244,-0.35133486585814877,-1.6138121084988244,0.35133486585814877,True,False,0.515625
base_macro_rates_credit_vol_risk_state_context__fold_10__seed999,base_macro_rates_credit_vol_risk_state_context,rates_credit_vol_risk_state_context,False,fold_10,999,checkpoint_robust_score,best_model,dow30_trend_filter_overlay,Trend Filter Overlay,structured_trend_filter,False,64,9.073195909316256,1.638323638777425,-0.1162184268723262,10.492063492063492,-0.268187000876019,-0.05154333566205412,-0.06774338595118334,0.08890750130911783,0.011380160167567082,0.0014833968411598036,2.1923525492436315,9.341382910192275,1.689866974439479,-9.341382910192275,-1.689866974439479,True,True,0.546875
base_macro_rates_credit_vol_risk_state_context__fold_11__seed123,base_macro_rates_credit_vol_risk_state_context,rates_credit_vol_risk_state_context,False,fold_11,123,checkpoint_robust_score,checkpoint,dow30_equal_weight_rebalance_matched,Equal Weight Rebalance Matched,passive_rebalanced,True,62,6.655887324498733,1.745956284387743,-0.05353280840147134,9.049180327868852,9.626131912610237,2.445502156979864,-0.03996619039186733,0.005311012658375324,0.00065856556963854,-0.00021827919340484231,-0.7186265296074807,-2.9702445881115045,-0.6995458725921211,2.9702445881115045,0.6995458725921211,False,False,0.43548387096774194
base_macro_rates_credit_vol_risk_state_context__fold_11__seed123,base_macro_rates_credit_vol_risk_state_context,rates_credit_vol_risk_state_context,False,fold_11,123,checkpoint_robust_score,checkpoint,dow30_equal_weight_vol_target,Equal Weight Vol Target,structured_risk_control,False,62,6.655887324498733,1.745956284387743,-0.05353280840147134,9.049180327868852,9.639302843992947,2.4548290487327655,-0.03996619039186722,0.005903367426034547,0.0007320175608282838,-0.00022004248913023338,-0.7216834189587209,-2.9834155194942147,-0.7088727643450226,2.9834155194942147,0.7088727643450226,False,False,0.43548387096774194
base_macro_rates_credit_vol_risk_state_context__fold_11__seed123,base_macro_rates_credit_vol_risk_state_context,rates_credit_vol_risk_state_context,False,fold_11,123,checkpoint_robust_score,checkpoint,dow30_market_proxy_buy_hold,Market Proxy Buy and Hold,passive_buy_hold,False,62,6.655887324498733,1.745956284387743,-0.05353280840147134,9.049180327868852,5.717347352607272,1.2247854304167016,-0.048699019769914864,0.0,0.0,0.0003891592543902072,0.9726144999856277,0.9385399718914611,0.5211708539710413,-0.9385399718914611,-0.5211708539710413,True,True,0.4838709677419355
base_macro_rates_credit_vol_risk_state_context__fold_11__seed123,base_macro_rates_credit_vol_risk_state_context,rates_credit_vol_risk_state_context,False,fold_11,123,checkpoint_robust_score,checkpoint,dow30_trend_filter_overlay,Trend Filter Overlay,structured_trend_filter,False,62,6.655887324498733,1.745956284387743,-0.05353280840147134,9.049180327868852,5.518215688309258,1.3314018921606159,-0.05370350862846396,0.037091197659943564,0.004599308509833003,0.0004006392039047078,1.1567913211037515,1.1376716361894745,0.4145543922271271,-1.1376716361894745,-0.4145543922271271,True,True,0.46774193548387094
base_macro_rates_credit_vol_risk_state_context__fold_11__seed42,base_macro_rates_credit_vol_risk_state_context,rates_credit_vol_risk_state_context,False,fold_11,42,checkpoint_robust_score,checkpoint,dow30_equal_weight_rebalance_matched,Equal Weight Rebalance Matched,passive_rebalanced,True,62,4.939611745838146,1.3370687075141492,-0.05446517060917799,9.524590163934427,9.626131912610237,2.445502156979864,-0.03996619039186733,0.005311012658375324,0.00065856556963854,-0.000481095222382452,-1.7998077370536474,-4.686520166772091,-1.1084334494657149,4.686520166772091,1.1084334494657149,False,False,0.3709677419354839
base_macro_rates_credit_vol_risk_state_context__fold_11__seed42,base_macro_rates_credit_vol_risk_state_context,rates_credit_vol_risk_state_context,False,fold_11,42,checkpoint_robust_score,checkpoint,dow30_equal_weight_vol_target,Equal Weight Vol Target,structured_risk_control,False,62,4.939611745838146,1.3370687075141492,-0.05446517060917799,9.524590163934427,9.639302843992947,2.4548290487327655,-0.03996619039186722,0.005903367426034547,0.0007320175608282838,-0.000482858518107843,-1.8049576630347364,-4.699691098154801,-1.1177603412186163,4.699691098154801,1.1177603412186163,False,False,0.3709677419354839
base_macro_rates_credit_vol_risk_state_context__fold_11__seed42,base_macro_rates_credit_vol_risk_state_context,rates_credit_vol_risk_state_context,False,fold_11,42,checkpoint_robust_score,checkpoint,dow30_market_proxy_buy_hold,Market Proxy Buy and Hold,passive_buy_hold,False,62,4.939611745838146,1.3370687075141492,-0.05446517060917799,9.524590163934427,5.717347352607272,1.2247854304167016,-0.048699019769914864,0.0,0.0,0.00012634322541259748,0.3371330232862254,-0.7777356067691255,0.11228327709744756,0.7777356067691255,-0.11228327709744756,False,True,0.5
base_macro_rates_credit_vol_risk_state_context__fold_11__seed42,base_macro_rates_credit_vol_risk_state_context,rates_credit_vol_risk_state_context,False,fold_11,42,checkpoint_robust_score,checkpoint,dow30_trend_filter_overlay,Trend Filter Overlay,structured_trend_filter,False,62,4.939611745838146,1.3370687075141492,-0.05446517060917799,9.524590163934427,5.518215688309258,1.3314018921606159,-0.05370350862846396,0.037091197659943564,0.004599308509833003,0.00013782317492709814,0.39919940128137904,-0.578603942471112,0.0056668153535333055,0.578603942471112,-0.0056668153535333055,False,True,0.3870967741935484
base_macro_rates_credit_vol_risk_state_context__fold_11__seed999,base_macro_rates_credit_vol_risk_state_context,rates_credit_vol_risk_state_context,False,fold_11,999,checkpoint_robust_score,best_model,dow30_equal_weight_rebalance_matched,Equal Weight Rebalance Matched,passive_rebalanced,True,62,9.781687996608724,2.4616359824887106,-0.04349369274968029,12.278688524590164,9.626131912610237,2.445502156979864,-0.03996619039186733,0.005311012658375324,0.00065856556963854,0.00024964058860692966,0.8723332803150105,0.15555608399848708,0.016133825508846567,-0.15555608399848708,-0.016133825508846567,True,True,0.45161290322580644
base_macro_rates_credit_vol_risk_state_context__fold_11__seed999,base_macro_rates_credit_vol_risk_state_context,rates_credit_vol_risk_state_context,False,fold_11,999,checkpoint_robust_score,best_model,dow30_equal_weight_vol_target,Equal Weight Vol Target,structured_risk_control,False,62,9.781687996608724,2.4616359824887106,-0.04349369274968029,12.278688524590164,9.639302843992947,2.4548290487327655,-0.03996619039186722,0.005903367426034547,0.0007320175608282838,0.0002478772928815386,0.8646536694884226,0.1423851526157769,0.006806933755945099,-0.1423851526157769,-0.006806933755945099,True,True,0.45161290322580644
base_macro_rates_credit_vol_risk_state_context__fold_11__seed999,base_macro_rates_credit_vol_risk_state_context,rates_credit_vol_risk_state_context,False,fold_11,999,checkpoint_robust_score,best_model,dow30_market_proxy_buy_hold,Market Proxy Buy and Hold,passive_buy_hold,False,62,9.781687996608724,2.4616359824887106,-0.04349369274968029,12.278688524590164,5.717347352607272,1.2247854304167016,-0.048699019769914864,0.0,0.0,0.000857079036401979,2.147850945740624,4.064340644001453,1.236850552072009,-4.064340644001453,-1.236850552072009,True,True,0.5
base_macro_rates_credit_vol_risk_state_context__fold_11__seed999,base_macro_rates_credit_vol_risk_state_context,rates_credit_vol_risk_state_context,False,fold_11,999,checkpoint_robust_score,best_model,dow30_trend_filter_overlay,Trend Filter Overlay,structured_trend_filter,False,62,9.781687996608724,2.4616359824887106,-0.04349369274968029,12.278688524590164,5.518215688309258,1.3314018921606159,-0.05370350862846396,0.037091197659943564,0.004599308509833003,0.0008685589859164798,2.3842471704674857,4.263472308299466,1.1302340903280947,-4.263472308299466,-1.1302340903280947,True,True,0.45161290322580644
base_macro_rates_credit_vol_risk_state_context__fold_12__seed123,base_macro_rates_credit_vol_risk_state_context,rates_credit_vol_risk_state_context,False,fold_12,123,checkpoint_robust_score,checkpoint,dow30_equal_weight_rebalance_matched,Equal Weight Rebalance Matched,passive_rebalanced,True,63,-0.36096911365967044,-0.06593025672581061,-0.043808617147401585,12.096774193548388,-0.351746227559091,-0.21408463407166145,-0.04399176990944553,0.003664931129901141,0.00046178132236754377,6.550799342402624e-05,0.5089279496909525,-0.00922288610057942,0.14815437734585085,0.00922288610057942,-0.14815437734585085,False,True,0.5555555555555556
base_macro_rates_credit_vol_risk_state_context__fold_12__seed123,base_macro_rates_credit_vol_risk_state_context,rates_credit_vol_risk_state_context,False,fold_12,123,checkpoint_robust_score,checkpoint,dow30_equal_weight_vol_target,Equal Weight Vol Target,structured_risk_control,False,63,-0.36096911365967044,-0.06593025672581061,-0.043808617147401585,12.096774193548388,-0.35174622755917984,-0.21408463407166145,-0.04399176990944598,0.003664931129901141,0.00046178132236754377,6.550799342402624e-05,0.5089279496909525,-0.009222886100490602,0.14815437734585085,0.009222886100490602,-0.14815437734585085,False,True,0.5555555555555556
base_macro_rates_credit_vol_risk_state_context__fold_12__seed123,base_macro_rates_credit_vol_risk_state_context,rates_credit_vol_risk_state_context,False,fold_12,123,checkpoint_robust_score,checkpoint,dow30_market_proxy_buy_hold,Market Proxy Buy and Hold,passive_buy_hold,False,63,-0.36096911365967044,-0.06593025672581061,-0.043808617147401585,12.096774193548388,-1.4071747139956847,-0.28822638652451393,-0.04548849729616222,0.0,0.0,0.00010164418525899099,0.6833972583830923,1.0462056003360143,0.22229612979870333,-1.0462056003360143,-0.22229612979870333,True,True,0.5396825396825397
base_macro_rates_credit_vol_risk_state_context__fold_12__seed123,base_macro_rates_credit_vol_risk_state_context,rates_credit_vol_risk_state_context,False,fold_12,123,checkpoint_robust_score,checkpoint,dow30_trend_filter_overlay,Trend Filter Overlay,structured_trend_filter,False,63,-0.36096911365967044,-0.06593025672581061,-0.043808617147401585,12.096774193548388,-1.8390758029476317,-1.5528790012536,-0.027743946109697215,0.05749376882447524,0.007244214871883882,0.00032297184056339175,0.794791800965527,1.4781066892879613,1.4869487445277894,-1.4781066892879613,-1.4869487445277894,True,True,0.5714285714285714
base_macro_rates_credit_vol_risk_state_context__fold_12__seed42,base_macro_rates_credit_vol_risk_state_context,rates_credit_vol_risk_state_context,False,fold_12,42,checkpoint_robust_score,checkpoint,dow30_equal_weight_rebalance_matched,Equal Weight Rebalance Matched,passive_rebalanced,True,63,1.2102196317653746,0.4910085643016248,-0.04615596928506627,12.096774193548388,-0.351746227559091,-0.21408463407166145,-0.04399176990944553,0.003664931129901141,0.00046178132236754377,0.00031120655981265165,1.865653080040881,1.5619658593244656,0.7050931983732862,-1.5619658593244656,-0.7050931983732862,True,True,0.5238095238095238
base_macro_rates_credit_vol_risk_state_context__fold_12__seed42,base_macro_rates_credit_vol_risk_state_context,rates_credit_vol_risk_state_context,False,fold_12,42,checkpoint_robust_score,checkpoint,dow30_equal_weight_vol_target,Equal Weight Vol Target,structured_risk_control,False,63,1.2102196317653746,0.4910085643016248,-0.04615596928506627,12.096774193548388,-0.35174622755917984,-0.21408463407166145,-0.04399176990944598,0.003664931129901141,0.00046178132236754377,0.00031120655981265165,1.865653080040881,1.5619658593245545,0.7050931983732862,-1.5619658593245545,-0.7050931983732862,True,True,0.5238095238095238
base_macro_rates_credit_vol_risk_state_context__fold_12__seed42,base_macro_rates_credit_vol_risk_state_context,rates_credit_vol_risk_state_context,False,fold_12,42,checkpoint_robust_score,checkpoint,dow30_market_proxy_buy_hold,Market Proxy Buy and Hold,passive_buy_hold,False,63,1.2102196317653746,0.4910085643016248,-0.04615596928506627,12.096774193548388,-1.4071747139956847,-0.28822638652451393,-0.04548849729616222,0.0,0.0,0.00034734275164761643,2.0997641353627414,2.6173943457610593,0.7792349508261387,-2.6173943457610593,-0.7792349508261387,True,True,0.5714285714285714
base_macro_rates_credit_vol_risk_state_context__fold_12__seed42,base_macro_rates_credit_vol_risk_state_context,rates_credit_vol_risk_state_context,False,fold_12,42,checkpoint_robust_score,checkpoint,dow30_trend_filter_overlay,Trend Filter Overlay,structured_trend_filter,False,63,1.2102196317653746,0.4910085643016248,-0.04615596928506627,12.096774193548388,-1.8390758029476317,-1.5528790012536,-0.027743946109697215,0.05749376882447524,0.007244214871883882,0.000568670406952017,1.4131641131994344,3.0492954347130063,2.0438875655552247,-3.0492954347130063,-2.0438875655552247,True,True,0.5714285714285714
base_macro_rates_credit_vol_risk_state_context__fold_12__seed999,base_macro_rates_credit_vol_risk_state_context,rates_credit_vol_risk_state_context,False,fold_12,999,checkpoint_robust_score,best_model,dow30_equal_weight_rebalance_matched,Equal Weight Rebalance Matched,passive_rebalanced,True,63,0.0035661479690141107,0.0632261340002504,-0.037479071083309945,12.338709677419354,-0.351746227559091,-0.21408463407166145,-0.04399176990944553,0.003664931129901141,0.00046178132236754377,0.00012704942791146,0.5635548420975094,0.35531237552810513,0.27731076807191185,-0.35531237552810513,-0.27731076807191185,True,True,0.5555555555555556
base_macro_rates_credit_vol_risk_state_context__fold_12__seed999,base_macro_rates_credit_vol_risk_state_context,rates_credit_vol_risk_state_context,False,fold_12,999,checkpoint_robust_score,best_model,dow30_equal_weight_vol_target,Equal Weight Vol Target,structured_risk_control,False,63,0.0035661479690141107,0.0632261340002504,-0.037479071083309945,12.338709677419354,-0.35174622755917984,-0.21408463407166145,-0.04399176990944598,0.003664931129901141,0.00046178132236754377,0.00012704942791146,0.5635548420975094,0.35531237552819395,0.27731076807191185,-0.35531237552819395,-0.27731076807191185,True,True,0.5555555555555556
base_macro_rates_credit_vol_risk_state_context__fold_12__seed999,base_macro_rates_credit_vol_risk_state_context,rates_credit_vol_risk_state_context,False,fold_12,999,checkpoint_robust_score,best_model,dow30_market_proxy_buy_hold,Market Proxy Buy and Hold,passive_buy_hold,False,63,0.0035661479690141107,0.0632261340002504,-0.037479071083309945,12.338709677419354,-1.4071747139956847,-0.28822638652451393,-0.04548849729616222,0.0,0.0,0.00016318561974642472,1.1550409521333012,1.4107408619646988,0.35145252052476433,-1.4107408619646988,-0.35145252052476433,True,True,0.5555555555555556
base_macro_rates_credit_vol_risk_state_context__fold_12__seed999,base_macro_rates_credit_vol_risk_state_context,rates_credit_vol_risk_state_context,False,fold_12,999,checkpoint_robust_score,best_model,dow30_trend_filter_overlay,Trend Filter Overlay,structured_trend_filter,False,63,0.0035661479690141107,0.0632261340002504,-0.037479071083309945,12.338709677419354,-1.8390758029476317,-1.5528790012536,-0.027743946109697215,0.05749376882447524,0.007244214871883882,0.0003845132750508255,0.8538389482982944,1.8426419509166458,1.6161051352538505,-1.8426419509166458,-1.6161051352538505,True,True,0.6190476190476191
base_macro_rates_credit_vol_risk_state_context__fold_13__seed123,base_macro_rates_credit_vol_risk_state_context,rates_credit_vol_risk_state_context,False,fold_13,123,checkpoint_robust_score,checkpoint,dow30_equal_weight_rebalance_matched,Equal Weight Rebalance Matched,passive_rebalanced,True,62,-2.006234525131201,-0.41087453978258065,-0.07962402593063334,10.655737704918034,-3.046155359535585,-0.5308881648519479,-0.09496867879714077,0.005569598465803378,0.0006906302097596189,7.348765835382952e-05,0.24620097872381463,1.0399208344043842,0.12001362506936725,-1.0399208344043842,-0.12001362506936725,True,True,0.5645161290322581
base_macro_rates_credit_vol_risk_state_context__fold_13__seed123,base_macro_rates_credit_vol_risk_state_context,rates_credit_vol_risk_state_context,False,fold_13,123,checkpoint_robust_score,checkpoint,dow30_equal_weight_vol_target,Equal Weight Vol Target,structured_risk_control,False,62,-2.006234525131201,-0.41087453978258065,-0.07962402593063334,10.655737704918034,-4.300405425539388,-0.964620586578637,-0.08964534860722251,0.010770572468625624,0.0013355509861095777,0.0002940851093493746,0.97628763596412,2.2941709004081874,0.5537460467960564,-2.2941709004081874,-0.5537460467960564,True,True,0.5483870967741935
base_macro_rates_credit_vol_risk_state_context__fold_13__seed123,base_macro_rates_credit_vol_risk_state_context,rates_credit_vol_risk_state_context,False,fold_13,123,checkpoint_robust_score,checkpoint,dow30_market_proxy_buy_hold,Market Proxy Buy and Hold,passive_buy_hold,False,62,-2.006234525131201,-0.41087453978258065,-0.07962402593063334,10.655737704918034,-5.302949918931521,-1.0064765826763502,-0.13181292872152395,0.0,0.0,0.000556369840257043,1.2914094073798978,3.29671539380032,0.5956020428937696,-3.29671539380032,-0.5956020428937696,True,True,0.5806451612903226
base_macro_rates_credit_vol_risk_state_context__fold_13__seed123,base_macro_rates_credit_vol_risk_state_context,rates_credit_vol_risk_state_context,False,fold_13,123,checkpoint_robust_score,checkpoint,dow30_trend_filter_overlay,Trend Filter Overlay,structured_trend_filter,False,62,-2.006234525131201,-0.41087453978258065,-0.07962402593063334,10.655737704918034,-4.718087715647368,-2.3013960688312034,-0.06194820424729519,0.04993988644269342,0.006192545918893984,0.0003965104867692792,0.6618506553000852,2.711853190516167,1.8905215290486228,-2.711853190516167,-1.8905215290486228,True,True,0.5161290322580645
base_macro_rates_credit_vol_risk_state_context__fold_13__seed42,base_macro_rates_credit_vol_risk_state_context,rates_credit_vol_risk_state_context,False,fold_13,42,checkpoint_robust_score,best_model,dow30_equal_weight_rebalance_matched,Equal Weight Rebalance Matched,passive_rebalanced,True,62,-6.739565107400491,-1.4959468697030758,-0.10938142002542095,8.19672131147541,-3.046155359535585,-0.5308881648519479,-0.09496867879714077,0.005569598465803378,0.0006906302097596189,-0.000715989419985868,-3.2147460973898747,-3.693409747864906,-0.9650587048511279,3.693409747864906,0.9650587048511279,False,False,0.43548387096774194
base_macro_rates_credit_vol_risk_state_context__fold_13__seed42,base_macro_rates_credit_vol_risk_state_context,rates_credit_vol_risk_state_context,False,fold_13,42,checkpoint_robust_score,best_model,dow30_equal_weight_vol_target,Equal Weight Vol Target,structured_risk_control,False,62,-6.739565107400491,-1.4959468697030758,-0.10938142002542095,8.19672131147541,-4.300405425539388,-0.964620586578637,-0.08964534860722251,0.010770572468625624,0.0013355509861095777,-0.0004953919689903231,-1.990745766986408,-2.4391596818611028,-0.5313262831244387,2.4391596818611028,0.5313262831244387,False,False,0.46774193548387094
base_macro_rates_credit_vol_risk_state_context__fold_13__seed42,base_macro_rates_credit_vol_risk_state_context,rates_credit_vol_risk_state_context,False,fold_13,42,checkpoint_robust_score,best_model,dow30_market_proxy_buy_hold,Market Proxy Buy and Hold,passive_buy_hold,False,62,-6.739565107400491,-1.4959468697030758,-0.10938142002542095,8.19672131147541,-5.302949918931521,-1.0064765826763502,-0.13181292872152395,0.0,0.0,-0.00023310723808265461,-0.7550251864339631,-1.43661518846897,-0.48947028702672557,1.43661518846897,0.48947028702672557,False,False,0.46774193548387094
base_macro_rates_credit_vol_risk_state_context__fold_13__seed42,base_macro_rates_credit_vol_risk_state_context,rates_credit_vol_risk_state_context,False,fold_13,42,checkpoint_robust_score,best_model,dow30_trend_filter_overlay,Trend Filter Overlay,structured_trend_filter,False,62,-6.739565107400491,-1.4959468697030758,-0.10938142002542095,8.19672131147541,-4.718087715647368,-2.3013960688312034,-0.06194820424729519,0.04993988644269342,0.006192545918893984,-0.00039296659157041854,-0.6405592128155065,-2.0214773917531232,0.8054491991281276,2.0214773917531232,-0.8054491991281276,False,True,0.4032258064516129
base_macro_rates_credit_vol_risk_state_context__fold_13__seed999,base_macro_rates_credit_vol_risk_state_context,rates_credit_vol_risk_state_context,False,fold_13,999,checkpoint_robust_score,checkpoint,dow30_equal_weight_rebalance_matched,Equal Weight Rebalance Matched,passive_rebalanced,True,62,-3.4287422741027695,-0.7855663707665202,-0.09267397485742168,11.737704918032787,-3.046155359535585,-0.5308881648519479,-0.09496867879714077,0.005569598465803378,0.0006906302097596189,-0.00016429205123213102,-0.661686504800489,-0.3825869145671845,-0.25467820591457235,0.3825869145671845,0.25467820591457235,False,False,0.4838709677419355
base_macro_rates_credit_vol_risk_state_context__fold_13__seed999,base_macro_rates_credit_vol_risk_state_context,rates_credit_vol_risk_state_context,False,fold_13,999,checkpoint_robust_score,checkpoint,dow30_equal_weight_vol_target,Equal Weight Vol Target,structured_risk_control,False,62,-3.4287422741027695,-0.7855663707665202,-0.09267397485742168,11.737704918032787,-4.300405425539388,-0.964620586578637,-0.08964534860722251,0.010770572468625624,0.0013355509861095777,5.6305399763413945e-05,0.21868195900754103,0.8716631514366187,0.17905421581211678,-0.8716631514366187,-0.17905421581211678,True,True,0.532258064516129
base_macro_rates_credit_vol_risk_state_context__fold_13__seed999,base_macro_rates_credit_vol_risk_state_context,rates_credit_vol_risk_state_context,False,fold_13,999,checkpoint_robust_score,checkpoint,dow30_market_proxy_buy_hold,Market Proxy Buy and Hold,passive_buy_hold,False,62,-3.4287422741027695,-0.7855663707665202,-0.09267397485742168,11.737704918032787,-5.302949918931521,-1.0064765826763502,-0.13181292872152395,0.0,0.0,0.00031859013067108246,0.8607538698507339,1.8742076448287515,0.22091021190982996,-1.8742076448287515,-0.22091021190982996,True,True,0.5161290322580645
base_macro_rates_credit_vol_risk_state_context__fold_13__seed999,base_macro_rates_credit_vol_risk_state_context,rates_credit_vol_risk_state_context,False,fold_13,999,checkpoint_robust_score,checkpoint,dow30_trend_filter_overlay,Trend Filter Overlay,structured_trend_filter,False,62,-3.4287422741027695,-0.7855663707665202,-0.09267397485742168,11.737704918032787,-4.718087715647368,-2.3013960688312034,-0.06194820424729519,0.04993988644269342,0.006192545918893984,0.00015873077718331867,0.27251220400946047,1.2893454415445982,1.515829698064683,-1.2893454415445982,-1.515829698064683,True,True,0.45161290322580644
base_macro_rates_credit_vol_risk_state_context__fold_14__seed123,base_macro_rates_credit_vol_risk_state_context,rates_credit_vol_risk_state_context,False,fold_14,123,checkpoint_robust_score,best_model,dow30_equal_weight_rebalance_matched,Equal Weight Rebalance Matched,passive_rebalanced,True,64,-6.263456818817903,-1.2846110995417395,-0.161720360554086,9.523809523809524,-5.470057748183854,-1.047426736312697,-0.166542016330829,0.004734147387864755,0.0006059708656466888,-0.00012564793068124745,-0.6706573888922633,-0.7933990706340488,-0.23718436322904246,0.7933990706340488,0.23718436322904246,False,False,0.515625
base_macro_rates_credit_vol_risk_state_context__fold_14__seed123,base_macro_rates_credit_vol_risk_state_context,rates_credit_vol_risk_state_context,False,fold_14,123,checkpoint_robust_score,best_model,dow30_equal_weight_vol_target,Equal Weight Vol Target,structured_risk_control,False,64,-6.263456818817903,-1.2846110995417395,-0.161720360554086,9.523809523809524,-4.329986090312232,-0.9996518325015702,-0.13757682401150262,0.014419826794338172,0.001845737829675286,-0.0002944853905663139,-1.5228821857830839,-1.9334707285056707,-0.2849592670401693,1.9334707285056707,0.2849592670401693,False,False,0.4375
base_macro_rates_credit_vol_risk_state_context__fold_14__seed123,base_macro_rates_credit_vol_risk_state_context,rates_credit_vol_risk_state_context,False,fold_14,123,checkpoint_robust_score,best_model,dow30_market_proxy_buy_hold,Market Proxy Buy and Hold,passive_buy_hold,False,64,-6.263456818817903,-1.2846110995417395,-0.161720360554086,9.523809523809524,-3.9645591474144926,-0.5401831149505794,-0.17192110699829977,0.0,0.0,-0.0004745750253350696,-1.8875507919777452,-2.2988976714034104,-0.7444279845911601,2.2988976714034104,0.7444279845911601,False,False,0.5
base_macro_rates_credit_vol_risk_state_context__fold_14__seed123,base_macro_rates_credit_vol_risk_state_context,rates_credit_vol_risk_state_context,False,fold_14,123,checkpoint_robust_score,best_model,dow30_trend_filter_overlay,Trend Filter Overlay,structured_trend_filter,False,64,-6.263456818817903,-1.2846110995417395,-0.161720360554086,9.523809523809524,3.839907230489259,1.289844925587516,-0.05532206671099604,0.017786531141699112,0.0022766759861374865,-0.0015600588024986231,-2.7859817604720636,-10.103364049307162,-2.5744560251292556,10.103364049307162,2.5744560251292556,False,False,0.40625
base_macro_rates_credit_vol_risk_state_context__fold_14__seed42,base_macro_rates_credit_vol_risk_state_context,rates_credit_vol_risk_state_context,False,fold_14,42,checkpoint_robust_score,last_model,dow30_equal_weight_rebalance_matched,Equal Weight Rebalance Matched,passive_rebalanced,True,64,-3.5666922297496573,-0.6745051842548617,-0.14974784660876828,11.11111111111111,-5.470057748183854,-1.047426736312697,-0.166542016330829,0.004734147387864755,0.0006059708656466888,0.00031803194101313653,1.6677756895537148,1.9033655184341969,0.3729215520578353,-1.9033655184341969,-0.3729215520578353,True,True,0.546875
base_macro_rates_credit_vol_risk_state_context__fold_14__seed42,base_macro_rates_credit_vol_risk_state_context,rates_credit_vol_risk_state_context,False,fold_14,42,checkpoint_robust_score,last_model,dow30_equal_weight_vol_target,Equal Weight Vol Target,structured_risk_control,False,64,-3.5666922297496573,-0.6745051842548617,-0.14974784660876828,11.11111111111111,-4.329986090312232,-0.9996518325015702,-0.13757682401150262,0.014419826794338172,0.001845737829675286,0.00014919448112807012,0.6583567845546753,0.763293860562575,0.32514664824670847,-0.763293860562575,-0.32514664824670847,True,True,0.515625
base_macro_rates_credit_vol_risk_state_context__fold_14__seed42,base_macro_rates_credit_vol_risk_state_context,rates_credit_vol_risk_state_context,False,fold_14,42,checkpoint_robust_score,last_model,dow30_market_proxy_buy_hold,Market Proxy Buy and Hold,passive_buy_hold,False,64,-3.5666922297496573,-0.6745051842548617,-0.14974784660876828,11.11111111111111,-3.9645591474144926,-0.5401831149505794,-0.17192110699829977,0.0,0.0,-3.089515364068566e-05,-0.11870473942092655,0.3978669176648353,-0.13432206930428237,-0.3978669176648353,0.13432206930428237,True,False,0.4375
base_macro_rates_credit_vol_risk_state_context__fold_14__seed42,base_macro_rates_credit_vol_risk_state_context,rates_credit_vol_risk_state_context,False,fold_14,42,checkpoint_robust_score,last_model,dow30_trend_filter_overlay,Trend Filter Overlay,structured_trend_filter,False,64,-3.5666922297496573,-0.6745051842548617,-0.14974784660876828,11.11111111111111,3.839907230489259,1.289844925587516,-0.05532206671099604,0.017786531141699112,0.0022766759861374865,-0.0011163789308042391,-1.8893624251145806,-7.406599460238916,-1.9643501098423777,7.406599460238916,1.9643501098423777,False,False,0.46875
base_macro_rates_credit_vol_risk_state_context__fold_14__seed999,base_macro_rates_credit_vol_risk_state_context,rates_credit_vol_risk_state_context,False,fold_14,999,checkpoint_robust_score,best_model,dow30_equal_weight_rebalance_matched,Equal Weight Rebalance Matched,passive_rebalanced,True,64,-3.8924820837249463,-0.7238346270773997,-0.14401143197702249,7.142857142857143,-5.470057748183854,-1.047426736312697,-0.166542016330829,0.004734147387864755,0.0006059708656466888,0.0002685490975243664,0.9725772202615328,1.5775756644589078,0.32359210923529735,-1.5775756644589078,-0.32359210923529735,True,True,0.515625
base_macro_rates_credit_vol_risk_state_context__fold_14__seed999,base_macro_rates_credit_vol_risk_state_context,rates_credit_vol_risk_state_context,False,fold_14,999,checkpoint_robust_score,best_model,dow30_equal_weight_vol_target,Equal Weight Vol Target,structured_risk_control,False,64,-3.8924820837249463,-0.7238346270773997,-0.14401143197702249,7.142857142857143,-4.329986090312232,-0.9996518325015702,-0.13757682401150262,0.014419826794338172,0.001845737829675286,9.971163763929989e-05,0.3350012663502353,0.43750400658728594,0.27581720542417054,-0.43750400658728594,-0.27581720542417054,True,True,0.53125
base_macro_rates_credit_vol_risk_state_context__fold_14__seed999,base_macro_rates_credit_vol_risk_state_context,rates_credit_vol_risk_state_context,False,fold_14,999,checkpoint_robust_score,best_model,dow30_market_proxy_buy_hold,Market Proxy Buy and Hold,passive_buy_hold,False,64,-3.8924820837249463,-0.7238346270773997,-0.14401143197702249,7.142857142857143,-3.9645591474144926,-0.5401831149505794,-0.17192110699829977,0.0,0.0,-8.037799712945585e-05,-0.2535368748119454,0.07207706368954625,-0.1836515121268203,-0.07207706368954625,0.1836515121268203,True,False,0.484375
base_macro_rates_credit_vol_risk_state_context__fold_14__seed999,base_macro_rates_credit_vol_risk_state_context,rates_credit_vol_risk_state_context,False,fold_14,999,checkpoint_robust_score,best_model,dow30_trend_filter_overlay,Trend Filter Overlay,structured_trend_filter,False,64,-3.8924820837249463,-0.7238346270773997,-0.14401143197702249,7.142857142857143,3.839907230489259,1.289844925587516,-0.05532206671099604,0.017786531141699112,0.0022766759861374865,-0.0011658617742930093,-1.8728063056560598,-7.732389314214205,-2.0136795526649154,7.732389314214205,2.0136795526649154,False,False,0.46875
