primitive_id,direction_name,intervention_name,alpha,is_control,rows,ood_pass_rate,clipped_action_shift_l1_mean,action_mean_shift_l1_mean,policy_kl_mean,bad_primitive_probability_delta_mean,good_primitive_probability_delta_mean,relative_turnover_shift_mean,relative_hhi_shift_mean,beats_min_action_gate,beats_bad_probability_gate,passes_one_step_gate,control_action_shift,control_bad_delta,action_shift_lift_vs_control,bad_prob_delta_lift_vs_control
primitive_00,bad_primitives_cav,additive_steering,-1.0,False,405,0.012345679012345678,45.23144307077667,530.5369091646171,9455.002751479915,-0.009304469772232555,0.00029270588990428566,74.12991293635301,-0.07997944138474707,True,False,False,21.832496643599903,7.458703337751181e-06,23.398946427176767,-0.009311928475570306
primitive_00,bad_primitives_cav,additive_steering,-0.5,False,405,0.5654320987654321,41.8585783381521,265.2684534897039,2363.7506537731783,-0.004797108779945011,0.0002074080431663095,70.88684648649223,-0.07467023112417782,True,False,False,21.832496643599903,7.458703337751181e-06,20.026081694552197,-0.004804567483282762
primitive_00,bad_primitives_cav,additive_steering,-0.25,False,405,0.6839506172839506,34.35405671272749,132.63422556747625,590.9376558515761,-0.00243509799789312,0.00011922309467272034,59.20887916256522,-0.013689303583133102,True,False,False,21.832496643599903,7.458703337751181e-06,12.521560069127588,-0.002442556701230871
primitive_00,bad_primitives_cav,additive_steering,0.25,False,405,0.6839506172839506,5.368177386566445,132.6342258217894,590.9376820269927,0.00250876406880574,-0.0001507505397838399,2.7439748028152438,-0.051688612609242734,True,False,False,21.832496643599903,7.458703337751181e-06,-16.46431925703346,0.002501305365467989
primitive_00,bad_primitives_cav,additive_steering,0.5,False,405,0.5679012345679012,7.073635189032849,265.26845222755713,2363.750719178753,0.005091711549680855,-0.0003334988451033999,3.8244129322010423,-0.07476980211875253,True,False,False,21.832496643599903,7.458703337751181e-06,-14.758861454567054,0.005084252846343104
primitive_00,bad_primitives_cav,additive_steering,1.0,False,405,0.3012345679012346,8.720274375544655,530.5369049072266,9455.002832709419,0.010481896536282278,-0.0007967652032494063,5.006125690390874,-0.11080203810737907,True,False,False,21.832496643599903,7.458703337751181e-06,-13.112222268055248,0.010474437832944527
primitive_00,bad_primitives_cav,projection_removal,,False,405,0.562962962962963,6.892103620075885,226.51693688380865,1798.2567687305404,0.0039823697520354915,-0.00025595508653567824,3.798015785859083,-0.07066255683104211,True,False,False,21.832496643599903,7.458703337751181e-06,-14.940393023524017,0.0039749110486977405
primitive_00,bad_vs_good_cav,additive_steering,-1.0,False,405,0.01728395061728395,46.27808538837198,596.6846343994141,12128.365708037953,-0.006208933404344976,0.0010963710377839984,74.44696820952618,-0.10430507398228768,True,False,False,21.832496643599903,7.458703337751181e-06,24.445588744772074,-0.006216392107682727
primitive_00,bad_vs_good_cav,additive_steering,-0.5,False,405,0.6691358024691358,43.69279300077462,298.3423172938971,3032.0914407989126,-0.0032805496603329353,0.000609048095717466,72.62279991818008,-0.08604578336910962,True,False,False,21.832496643599903,7.458703337751181e-06,21.860296357174718,-0.0032880083636706863
primitive_00,bad_vs_good_cav,additive_steering,-0.25,False,405,0.6839506172839506,36.66434563766291,149.17115809122723,758.0228644759567,-0.0016845479072854774,0.00031987404167186783,62.81344889250126,-0.02641185046101712,True,False,False,21.832496643599903,7.458703337751181e-06,14.831848994063009,-0.0016920066106232287
primitive_00,bad_vs_good_cav,additive_steering,0.25,False,405,0.6839506172839506,5.681528750190764,149.1711592403459,758.0228755338692,0.0017735172890940348,-0.0003508160721933141,2.498059880295099,-0.08780963184565642,True,False,False,21.832496643599903,7.458703337751181e-06,-16.15096789340914,0.0017660585857562836
primitive_00,bad_vs_good_cav,additive_steering,0.5,False,405,0.6814814814814815,7.053839408026802,298.34231537241993,3032.091439442576,0.0036363583953448876,-0.0007327935449253127,3.2139346653280882,-0.1083667545791305,True,False,False,21.832496643599903,7.458703337751181e-06,-14.778657235573101,0.0036288996920071366
primitive_00,bad_vs_good_cav,additive_steering,1.0,False,405,0.30864197530864196,8.072068406255157,596.6846339096257,12128.365825587143,0.007631067934217368,-0.001590990113101395,3.7840601623965298,-0.13440295433830754,True,False,False,21.832496643599903,7.458703337751181e-06,-13.760428237344746,0.007623609230879617
primitive_00,bad_vs_good_cav,projection_removal,,False,405,0.674074074074074,7.272225310625854,236.1465337117513,1951.9326009397153,0.0024600646279530135,-0.0004968683772200326,3.3544462408086675,-0.0989510605559383,True,False,False,21.832496643599903,7.458703337751181e-06,-14.56027133297405,0.0024526059246152625
primitive_00,centroid_to_good__bad_to_primitive_00,additive_steering,-1.0,False,405,0.03209876543209877,5.5831317755911085,1359.3931931107134,69236.75691098813,0.002824510759861611,-0.0002432672870862237,2.727248421561852,-0.07483195183562388,True,False,False,21.832496643599903,7.458703337751181e-06,-16.249364868008794,0.00281705205652386
primitive_00,centroid_to_good__bad_to_primitive_00,additive_steering,-0.5,False,405,0.04197530864197531,5.120478636394313,679.6965914125796,17309.189113136574,0.0013711390938338818,-0.00010700353861731093,2.5009368579405953,-0.06930433098627867,True,False,False,21.832496643599903,7.458703337751181e-06,-16.71201800720559,0.0013636803904961306
primitive_00,centroid_to_good__bad_to_primitive_00,additive_steering,-0.25,False,405,0.6839506172839506,4.577929935779101,339.8482981081362,4327.297311269501,0.0006753515447106904,-4.987387328518155e-05,2.234050054210119,-0.06366061211414283,True,False,False,21.832496643599903,7.458703337751181e-06,-17.254566707820803,0.0006678928413729392
primitive_00,centroid_to_good__bad_to_primitive_00,additive_steering,0.25,False,405,0.6864197530864198,46.85747844790235,339.848296035955,4327.297266303169,-0.0006550414375898015,4.267844007327395e-05,76.6896477040287,-0.11850206584672204,True,False,False,21.832496643599903,7.458703337751181e-06,25.02498180430245,-0.0006625001409275527
primitive_00,centroid_to_good__bad_to_primitive_00,additive_steering,0.5,False,405,0.04197530864197531,49.79365393556195,679.696600699719,17309.189528100283,-0.001289901524988351,7.82226303847068e-05,77.6829116492932,-0.15272174380858403,True,False,False,21.832496643599903,7.458703337751181e-06,27.961157291962046,-0.0012973602283261022
primitive_00,centroid_to_good__bad_to_primitive_00,additive_steering,1.0,False,405,0.024691358024691357,50.93896172605915,1359.3932014747902,69236.7578125,-0.0024996062491454366,0.000128156853073663,78.12602117688324,-0.1626078370930771,True,False,False,21.832496643599903,7.458703337751181e-06,29.106465082459245,-0.0025070649524831876
primitive_00,centroid_to_good__bad_to_primitive_00,projection_removal,,False,405,0.012345679012345678,5.672895211790815,1840.598838184498,127812.17289556809,0.0038583261016626107,-0.00035408623129388995,2.8067092341557216,-0.07768305644781043,True,False,False,21.832496643599903,7.458703337751181e-06,-16.159601431809087,0.0038508673983248596
primitive_00,centroid_to_good__primitive_02_to_primitive_00,additive_steering,-1.0,False,405,0.6666666666666666,3.709414600442957,125.32205072567787,570.6082728962839,-0.0006433377289272797,0.0004878639991888032,1.8248157245052927,-0.035490175723377246,True,False,False,21.832496643599903,7.458703337751181e-06,-18.123082043156945,-0.0006507964322650309
primitive_00,centroid_to_good__primitive_02_to_primitive_00,additive_steering,-0.5,False,405,0.9506172839506173,2.593228302767247,62.66102528984164,142.6520728982525,-0.0003242485174696457,0.0002446367046419926,1.0582697582250797,-0.028946411423604587,True,False,False,21.832496643599903,7.458703337751181e-06,-19.239268340832655,-0.0003317072208073969
primitive_00,centroid_to_good__primitive_02_to_primitive_00,additive_steering,-0.25,False,405,0.9728395061728395,1.7249167709806819,31.330512925136237,35.663018008367516,-0.00016277011625092454,0.00012249453216919316,0.5544007271633029,-0.017267505214146925,True,False,False,21.832496643599903,7.458703337751181e-06,-20.107579872619223,-0.0001702288195886757
primitive_00,centroid_to_good__primitive_02_to_primitive_00,additive_steering,0.25,False,405,0.9753086419753086,7.0527052356137165,31.330512244613082,35.66301586245313,0.00016406370582536703,-0.0001228468933982629,3.775011581275131,-0.007684684524081867,True,False,False,21.832496643599903,7.458703337751181e-06,-14.779791407986187,0.00015660500248761584
primitive_00,centroid_to_good__primitive_02_to_primitive_00,additive_steering,0.5,False,405,0.9753086419753086,16.349161022386433,62.66102498843346,142.65206840362077,0.000329422864436783,-0.00024604614501285815,18.097560021820048,0.03320675150157072,True,False,False,21.832496643599903,7.458703337751181e-06,-5.48333562121347,0.00032196416109903184
primitive_00,centroid_to_good__primitive_02_to_primitive_00,additive_steering,1.0,False,405,0.05185185185185185,34.15239322450426,125.32204972255377,570.6082788255479,0.0006640349355033348,-0.0004935016879458082,64.07519577815604,0.01686773575547718,True,False,False,21.832496643599903,7.458703337751181e-06,12.319896580904356,0.0006565762321655836
primitive_00,centroid_to_good__primitive_02_to_primitive_00,projection_removal,,False,405,0.9703703703703703,1.0176633304467908,28.657454037390373,325.6436225988026,-0.00024027236676072038,0.00016700235112288684,0.23763895507113825,-0.008222202954820032,True,False,False,21.832496643599903,7.458703337751181e-06,-20.814833313153112,-0.0002477310700984716
primitive_00,centroid_to_good__primitive_04_to_primitive_00,additive_steering,-1.0,False,405,0.014814814814814815,5.670602492785748,1262.044743366006,59028.29621280623,0.0034531542879292667,-0.0004492846896478889,2.8775328337805584,-0.07336551207527468,True,False,False,21.832496643599903,7.458703337751181e-06,-16.161894150814156,0.0034456955845915157
primitive_00,centroid_to_good__primitive_04_to_primitive_00,additive_steering,-0.5,False,405,0.03950617283950617,5.259849968368624,631.0223704962083,14757.07405071494,0.0016792851518103043,-0.00020763034478473287,2.696261223915922,-0.07509109827533746,True,False,False,21.832496643599903,7.458703337751181e-06,-16.57264667523128,0.001671826448472553
primitive_00,centroid_to_good__primitive_04_to_primitive_00,additive_steering,-0.25,False,405,0.6864197530864198,4.769651548803589,315.51118865778415,3689.268557371917,0.0008278453985717403,-9.958178871850891e-05,2.401256816370027,-0.0717413097128217,True,False,False,21.832496643599903,7.458703337751181e-06,-17.062845094796316,0.0008203866952339891
primitive_00,centroid_to_good__primitive_04_to_primitive_00,additive_steering,0.25,False,405,0.6839506172839506,46.711532576290175,315.5111825825256,3689.268448196223,-0.0008043087528481385,9.115626882963776e-05,76.63241937590622,-0.13806383061074834,True,False,False,21.832496643599903,7.458703337751181e-06,24.87903593269027,-0.0008117674561858898
primitive_00,centroid_to_good__primitive_04_to_primitive_00,additive_steering,0.5,False,405,0.044444444444444446,49.6396304283613,631.0223639405804,14757.07400610653,-0.0015851432947609628,0.00017392982544970294,77.71998455984621,-0.1697526691973792,True,False,False,21.832496643599903,7.458703337751181e-06,27.807133784761398,-0.001592601998098714
primitive_00,centroid_to_good__primitive_04_to_primitive_00,additive_steering,1.0,False,405,0.007407407407407408,50.557856957706406,1262.0447322139034,59028.29642364125,-0.0030766624686602772,0.0003145075755683021,78.06153816058551,-0.17872489381918238,True,False,False,21.832496643599903,7.458703337751181e-06,28.725360314106503,-0.0030841211719980282
primitive_00,centroid_to_good__primitive_04_to_primitive_00,projection_removal,,False,405,0.01728395061728395,5.882989473548936,1618.0459987404906,99181.18623892701,0.004350166516588612,-0.0005783132924966928,2.9656789414184477,-0.07254174729343246,True,False,False,21.832496643599903,7.458703337751181e-06,-15.949507170050968,0.004342707813250861
primitive_00,centroid_to_good__primitive_05_to_primitive_00,additive_steering,-1.0,False,405,0.02962962962962963,5.622243870776376,1368.8654554955754,70256.67677107446,0.002881620230797986,-0.0002776540561731482,2.7472203812050076,-0.07809584917320424,True,False,False,21.832496643599903,7.458703337751181e-06,-16.210252772823527,0.002874161527460235
primitive_00,centroid_to_good__primitive_05_to_primitive_00,additive_steering,-0.5,False,405,0.04197530864197531,5.154333545102014,684.4327253176842,17564.169342041016,0.0013996008910046836,-0.0001241780628868635,2.508726174612638,-0.07035048113548502,True,False,False,21.832496643599903,7.458703337751181e-06,-16.67816309849789,0.0013921421876669324
primitive_00,centroid_to_good__primitive_05_to_primitive_00,additive_steering,-0.25,False,405,0.6839506172839506,4.591354921276187,342.21636556931486,4391.042409694342,0.0006895575603534175,-5.8455625561951606e-05,2.2361577718299714,-0.06392302535828066,True,False,False,21.832496643599903,7.458703337751181e-06,-17.241141722323718,0.0006820988570156662
primitive_00,centroid_to_good__primitive_05_to_primitive_00,additive_steering,0.25,False,405,0.6864197530864198,46.89524055292577,342.2163666713385,4391.042379986799,-0.0006691944525404071,5.1247612420363e-05,76.70391333289399,-0.11818635622113012,True,False,False,21.832496643599903,7.458703337751181e-06,25.062743909325867,-0.0006766531558781583
primitive_00,centroid_to_good__primitive_05_to_primitive_00,additive_steering,0.5,False,405,0.04197530864197531,49.85326296488444,684.4327332108109,17564.169276710792,-0.0013181513698921918,9.534685883865321e-05,77.70755771795889,-0.15334845838948782,True,False,False,21.832496643599903,7.458703337751181e-06,28.02076632128454,-0.001325610073229943
primitive_00,centroid_to_good__primitive_05_to_primitive_00,additive_steering,1.0,False,405,0.024691358024691357,50.994946411509574,1368.8654560983916,70256.67754720052,-0.002555868718577867,0.0001623428211360535,78.16421362337856,-0.16458567238554342,True,False,False,21.832496643599903,7.458703337751181e-06,29.16244976790967,-0.002563327421915618
primitive_00,centroid_to_good__primitive_05_to_primitive_00,projection_removal,,False,405,0.012345679012345678,5.721414110248472,1855.124540390203,130643.33787133488,0.003902810425583605,-0.00039475766275450186,2.834826795691521,-0.08153185926155561,True,False,False,21.832496643599903,7.458703337751181e-06,-16.111082533351432,0.003895351722245854
primitive_00,drawdown_stress_cav,additive_steering,-1.0,False,405,0.145679012345679,10.107497185100744,450.3938974074375,6555.224066162109,0.00964305803450404,-0.000528223822776911,6.005456410625004,-0.12626977062575842,True,False,False,21.832496643599903,7.458703337751181e-06,-11.724999458499159,0.009635599331166289
primitive_00,drawdown_stress_cav,additive_steering,-0.5,False,405,0.5679012345679012,8.231568597128362,225.1969505875199,1638.8060135076075,0.004699541103090368,-0.0002088587230332399,5.036387733488665,-0.09096086287770158,True,False,False,21.832496643599903,7.458703337751181e-06,-13.600928046471541,0.004692082399752617
primitive_00,drawdown_stress_cav,additive_steering,-0.25,False,405,0.6814814814814815,6.307323483478876,112.59847417289828,409.7014981634823,0.0023194473945784048,-9.079755535040853e-05,3.754222089591747,-0.07993373314587071,True,False,False,21.832496643599903,7.458703337751181e-06,-15.525173160121028,0.0023119886912406538
primitive_00,drawdown_stress_cav,additive_steering,0.25,False,405,0.6839506172839506,30.993869700255217,112.59847527021243,409.70150571752475,-0.002259205726544285,6.391545094392485e-05,54.59045193228629,0.0619846098333887,True,False,False,21.832496643599903,7.458703337751181e-06,9.161373056655314,-0.002266664429882036
primitive_00,drawdown_stress_cav,additive_steering,0.5,False,405,0.562962962962963,39.708930166268054,225.19695099253713,1638.8060253755546,-0.004458617234962581,0.00010134381769339992,67.17615002285592,-0.023347566588987304,True,False,False,21.832496643599903,7.458703337751181e-06,17.87643352266815,-0.004466075938300332
primitive_00,drawdown_stress_cav,additive_steering,1.0,False,405,0.009876543209876543,43.25634671199469,450.3939035674672,6555.22409532335,-0.008680047469244561,9.838054064078074e-05,70.9514203844303,-0.08085460393711363,True,False,False,21.832496643599903,7.458703337751181e-06,21.423850068394785,-0.008687506172582312
primitive_00,drawdown_stress_cav,projection_removal,,False,405,0.5580246913580247,7.895870993829067,185.2906727578905,1170.0916234317754,0.003239236432375917,-0.00014311945056498038,4.916854586412163,-0.08757193805791162,True,False,False,21.832496643599903,7.458703337751181e-06,-13.936625649770836,0.003231777729038166
primitive_00,high_action_change_cav,additive_steering,-1.0,False,405,0.3308641975308642,20.846878135940177,224.00263864022713,1540.458928840543,0.00040386611287457954,0.00030964901094042316,17.100129117748807,-0.12156400166216046,True,False,False,21.832496643599903,7.458703337751181e-06,-0.9856185076597264,0.0003964074095368284
primitive_00,high_action_change_cav,additive_steering,-0.5,False,405,0.674074074074074,16.347014093840563,112.001320045377,385.1147365617163,0.00017281375423487352,0.00016415068040358493,11.254334245330154,-0.09237291228266704,True,False,False,21.832496643599903,7.458703337751181e-06,-5.48548254975934,0.00016535505089712235
primitive_00,high_action_change_cav,additive_steering,-0.25,False,405,0.6864197530864198,11.127182322519797,56.000659612961755,96.27868051882143,7.916165711478222e-05,8.439089794248905e-05,6.891183795033785,-0.03896280562649776,True,False,False,21.832496643599903,7.458703337751181e-06,-10.705314321080106,7.170295377703104e-05
primitive_00,high_action_change_cav,additive_steering,0.25,False,405,0.6839506172839506,13.078234736713362,56.00066047480077,96.27868417810511,-6.474181102404722e-05,-8.898968083233072e-05,18.219953140081603,0.03028063642308932,True,False,False,21.832496643599903,7.458703337751181e-06,-8.75426190688654,-7.22005143617984e-05
primitive_00,high_action_change_cav,additive_steering,0.5,False,405,0.6814814814814815,19.859919303140522,112.00132061993634,385.1147340939369,-0.00011513543656773075,-0.00018254553753453836,36.79287802573303,0.021838428116771648,True,False,False,21.832496643599903,7.458703337751181e-06,-1.972577340459381,-0.00012259413990548193
primitive_00,high_action_change_cav,additive_steering,1.0,False,405,0.024691358024691357,25.231479802543735,224.00263914885343,1540.4588776765047,-0.00017316991164198267,-0.0003832240475241704,47.124553550742704,-0.008572644674429555,True,False,False,21.832496643599903,7.458703337751181e-06,3.3989831589438317,-0.00018062861497973386
primitive_00,high_action_change_cav,projection_removal,,False,405,0.6864197530864198,7.41375024392281,40.28595831835712,125.62235036190646,4.832486118578277e-05,6.663371314283851e-05,4.219930880201554,-0.02060763854787346,True,False,False,21.832496643599903,7.458703337751181e-06,-14.418746399677094,4.0866157848031586e-05
primitive_00,high_concentration_cav,additive_steering,-1.0,False,405,0.6246913580246913,8.8886232358438,460.9584175769194,7796.953980547116,0.0006400756791509841,-0.0014480177863661224,5.690418388753528,-0.1479527790157254,True,False,False,21.832496643599903,7.458703337751181e-06,-12.943873407756103,0.0006326169758132329
primitive_00,high_concentration_cav,additive_steering,-0.5,False,405,0.6864197530864198,7.653117154851372,230.479207658179,1949.2385058367695,0.00024985155960094446,-0.0007030758646774174,4.8411646566592434,-0.13284770512567087,True,False,False,21.832496643599903,7.458703337751181e-06,-14.17937948874853,0.0002423928562631933
primitive_00,high_concentration_cav,additive_steering,-0.25,False,405,0.6888888888888889,5.660085632918793,115.23960392327956,487.3096201296206,0.00010736985773361948,-0.00034626705230978214,3.3694330266985606,-0.09010870716445098,True,False,False,21.832496643599903,7.458703337751181e-06,-16.17241101068111,9.99111543958683e-05
primitive_00,high_concentration_cav,additive_steering,0.25,False,405,0.6864197530864198,29.71326030448631,115.23960394211757,487.3096221923828,-7.225121360860433e-05,0.0003356535481222081,54.80047851279541,-0.05685318292008597,True,False,False,21.832496643599903,7.458703337751181e-06,7.880763660886409,-7.97099169463555e-05
primitive_00,high_concentration_cav,additive_steering,0.5,False,405,0.6839506172839506,39.87796853383382,230.47920611346208,1949.2384711183147,-0.00010938650860147733,0.0006606246880399728,67.8937712919989,-0.07177707963489222,True,False,False,21.832496643599903,7.458703337751181e-06,18.04547189023392,-0.0001168452119392285
primitive_00,high_concentration_cav,additive_steering,1.0,False,405,0.027160493827160494,44.28608871742531,460.9584092128424,7796.9539545506605,-7.836784363707149e-05,0.0012782585099875361,72.3515827766534,-0.06660934790887019,True,False,False,21.832496643599903,7.458703337751181e-06,22.453592073825405,-8.582654697482267e-05
primitive_00,high_concentration_cav,projection_removal,,False,405,0.6962962962962963,6.558437691058642,113.62304965360666,469.5736153025686,8.984489610657916e-05,-0.00030251153685593464,3.6521964086523817,-0.08499008632973955,True,False,False,21.832496643599903,7.458703337751181e-06,-15.27405895254126,8.238619276882798e-05
primitive_00,high_turnover_cav,additive_steering,-1.0,False,405,0.3308641975308642,20.846878135940177,224.00263864022713,1540.458928840543,0.00040386611287457954,0.00030964901094042316,17.100129117748807,-0.12156400166216046,True,False,False,21.832496643599903,7.458703337751181e-06,-0.9856185076597264,0.0003964074095368284
primitive_00,high_turnover_cav,additive_steering,-0.5,False,405,0.674074074074074,16.347014093840563,112.001320045377,385.1147365617163,0.00017281375423487352,0.00016415068040358493,11.254334245330154,-0.09237291228266704,True,False,False,21.832496643599903,7.458703337751181e-06,-5.48548254975934,0.00016535505089712235
primitive_00,high_turnover_cav,additive_steering,-0.25,False,405,0.6864197530864198,11.127182322519797,56.000659612961755,96.27868051882143,7.916165711478222e-05,8.439089794248905e-05,6.891183795033785,-0.03896280562649776,True,False,False,21.832496643599903,7.458703337751181e-06,-10.705314321080106,7.170295377703104e-05
primitive_00,high_turnover_cav,additive_steering,0.25,False,405,0.6839506172839506,13.078234736713362,56.00066047480077,96.27868417810511,-6.474181102404722e-05,-8.898968083233072e-05,18.219953140081603,0.03028063642308932,True,False,False,21.832496643599903,7.458703337751181e-06,-8.75426190688654,-7.22005143617984e-05
primitive_00,high_turnover_cav,additive_steering,0.5,False,405,0.6814814814814815,19.859919303140522,112.00132061993634,385.1147340939369,-0.00011513543656773075,-0.00018254553753453836,36.79287802573303,0.021838428116771648,True,False,False,21.832496643599903,7.458703337751181e-06,-1.972577340459381,-0.00012259413990548193
primitive_00,high_turnover_cav,additive_steering,1.0,False,405,0.024691358024691357,25.231479802543735,224.00263914885343,1540.4588776765047,-0.00017316991164198267,-0.0003832240475241704,47.124553550742704,-0.008572644674429555,True,False,False,21.832496643599903,7.458703337751181e-06,3.3989831589438317,-0.00018062861497973386
primitive_00,high_turnover_cav,projection_removal,,False,405,0.6864197530864198,7.41375024392281,40.28595831835712,125.62235036190646,4.832486118578277e-05,6.663371314283851e-05,4.219930880201554,-0.02060763854787346,True,False,False,21.832496643599903,7.458703337751181e-06,-14.418746399677094,4.0866157848031586e-05
primitive_00,primitive_cav__primitive_02,additive_steering,-1.0,False,405,0.49382716049382713,8.617283704840107,595.8797973256052,12179.171254249855,0.00496076606549622,-0.0010356871065895857,4.38497352339842,-0.06446901462501037,True,False,False,21.832496643599903,7.458703337751181e-06,-13.215212938759796,0.004953307362158469
primitive_00,primitive_cav__primitive_02,additive_steering,-0.5,False,405,0.6790123456790124,7.2915586665824605,297.9399004147377,3044.792809229721,0.0022413659246020927,-0.000436993597384856,3.449131853436838,-0.0734165028508351,True,False,False,21.832496643599903,7.458703337751181e-06,-14.540937977017443,0.0022339072212643417
primitive_00,primitive_cav__primitive_02,additive_steering,-0.25,False,405,0.6839506172839506,5.546530009051899,148.96995162963867,761.1982280495725,0.0010612006152018393,-0.00019841569544187863,2.488035147458339,-0.0503154865515066,True,False,False,21.832496643599903,7.458703337751181e-06,-16.285966634548004,0.0010537419118640881
primitive_00,primitive_cav__primitive_02,additive_steering,0.25,False,405,0.6864197530864198,35.93550197342296,148.969947117935,761.1981738243574,-0.0009429146701011709,0.00015856189435627333,61.22812904321969,-0.018112755390392487,True,False,False,21.832496643599903,7.458703337751181e-06,14.103005329823056,-0.0009503733734389222
primitive_00,primitive_cav__primitive_02,additive_steering,0.5,False,405,0.6666666666666666,43.43343010655156,297.93989704273366,3044.792692434052,-0.0017683247874136629,0.0002776130089507272,72.81571326505231,-0.09628010981766984,True,False,False,21.832496643599903,7.458703337751181e-06,21.60093346295166,-0.001775783490751414
primitive_00,primitive_cav__primitive_02,additive_steering,1.0,False,405,0.03209876543209877,45.97435773684655,595.8797987196181,12179.171234206211,-0.00307024331031124,0.000398718458719147,74.77101184206997,-0.11696122425447057,True,False,False,21.832496643599903,7.458703337751181e-06,24.141861093246646,-0.003077702013648991
primitive_00,primitive_cav__primitive_02,projection_removal,,False,405,0.6790123456790124,7.435362372280639,290.5893874109527,3017.9021616108625,0.002038359449212286,-0.000395077085060576,3.5733579643014277,-0.06950517802551968,True,False,False,21.832496643599903,7.458703337751181e-06,-14.397134271319263,0.002030900745874535
primitive_00,primitive_cav__primitive_04,additive_steering,-1.0,False,405,0.5456790123456791,23.770659814057527,182.58394443841627,942.9458713107639,-0.0019250576086670221,0.0005285833624051568,27.90411189582438,-0.03448914947756803,True,False,False,21.832496643599903,7.458703337751181e-06,1.9381631704576243,-0.0019325163120047734
primitive_00,primitive_cav__primitive_04,additive_steering,-0.5,False,405,0.6839506172839506,18.560725292747403,91.29197120195553,235.73646023597246,-0.0010056419122060722,0.0002780837631273425,19.220528147205552,0.010342319565618,True,False,False,21.832496643599903,7.458703337751181e-06,-3.2717713508525,-0.0010131006155438234
primitive_00,primitive_cav__primitive_04,additive_steering,-0.25,False,405,0.6839506172839506,12.360406694588837,45.64598580348639,58.93411619869279,-0.0005136912402639077,0.00014252018310032067,7.449705031115824,0.021647020209038078,True,False,False,21.832496643599903,7.458703337751181e-06,-9.472089949011066,-0.0005211499436016589
primitive_00,primitive_cav__primitive_04,additive_steering,0.25,False,405,0.6864197530864198,8.959778203493283,45.64598689609104,58.93411787056628,0.0005356125306989562,-0.00014953632771170543,8.646471991779476,-0.010546368292745203,True,False,False,21.832496643599903,7.458703337751181e-06,-12.87271844010662,0.000528153827361205
primitive_00,primitive_cav__primitive_04,additive_steering,0.5,False,405,0.6864197530864198,14.042920509385475,91.29197324587975,235.7364700317383,0.0010933242525343113,-0.00030614746499339307,16.466334343393534,-0.05661019063692765,True,False,False,21.832496643599903,7.458703337751181e-06,-7.789576134214428,0.00108586554919656
primitive_00,primitive_cav__primitive_04,additive_steering,1.0,False,405,0.19753086419753085,18.828979473349488,182.58394554985895,942.9458722149884,0.0022757418084138905,-0.0006408241383389622,24.317717039479202,-0.09707426800544507,True,False,False,21.832496643599903,7.458703337751181e-06,-3.003517170250415,0.0022682831050761395
primitive_00,primitive_cav__primitive_04,projection_removal,,False,405,0.9827160493827161,1.9411564201852423,13.824969544785993,171.05065416083622,-0.0001860086973053977,5.220911746179493e-05,0.7497034349955379,0.007044901739847349,True,False,False,21.832496643599903,7.458703337751181e-06,-19.891340223414662,-0.00019346740064314887
primitive_00,primitive_cav__primitive_05,additive_steering,-1.0,False,405,0.01728395061728395,45.527557194085766,632.4489116904176,13793.466306936005,-0.005888681298571043,0.00014246997992767632,74.80591484704051,-0.10008244239907683,True,False,False,21.832496643599903,7.458703337751181e-06,23.695060550485863,-0.005896140001908794
primitive_00,primitive_cav__primitive_05,additive_steering,-0.5,False,405,0.5679012345679012,42.711408525631754,316.22445575101875,3448.366508465049,-0.003184333672736257,0.00015636118290409578,73.16081084102578,-0.07412923122312097,True,False,False,21.832496643599903,7.458703337751181e-06,20.87891188203185,-0.003191792376074008
primitive_00,primitive_cav__primitive_05,additive_steering,-0.25,False,405,0.6839506172839506,36.50770261434861,158.11222709373192,862.0916215496298,-0.0016532234955252234,9.995390975626417e-05,64.71699615466315,-0.043049539402041294,True,False,False,21.832496643599903,7.458703337751181e-06,14.675205970748706,-0.0016606821988629746
primitive_00,primitive_cav__primitive_05,additive_steering,0.25,False,405,0.6839506172839506,5.325474652831937,158.11222837471666,862.0916505507481,0.0017773344473714762,-0.00014445063617575928,2.319766780195196,-0.053660985592732365,True,False,False,21.832496643599903,7.458703337751181e-06,-16.507021990767967,0.001769875744033725
primitive_00,primitive_cav__primitive_05,additive_steering,0.5,False,405,0.5679012345679012,6.919977373547024,316.22445610894096,3448.3665605333117,0.0036806685178407137,-0.0003343163277336693,3.1852598264864267,-0.08516903417470184,True,False,False,21.832496643599903,7.458703337751181e-06,-14.91251927005288,0.0036732098145029627
primitive_00,primitive_cav__primitive_05,additive_steering,1.0,False,405,0.2419753086419753,8.329267172607375,632.4489135742188,13793.466145531926,0.00787227483456547,-0.0008537811879988113,4.050526582032573,-0.10546036635165004,True,False,False,21.832496643599903,7.458703337751181e-06,-13.503229470992528,0.00786481613122772
primitive_00,primitive_cav__primitive_05,projection_removal,,False,405,0.5654320987654321,6.911961018597638,340.3916995484152,4085.5628714479044,0.003874257003399375,-0.00035505212010253774,3.2345615614084737,-0.08541543469575118,True,False,False,21.832496643599903,7.458703337751181e-06,-14.920535625002266,0.003866798300061624
primitive_01,bad_primitives_cav,additive_steering,-1.0,False,611,0.019639934533551555,47.94952198721578,585.7634295324647,10543.040788216598,-0.009306700161375064,0.00028882109814285385,4936170255.927013,-0.12272386498114204,True,False,False,19.702223490042385,9.217543515270923e-06,28.247298497173396,-0.009315917704890335
primitive_01,bad_primitives_cav,additive_steering,-0.5,False,611,0.6579378068739771,44.190909043856806,292.8817158400915,2635.760201324613,-0.004798445867129247,0.00020550806612277373,4933187826.255293,-0.13380072738707594,True,False,False,19.702223490042385,9.217543515270923e-06,24.48868555381442,-0.004807663410644518
primitive_01,bad_primitives_cav,additive_steering,-0.25,False,611,0.6579378068739771,34.29020007425361,146.44085647782796,658.940041968163,-0.0024358236222152114,0.00011828440857467252,4270146785.025717,-0.04815522776224726,True,False,False,19.702223490042385,9.217543515270923e-06,14.587976584211226,-0.002445041165730482
primitive_01,bad_primitives_cav,additive_steering,0.25,False,611,0.6579378068739771,5.110700403512402,146.44085715835496,658.9400543768551,0.0025096070082322257,-0.00014983586941208444,1.6763876080238187,-0.054284734435592626,True,False,False,19.702223490042385,9.217543515270923e-06,-14.591523086529984,0.002500389464716955
primitive_01,bad_primitives_cav,additive_steering,0.5,False,611,0.6579378068739771,6.582318213782021,292.8817154280293,2635.7603025795397,0.005093517836115653,-0.00033169493978031737,2.3120414295722664,-0.06571530981148843,True,False,False,19.702223490042385,9.217543515270923e-06,-13.119905276260365,0.005084300292600382
primitive_01,bad_primitives_cav,additive_steering,1.0,False,611,0.6579378068739771,7.625992420262088,585.7634324044136,10543.041008382694,0.010486002740957815,-0.0007932648378562258,3.308070096078782,-0.09032529368312908,True,False,False,19.702223490042385,9.217543515270923e-06,-12.076231069780297,0.010476785197442544
primitive_01,bad_primitives_cav,projection_removal,,False,611,0.6546644844517185,6.285424570600257,262.30426664087076,2227.8509940414306,0.004467577393389592,-0.00029075233551149676,2.202108927342996,-0.06372474253946976,True,False,False,19.702223490042385,9.217543515270923e-06,-13.41679891944213,0.004458359849874321
primitive_01,bad_vs_good_cav,additive_steering,-1.0,False,611,0.022913256955810146,48.14271136781783,670.4216027642233,13835.41669450376,-0.006206686836073758,0.0010934103200919093,4936170256.564975,-0.16491424406261768,True,False,False,19.702223490042385,9.217543515270923e-06,28.440487877775446,-0.006215904379589029
primitive_01,bad_vs_good_cav,additive_steering,-0.5,False,611,0.6579378068739771,45.9152774998092,335.2108012197841,3458.8541964017427,-0.003279636208914755,0.0006076023094539123,4934677759.30705,-0.14708612498990678,True,False,False,19.702223490042385,9.217543515270923e-06,26.213054009766815,-0.003288853752430026
primitive_01,bad_vs_good_cav,additive_steering,-0.25,False,611,0.6579378068739771,37.41879131829095,167.60540095327724,864.7135541013727,-0.0016841454302176152,0.00031916039482132296,4114542153.318755,-0.06692132991726849,True,False,False,19.702223490042385,9.217543515270923e-06,17.716567828248564,-0.0016933629737328861
primitive_01,bad_vs_good_cav,additive_steering,0.25,False,611,0.6579378068739771,5.7365276694492895,167.60539913021407,864.7135600200846,0.0017732268583904457,-0.0003501221363252749,2.053429475204287,-0.07811611940028294,True,False,False,19.702223490042385,9.217543515270923e-06,-13.965695820593096,0.0017640093148751747
primitive_01,bad_vs_good_cav,additive_steering,0.5,False,611,0.6579378068739771,6.628221022663257,335.2108025184044,3458.854265877931,0.0036358930924888454,-0.0007314266091768828,2.3958116130384126,-0.10368808234387378,True,False,False,19.702223490042385,9.217543515270923e-06,-13.074002467379128,0.0036266755489735747
primitive_01,bad_vs_good_cav,additive_steering,1.0,False,611,0.48936170212765956,6.988002763588573,670.4216092073781,13835.416946436106,0.007630613367079791,-0.0015883449016757193,2.4890708933251235,-0.10839344896704181,True,False,False,19.702223490042385,9.217543515270923e-06,-12.714220726453814,0.00762139582356452
primitive_01,bad_vs_good_cav,projection_removal,,False,611,0.6579378068739771,6.354941384491866,265.8526579580604,2244.5445577633946,0.002761767691310152,-0.000552528797080529,2.316667278909126,-0.09605107697454604,True,False,False,19.702223490042385,9.217543515270923e-06,-13.34728210555052,0.0027525501477948812
primitive_01,centroid_to_good__bad_to_primitive_00,additive_steering,-1.0,False,611,0.01800327332242226,5.16735735491723,1572.8362685732677,81028.81731658286,0.002827052073141628,-0.00024274520554309206,1.6379159804052497,-0.06797876857206267,True,False,False,19.702223490042385,9.217543515270923e-06,-14.534866135125156,0.0028178345296263575
primitive_01,centroid_to_good__bad_to_primitive_00,additive_steering,-0.5,False,611,0.031096563011456628,4.551799803338152,786.4181384322296,20257.204129332997,0.0013723594438396196,-0.00010673306883774785,1.4923907052818524,-0.05969521340079097,True,False,False,19.702223490042385,9.217543515270923e-06,-15.150423686704233,0.0013631419003243487
primitive_01,centroid_to_good__bad_to_primitive_00,additive_steering,-0.25,False,611,0.6579378068739771,3.8801977073502423,393.20907283102434,5064.301073608149,0.0006759492593203971,-4.973632088580555e-05,1.2779492295090842,-0.05426735604549605,True,False,False,19.702223490042385,9.217543515270923e-06,-15.822025782692144,0.0006667317158051262
primitive_01,centroid_to_good__bad_to_primitive_00,additive_steering,0.25,False,611,0.6579378068739771,46.870940715708635,393.20907164478456,5064.301212023596,-0.0006556144671997579,4.253633207944128e-05,4936170257.24967,-0.1546719171516411,True,False,False,19.702223490042385,9.217543515270923e-06,27.16871722566625,-0.0006648320107150289
primitive_01,centroid_to_good__bad_to_primitive_00,additive_steering,0.5,False,611,0.031096563011456628,49.48887315553456,786.418144800464,20257.204852914263,-0.0012910231373840873,7.793393813171714e-05,4936170258.153451,-0.17523766691883266,True,False,False,19.702223490042385,9.217543515270923e-06,29.786649665492178,-0.0013002406808993582
primitive_01,centroid_to_good__bad_to_primitive_00,additive_steering,1.0,False,611,0.01309328968903437,50.958597642115016,1572.836279786355,81028.81885065307,-0.0025017526502368517,0.00012756188011723535,4936170258.620887,-0.18599129562486572,True,False,False,19.702223490042385,9.217543515270923e-06,31.25637415207263,-0.0025109701937521224
primitive_01,centroid_to_good__bad_to_primitive_00,projection_removal,,False,611,0.01800327332242226,5.297944272500989,2111.6447757402534,147641.1186269707,0.003801633637660323,-0.0003454908746792506,1.6628625882021406,-0.07020653979120049,True,False,False,19.702223490042385,9.217543515270923e-06,-14.404279217541397,0.0037924160941450523
primitive_01,centroid_to_good__primitive_02_to_primitive_00,additive_steering,-1.0,False,611,0.9148936170212766,3.3594014445615477,143.34762064095605,618.1298749895611,-0.0006398985545913211,0.00048698362247694225,1.1706939663014326,-0.043073554641221666,True,False,False,19.702223490042385,9.217543515270923e-06,-16.342822045480837,-0.000649116098106592
primitive_01,centroid_to_good__primitive_02_to_primitive_00,additive_steering,-0.5,False,611,0.9738134206219312,2.4045078148623342,71.6738109104762,154.5324698840733,-0.0003225270141839668,0.0002441959351965054,0.7559161202658149,-0.031077996131918667,True,False,False,19.702223490042385,9.217543515270923e-06,-17.29771567518005,-0.00033174455769923773
primitive_01,centroid_to_good__primitive_02_to_primitive_00,additive_steering,-0.25,False,611,0.9770867430441899,1.5874446196856553,35.836904780174045,38.63311672444819,-0.00016190889170081277,0.00012227400414662035,0.40692625502026125,-0.02045631127486199,True,False,False,19.702223490042385,9.217543515270923e-06,-18.11477887035673,-0.0001711264352160837
primitive_01,centroid_to_good__primitive_02_to_primitive_00,additive_steering,0.25,False,611,0.9770867430441899,5.787469276917546,35.83690459131219,38.63311438152716,0.0001632015478406547,-0.00012262608275701617,26137078.675723597,0.044200268917468505,True,False,False,19.702223490042385,9.217543515270923e-06,-13.914754213124839,0.00015398400432538377
primitive_01,centroid_to_good__primitive_02_to_primitive_00,additive_steering,0.5,False,611,0.9770867430441899,16.25696679135196,71.67380992402421,154.5324600659884,0.0003276976275213508,-0.00024560424512135536,441648589.709176,0.0013167889220535467,True,False,False,19.702223490042385,9.217543515270923e-06,-3.445256698690425,0.00031848008400607987
primitive_01,centroid_to_good__primitive_02_to_primitive_00,additive_steering,1.0,False,611,0.07037643207855974,37.80495352206566,143.347620325666,618.1298471379007,0.0006605808283870519,-0.0004926167899085766,4730171096.195081,-0.09537664204213325,True,False,False,19.702223490042385,9.217543515270923e-06,18.102730032023274,0.000651363284871781
primitive_01,centroid_to_good__primitive_02_to_primitive_00,projection_removal,,False,611,0.9950900163666121,0.8401649806300961,18.56893540735916,191.4664687367233,-8.568480012394895e-05,6.27764551343746e-05,0.13767981686250025,-0.010741498530098176,True,False,False,19.702223490042385,9.217543515270923e-06,-18.86205850941229,-9.490234363921987e-05
primitive_01,centroid_to_good__primitive_04_to_primitive_00,additive_steering,-1.0,False,611,0.01800327332242226,5.402276550104107,1442.7628364375687,66425.31878891865,0.0034528795689020945,-0.0004477614222822385,1.8173480159204203,-0.07303978854379051,True,False,False,19.702223490042385,9.217543515270923e-06,-14.299946939938279,0.003443662025386824
primitive_01,centroid_to_good__primitive_04_to_primitive_00,additive_steering,-0.5,False,611,0.044189852700491,4.811351547654834,721.3814165705354,16606.329960574883,0.0016790874463645596,-0.000206857936886375,1.5621005893768038,-0.07174691149499157,True,False,False,19.702223490042385,9.217543515270923e-06,-14.890871942387552,0.0016698699028492886
primitive_01,centroid_to_good__primitive_04_to_primitive_00,additive_steering,-0.25,False,611,0.9198036006546645,4.065499864701554,360.69071005838396,4151.582462366981,0.000827731684030498,-9.919297516070703e-05,1.3131050544344105,-0.06470225784250894,True,False,False,19.702223490042385,9.217543515270923e-06,-15.636723625340831,0.0008185141405152271
primitive_01,centroid_to_good__primitive_04_to_primitive_00,additive_steering,0.25,False,611,0.9198036006546645,46.558063752132234,360.6907096588085,4151.58241717749,-0.0008041657679433273,9.0762403377619e-05,4936170257.040916,-0.1593037906322173,True,False,False,19.702223490042385,9.217543515270923e-06,26.85584026208985,-0.0008133833114585983
primitive_01,centroid_to_good__primitive_04_to_primitive_00,additive_steering,0.5,False,611,0.04746317512274959,49.273425437814865,721.3814150596406,16606.32963412171,-0.0015848285106111852,0.0001731372094046911,4936170257.954469,-0.17502262681544253,True,False,False,19.702223490042385,9.217543515270923e-06,29.57120194777248,-0.0015940460541264561
primitive_01,centroid_to_good__primitive_04_to_primitive_00,additive_steering,1.0,False,611,0.01309328968903437,50.5209646240584,1442.7628404333236,66425.31910817946,-0.003075919478867193,0.0003129034665209638,4936170258.351062,-0.1841083256994225,True,False,False,19.702223490042385,9.217543515270923e-06,30.818741134016015,-0.003085137022382464
primitive_01,centroid_to_good__primitive_04_to_primitive_00,projection_removal,,False,611,0.01800327332242226,5.518732327096005,1849.816505569483,110536.21019808555,0.004413464428285026,-0.0005865420470220684,1.875065780485965,-0.07417354572738709,True,False,False,19.702223490042385,9.217543515270923e-06,-14.18349116294638,0.004404246884769755
primitive_01,centroid_to_good__primitive_05_to_primitive_00,additive_steering,-1.0,False,611,0.01800327332242226,5.141767120302797,1584.6668631745633,82404.20203375933,0.002884032071300079,-0.00027709853948678167,1.6296886480404666,-0.06680414779920853,True,False,False,19.702223490042385,9.217543515270923e-06,-14.560456369739589,0.0028748145277848083
primitive_01,centroid_to_good__primitive_05_to_primitive_00,additive_steering,-0.5,False,611,0.031096563011456628,4.5398012820125215,792.3334377557284,20601.050851550313,0.0014007560372338102,-0.00012389079561177338,1.4933024318703032,-0.058863812202081756,True,False,False,19.702223490042385,9.217543515270923e-06,-15.162422208029863,0.0013915384937185392
primitive_01,centroid_to_good__primitive_05_to_primitive_00,additive_steering,-0.25,False,611,0.6579378068739771,3.878396978159778,396.1667193586034,5150.2627425810315,0.0006901225608175469,-5.8309655994167265e-05,1.284545965990912,-0.053733129436419606,True,False,False,19.702223490042385,9.217543515270923e-06,-15.823826511882608,0.0006809050173022759
primitive_01,centroid_to_good__primitive_05_to_primitive_00,additive_steering,0.25,False,611,0.6579378068739771,46.897365869749976,396.1667163617872,5150.2627435549975,-0.0006697345526545333,5.109705351789901e-05,4936170257.268914,-0.1550309603076461,True,False,False,19.702223490042385,9.217543515270923e-06,27.19514237970759,-0.0006789520961698042
primitive_01,centroid_to_good__primitive_05_to_primitive_00,additive_steering,0.5,False,611,0.031096563011456628,49.51010949404852,792.3334307381838,20601.050633681778,-0.001319206917091856,9.504123411143625e-05,4936170258.1744175,-0.17674252443626184,True,False,False,19.702223490042385,9.217543515270923e-06,29.807886004006136,-0.001328424460607127
primitive_01,centroid_to_good__primitive_05_to_primitive_00,additive_steering,1.0,False,611,0.01309328968903437,50.95691425866659,1584.6668660215387,82404.20265999403,-0.00255788220091967,0.00016171387283703525,4936170258.638793,-0.1905619874668647,True,False,False,19.702223490042385,9.217543515270923e-06,31.254690768624208,-0.0025670997444349405
primitive_01,centroid_to_good__primitive_05_to_primitive_00,projection_removal,,False,611,0.01800327332242226,5.276453490830873,2139.67337008662,151826.17820607388,0.0038980489511635866,-0.00039317048926408696,1.6542480793451715,-0.06930803940985031,True,False,False,19.702223490042385,9.217543515270923e-06,-14.425769999211512,0.003888831407648316
primitive_01,drawdown_stress_cav,additive_steering,-1.0,False,611,0.3698854337152209,8.6166127481164,497.4080559688387,7132.68663886487,0.00964698704052784,-0.0005248119405244989,4.3771992307741785,-0.1188825530021716,True,False,False,19.702223490042385,9.217543515270923e-06,-11.085610741925985,0.00963776949701257
primitive_01,drawdown_stress_cav,additive_steering,-0.5,False,611,0.6579378068739771,7.463056612717149,248.70402762230407,1783.1716459932968,0.0047012999095888885,-0.00020710705045807432,3.8854214893033143,-0.0900243265786612,True,False,False,19.702223490042385,9.217543515270923e-06,-12.239166877325236,0.004692082366073618
primitive_01,drawdown_stress_cav,additive_steering,-0.25,False,611,0.6579378068739771,5.7785398513322574,124.35201345215843,445.7929027576103,0.002320276500711675,-8.991085018989526e-05,2.787931289787109,-0.06482490971213341,True,False,False,19.702223490042385,9.217543515270923e-06,-13.923683638710127,0.002311058957196404
primitive_01,drawdown_stress_cav,additive_steering,0.25,False,611,0.6579378068739771,30.960400983276617,124.3520134022115,445.792918503382,-0.0022599365592920937,6.300813187886168e-05,4211251283.828553,-0.013572218756839319,True,False,False,19.702223490042385,9.217543515270923e-06,11.258177493234232,-0.0022691541028073644
primitive_01,drawdown_stress_cav,additive_steering,0.5,False,611,0.6579378068739771,41.74908074380528,248.70402896462798,1783.1716587172787,-0.004459982993387447,9.950968362397061e-05,4908740621.628999,-0.13817481438887672,True,False,False,19.702223490042385,9.217543515270923e-06,22.046857253762894,-0.004469200536902718
primitive_01,drawdown_stress_cav,additive_steering,1.0,False,611,0.0032733224222585926,45.57987351113177,497.4080546452449,7132.686577979554,-0.008682405012013597,9.463871932107616e-05,4936170253.331747,-0.15229727598655018,True,False,False,19.702223490042385,9.217543515270923e-06,25.877650021089387,-0.008691622555528869
primitive_01,drawdown_stress_cav,projection_removal,,False,611,0.6579378068739771,6.95453203290262,206.58810760385666,1277.0808782483864,0.0037278810773108757,-0.00015811761072936133,3.5718801196126275,-0.0824396167263213,True,False,False,19.702223490042385,9.217543515270923e-06,-12.747691457139766,0.003718663533795605
primitive_01,high_action_change_cav,additive_steering,-1.0,False,611,0.4877250409165303,15.954288465886966,246.33076563209247,1696.3533349669312,0.0004121709144937349,0.0003076376916221035,313055265.2611883,-0.11960214452472785,True,False,False,19.702223490042385,9.217543515270923e-06,-3.747935024155419,0.000402953370978464
primitive_01,high_action_change_cav,additive_steering,-0.5,False,611,0.6579378068739771,11.889799204571156,123.16538341540947,424.0883337916797,0.00017696349797988753,0.00016314244529168248,28248048.75108305,-0.07838290503409033,True,False,False,19.702223490042385,9.217543515270923e-06,-7.812424285471229,0.0001677459544646166
primitive_01,high_action_change_cav,additive_steering,-0.25,False,611,0.9181669394435352,8.170068770403168,61.58269093352722,106.02208128459324,8.123578624521125e-05,8.388616687274067e-05,4.1680638899648015,-0.05231761259280737,True,False,False,19.702223490042385,9.217543515270923e-06,-11.532154719639218,7.201824272994033e-05
primitive_01,high_action_change_cav,additive_steering,0.25,False,611,0.9165302782324058,14.885436328070059,61.58269264420979,106.02208619187975,-6.681429617327399e-05,-8.848378400546252e-05,679872669.6236019,-0.037303773933651405,True,False,False,19.702223490042385,9.217543515270923e-06,-4.816787161972327,-7.603183968854491e-05
primitive_01,high_action_change_cav,additive_steering,0.5,False,611,0.6579378068739771,22.986682276093628,123.16538431445433,424.0883357396102,-0.0001192786032095484,-0.00018153263982443387,2044083798.9752574,-0.027472423998797398,True,False,False,19.702223490042385,9.217543515270923e-06,3.2844587860512426,-0.00012849614672481933
primitive_01,high_action_change_cav,additive_steering,1.0,False,611,0.03436988543371522,28.793507003159842,246.33076764245666,1696.3533355163474,-0.00018144838599364426,-0.0003811940846984437,3050874655.1314993,-0.06479139747617446,True,False,False,19.702223490042385,9.217543515270923e-06,9.091283513117457,-0.0001906659295089152
primitive_01,high_action_change_cav,projection_removal,,False,611,0.9181669394435352,5.476383621680951,37.460651354001506,48.557478729909846,4.635033680683289e-05,5.206942384029071e-05,2.4630501080334923,-0.04110106689818304,True,False,False,19.702223490042385,9.217543515270923e-06,-14.225839868361433,3.7132793291561967e-05
primitive_01,high_concentration_cav,additive_steering,-1.0,False,611,0.37152209492635024,7.884072567749335,521.5869625984354,9274.537183895829,0.0006350116955319076,-0.0014474860043030965,2.9509758685946115,-0.09182806293710062,True,False,False,19.702223490042385,9.217543515270923e-06,-11.81815092229305,0.0006257941520166366
primitive_01,high_concentration_cav,additive_steering,-0.5,False,611,0.48936170212765956,6.802955933268839,260.7934802815489,2318.6343343332046,0.0002472527534030395,-0.0007027996813528834,2.5258826001972405,-0.05677118162252588,True,False,False,19.702223490042385,9.217543515270923e-06,-12.899267556773546,0.00023803520988776856
primitive_01,high_concentration_cav,additive_steering,-0.25,False,611,0.9034369885433715,5.356797051849225,130.39673883278905,579.658579856011,0.00010605401886024106,-0.000346126449454837,1.9483233349181344,-0.043598398374336135,True,False,False,19.702223490042385,9.217543515270923e-06,-14.345426438193162,9.683647534497014e-05
primitive_01,high_concentration_cav,additive_steering,0.25,False,611,0.9034369885433715,28.12679894661162,130.3967407900846,579.6585964009337,-7.090304262241983e-05,0.00033550804707228714,1489739407.9825652,-0.03204356082615019,True,False,False,19.702223490042385,9.217543515270923e-06,8.424575456569233,-8.012058613769075e-05
primitive_01,high_concentration_cav,additive_steering,0.5,False,611,0.48936170212765956,41.42293017117365,260.79348118059374,2318.6343488802495,-0.00010665837651972072,0.0006603289121377372,4341027692.703189,-0.1427547314312548,True,False,False,19.702223490042385,9.217543515270923e-06,21.72070668113126,-0.00011587592003499164
primitive_01,high_concentration_cav,additive_steering,1.0,False,611,0.0032733224222585926,46.140124800162305,521.5869601385488,9274.537334485842,-7.278659759558221e-05,0.0012776483608564042,4929768681.222753,-0.15858185464711194,True,False,False,19.702223490042385,9.217543515270923e-06,26.43790131011992,-8.200414111085313e-05
primitive_01,high_concentration_cav,projection_removal,,False,611,0.8887070376432079,5.261849632434876,125.27568611029517,541.2154541956032,0.0001046006046985697,-0.0003303170226812442,1.9371882573584314,-0.04146217565517889,True,False,False,19.702223490042385,9.217543515270923e-06,-14.44037385760751,9.538306118329878e-05
primitive_01,high_turnover_cav,additive_steering,-1.0,False,611,0.4877250409165303,15.954288465886966,246.33076563209247,1696.3533349669312,0.0004121709144937349,0.0003076376916221035,313055265.2611883,-0.11960214452472785,True,False,False,19.702223490042385,9.217543515270923e-06,-3.747935024155419,0.000402953370978464
primitive_01,high_turnover_cav,additive_steering,-0.5,False,611,0.6579378068739771,11.889799204571156,123.16538341540947,424.0883337916797,0.00017696349797988753,0.00016314244529168248,28248048.75108305,-0.07838290503409033,True,False,False,19.702223490042385,9.217543515270923e-06,-7.812424285471229,0.0001677459544646166
primitive_01,high_turnover_cav,additive_steering,-0.25,False,611,0.9181669394435352,8.170068770403168,61.58269093352722,106.02208128459324,8.123578624521125e-05,8.388616687274067e-05,4.1680638899648015,-0.05231761259280737,True,False,False,19.702223490042385,9.217543515270923e-06,-11.532154719639218,7.201824272994033e-05
primitive_01,high_turnover_cav,additive_steering,0.25,False,611,0.9165302782324058,14.885436328070059,61.58269264420979,106.02208619187975,-6.681429617327399e-05,-8.848378400546252e-05,679872669.6236019,-0.037303773933651405,True,False,False,19.702223490042385,9.217543515270923e-06,-4.816787161972327,-7.603183968854491e-05
primitive_01,high_turnover_cav,additive_steering,0.5,False,611,0.6579378068739771,22.986682276093628,123.16538431445433,424.0883357396102,-0.0001192786032095484,-0.00018153263982443387,2044083798.9752574,-0.027472423998797398,True,False,False,19.702223490042385,9.217543515270923e-06,3.2844587860512426,-0.00012849614672481933
primitive_01,high_turnover_cav,additive_steering,1.0,False,611,0.03436988543371522,28.793507003159842,246.33076764245666,1696.3533355163474,-0.00018144838599364426,-0.0003811940846984437,3050874655.1314993,-0.06479139747617446,True,False,False,19.702223490042385,9.217543515270923e-06,9.091283513117457,-0.0001906659295089152
primitive_01,high_turnover_cav,projection_removal,,False,611,0.9181669394435352,5.476383621680951,37.460651354001506,48.557478729909846,4.635033680683289e-05,5.206942384029071e-05,2.4630501080334923,-0.04110106689818304,True,False,False,19.702223490042385,9.217543515270923e-06,-14.225839868361433,3.7132793291561967e-05
primitive_01,primitive_cav__primitive_02,additive_steering,-1.0,False,611,0.6579378068739771,6.897967239546112,668.5051933326034,13993.806713147951,0.004959795051238373,-0.0010335633651104461,2.4246026762112307,-0.07273297003843908,True,False,False,19.702223490042385,9.217543515270923e-06,-12.804256250496273,0.0049505775077231026
primitive_01,primitive_cav__primitive_02,additive_steering,-0.5,False,611,0.6579378068739771,6.4617563832411005,334.25260084935763,3498.4517078306008,0.002240599551818357,-0.00043588339096483904,2.2868835674036214,-0.07140413559722199,True,False,False,19.702223490042385,9.217543515270923e-06,-13.240467106801285,0.002231382008303086
primitive_01,primitive_cav__primitive_02,additive_steering,-0.25,False,611,0.6579378068739771,5.578431622974221,167.12629996891303,874.612919078521,0.0010607490479364523,-0.00019784913194195825,1.9970092121795562,-0.05535997057402521,True,False,False,19.702223490042385,9.217543515270923e-06,-14.123791867068164,0.0010515315044211813
primitive_01,primitive_cav__primitive_02,additive_steering,0.25,False,611,0.6579378068739771,36.995921982485804,167.1262998627758,874.6129245477105,-0.0009423300950810875,0.00015797365510816476,4163577352.5537643,-0.08590158433314597,True,False,False,19.702223490042385,9.217543515270923e-06,17.29369849244342,-0.0009515476385963585
primitive_01,primitive_cav__primitive_02,additive_steering,0.5,False,611,0.6579378068739771,46.37327126785503,334.2526009991985,3498.451737499081,-0.0017670264350978554,0.00027641609352700936,4930302253.002379,-0.1837720648837599,True,False,False,19.702223490042385,9.217543515270923e-06,26.671047777812646,-0.0017762439786131263
primitive_01,primitive_cav__primitive_02,additive_steering,1.0,False,611,0.031096563011456628,48.29377285821543,668.5051968788359,13993.807085152734,-0.0030671452052434497,0.0003962477864708765,4936170257.381308,-0.17951253803992132,True,False,False,19.702223490042385,9.217543515270923e-06,28.591549368173048,-0.0030763627487587204
primitive_01,primitive_cav__primitive_02,projection_removal,,False,611,0.6644844517184942,6.9499152785627425,319.9007419431658,3373.3359438373104,0.002028421215998182,-0.0003921235468113893,2.633443555822266,-0.0714768458762569,True,False,False,19.702223490042385,9.217543515270923e-06,-12.752308211479644,0.002019203672482911
primitive_01,primitive_cav__primitive_04,additive_steering,-1.0,False,611,0.48117839607201307,20.59150539638563,203.7525924457856,1165.2244014958508,-0.0019117023325660879,0.0005239818934027912,580233880.4263974,-0.011425993311644024,True,False,False,19.702223490042385,9.217543515270923e-06,0.8892819063432462,-0.0019209198760813588
primitive_01,primitive_cav__primitive_04,additive_steering,-0.5,False,611,0.6579378068739771,14.992171720475104,101.8762968097693,291.3061004863433,-0.0009989223222482346,0.00027576213017929387,152086743.273955,-0.026254408858160112,True,False,False,19.702223490042385,9.217543515270923e-06,-4.710051769567281,-0.0010081398657635055
primitive_01,primitive_cav__primitive_04,additive_steering,-0.25,False,611,0.6579378068739771,9.506862037798387,50.9381475994903,72.82652392910272,-0.0005103213271565219,0.00014135424047996147,144835.90974213558,-0.008584387983144821,True,False,False,19.702223490042385,9.217543515270923e-06,-10.195361452243999,-0.0005195388706717929
primitive_01,primitive_cav__primitive_04,additive_steering,0.25,False,611,0.6579378068739771,10.492967989460341,50.93814953805577,72.82652901744686,0.0005322231616302196,-0.00014836034307346067,208397132.9453838,-0.007193659484836302,True,False,False,19.702223490042385,9.217543515270923e-06,-9.209255500582044,0.0005230056181149487
primitive_01,primitive_cav__primitive_04,additive_steering,0.5,False,611,0.6579378068739771,16.399880267984543,101.87629733421214,291.3061061553206,0.0010865268715702918,-0.0003037856748002366,929524193.6294147,-0.06749967821591735,True,False,False,19.702223490042385,9.217543515270923e-06,-3.302343222057843,0.001077309328055021
primitive_01,primitive_cav__primitive_04,additive_steering,1.0,False,611,0.28477905073649756,21.902834648781635,203.75259336980392,1165.224416330091,0.002262075893487123,-0.000636062213511536,1990534038.3459456,-0.10920894256286386,True,False,False,19.702223490042385,9.217543515270923e-06,2.2006111587392496,0.0022528583499718522
primitive_01,primitive_cav__primitive_04,projection_removal,,False,611,0.9934533551554828,1.5183130513462078,6.219072103585725,21.782099127847385,-4.3215118837524814e-05,1.2089841547147113e-05,0.4559869882763176,0.020363472188183945,True,False,False,19.702223490042385,9.217543515270923e-06,-18.183910438696177,-5.243266235279574e-05
primitive_01,primitive_cav__primitive_05,additive_steering,-1.0,False,611,0.022913256955810146,48.59770839772326,718.6570756478318,15709.57043836628,-0.005893502058039831,0.00014080191843612785,4936170256.886733,-0.1588940445489014,True,False,False,19.702223490042385,9.217543515270923e-06,28.895484907680874,-0.005902719601555102
primitive_01,primitive_cav__primitive_05,additive_steering,-0.5,False,611,0.6579378068739771,46.707852658585516,359.3285400590413,3927.3925339219613,-0.003187033696694554,0.00015557956390724561,4936170255.885932,-0.16072555059767613,True,False,False,19.702223490042385,9.217543515270923e-06,27.00562916854313,-0.003196251240209825
primitive_01,primitive_cav__primitive_05,additive_steering,-0.25,False,611,0.6579378068739771,39.34692462727598,179.66427021057828,981.8481400672425,-0.0016546478197883767,9.957682173312588e-05,4754511719.897705,-0.14021312911364114,True,False,False,19.702223490042385,9.217543515270923e-06,19.644701137233596,-0.0016638653633036476
primitive_01,primitive_cav__primitive_05,additive_steering,0.25,False,611,0.6579378068739771,5.353636263337736,179.6642671575718,981.8481548640225,0.0017789111066679726,-0.00014410223737176792,1.7272243875834055,-0.03839776096424854,True,False,False,19.702223490042385,9.217543515270923e-06,-14.348587226704648,0.0017696935631527017
primitive_01,primitive_cav__primitive_05,additive_steering,0.5,False,611,0.6579378068739771,6.473853513183843,359.32853799873016,3927.3926106404556,0.0036839777884928706,-0.00033364946862461507,2.1077531671574565,-0.05154480420205498,True,False,False,19.702223490042385,9.217543515270923e-06,-13.228369976858541,0.0036747602449776
primitive_01,primitive_cav__primitive_05,additive_steering,1.0,False,611,0.6563011456628478,7.0603843273780935,718.6570691297566,15709.570079747276,0.007879531079233944,-0.0008525722118309289,2.3097948522579514,-0.05250341212056216,True,False,False,19.702223490042385,9.217543515270923e-06,-12.641839162664292,0.007870313535718673
primitive_01,primitive_cav__primitive_05,projection_removal,,False,611,0.6579378068739771,6.493663708629078,383.7499349690888,4579.517249761354,0.0038824324781300797,-0.00035471956597031963,2.1275799237721555,-0.05152926112401435,True,False,False,19.702223490042385,9.217543515270923e-06,-13.208559781413307,0.003873214934614809
primitive_02,bad_primitives_cav,additive_steering,-1.0,False,1048,0.02385496183206107,44.29499809068578,559.4960072495555,11998.523005420015,-0.00931177784120961,0.000295302713825391,85.15244545808613,0.023764100078677058,True,False,False,17.719404896312184,-2.7118851770625007e-05,26.575593194373596,-0.009284658989438983
primitive_02,bad_primitives_cav,additive_steering,-0.5,False,1048,0.4761450381679389,40.262980691349235,279.74800398149563,2999.630768106184,-0.0048010317056388875,0.00020882176432532228,80.40040816251692,0.04829401477533851,True,False,False,17.719404896312184,-2.7118851770625007e-05,22.54357579503705,-0.0047739128538682625
primitive_02,bad_primitives_cav,additive_steering,-0.25,False,1048,0.5725190839694656,28.61438424851148,139.87400131007186,749.9076771262947,-0.0024371268979207794,0.0001199591214949732,57.87817802818938,0.11695530225312682,True,False,False,17.719404896312184,-2.7118851770625007e-05,10.894979352199297,-0.0024100080461501544
primitive_02,bad_primitives_cav,additive_steering,0.25,False,1048,0.5715648854961832,4.357433593170788,139.87400211450708,749.9076950550079,0.0025109279675041194,-0.00015154546884599732,2.5495896906352105,-0.04279963226309822,True,False,False,17.719404896312184,-2.7118851770625007e-05,-13.361971303141395,0.0025380468192747444
primitive_02,bad_primitives_cav,additive_steering,0.5,False,1048,0.4761450381679389,6.330876863383837,279.7480040033355,2999.6308210678685,0.005096174213221382,-0.0003351480820018343,4.18204148571662,-0.046247089103058275,True,False,False,17.719404896312184,-2.7118851770625007e-05,-11.388528032928347,0.005123293064992007
primitive_02,bad_primitives_cav,additive_steering,1.0,False,1048,0.46564885496183206,8.294822802127317,559.4960056042853,11998.523076938309,0.010491359450977494,-0.0008003025992416184,5.981122552567313,-0.05139612791320814,True,False,False,17.719404896312184,-2.7118851770625007e-05,-9.424582094184867,0.01051847830274812
primitive_02,bad_primitives_cav,projection_removal,,False,1048,0.4761450381679389,5.407884592574288,231.53269228953442,2077.0244197325624,0.004129480245741574,-0.00026977433995077643,3.616889006152025,-0.04538565178646632,True,False,False,17.719404896312184,-2.7118851770625007e-05,-12.311520303737897,0.004156599097512199
primitive_02,bad_vs_good_cav,additive_steering,-1.0,False,1048,0.02385496183206107,43.92242064184815,625.0112313277849,15071.723405969053,-0.006213416946017134,0.0010985057685818872,84.86176310837214,0.031773464163625524,True,False,False,17.719404896312184,-2.7118851770625007e-05,26.203015745535964,-0.006186298094246509
primitive_02,bad_vs_good_cav,additive_steering,-0.5,False,1048,0.5477099236641222,40.83725335033795,312.50561749116156,3767.930788040161,-0.003283057342606199,0.0006102225317596775,81.43105424002258,0.03293579797390571,True,False,False,17.719404896312184,-2.7118851770625007e-05,23.11784845402577,-0.003255938490835574
primitive_02,bad_vs_good_cav,additive_steering,-0.25,False,1048,0.5725190839694656,31.11525017955831,156.2528091787382,941.9827156358093,-0.001685868743292069,0.0003204882745573511,63.571980608689785,0.0593437511833835,True,False,False,17.719404896312184,-2.7118851770625007e-05,13.395845283246125,-0.001658749891521444
primitive_02,bad_vs_good_cav,additive_steering,0.25,False,1048,0.5715648854961832,4.8849797253959055,156.25280760626757,941.9826692406458,0.0017749728683144972,-0.00035148472973843737,2.452821235040336,-0.045792813747446676,True,False,False,17.719404896312184,-2.7118851770625007e-05,-12.83442517091628,0.0018020917200851222
primitive_02,bad_vs_good_cav,additive_steering,0.5,False,1048,0.5706106870229007,6.613586973157207,312.5056144845395,3767.9306022119886,0.003639404813768324,-0.0007341855951964372,4.08255031238307,-0.06786189651363884,True,False,False,17.719404896312184,-2.7118851770625007e-05,-11.105817923154977,0.003666523665538949
primitive_02,bad_vs_good_cav,additive_steering,1.0,False,1048,0.4265267175572519,8.170408350252012,625.0112366130334,15071.722929102774,0.007637702636640876,-0.0015939939512810799,6.016329271463604,-0.09809508514782032,True,False,False,17.719404896312184,-2.7118851770625007e-05,-9.548996546060172,0.007664821488411501
primitive_02,bad_vs_good_cav,projection_removal,,False,1048,0.5706106870229007,5.83856387915559,236.7716549043437,2172.645525872252,0.002682316359038216,-0.0005377604188242633,3.3305149826103833,-0.05698248662713157,True,False,False,17.719404896312184,-2.7118851770625007e-05,-11.880841017156595,0.002709435210808841
primitive_02,centroid_to_good__bad_to_primitive_00,additive_steering,-1.0,False,1048,0.022900763358778626,4.829325055006806,1468.1906167095854,85052.3775306294,0.0028311086758842073,-0.00024555964394010405,2.768421132844192,-0.06491478156426231,True,False,False,17.719404896312184,-2.7118851770625007e-05,-12.89007984130538,0.0028582275276548322
primitive_02,centroid_to_good__bad_to_primitive_00,additive_steering,-0.5,False,1048,0.025763358778625955,4.1631511889454975,734.0953128392459,21263.094253831237,0.0013743697982804282,-0.00010812075229694178,2.4330342569367978,-0.0525091173621276,True,False,False,17.719404896312184,-2.7118851770625007e-05,-13.556253707366686,0.0014014886500510531
primitive_02,centroid_to_good__bad_to_primitive_00,additive_steering,-0.25,False,1048,0.5715648854961832,3.425831626610162,367.0476572022183,5315.773635114422,0.0006769497883443694,-5.042524508171488e-05,2.0925262267507074,-0.04439487720176941,True,False,False,17.719404896312184,-2.7118851770625007e-05,-14.293573269702023,0.0007040686401149944
primitive_02,centroid_to_good__bad_to_primitive_00,additive_steering,0.25,False,1048,0.5715648854961832,45.213365114372195,367.0476585089705,5315.773679645917,-0.0006566053945232514,4.3215361491299174e-05,91.06208545256726,0.031406796051279794,True,False,False,17.719404896312184,-2.7118851770625007e-05,27.49396021806001,-0.0006294865427526264
primitive_02,centroid_to_good__bad_to_primitive_00,additive_steering,0.5,False,1048,0.025763358778625955,49.174052777181146,734.0953140841185,21263.09477862875,-0.0012929950989419019,7.928204831383376e-05,92.88503489768576,-0.011106328832702517,True,False,False,17.719404896312184,-2.7118851770625007e-05,31.45464788086896,-0.001265876247171277
primitive_02,centroid_to_good__bad_to_primitive_00,additive_steering,1.0,False,1048,0.020038167938931296,50.85293977679187,1468.1906276732,85052.37896448965,-0.0025056559040726872,0.0001302181191310882,93.45396159927738,-0.023200505538727875,True,False,False,17.719404896312184,-2.7118851770625007e-05,33.13353488047969,-0.0024785370523020623
primitive_02,centroid_to_good__bad_to_primitive_00,projection_removal,,False,1048,0.022900763358778626,4.961554432074532,1952.6920671390212,151865.07962764127,0.0037339895401904306,-0.00034067935318067154,2.829083811721562,-0.06843197742552341,True,False,False,17.719404896312184,-2.7118851770625007e-05,-12.757850464237652,0.0037611083919610556
primitive_02,centroid_to_good__primitive_02_to_primitive_00,additive_steering,-1.0,False,1048,0.8234732824427481,2.5407206488360887,131.12582669913314,679.254089322709,-0.0006388679652648833,0.0004866656069676714,1.4278666289785547,-0.02336233303755393,True,False,False,17.719404896312184,-2.7118851770625007e-05,-15.178684247476095,-0.0006117491134942583
primitive_02,centroid_to_good__primitive_02_to_primitive_00,additive_steering,-0.5,False,1048,0.8645038167938931,1.7191010302089098,65.56291308293815,169.8135179081036,-0.00032201107612798405,0.00024403770253616082,0.7665648491647747,-0.017544527013524915,True,False,False,17.719404896312184,-2.7118851770625007e-05,-16.000303866103273,-0.000294892224357359
primitive_02,centroid_to_good__primitive_02_to_primitive_00,additive_steering,-0.25,False,1048,0.8664122137404581,1.0564871272001102,32.78145731405448,42.45338296486449,-0.00016165076194547617,0.00012219508188955868,0.3243520748785389,-0.012894347150640367,True,False,False,17.719404896312184,-2.7118851770625007e-05,-16.662917769112074,-0.00013453191017485117
primitive_02,centroid_to_good__primitive_02_to_primitive_00,additive_steering,0.25,False,1048,0.8664122137404581,2.6142729237704105,32.78145664975843,42.45338090799237,0.00016294309686724174,-0.000122547549238125,2.176060180258164,0.026165618941488666,True,False,False,17.719404896312184,-2.7118851770625007e-05,-15.105131972541773,0.00019006194863786674
primitive_02,centroid_to_good__primitive_02_to_primitive_00,additive_steering,0.5,False,1048,0.8664122137404581,11.852273290621415,65.5629136789846,169.8135270312542,0.00032718040458900753,-0.00024544756740792965,19.75689498955027,0.08231355027644366,True,False,False,17.719404896312184,-2.7118851770625007e-05,-5.867131605690769,0.00035429925635963255
primitive_02,centroid_to_good__primitive_02_to_primitive_00,additive_steering,1.0,False,1048,0.030534351145038167,27.702955485300254,131.1258278129665,679.2541184425354,0.0006595450994896877,-0.0004923049940949196,64.11390106970826,0.0627521362862794,True,False,False,17.719404896312184,-2.7118851770625007e-05,9.98355058898807,0.0006866639512603127
primitive_02,centroid_to_good__primitive_02_to_primitive_00,projection_removal,,False,1048,0.9952290076335878,0.5298547968694954,14.806695908691934,14.504443485737102,-8.298092782567856e-05,6.0980148813861653e-05,0.09268954974709745,-0.007050396522965113,True,False,False,17.719404896312184,-2.7118851770625007e-05,-17.189550099442688,-5.586207605505355e-05
primitive_02,centroid_to_good__primitive_04_to_primitive_00,additive_steering,-1.0,False,1048,0.02385496183206107,4.864679152672072,1347.5887698836,72009.23406662104,0.003456317133171849,-0.00045061414002579224,2.8909593122217947,-0.03415677817290317,True,False,False,17.719404896312184,-2.7118851770625007e-05,-12.854725743640113,0.003483435984942474
primitive_02,centroid_to_good__primitive_04_to_primitive_00,additive_steering,-0.5,False,1048,0.025763358778625955,4.153865929493922,673.7943934156694,18002.30883847302,0.0016807940448187659,-0.000208265154317167,2.508514937749944,-0.03525034234058945,True,False,False,17.719404896312184,-2.7118851770625007e-05,-13.565538966818263,0.0017079128965893909
primitive_02,centroid_to_good__primitive_04_to_primitive_00,additive_steering,-0.25,False,1048,0.5715648854961832,3.458530727631718,336.8971951317241,4500.577259340359,0.0008285817383472487,-9.989173869947379e-05,2.171231579719934,-0.03899109297258964,True,False,False,17.719404896312184,-2.7118851770625007e-05,-14.260874168680466,0.0008557005901178737
primitive_02,centroid_to_good__primitive_04_to_primitive_00,additive_steering,0.25,False,1048,0.5715648854961832,44.62579860760055,336.8971923871805,4500.577178394521,-0.0008050089519380379,9.14513652071636e-05,90.42102796589263,0.016516565915488828,True,False,False,17.719404896312184,-2.7118851770625007e-05,26.906393711288366,-0.0007778901001674129
primitive_02,centroid_to_good__primitive_04_to_primitive_00,additive_steering,0.5,False,1048,0.025763358778625955,49.2640870491057,673.794387788263,18002.308723042028,-0.0015865076417516271,0.00017450522655824527,92.72013131901609,-0.03730204771141093,True,False,False,17.719404896312184,-2.7118851770625007e-05,31.544682152793513,-0.0015593887899810021
primitive_02,centroid_to_good__primitive_04_to_primitive_00,additive_steering,1.0,False,1048,0.020038167938931296,51.041490875127664,1347.5887855355065,72009.2351632737,-0.003079247397359776,0.0003155994880704627,93.44869572506232,-0.0521948239612969,True,False,False,17.719404896312184,-2.7118851770625007e-05,33.32208597881548,-0.003052128545589151
primitive_02,centroid_to_good__primitive_04_to_primitive_00,projection_removal,,False,1048,0.008587786259541985,5.017871906341032,1712.54916876509,117284.53610505039,0.004327048753090093,-0.0005763417684586856,2.9880527847537883,-0.03533839123401459,True,False,False,17.719404896312184,-2.7118851770625007e-05,-12.701532989971152,0.004354167604860718
primitive_02,centroid_to_good__primitive_05_to_primitive_00,additive_steering,-1.0,False,1048,0.022900763358778626,4.83377105486757,1479.3561630103425,86341.99264293408,0.002888072497046328,-0.00027991453308752814,2.7716274838254007,-0.06722043659993637,True,False,False,17.719404896312184,-2.7118851770625007e-05,-12.885633841444616,0.002915191348816953
primitive_02,centroid_to_good__primitive_05_to_primitive_00,additive_steering,-0.5,False,1048,0.025763358778625955,4.177064054396771,739.6780791755851,21585.498049816102,0.0014027586579740414,-0.00012527941484496676,2.440581800920976,-0.05367599978319398,True,False,False,17.719404896312184,-2.7118851770625007e-05,-13.542340841915413,0.0014298775097446664
primitive_02,centroid_to_good__primitive_05_to_primitive_00,additive_steering,-0.25,False,1048,0.5715648854961832,3.4330226072032035,369.839042197657,5396.374551824031,0.0006911193099491554,-5.899908636318629e-05,2.095860777371848,-0.04483303178972626,True,False,False,17.719404896312184,-2.7118851770625007e-05,-14.286382289108982,0.0007182381617197804
primitive_02,centroid_to_good__primitive_05_to_primitive_00,additive_steering,0.25,False,1048,0.5715648854961832,45.24524434286219,369.8390435262491,5396.374622337691,-0.0006707218704695923,5.1776663150912825e-05,91.07648849227833,0.032378455193949475,True,False,False,17.719404896312184,-2.7118851770625007e-05,27.52583944655001,-0.0006436030186989674
primitive_02,centroid_to_good__primitive_05_to_primitive_00,additive_steering,0.5,False,1048,0.025763358778625955,49.16331188187345,739.6780850869098,21585.498578835988,-0.0013211718264519298,9.639057625469743e-05,92.89344725347645,-0.009760410359033113,True,False,False,17.719404896312184,-2.7118851770625007e-05,31.443906985561263,-0.0012940529746813048
primitive_02,centroid_to_good__primitive_05_to_primitive_00,additive_steering,1.0,False,1048,0.020038167938931296,50.813302047380056,1479.3561710765343,86341.99382053986,-0.0025617720032437563,0.0001643728517218839,93.46432972815288,-0.021875928212725458,True,False,False,17.719404896312184,-2.7118851770625007e-05,33.09389715106787,-0.0025346531514731313
primitive_02,centroid_to_good__primitive_05_to_primitive_00,projection_removal,,False,1048,0.022900763358778626,4.964049815335347,1979.872530565917,156151.64135037488,0.003829376362678974,-0.00038763780507458347,2.823471500367401,-0.0712110500846237,True,False,False,17.719404896312184,-2.7118851770625007e-05,-12.755355080976837,0.003856495214449599
primitive_02,drawdown_stress_cav,additive_steering,-1.0,False,1048,0.4036259541984733,8.513944209076977,465.96109659617184,8414.916900576525,0.009651540637005353,-0.0005313571108047952,5.463425241989777,-0.07425351734913056,True,False,False,17.719404896312184,-2.7118851770625007e-05,-9.205460687235208,0.009678659488775979
primitive_02,drawdown_stress_cav,additive_steering,-0.5,False,1048,0.4761450381679389,6.503590175128393,232.9805508169509,2103.7292586828917,0.004703556576388045,-0.0002103238304440216,4.0287763203896345,-0.05020425871565799,True,False,False,17.719404896312184,-2.7118851770625007e-05,-11.215814721183792,0.00473067542815867
primitive_02,drawdown_stress_cav,additive_steering,-0.25,False,1048,0.7156488549618321,4.404795449525687,116.49027425824231,525.9323092289553,0.00232139850445182,-9.150487626038597e-05,2.6134049645666813,-0.039228926774623044,True,False,False,17.719404896312184,-2.7118851770625007e-05,-13.314609446786498,0.002348517356222445
primitive_02,drawdown_stress_cav,additive_steering,0.25,False,1048,0.7175572519083969,24.34157053204893,116.49027559957432,525.9323197594126,-0.002261043478863215,6.457269746592187e-05,49.95142428114459,0.1378347403621031,True,False,False,17.719404896312184,-2.7118851770625007e-05,6.622165635736746,-0.00223392462709259
primitive_02,drawdown_stress_cav,additive_steering,0.5,False,1048,0.4770992366412214,36.93060783120512,232.98055119186867,2103.7293072984417,-0.004462179458536597,0.0001026086940165131,72.35221675592278,0.07106955005688828,True,False,False,17.719404896312184,-2.7118851770625007e-05,19.21120293489294,-0.004435060606765972
primitive_02,drawdown_stress_cav,additive_steering,1.0,False,1048,0.025763358778625955,42.852155558025565,465.96110191782014,8414.91726588475,-0.008686719958522448,0.00010071396735852248,81.12932620299102,0.03584123850618244,True,False,False,17.719404896312184,-2.7118851770625007e-05,25.13275066171338,-0.008659601106751822
primitive_02,drawdown_stress_cav,projection_removal,,False,1048,0.47900763358778625,5.248433753435735,184.09967515774014,1349.764812682681,0.0034648307875351316,-0.00014691057709395055,3.478188093333405,-0.03941200886583832,True,False,False,17.719404896312184,-2.7118851770625007e-05,-12.47097114287645,0.0034919496393057566
primitive_02,high_action_change_cav,additive_steering,-1.0,False,1048,0.5038167938931297,18.934391001594886,222.35668400771746,1470.965371284776,0.0004168798028938452,0.000305688535503773,16.55212900873233,-0.08210424609479183,True,False,False,17.719404896312184,-2.7118851770625007e-05,1.2149861052827013,0.00044399865466447023
primitive_02,high_action_change_cav,additive_steering,-0.5,False,1048,0.5715648854961832,14.093520802737192,111.17834278281408,367.74135773054513,0.00017930694419426174,0.00016218130347181578,10.933271473620032,-0.0546348872143851,True,False,False,17.719404896312184,-2.7118851770625007e-05,-3.6258840935749923,0.00020642579596488674
primitive_02,high_action_change_cav,additive_steering,-0.25,False,1048,0.5715648854961832,8.785120452121468,55.58917029759356,91.93533711761009,8.240469685132662e-05,8.340896230130799e-05,6.288466297872317,-0.023854969164487906,True,False,False,17.719404896312184,-2.7118851770625007e-05,-8.934284444190716,0.00010952354862195162
primitive_02,high_action_change_cav,additive_steering,0.25,False,1048,0.5725190839694656,10.787848081240671,55.58917119302822,91.93533713580997,-6.797746238887445e-05,-8.801332400104698e-05,21.01574339495875,0.0941501258818504,True,False,False,17.719404896312184,-2.7118851770625007e-05,-6.931556815071513,-4.0858610618249446e-05
primitive_02,high_action_change_cav,additive_steering,0.5,False,1048,0.5658396946564885,18.23861116398382,111.17834232417681,367.74134462662323,-0.00012159907709682808,-0.0001805984741776635,40.944303633211845,0.13310339943081978,True,False,False,17.719404896312184,-2.7118851770625007e-05,0.5192062676716347,-9.448022532620307e-05
primitive_02,high_action_change_cav,additive_steering,1.0,False,1048,0.02767175572519084,23.940478493239134,222.35668529626977,1470.965387708358,-0.00018606546882942988,-0.000379352799756668,53.64755576316659,0.09644647908624897,True,False,False,17.719404896312184,-2.7118851770625007e-05,6.221073596926949,-0.00015894661705880488
primitive_02,high_action_change_cav,projection_removal,,False,1048,0.7156488549618321,5.522345360468021,33.244648947401814,41.53909003147491,4.595898778438852e-05,5.0897985008866746e-05,3.7072945937569366,-0.031763475962173916,True,False,False,17.719404896312184,-2.7118851770625007e-05,-12.197059535844163,7.307783955501353e-05
primitive_02,high_concentration_cav,additive_steering,-1.0,False,1048,0.5190839694656488,9.068931371030462,490.53264446112945,9195.325443093103,0.0006407535444631947,-0.0014489890908428373,7.194239142531948,-0.05216918643225325,True,False,False,17.719404896312184,-2.7118851770625007e-05,-8.650473525281722,0.0006678723962338196
primitive_02,high_concentration_cav,additive_steering,-0.5,False,1048,0.5257633587786259,7.032601487261194,245.26632035233592,2298.8313392100445,0.0002501124116735405,-0.0007035293325806836,5.8475608893137085,-0.03117026780645722,True,False,False,17.719404896312184,-2.7118851770625007e-05,-10.686803409050992,0.00027723126344416553
primitive_02,high_concentration_cav,additive_steering,-0.25,False,1048,0.7099236641221374,4.605985405904646,122.63315983401,574.7078295281825,0.00010748087409748388,-0.00034648572708796097,3.448996301090885,-0.021588304824143076,True,False,False,17.719404896312184,-2.7118851770625007e-05,-13.113419490407537,0.0001345997258681089
primitive_02,high_concentration_cav,additive_steering,0.25,False,1048,0.7070610687022901,25.322955987551286,122.63316192153756,574.7078427085439,-7.232365825718517e-05,0.00033585608874999806,55.326595733306405,0.05878839633211607,True,False,False,17.719404896312184,-2.7118851770625007e-05,7.603551091239101,-4.520480648656017e-05
primitive_02,high_concentration_cav,additive_steering,0.5,False,1048,0.5219465648854962,36.20248195779232,245.26632339535777,2298.8313724284862,-0.00010949309476982658,0.0006610136276168624,74.05238131716754,0.03347999097974077,True,False,False,17.719404896312184,-2.7118851770625007e-05,18.483077061480138,-8.237424299920157e-05
primitive_02,high_concentration_cav,additive_steering,1.0,False,1048,0.025763358778625955,41.76973695063409,490.5326456768822,9195.325470873418,-7.842898049309477e-05,0.0012789718335008847,82.45408545705125,0.012022073555237676,True,False,False,17.719404896312184,-2.7118851770625007e-05,24.050332054321906,-5.1310128722469765e-05
primitive_02,high_concentration_cav,projection_removal,,False,1048,0.8368320610687023,4.8941987083499665,115.22207332840402,494.13779238133714,0.00011602919735895192,-0.00034893226827004977,3.2699807919199846,-0.017097327109753865,True,False,False,17.719404896312184,-2.7118851770625007e-05,-12.825206187962218,0.00014314804912957693
primitive_02,high_turnover_cav,additive_steering,-1.0,False,1048,0.5038167938931297,18.934391001594886,222.35668400771746,1470.965371284776,0.0004168798028938452,0.000305688535503773,16.55212900873233,-0.08210424609479183,True,False,False,17.719404896312184,-2.7118851770625007e-05,1.2149861052827013,0.00044399865466447023
primitive_02,high_turnover_cav,additive_steering,-0.5,False,1048,0.5715648854961832,14.093520802737192,111.17834278281408,367.74135773054513,0.00017930694419426174,0.00016218130347181578,10.933271473620032,-0.0546348872143851,True,False,False,17.719404896312184,-2.7118851770625007e-05,-3.6258840935749923,0.00020642579596488674
primitive_02,high_turnover_cav,additive_steering,-0.25,False,1048,0.5715648854961832,8.785120452121468,55.58917029759356,91.93533711761009,8.240469685132662e-05,8.340896230130799e-05,6.288466297872317,-0.023854969164487906,True,False,False,17.719404896312184,-2.7118851770625007e-05,-8.934284444190716,0.00010952354862195162
primitive_02,high_turnover_cav,additive_steering,0.25,False,1048,0.5725190839694656,10.787848081240671,55.58917119302822,91.93533713580997,-6.797746238887445e-05,-8.801332400104698e-05,21.01574339495875,0.0941501258818504,True,False,False,17.719404896312184,-2.7118851770625007e-05,-6.931556815071513,-4.0858610618249446e-05
primitive_02,high_turnover_cav,additive_steering,0.5,False,1048,0.5658396946564885,18.23861116398382,111.17834232417681,367.74134462662323,-0.00012159907709682808,-0.0001805984741776635,40.944303633211845,0.13310339943081978,True,False,False,17.719404896312184,-2.7118851770625007e-05,0.5192062676716347,-9.448022532620307e-05
primitive_02,high_turnover_cav,additive_steering,1.0,False,1048,0.02767175572519084,23.940478493239134,222.35668529626977,1470.965387708358,-0.00018606546882942988,-0.000379352799756668,53.64755576316659,0.09644647908624897,True,False,False,17.719404896312184,-2.7118851770625007e-05,6.221073596926949,-0.00015894661705880488
primitive_02,high_turnover_cav,projection_removal,,False,1048,0.7156488549618321,5.522345360468021,33.244648947401814,41.53909003147491,4.595898778438852e-05,5.0897985008866746e-05,3.7072945937569366,-0.031763475962173916,True,False,False,17.719404896312184,-2.7118851770625007e-05,-12.197059535844163,7.307783955501353e-05
primitive_02,matched_good_patch__primitive_02_to_primitive_00,matched_activation_patch,,False,526,0.8612167300380228,5.5754636898778465,37.08252300916969,52.407227400874454,-0.0007773063915882008,8.501886590768794e-05,4.1742489263744496,0.05908556678731977,True,False,False,17.719404896312184,-2.7118851770625007e-05,-12.143941206434338,-0.0007501875398175759
primitive_02,primitive_cav__primitive_02,additive_steering,-1.0,False,1048,0.47423664122137404,8.929153380048184,618.842380130564,14767.1679755058,0.00496872399714181,-0.0010390043421792,7.222500779957786,-0.05742734307370904,True,False,False,17.719404896312184,-2.7118851770625007e-05,-8.790251516264,0.004995842848912435
primitive_02,primitive_cav__primitive_02,additive_steering,-0.5,False,1048,0.5687022900763359,7.014441148697875,309.42119114271554,3691.7919702457107,0.002244995530592197,-0.0004385109055075651,4.715320050986157,-0.04643586603965139,True,False,False,17.719404896312184,-2.7118851770625007e-05,-10.70496374761431,0.002272114382362822
primitive_02,primitive_cav__primitive_02,additive_steering,-0.25,False,1048,0.5715648854961832,4.885294953517559,154.7105956550773,922.9480119406722,0.001062928117047178,-0.00019913908037172084,2.608738043009525,-0.03665943603829798,True,False,False,17.719404896312184,-2.7118851770625007e-05,-12.834109942794626,0.001090046968817803
primitive_02,primitive_cav__primitive_02,additive_steering,0.25,False,1048,0.5715648854961832,29.94258899918494,154.7105938387281,922.9480076855375,-0.0009444681304197317,0.00015921503190878634,60.663134800084364,0.05939793384360668,True,False,False,17.719404896312184,-2.7118851770625007e-05,12.223184102872757,-0.0009173492786491067
primitive_02,primitive_cav__primitive_02,additive_steering,0.5,False,1048,0.5458015267175572,40.0744627559458,309.421190058002,3691.7920387937825,-0.001771258596849783,0.00027884946056014434,80.40227230686165,0.017867191645271844,True,False,False,17.719404896312184,-2.7118851770625007e-05,22.355057859633618,-0.0017441397450791581
primitive_02,primitive_cav__primitive_02,additive_steering,1.0,False,1048,0.026717557251908396,44.16987492291982,618.8423824310303,14767.168191225473,-0.003075423961553428,0.0004009143938730795,85.05602072665924,0.0083892804595784,True,False,False,17.719404896312184,-2.7118851770625007e-05,26.450470026607633,-0.003048305109782803
primitive_02,primitive_cav__primitive_02,projection_removal,,False,1048,0.5677480916030534,7.113098602116335,304.4384403533608,3614.3295932972933,0.002059341182866629,-0.00039994399047451777,4.874978651391899,-0.039569345175059376,True,False,False,17.719404896312184,-2.7118851770625007e-05,-10.60630629419585,0.002086460034637254
primitive_02,primitive_cav__primitive_04,additive_steering,-1.0,False,1048,0.3463740458015267,21.549163210482998,196.51313855265843,1111.2958052540553,-0.0019080925779481426,0.0005235945466457181,32.33205668925095,0.015964690691862377,True,False,False,17.719404896312184,-2.7118851770625007e-05,3.829758314170814,-0.0018809737261775176
primitive_02,primitive_cav__primitive_04,additive_steering,-0.5,False,1048,0.5715648854961832,14.894736594598712,98.25656914892997,277.8239528787045,-0.0009970922484630628,0.00027557302336648294,19.74009343163309,0.05301576116871147,True,False,False,17.719404896312184,-2.7118851770625007e-05,-2.824668301713473,-0.0009699733966924379
primitive_02,primitive_cav__primitive_04,additive_steering,-0.25,False,1048,0.7099236641221374,9.096417004711755,49.1282841194677,69.45598678552467,-0.0005093999695274662,0.00014126084668202631,6.946226856597077,0.030937659168394683,True,False,False,17.719404896312184,-2.7118851770625007e-05,-8.62298789160043,-0.0004822811177568412
primitive_02,primitive_cav__primitive_04,additive_steering,0.25,False,1048,0.7099236641221374,8.059452229250535,49.12828361351072,69.45598312006652,0.0005312891205656264,-0.00014826930379320023,10.838621651541846,0.0035579199737863594,True,False,False,17.719404896312184,-2.7118851770625007e-05,-9.65995266706165,0.0005584079723362514
primitive_02,primitive_cav__primitive_04,additive_steering,0.5,False,1048,0.5725190839694656,14.188830896643282,98.256567299821,277.82393585816595,0.0010846460650957574,-0.00030360598550790676,22.07414613827747,-0.003080670108478243,True,False,False,17.719404896312184,-2.7118851770625007e-05,-3.5305739996689027,0.0011117649168663824
primitive_02,primitive_cav__primitive_04,additive_steering,1.0,False,1048,0.16221374045801526,19.524363534141134,196.51313662346993,1111.2957595941675,0.002258263224959464,-0.0006357125280288658,30.95388287385447,-0.024513280054741095,True,False,False,17.719404896312184,-2.7118851770625007e-05,1.8049586378289497,0.002285382076730089
primitive_02,primitive_cav__primitive_04,projection_removal,,False,1048,0.9961832061068703,0.9603869772661933,5.724545573684181,13.62731220293702,-4.7648365379516196e-05,1.3317001251110797e-05,0.3046595702472268,0.007509663749937898,True,False,False,17.719404896312184,-2.7118851770625007e-05,-16.75901791904599,-2.052951360889119e-05
primitive_02,primitive_cav__primitive_05,additive_steering,-1.0,False,1048,0.02385496183206107,45.13295611170412,664.1003617148363,17121.18547279416,-0.005902715874219007,0.00014721089496536654,87.48613695128337,-0.004132804430783549,True,False,False,17.719404896312184,-2.7118851770625007e-05,27.413551215391934,-0.005875597022448382
primitive_02,primitive_cav__primitive_05,additive_steering,-0.5,False,1048,0.4761450381679389,41.59804761136761,332.0501808501382,4280.296318956914,-0.0031917740826386833,0.00015890777542295026,83.30589518757384,0.025956846548568176,True,False,False,17.719404896312184,-2.7118851770625007e-05,23.878642715055427,-0.0031646552308680583
primitive_02,primitive_cav__primitive_05,additive_steering,-0.25,False,1048,0.5725190839694656,32.19735733106846,166.02509064710776,1070.0740909394417,-0.0016570495173254447,0.00010127159076494968,66.70975658790461,0.0597292261983414,True,False,False,17.719404896312184,-2.7118851770625007e-05,14.477952434756276,-0.0016299306655548197
primitive_02,primitive_cav__primitive_05,additive_steering,0.25,False,1048,0.5715648854961832,4.813404522239025,166.0250931914526,1070.0741081383392,0.0017813714467588883,-0.00014585753346961348,2.4244262908263248,-0.0524108177657674,True,False,False,17.719404896312184,-2.7118851770625007e-05,-12.906000374073159,0.0018084902985295132
primitive_02,primitive_cav__primitive_05,additive_steering,0.5,False,1048,0.4761450381679389,6.471848494337715,332.05018479587466,4280.296402661855,0.003688952216355765,-0.00033721956440746834,3.7920434143888158,-0.06090941475325305,True,False,False,17.719404896312184,-2.7118851770625007e-05,-11.24755640197447,0.00371607106812639
primitive_02,primitive_cav__primitive_05,additive_steering,1.0,False,1048,0.46564885496183206,7.951057396260381,664.100364626819,17121.185379960156,0.007889672628758912,-0.0008599451465324732,5.397153583551123,-0.05701729971902329,True,False,False,17.719404896312184,-2.7118851770625007e-05,-9.768347500051803,0.007916791480529537
primitive_02,primitive_cav__primitive_05,projection_removal,,False,1048,0.4761450381679389,6.36270332814173,352.91160128680804,4938.806187696812,0.003783446434294339,-0.0003463336873620061,3.881583965755752,-0.05935589214048825,True,False,False,17.719404896312184,-2.7118851770625007e-05,-11.356701568170454,0.003810565286064964
primitive_03,bad_primitives_cav,additive_steering,-1.0,False,54,0.16666666666666666,50.03034068919994,758.0791185167101,15090.503237123843,-0.009399844702882324,0.00030783690896554083,144.06494090674454,-0.31308160691687614,True,False,False,21.86124669896582,-8.464162766999445e-05,28.169093990234117,-0.00931520307521233
primitive_03,bad_primitives_cav,additive_steering,-0.5,False,54,1.0,45.47653756318269,379.03955417209204,3772.625904224537,-0.004845532195707301,0.00021513993955024675,127.00762365103003,-0.26222117396865585,True,False,False,21.86124669896582,-8.464162766999445e-05,23.615290864216867,-0.004760890568037306
primitive_03,bad_primitives_cav,additive_steering,-0.25,False,54,1.0,33.429302515806974,189.5197762383355,943.1564444082754,-0.0024594922445771994,0.0001231300392221863,71.79073261885054,-0.23630903285663402,True,False,False,21.86124669896582,-8.464162766999445e-05,11.568055816841152,-0.002374850616907205
primitive_03,bad_primitives_cav,additive_steering,0.25,False,54,1.0,2.5032468614754855,189.51977496676975,943.1563997621889,0.0025335197824169096,-0.00015473808663225223,2.1111521031176204,0.004164493819894137,True,False,False,21.86124669896582,-8.464162766999445e-05,-19.357999837490336,0.002618161410086904
primitive_03,bad_primitives_cav,additive_steering,0.5,False,54,1.0,3.320135987467236,379.0395547372323,3772.625750506366,0.0051415802420184155,-0.0003415529943263225,3.3932224755531837,0.005849454311492413,True,False,False,21.86124669896582,-8.464162766999445e-05,-18.541110711498586,0.00522622186968841
primitive_03,bad_primitives_cav,additive_steering,1.0,False,54,1.0,4.96458093766813,758.0791021276403,15090.503074363425,0.010583043124510173,-0.0008131827349522685,8.441345602239332,-0.04339651309054031,True,False,False,21.86124669896582,-8.464162766999445e-05,-16.89666576129769,0.010667684752180167
primitive_03,bad_primitives_cav,projection_removal,,False,54,0.9814814814814815,3.779411690102683,386.6685672336155,4014.11673312717,0.005922625728506843,-0.0004229425156291898,3.2461879018835447,-0.010257168397390146,True,False,False,21.86124669896582,-8.464162766999445e-05,-18.081835008863138,0.006007267356176838
primitive_03,bad_vs_good_cav,additive_steering,-1.0,False,54,0.2037037037037037,51.720349841647675,904.1117395471643,19913.495695891204,-0.0063059937085907245,0.0011200304067034165,148.49040785320366,-0.3664642712474712,True,False,False,21.86124669896582,-8.464162766999445e-05,29.859103142681853,-0.00622135208092073
primitive_03,bad_vs_good_cav,additive_steering,-0.5,False,54,1.0,50.46250364515517,452.0558697735822,4978.374009874132,-0.003329632321591776,0.0006209032694543445,144.54027472210868,-0.36178739005656263,True,False,False,21.86124669896582,-8.464162766999445e-05,28.601256946189345,-0.0032449906939217817
primitive_03,bad_vs_good_cav,additive_steering,-0.25,False,54,1.0,39.746635331047905,226.0279357345016,1244.5935420283565,-0.00170922421037403,0.0003258065394398775,91.49816443769475,-0.2745456775830786,True,False,False,21.86124669896582,-8.464162766999445e-05,17.885388632082083,-0.0016245825827040355
primitive_03,bad_vs_good_cav,additive_steering,0.25,False,54,1.0,3.3311688949664435,226.02793403908058,1244.5935488100406,0.001798456845771027,-0.0003567554128364047,2.1551526600358493,0.004690711283086165,True,False,False,21.86124669896582,-8.464162766999445e-05,-18.53007780399938,0.0018830984734410213
primitive_03,bad_vs_good_cav,additive_steering,0.5,False,54,1.0,3.6432584711798914,452.0558618616175,4978.3738697193285,0.003686493761972278,-0.0007446760484280503,2.33204453300314,-0.01049797481780486,True,False,False,21.86124669896582,-8.464162766999445e-05,-18.21798822778593,0.0037711353896422726
primitive_03,bad_vs_good_cav,additive_steering,1.0,False,54,1.0,3.6597626209259033,904.111733895761,19913.49607566551,0.007732334121642364,-0.0016147581351038294,2.3405925497513143,-0.009283706525167166,True,False,False,21.86124669896582,-8.464162766999445e-05,-18.20148407803992,0.007816975749312359
primitive_03,bad_vs_good_cav,projection_removal,,False,54,1.0,3.6396563020017414,389.8087008440936,3658.29727964048,0.0033416499255942,-0.0006759950545977293,2.3310636579888477,-0.010744429636833882,True,False,False,21.86124669896582,-8.464162766999445e-05,-18.221590396964082,0.0034262915532641946
primitive_03,centroid_to_good__bad_to_primitive_00,additive_steering,-1.0,False,54,0.16666666666666666,2.9914326314572937,2302.482898853443,128192.51475694444,0.0028735560051007503,-0.00025498658116044666,2.4994778288444874,-0.016106792646214813,True,False,False,21.86124669896582,-8.464162766999445e-05,-18.86981406750853,0.0029581976327707447
primitive_03,centroid_to_good__bad_to_primitive_00,additive_steering,-0.5,False,54,0.24074074074074073,2.864810519748264,1151.241451687283,32048.12915943287,0.001395491895507528,-0.00011283890411634186,2.422480328934814,-0.016106792646214813,True,False,False,21.86124669896582,-8.464162766999445e-05,-18.996436179217557,0.0014801335231775224
primitive_03,centroid_to_good__bad_to_primitive_00,additive_steering,-0.25,False,54,1.0,2.5760205542599715,575.6207241482205,8012.032262731482,0.0006874851332390351,-5.2785298736880546e-05,2.2023142047171147,-0.018559750405108422,True,False,False,21.86124669896582,-8.464162766999445e-05,-19.28522614470585,0.0007721267609090295
primitive_03,centroid_to_good__bad_to_primitive_00,additive_steering,0.25,False,54,1.0,54.62449645996094,575.6207196270979,8012.032181351273,-0.0006670887285057668,4.557698833440696e-05,154.09871464234482,-0.3666060632310514,True,False,False,21.86124669896582,-8.464162766999445e-05,32.763249760995116,-0.0005824471008357724
primitive_03,centroid_to_good__bad_to_primitive_00,additive_steering,0.5,False,54,0.24074074074074073,54.989958939728915,1151.2414403844762,32048.128833912036,-0.001313909168697858,8.400649609522163e-05,154.5136466424255,-0.3681956813057099,True,False,False,21.86124669896582,-8.464162766999445e-05,33.12871224076309,-0.0012292675410278636
primitive_03,centroid_to_good__bad_to_primitive_00,additive_steering,1.0,False,54,0.09259259259259259,55.00856766877351,2302.4828875506364,128192.51808449074,-0.0025472713821554976,0.00013967029151543286,154.5239804832143,-0.3681956813057099,True,False,False,21.86124669896582,-8.464162766999445e-05,33.14732096980769,-0.002462629754485503
primitive_03,centroid_to_good__bad_to_primitive_00,projection_removal,,False,54,0.16666666666666666,2.9914326314572937,3070.125750506366,228523.2349537037,0.003896857531344559,-0.00036507266062716227,2.4994778288444874,-0.016106792646214813,True,False,False,21.86124669896582,-8.464162766999445e-05,-18.86981406750853,0.003981499159014554
primitive_03,centroid_to_good__primitive_02_to_primitive_00,additive_steering,-1.0,False,54,1.0,1.9162120951546564,216.0986328125,1131.6260274251301,-0.0006393453403536558,0.00048665734025041984,1.6906773858376825,-0.036596976087511446,True,False,False,21.86124669896582,-8.464162766999445e-05,-19.945034603811166,-0.0005547037126836614
primitive_03,centroid_to_good__primitive_02_to_primitive_00,additive_steering,-0.5,False,54,1.0,1.5691427202136428,108.04931343926324,282.90648312038843,-0.00032226078925410667,0.00024403397240271082,1.3325226152416423,-0.031537697324216754,True,False,False,21.86124669896582,-8.464162766999445e-05,-20.29210397875218,-0.00023761916158411222
primitive_03,centroid_to_good__primitive_02_to_primitive_00,additive_steering,-0.25,False,54,1.0,1.0626875868550054,54.02465827376754,70.72662099202473,-0.00016177838118890068,0.00012219331808662942,0.8136657209096234,-0.024587261586300424,True,False,False,21.86124669896582,-8.464162766999445e-05,-20.798559112110816,-7.713675351890624e-05
primitive_03,centroid_to_good__primitive_02_to_primitive_00,additive_steering,0.25,False,54,1.0,3.4309263323192245,54.02465679027416,70.72661943788881,0.00016307625403294557,-0.00012254598888796958,3.1689924128957014,0.08863465465298145,True,False,False,21.86124669896582,-8.464162766999445e-05,-18.430320366646598,0.00024771788170294
primitive_03,centroid_to_good__primitive_02_to_primitive_00,additive_steering,0.5,False,54,1.0,20.868718688134795,108.04931640625,282.906492445204,0.0003274522693969962,-0.00024544465109374786,30.062944389783002,-0.05652175080393227,True,False,False,21.86124669896582,-8.464162766999445e-05,-0.9925280108310268,0.00041209389706699066
primitive_03,centroid_to_good__primitive_02_to_primitive_00,additive_steering,1.0,False,54,0.3148148148148148,49.78973176744249,216.09863139964915,1131.6259539568866,0.000660111081191196,-0.0004922999827852812,136.5112352420983,-0.27893455323660815,True,False,False,21.86124669896582,-8.464162766999445e-05,27.928485068476668,0.0007447527088611904
primitive_03,centroid_to_good__primitive_02_to_primitive_00,projection_removal,,False,54,1.0,0.40981676898620745,20.77500839310664,11.66059206902584,-4.0124762659167736e-05,3.028767613239003e-05,0.23244142162652603,0.006313041779903105,True,False,False,21.86124669896582,-8.464162766999445e-05,-21.451429929979614,4.451686501082671e-05
primitive_03,centroid_to_good__primitive_04_to_primitive_00,additive_steering,-1.0,False,54,0.16666666666666666,3.0204551727683455,2121.6182092737267,108336.31929976853,0.003505118396808778,-0.00046148001566581457,2.6129430878852706,-0.04313741909745321,True,False,False,21.86124669896582,-8.464162766999445e-05,-18.840791526197478,0.0035897600244787723
primitive_03,centroid_to_good__primitive_04_to_primitive_00,additive_steering,-0.5,False,54,0.24074074074074073,2.629364093144735,1060.8091102882668,27084.08006004051,0.0017051334144535298,-0.0002137209709959622,2.088397203333326,-0.034801140005661195,True,False,False,21.86124669896582,-8.464162766999445e-05,-19.231882605821088,0.0017897750421235242
primitive_03,centroid_to_good__primitive_04_to_primitive_00,additive_steering,-0.25,False,54,1.0,2.330048395527734,530.404544406467,6771.019847728588,0.0008407355540576844,-0.00010262511517033285,1.768447824702472,-0.03025655123737177,True,False,False,21.86124669896582,-8.464162766999445e-05,-19.53119830343809,0.0009253771817276788
primitive_03,centroid_to_good__primitive_04_to_primitive_00,additive_steering,0.25,False,54,1.0,54.431704980355725,530.4045624909578,6771.019920066551,-0.0008171299272782447,9.419517136742909e-05,153.71444117496662,-0.3557433774333533,True,False,False,21.86124669896582,-8.464162766999445e-05,32.570458281389904,-0.0007324882996082503
primitive_03,centroid_to_good__primitive_04_to_primitive_00,additive_steering,0.5,False,54,0.25925925925925924,54.7925968170166,1060.8091012460213,27084.08004195602,-0.0016107156542705156,0.00018000275959246362,154.06647746638012,-0.3563827709402965,True,False,False,21.86124669896582,-8.464162766999445e-05,32.93135011805078,-0.0015260740266005211
primitive_03,centroid_to_good__primitive_04_to_primitive_00,additive_steering,1.0,False,54,0.09259259259259259,54.925276085182475,2121.6182657877603,108336.32400173611,-0.003127523302334976,0.00032663219067850135,154.3288123701151,-0.35639510745297337,True,False,False,21.86124669896582,-8.464162766999445e-05,33.06402938621665,-0.0030428816746649818
primitive_03,centroid_to_good__primitive_04_to_primitive_00,projection_removal,,False,54,0.16666666666666666,3.0739768456529686,2723.5554289641204,178263.77430555556,0.004574284010861666,-0.0006181450892154092,2.6942542309451976,-0.043462639657552316,True,False,False,21.86124669896582,-8.464162766999445e-05,-18.787269853312853,0.004658925638531661
primitive_03,centroid_to_good__primitive_05_to_primitive_00,additive_steering,-1.0,False,54,0.16666666666666666,2.9914326314572937,2318.5669985170716,130052.23104745371,0.0029307233668196975,-0.00028937234214746334,2.4994778288444874,-0.016106792646214813,True,False,False,21.86124669896582,-8.464162766999445e-05,-18.86981406750853,0.003015364994489692
primitive_03,centroid_to_good__primitive_05_to_primitive_00,additive_steering,-0.5,False,54,0.24074074074074073,2.8938361980296947,1159.2835049099392,32513.05906394676,0.0014239841201208717,-0.00013001389728961382,2.439284520217033,-0.016106792646214813,True,False,False,21.86124669896582,-8.464162766999445e-05,-18.967410500936126,0.001508625747790866
primitive_03,centroid_to_good__primitive_05_to_primitive_00,additive_steering,-0.25,False,54,1.0,2.6054220420342906,579.6417377613209,8128.264612268518,0.0007017067327772375,-6.136752948434005e-05,2.24040628264416,-0.01759375326816666,True,False,False,21.86124669896582,-8.464162766999445e-05,-19.25582465693153,0.0007863483604472319
primitive_03,centroid_to_good__primitive_05_to_primitive_00,additive_steering,0.25,False,54,1.0,54.64252825136538,579.6417507595486,8128.264747902199,-0.0006812580664820621,5.414712844367315e-05,154.13432865699858,-0.3670097064874025,True,False,False,21.86124669896582,-8.464162766999445e-05,32.781281552399555,-0.0005966164388120676
primitive_03,centroid_to_good__primitive_05_to_primitive_00,additive_steering,0.5,False,54,0.24074074074074073,54.987700638947665,1159.2834811740452,32513.057508680555,-0.0013421923971397996,0.00010113315037695385,154.51226544031775,-0.3681956813057099,True,False,False,21.86124669896582,-8.464162766999445e-05,33.12645393998184,-0.0012575507694698052
primitive_03,centroid_to_good__primitive_05_to_primitive_00,additive_steering,1.0,False,54,0.09259259259259259,55.00856766877351,2318.5669623480903,130052.23220486111,-0.0026036035599495207,0.0001738630753054547,154.5239804832143,-0.3681956813057099,True,False,False,21.86124669896582,-8.464162766999445e-05,33.14732096980769,-0.0025189619322795263
primitive_03,centroid_to_good__primitive_05_to_primitive_00,projection_removal,,False,54,0.16666666666666666,2.9914326314572937,3116.730066370081,235441.4564525463,0.004011645982041068,-0.0004156288076904754,2.4994778288444874,-0.016106792646214813,True,False,False,21.86124669896582,-8.464162766999445e-05,-18.86981406750853,0.0040962876097110626
primitive_03,drawdown_stress_cav,additive_steering,-1.0,False,54,0.0,7.178198721673754,621.5450139928747,9929.20519567419,0.00973528541354537,-0.0005427732339170771,12.39691418093898,-0.09917903357517205,True,False,False,21.86124669896582,-8.464162766999445e-05,-14.683047977292068,0.009819927041215364
primitive_03,drawdown_stress_cav,additive_steering,-0.5,False,54,1.0,6.164663698938158,310.77250982213906,2482.3011949327256,0.004745058999711387,-0.00021599153251388765,11.532067868860825,-0.07067171502979896,True,False,False,21.86124669896582,-8.464162766999445e-05,-15.696583000027664,0.004829700627381382
primitive_03,drawdown_stress_cav,additive_steering,-0.25,False,54,1.0,4.239901149714434,155.38625731291594,620.5753032543041,0.0023420554656576127,-9.432781576056251e-05,7.371463214022794,-0.020173800823831793,True,False,False,21.86124669896582,-8.464162766999445e-05,-17.621345549251387,0.002426697093327607
primitive_03,drawdown_stress_cav,additive_steering,0.25,False,54,1.0,29.945829179551865,155.38625250922308,620.5753049497251,-0.002281508726363496,6.737223148606047e-05,60.87760107547648,-0.1499209035205148,True,False,False,21.86124669896582,-8.464162766999445e-05,8.084582480586043,-0.0021968670986935016
primitive_03,drawdown_stress_cav,additive_steering,0.5,False,54,1.0,42.78033058731644,310.7725036055953,2482.301215277778,-0.004502915267769813,0.00010818282454429229,118.08600588815989,-0.21855203333282508,True,False,False,21.86124669896582,-8.464162766999445e-05,20.91908388835062,-0.004418273640099818
primitive_03,drawdown_stress_cav,additive_steering,1.0,False,54,0.0,46.64491731149179,621.545011167173,9929.204806857639,-0.008767402126837754,0.00011175660884757975,132.07200943424607,-0.2754792079977252,True,False,False,21.86124669896582,-8.464162766999445e-05,24.783670612525967,-0.00868276049916776
primitive_03,drawdown_stress_cav,projection_removal,,False,54,1.0,5.904919200473362,267.2868327388057,1827.725207293475,0.0041827572493734495,-0.0001876167345265908,10.2489916468689,-0.056210441119970776,True,False,False,21.86124669896582,-8.464162766999445e-05,-15.95632749849246,0.004267398877043444
primitive_03,high_action_change_cav,additive_steering,-1.0,False,54,1.0,13.099637773301867,278.9219803986726,1993.2101711697048,0.0004350682857824177,0.0003012567509473894,28.352978921407637,-0.19417670252522287,True,False,False,21.86124669896582,-8.464162766999445e-05,-8.761608925663955,0.0005197099134524122
primitive_03,high_action_change_cav,additive_steering,-0.5,False,54,1.0,8.01289775636461,139.46099330760813,498.30256031177663,0.00018826051264487692,0.00015997867377756916,10.718907500331731,-0.129391668026394,True,False,False,21.86124669896582,-8.464162766999445e-05,-13.848348942601211,0.00027290214031487137
primitive_03,high_action_change_cav,additive_steering,-0.25,False,54,1.0,4.570477603762238,69.73049524095323,124.57563315497504,8.684622229542537e-05,8.23110231856448e-05,5.398846309468616,-0.06499104137079957,True,False,False,21.86124669896582,-8.464162766999445e-05,-17.290769095203583,0.00017148784996541983
primitive_03,high_action_change_cav,additive_steering,0.25,False,54,1.0,15.081479196195248,69.73049411067257,124.57563612196181,-7.23483010550244e-05,-8.69222540609159e-05,29.485068588724566,0.09731418218025614,True,False,False,21.86124669896582,-8.464162766999445e-05,-6.779767502770573,1.2293326614970054e-05
primitive_03,high_action_change_cav,additive_steering,0.5,False,54,1.0,24.930463075637817,139.46098892777056,498.30252753363715,-0.00013026990782849112,-0.00017842331920709038,50.00979901420198,-0.07470138471552813,True,False,False,21.86124669896582,-8.464162766999445e-05,3.0692163766719958,-4.5628280158496666e-05
primitive_03,high_action_change_cav,additive_steering,1.0,False,54,0.2777777777777778,30.918530252244736,278.9219781381112,1993.2101033528645,-0.00020312315111089592,-0.00037503088244758613,67.64531998408029,-0.16573580199987625,True,False,False,21.86124669896582,-8.464162766999445e-05,9.057283553278914,-0.00011848152344090147
primitive_03,high_action_change_cav,projection_removal,,False,54,1.0,2.807614122275953,40.40358409175166,43.355616587179675,4.727489887170796e-05,4.809832170568577e-05,2.604859443112364,-0.050484845453767996,True,False,False,21.86124669896582,-8.464162766999445e-05,-19.053632576689868,0.0001319165265417024
primitive_03,high_concentration_cav,additive_steering,-1.0,False,54,0.0,3.6518586763629206,738.5842850296585,12925.471788194445,0.000696356665015122,-0.0014689044209289473,3.0670325765559547,-0.06536049659863935,True,False,False,21.86124669896582,-8.464162766999445e-05,-18.2093880226029,0.0007809982926851165
primitive_03,high_concentration_cav,additive_steering,-0.5,False,54,1.0,3.3641398836065224,369.292155513057,3231.3680623372397,0.0002779206372764471,-0.0007136130022143889,2.905492890977755,-0.04979123475561781,True,False,False,21.86124669896582,-8.464162766999445e-05,-18.4971068153593,0.0003625622649464415
primitive_03,high_concentration_cav,additive_steering,-0.25,False,54,1.0,2.9886773322467453,184.64607832166882,807.8419912832754,0.00012138486698435478,-0.0003515586104071361,2.6319203624147356,-0.03820738221945943,True,False,False,21.86124669896582,-8.464162766999445e-05,-18.872569366719077,0.00020602649465434922
primitive_03,high_concentration_cav,additive_steering,0.25,False,54,1.0,34.669879577778005,184.64607662624783,807.8419867621528,-8.622374615588655e-05,0.0003409901082308177,70.71258923881848,-0.2323369330534341,True,False,False,21.86124669896582,-8.464162766999445e-05,12.808632878812183,-1.582118485892104e-06
primitive_03,high_concentration_cav,additive_steering,0.5,False,54,1.0,48.439374923706055,369.29215042679397,3231.3679221824364,-0.00013728562857718757,0.0006713417977623174,131.74763210643135,-0.3251651681968586,True,False,False,21.86124669896582,-8.464162766999445e-05,26.578128224740233,-5.264400090719312e-05
primitive_03,high_concentration_cav,additive_steering,1.0,False,54,0.0,51.805027926409686,738.584307635272,12925.471462673611,-0.00013396818517672453,0.0012998644598346007,146.4674334893545,-0.3391234396824533,True,False,False,21.86124669896582,-8.464162766999445e-05,29.943781227443864,-4.932655750673008e-05
primitive_03,high_concentration_cav,projection_removal,,False,54,0.9814814814814815,3.2366796963744693,204.21212429470486,1009.9484043827763,0.0001677935311679208,-0.00042248100764966925,2.736278677114323,-0.046583858652312155,True,False,False,21.86124669896582,-8.464162766999445e-05,-18.624567002591352,0.0002524351588379152
primitive_03,high_turnover_cav,additive_steering,-1.0,False,54,1.0,13.099637773301867,278.9219803986726,1993.2101711697048,0.0004350682857824177,0.0003012567509473894,28.352978921407637,-0.19417670252522287,True,False,False,21.86124669896582,-8.464162766999445e-05,-8.761608925663955,0.0005197099134524122
primitive_03,high_turnover_cav,additive_steering,-0.5,False,54,1.0,8.01289775636461,139.46099330760813,498.30256031177663,0.00018826051264487692,0.00015997867377756916,10.718907500331731,-0.129391668026394,True,False,False,21.86124669896582,-8.464162766999445e-05,-13.848348942601211,0.00027290214031487137
primitive_03,high_turnover_cav,additive_steering,-0.25,False,54,1.0,4.570477603762238,69.73049524095323,124.57563315497504,8.684622229542537e-05,8.23110231856448e-05,5.398846309468616,-0.06499104137079957,True,False,False,21.86124669896582,-8.464162766999445e-05,-17.290769095203583,0.00017148784996541983
primitive_03,high_turnover_cav,additive_steering,0.25,False,54,1.0,15.081479196195248,69.73049411067257,124.57563612196181,-7.23483010550244e-05,-8.69222540609159e-05,29.485068588724566,0.09731418218025614,True,False,False,21.86124669896582,-8.464162766999445e-05,-6.779767502770573,1.2293326614970054e-05
primitive_03,high_turnover_cav,additive_steering,0.5,False,54,1.0,24.930463075637817,139.46098892777056,498.30252753363715,-0.00013026990782849112,-0.00017842331920709038,50.00979901420198,-0.07470138471552813,True,False,False,21.86124669896582,-8.464162766999445e-05,3.0692163766719958,-4.5628280158496666e-05
primitive_03,high_turnover_cav,additive_steering,1.0,False,54,0.2777777777777778,30.918530252244736,278.9219781381112,1993.2101033528645,-0.00020312315111089592,-0.00037503088244758613,67.64531998408029,-0.16573580199987625,True,False,False,21.86124669896582,-8.464162766999445e-05,9.057283553278914,-0.00011848152344090147
primitive_03,high_turnover_cav,projection_removal,,False,54,1.0,2.807614122275953,40.40358409175166,43.355616587179675,4.727489887170796e-05,4.809832170568577e-05,2.604859443112364,-0.050484845453767996,True,False,False,21.86124669896582,-8.464162766999445e-05,-19.053632576689868,0.0001319165265417024
primitive_03,primitive_cav__primitive_02,additive_steering,-1.0,False,54,1.0,3.740643494659,916.757578531901,21088.642505787036,0.00507447409769131,-0.0010675559247914717,3.08405444478051,-0.06824810999697159,True,False,False,21.86124669896582,-8.464162766999445e-05,-18.12060320430682,0.005159115725361305
primitive_03,primitive_cav__primitive_02,additive_steering,-0.5,False,54,1.0,3.740643494659,458.3787949173539,5272.160680700232,0.002297686555937297,-0.00045298029010407804,3.08405444478051,-0.06824810999697159,True,False,False,21.86124669896582,-8.464162766999445e-05,-18.12060320430682,0.0023823281836072912
primitive_03,primitive_cav__primitive_02,additive_steering,-0.25,False,54,1.0,3.739224621543178,229.18940706606264,1318.0401933458115,0.0010892199275180144,-0.00020641897390855245,3.0833735043813104,-0.06824408919969056,True,False,False,21.86124669896582,-8.464162766999445e-05,-18.122022077422642,0.0011738615551880088
primitive_03,primitive_cav__primitive_02,additive_steering,0.25,False,54,1.0,39.77568845395689,229.18939915409794,1318.040202388057,-0.0009706369311918561,0.00016657873251951064,98.75337595338571,-0.26306435457684785,True,False,False,21.86124669896582,-8.464162766999445e-05,17.914441754991067,-0.0008859953035218617
primitive_03,primitive_cav__primitive_02,additive_steering,0.5,False,54,1.0,52.032511675799334,458.37880226417826,5272.1608638057005,-0.0018234574467461211,0.00029365393181612497,151.62851586390985,-0.3099255155863372,True,False,False,21.86124669896582,-8.464162766999445e-05,30.171264976833513,-0.0017388158190761267
primitive_03,primitive_cav__primitive_02,additive_steering,1.0,False,54,0.25925925925925924,53.576708263821075,916.7576090494791,21088.643717447918,-0.0031792031754131703,0.0004308040573656253,153.54096492876218,-0.3260692978924316,True,False,False,21.86124669896582,-8.464162766999445e-05,31.715461564855254,-0.003094561547743176
primitive_03,primitive_cav__primitive_02,projection_removal,,False,54,1.0,4.975716572116922,398.211117874693,4745.540954967478,0.001532517299428487,-0.00029576921954415985,3.6236959559449624,-0.05035700940885915,True,False,False,21.86124669896582,-8.464162766999445e-05,-16.8855301268489,0.0016171589270984814
primitive_03,primitive_cav__primitive_04,additive_steering,-1.0,False,54,0.9629629629629629,17.31612034197207,195.15275008590132,1019.4791937934028,-0.001929892722300087,0.0005284463682434294,38.31807019066165,-0.2173115626200532,True,False,False,21.86124669896582,-8.464162766999445e-05,-4.545126356993752,-0.0018452510946300926
primitive_03,primitive_cav__primitive_04,additive_steering,-0.5,False,54,1.0,11.705357842975193,97.57637687965676,254.86980409975405,-0.0010080610033257578,0.0002779706828290123,19.323557353020437,-0.20466657386589515,True,False,False,21.86124669896582,-8.464162766999445e-05,-10.155888855990629,-0.0009234193756557634
primitive_03,primitive_cav__primitive_04,additive_steering,-0.25,False,54,1.0,6.354123504073532,48.788187168262624,63.717448481807004,-0.000514901516683455,0.00014245249551592687,7.725981442573889,-0.10790730898373002,True,False,False,21.86124669896582,-8.464162766999445e-05,-15.50712319489229,-0.0004302598890134606
primitive_03,primitive_cav__primitive_04,additive_steering,0.25,False,54,1.0,8.276607586277855,48.7881882985433,63.71744961208768,0.0005368250127242702,-0.0001494463605086102,10.082761142956516,0.08937265729736286,True,False,False,21.86124669896582,-8.464162766999445e-05,-13.584639112687967,0.0006214666403942646
primitive_03,primitive_cav__primitive_04,additive_steering,0.5,False,54,1.0,13.238308782930728,97.57637687965676,254.8697930795175,0.0010957522062375264,-0.00030594528146184137,17.81192724592662,0.009589307499614752,True,False,False,21.86124669896582,-8.464162766999445e-05,-8.622937916035093,0.0011803938339075208
primitive_03,primitive_cav__primitive_04,additive_steering,1.0,False,54,0.6666666666666666,16.672528646610402,195.152754607024,1019.4791802300347,0.0022806130147029788,-0.0006403309750569952,27.173728786880968,-0.00038884326830063257,True,False,False,21.86124669896582,-8.464162766999445e-05,-5.188718052355419,0.002365254642372973
primitive_03,primitive_cav__primitive_04,projection_removal,,False,54,1.0,2.2509371992890483,9.423274174884513,5.330450238418524,3.787079428857476e-05,-1.0481270350587024e-05,1.0752402748057988,0.11493551904071166,True,False,False,21.86124669896582,-8.464162766999445e-05,-19.610309499676774,0.0001225124219585692
primitive_03,primitive_cav__primitive_05,additive_steering,-1.0,False,54,0.24074074074074073,52.81994946797689,968.8980136447483,23431.109248408564,-0.006004014462349241,0.00017027856856841872,149.71950776066046,-0.3255819275182471,True,False,False,21.86124669896582,-8.464162766999445e-05,30.95870276901107,-0.005919372834679246
primitive_03,primitive_cav__primitive_05,additive_steering,-0.5,False,54,1.0,52.13712360240795,484.44901077835647,5857.777330186632,-0.0032431042526466186,0.0001704517645977611,148.2648443095714,-0.3193727282806107,True,False,False,21.86124669896582,-8.464162766999445e-05,30.275876903442125,-0.003158462624976624
primitive_03,primitive_cav__primitive_05,additive_steering,-0.25,False,54,1.0,41.136320537991,242.22450708459925,1464.444312201606,-0.0016828810062417584,0.00010704337253121274,98.30024802139168,-0.24877491013543285,True,False,False,21.86124669896582,-8.464162766999445e-05,19.275073839025175,-0.001598239378571764
primitive_03,primitive_cav__primitive_05,additive_steering,0.25,False,54,1.0,3.2003999749819436,242.22451047544126,1464.4443743670429,0.0018075273298709127,-0.00015162320876524986,2.278180996931409,-0.033539243034937674,True,False,False,21.86124669896582,-8.464162766999445e-05,-18.660846723983877,0.001892168957540907
primitive_03,primitive_cav__primitive_05,additive_steering,0.5,False,54,1.0,3.525535589015042,484.44901077835647,5857.777099609375,0.003741579327836004,-0.0003487389976990871,2.5988728833156065,-0.040892262985634094,True,False,False,21.86124669896582,-8.464162766999445e-05,-18.33571110995078,0.0038262209555059985
primitive_03,primitive_cav__primitive_05,additive_steering,1.0,False,54,1.0,3.6544079074153193,968.8980091236256,23431.10885054977,0.007996148838587892,-0.0008829125279197347,2.8862826581638727,-0.040892262985634094,True,False,False,21.86124669896582,-8.464162766999445e-05,-18.206838791550503,0.008080790466257886
primitive_03,primitive_cav__primitive_05,projection_removal,,False,54,1.0,3.5429757634798684,504.6876367639612,6583.750183105469,0.003799825100167135,-0.0003535300315912662,2.638013762896356,-0.040892262985634094,True,False,False,21.86124669896582,-8.464162766999445e-05,-18.318270935485952,0.0038844667278371296
primitive_04,bad_primitives_cav,additive_steering,-1.0,False,167,0.10179640718562874,36.93984177155409,567.6808022139315,11082.654225971884,-0.009780086863608838,0.00047968870106786054,1351710599.1185815,-0.002901198101415656,True,False,False,15.756796945317145,-8.327522207562879e-06,21.183044826236948,-0.009771759341401275
primitive_04,bad_primitives_cav,additive_steering,-0.5,False,167,0.5748502994011976,33.43054418114131,283.84039777196097,2770.663510442494,-0.005035638801014567,0.00030188512295151865,1110750104.3611078,0.01042171078227617,True,False,False,15.756796945317145,-8.327522207562879e-06,17.673747235824163,-0.005027311278807004
primitive_04,bad_primitives_cav,additive_steering,-0.25,False,167,0.6646706586826348,25.677154758019363,141.9201889038086,692.6658206528532,-0.0025544893636902273,0.000166689899474564,845926777.5085784,0.045528967558302186,True,False,False,15.756796945317145,-8.327522207562879e-06,9.920357812702218,-0.0025461618414826643
primitive_04,bad_primitives_cav,additive_steering,0.25,False,167,0.6586826347305389,3.9317338538027093,141.92019916009048,692.6658816309032,0.002628294135933641,-0.00019863476088895888,3924030.572553463,-0.029007566495522767,True,False,False,15.756796945317145,-8.327522207562879e-06,-11.825063091514435,0.002636621658141204
primitive_04,bad_primitives_cav,additive_steering,0.5,False,167,0.5688622754491018,5.551520232311979,283.84038648776664,2770.6631123891134,0.005330791718398732,-0.0004296433533515604,23603997.49481274,-0.041084741728923097,True,False,False,15.756796945317145,-8.327522207562879e-06,-10.205276713005166,0.005339119240606294
primitive_04,bad_primitives_cav,additive_steering,1.0,False,167,0.5029940119760479,6.973354690981482,567.6808023966715,11082.654148307389,0.010959639902071229,-0.0009903820195912509,35928146.789425544,-0.06420761979365185,True,False,False,15.756796945317145,-8.327522207562879e-06,-8.783442254335663,0.010967967424278791
primitive_04,bad_primitives_cav,projection_removal,,False,167,0.5808383233532934,5.281435407207398,312.55768321231454,5138.563639039765,0.0006343068448989395,0.00011652416190695201,23952097.833660625,-0.03548688391445405,True,False,False,15.756796945317145,-8.327522207562879e-06,-10.475361538109748,0.0006426343671065024
primitive_04,bad_vs_good_cav,additive_steering,-1.0,False,167,0.09580838323353294,37.17645140465148,642.03613390894,14065.450734029986,-0.006730833677845616,0.0012839391424574289,1380821397.8509853,-0.020928647103452054,True,False,False,15.756796945317145,-8.327522207562879e-06,21.419654459334335,-0.006722506155638053
primitive_04,bad_vs_good_cav,additive_steering,-0.5,False,167,0.6287425149700598,34.559689143460666,321.0180647159051,3516.362841577587,-0.0035418215096637328,0.0007032899878092763,1126385350.3149605,-0.015241796323867856,True,False,False,15.756796945317145,-8.327522207562879e-06,18.80289219814352,-0.0035334939874561697
primitive_04,bad_vs_good_cav,additive_steering,-0.25,False,167,0.6586826347305389,27.92086259226599,160.50903845689967,879.0907136837166,-0.001815206998458899,0.00036709001486573276,821216710.1796079,0.021441525801890505,True,False,False,15.756796945317145,-8.327522207562879e-06,12.164065646948846,-0.0018068794762513363
primitive_04,bad_vs_good_cav,additive_steering,0.25,False,167,0.6646706586826348,4.438261075023406,160.5090365381298,879.0907490439043,0.0019041034236503412,-0.00039818135397214744,4608278.227660054,-0.03862515299698021,True,False,False,15.756796945317145,-8.327522207562879e-06,-11.31853587029374,0.001912430945857904
primitive_04,bad_vs_good_cav,additive_steering,0.5,False,167,0.6467065868263473,5.7032424615707225,321.0180584113755,3516.3624743615796,0.003897334780019006,-0.0008276312175544944,14841549.108116295,-0.06478940863238349,True,False,False,15.756796945317145,-8.327522207562879e-06,-10.053554483746423,0.003905662302226569
primitive_04,bad_vs_good_cav,additive_steering,1.0,False,167,0.4550898203592814,6.6974738825581035,642.0361194724808,14065.449562301179,0.008151728304358017,-0.0017809181384230044,27831343.20673078,-0.08507453970360263,True,False,False,15.756796945317145,-8.327522207562879e-06,-9.059323062759042,0.00816005582656558
primitive_04,bad_vs_good_cav,projection_removal,,False,167,0.6586826347305389,5.482337132319362,324.24590192512125,5471.617678074222,2.5884424603412612e-05,7.111375213905951e-05,16121709.324565934,-0.05294294528216013,True,False,False,15.756796945317145,-8.327522207562879e-06,-10.274459812997783,3.421194681097549e-05
primitive_04,centroid_to_good__bad_to_primitive_00,additive_steering,-1.0,False,167,0.1317365269461078,4.499729162561679,1504.1019918476036,81430.29853245169,0.0030732579744125158,-0.0003350865433257675,1992199.0926218275,-0.05468495112861732,True,False,False,15.756796945317145,-8.327522207562879e-06,-11.257067782755467,0.003081585496620079
primitive_04,centroid_to_good__bad_to_primitive_00,additive_steering,-0.5,False,167,0.1437125748502994,3.8991274198372206,752.0509918578371,20357.574241592498,0.0014952299139630164,-0.00015270799751683237,1.0642084208612783,-0.04429842481359067,True,False,False,15.756796945317145,-8.327522207562879e-06,-11.857669525479924,0.0015035574361705792
primitive_04,centroid_to_good__bad_to_primitive_00,additive_steering,-0.25,False,167,0.6586826347305389,3.228402833024899,376.0254961116585,5089.3934108026015,0.0007373197140052253,-7.267265832649977e-05,0.8756829563508268,-0.041216024147723684,True,False,False,15.756796945317145,-8.327522207562879e-06,-12.528394112292247,0.0007456472362127883
primitive_04,centroid_to_good__bad_to_primitive_00,additive_steering,0.25,False,167,0.6706586826347305,37.3797526712903,376.02550077152824,5089.393983532568,-0.0007168424553309492,6.536619541682311e-05,1073688435.2404565,-0.04185600940152691,True,False,False,15.756796945317145,-8.327522207562879e-06,21.622955725973153,-0.0007085149331233863
primitive_04,centroid_to_good__bad_to_primitive_00,additive_steering,0.5,False,167,0.1437125748502994,40.125316725876516,752.0510045582663,20357.575932942465,-0.0014133240742189236,0.00012348310083232992,1350000951.3959033,-0.05902025851931479,True,False,False,15.756796945317145,-8.327522207562879e-06,24.36851978055937,-0.0014049965520113608
primitive_04,centroid_to_good__bad_to_primitive_00,additive_steering,1.0,False,167,0.08982035928143713,42.3934597405131,1504.1020002536432,81430.30106340055,-0.002745685742287569,0.00021820223996043859,1754098794.3328412,-0.06913919437466581,True,False,False,15.756796945317145,-8.327522207562879e-06,26.636662795195956,-0.002737358220080006
primitive_04,centroid_to_good__bad_to_primitive_00,projection_removal,,False,167,0.10778443113772455,4.794720789629542,2171.3102469073083,189971.79071461226,0.001517769758161315,-2.3553642167956712e-05,74338876.4494974,-0.0549059803442239,True,False,False,15.756796945317145,-8.327522207562879e-06,-10.962076155687603,0.0015260972803688778
primitive_04,centroid_to_good__primitive_02_to_primitive_00,additive_steering,-1.0,False,167,0.8203592814371258,2.424849870854509,134.8587040244462,632.4990380424225,-0.000629900284164456,0.0004817734054800747,0.6369581802802138,-0.029047575759791333,True,False,False,15.756796945317145,-8.327522207562879e-06,-13.331947074462636,-0.0006215727619568931
primitive_04,centroid_to_good__primitive_02_to_primitive_00,additive_steering,-0.5,False,167,0.9041916167664671,1.6621246673389822,67.4293521949631,158.12474819714438,-0.0003175595417048246,0.000241606034843329,0.34782342842720537,-0.019870700865894896,True,False,False,15.756796945317145,-8.327522207562879e-06,-14.094672277978162,-0.0003092320194972617
primitive_04,centroid_to_good__primitive_02_to_primitive_00,additive_steering,-0.25,False,167,0.9101796407185628,1.0549590389528674,33.71466689480993,39.531129430332584,-0.00015943307251925067,0.00012098285458957277,0.1592086635359227,-0.012485849733913347,True,False,False,15.756796945317145,-8.327522207562879e-06,-14.701837906364277,-0.0001511055503116878
primitive_04,centroid_to_good__primitive_02_to_primitive_00,additive_steering,0.25,False,167,0.9161676646706587,3.2368637134215077,33.71466426506728,39.53115112963551,0.0001607415647893831,-0.00012134253135184592,6443628.251140335,0.026004380137303187,True,False,False,15.756796945317145,-8.327522207562879e-06,-12.519933231895637,0.00016906908699694596
primitive_04,centroid_to_good__primitive_02_to_primitive_00,additive_steering,0.5,False,167,0.9101796407185628,11.58993633082527,67.42934273245805,158.12475662745402,0.0003227934989725029,-0.00024304473717204827,45751325.08806432,0.04718647549773071,True,False,False,15.756796945317145,-8.327522207562879e-06,-4.166860614491876,0.00033112102118006576
primitive_04,centroid_to_good__primitive_02_to_primitive_00,additive_steering,1.0,False,167,0.20359281437125748,26.769718690546686,134.8587145548381,632.4991771418178,0.0006508359242269113,-0.0004875281392691008,971680767.0930929,0.022755435267964783,True,False,False,15.756796945317145,-8.327522207562879e-06,11.01292174522954,0.0006591634464344742
primitive_04,centroid_to_good__primitive_02_to_primitive_00,projection_removal,,False,167,0.9640718562874252,0.6146948871587565,27.94871557222869,228.71887281365713,-0.00025878055571559465,0.00016251855662352045,0.07087953811091026,-0.006691435528479234,True,False,False,15.756796945317145,-8.327522207562879e-06,-15.142102058158388,-0.0002504530335080318
primitive_04,centroid_to_good__primitive_04_to_primitive_00,additive_steering,-1.0,False,167,0.11377245508982035,4.496331857706973,1377.2612847425266,67676.83245118649,0.003721851124591904,-0.0005487022472720397,1.362077536989808,-0.040973534715797066,True,False,False,15.756796945317145,-8.327522207562879e-06,-11.260465087610172,0.003730178646799467
primitive_04,centroid_to_good__primitive_04_to_primitive_00,additive_steering,-0.5,False,167,0.1497005988023952,3.9120832346156686,688.6306510970978,16919.208618255434,0.0018137081329190115,-0.00025724238665137013,1.1518881554992297,-0.04171211598947165,True,False,False,15.756796945317145,-8.327522207562879e-06,-11.844713710701477,0.0018220356551265744
primitive_04,centroid_to_good__primitive_04_to_primitive_00,additive_steering,-0.25,False,167,0.7125748502994012,3.2687005211493214,344.31532008919174,4229.801859644359,0.0008950671723049596,-0.00012436070810133173,0.9469814587558469,-0.043392680729990134,True,False,False,15.756796945317145,-8.327522207562879e-06,-12.488096424167823,0.0009033946945125225
primitive_04,centroid_to_good__primitive_04_to_primitive_00,additive_steering,0.25,False,167,0.7245508982035929,37.00536934701269,344.31533589620074,4229.802745019604,-0.0008715346861489501,0.00011587528459791392,1070265160.9529624,-0.05439157416745426,True,False,False,15.756796945317145,-8.327522207562879e-06,21.248572401695544,-0.0008632071639413872
primitive_04,centroid_to_good__primitive_04_to_primitive_00,additive_steering,0.5,False,167,0.1497005988023952,39.890861543352734,688.630630538849,16919.2078887574,-0.0017195831677003935,0.00022330236210007205,1336759337.507941,-0.0770987026077491,True,False,False,15.756796945317145,-8.327522207562879e-06,24.13406459803559,-0.0017112556454928307
primitive_04,centroid_to_good__primitive_04_to_primitive_00,additive_steering,1.0,False,167,0.08383233532934131,42.07435076143927,1377.2613072195452,67676.83714906612,-0.0033454309266180496,0.0004129688590867953,1714761085.9309578,-0.08356430882510818,True,False,False,15.756796945317145,-8.327522207562879e-06,26.317553816122125,-0.0033371034044104866
primitive_04,centroid_to_good__primitive_04_to_primitive_00,projection_removal,,False,167,0.11976047904191617,5.16789628110246,1961.0238190325435,162875.93416528645,0.0013993064405657435,-7.500441236116029e-05,127507399.71013248,-0.042483201972437296,True,False,False,15.756796945317145,-8.327522207562879e-06,-10.588900664214684,0.0014076339627733063
primitive_04,centroid_to_good__primitive_05_to_primitive_00,additive_steering,-1.0,False,167,0.1317365269461078,4.509487620727745,1515.6780154291027,82750.5501679746,0.0031309481647537234,-0.0003695772491518693,2748834.0253879237,-0.05519315567981399,True,False,False,15.756796945317145,-8.327522207562879e-06,-11.2473093245894,0.0031392756869612864
primitive_04,centroid_to_good__primitive_05_to_primitive_00,additive_steering,-0.5,False,167,0.1377245508982036,3.9129816354391815,757.8390068922214,20687.63732407621,0.0015239987023714953,-0.00016994195376361047,1.0707595793512377,-0.04471951425064507,True,False,False,15.756796945317145,-8.327522207562879e-06,-11.843815309877964,0.0015323262245790581
primitive_04,centroid_to_good__primitive_05_to_primitive_00,additive_steering,-0.25,False,167,0.6586826347305389,3.2356940772005185,378.9195052506681,5171.90911093158,0.0007516833302904444,-8.128596930405232e-05,0.8792764999866851,-0.04104820251592224,True,False,False,15.756796945317145,-8.327522207562879e-06,-12.521102868116627,0.0007600108524980073
primitive_04,centroid_to_good__primitive_05_to_primitive_00,additive_steering,0.25,False,167,0.6706586826347305,37.40462986794775,378.9195044054957,5171.909360600089,-0.0007311611708155332,7.397056360174284e-05,1074143726.230938,-0.04167642046088251,True,False,False,15.756796945317145,-8.327522207562879e-06,21.647832922630602,-0.0007228336486079703
primitive_04,centroid_to_good__primitive_05_to_primitive_00,additive_steering,0.5,False,167,0.1437125748502994,40.155884309800086,757.8390107297612,20687.637809707732,-0.0014419133065725683,0.00014068130837367336,1351852935.5442133,-0.05903385484756119,True,False,False,15.756796945317145,-8.327522207562879e-06,24.39908736448294,-0.0014335857843650055
primitive_04,centroid_to_good__primitive_05_to_primitive_00,additive_steering,1.0,False,167,0.09580838323353294,42.39531189310337,1515.678010860603,82750.55247305681,-0.0028026584623091553,0.00025255031019188475,1756754874.3961616,-0.07046047076942918,True,False,False,15.756796945317145,-8.327522207562879e-06,26.638514947786224,-0.0027943309401015923
primitive_04,centroid_to_good__primitive_05_to_primitive_00,projection_removal,,False,167,0.10778443113772455,4.808063678041903,2191.0565420139337,194067.11976497973,0.0015035356135296811,-3.620359817868734e-05,77853665.28189437,-0.055620278887714036,True,False,False,15.756796945317145,-8.327522207562879e-06,-10.94873326727524,0.001511863135737244
primitive_04,drawdown_stress_cav,additive_steering,-1.0,False,167,0.33532934131736525,7.565407396076682,473.93575072145745,7535.811931678635,0.01007701996166794,-0.0007069012110784526,35928147.087027274,-0.08041620929243683,True,False,False,15.756796945317145,-8.327522207562879e-06,-8.191389549240462,0.010085347483875502
primitive_04,drawdown_stress_cav,additive_steering,-0.5,False,167,0.562874251497006,6.085311599388094,236.96785231264766,1883.9526783377823,0.0049166457831025705,-0.0002975852597208678,35928146.29920904,-0.059980516701157685,True,False,False,15.756796945317145,-8.327522207562879e-06,-9.671485345929051,0.004924973305310133
primitive_04,drawdown_stress_cav,additive_steering,-0.25,False,167,0.718562874251497,4.378557613599086,118.48392977685985,470.9881686022182,0.002427983503954975,-0.00013499077203572328,12283330.481157595,-0.03888406649943923,True,False,False,15.756796945317145,-8.327522207562879e-06,-11.37823933171806,0.002436311026162538
primitive_04,drawdown_stress_cav,additive_steering,0.25,False,167,0.7245508982035929,22.344429435130365,118.48394629198634,470.98837140934194,-0.0023676189650257765,0.0001077365289877779,858888901.2381983,0.0885851292702432,True,False,False,15.756796945317145,-8.327522207562879e-06,6.58763248981322,-0.0023592914428182134
primitive_04,drawdown_stress_cav,additive_steering,0.5,False,167,0.5688622754491018,31.462138550367182,236.9678677998617,1883.9530558329143,-0.004675233668582904,0.00018858340645762868,1105241497.2938046,0.011053976644084395,True,False,False,15.756796945317145,-8.327522207562879e-06,15.705341605050037,-0.004666906146375342
primitive_04,drawdown_stress_cav,additive_steering,1.0,False,167,0.07784431137724551,35.254323506783585,473.93577205635114,7535.812916829915,-0.009112108085162626,0.00027113579594073084,1310882758.753855,-0.0051644858819950195,True,False,False,15.756796945317145,-8.327522207562879e-06,19.49752656146644,-0.009103780562955063
primitive_04,drawdown_stress_cav,projection_removal,,False,167,0.5688622754491018,5.596494877677478,250.7485019089933,3382.9326227606766,0.0004479657173434241,0.00012085843323411156,21877941.534351915,-0.048730877024505063,True,False,False,15.756796945317145,-8.327522207562879e-06,-10.160302067639666,0.000456293239550987
primitive_04,high_action_change_cav,additive_steering,-1.0,False,167,0.5209580838323353,15.248306417893506,234.27869876701675,1602.6376392113234,0.0005518057538278258,0.00025708161002948584,149992809.14849472,-0.0839925736877215,True,False,False,15.756796945317145,-8.327522207562879e-06,-0.5084905274236391,0.0005601332760353888
primitive_04,high_action_change_cav,additive_steering,-0.5,False,167,0.6586826347305389,11.315057283746983,117.13934004092644,400.6593011639075,0.0002461526696256199,0.0001381320055170365,30983998.95069826,-0.05584770466174379,True,False,False,15.756796945317145,-8.327522207562879e-06,-4.441739661570162,0.00025448019183318276
primitive_04,high_action_change_cav,additive_steering,-0.25,False,167,0.7065868263473054,7.098426714628756,58.56967335546802,100.1648339597051,0.00011567114548887958,7.144842549730945e-05,11892736.59750979,-0.03423323764287702,True,False,False,15.756796945317145,-8.327522207562879e-06,-8.658370230688389,0.00012399866769644246
primitive_04,high_action_change_cav,additive_steering,0.25,False,167,0.7065868263473054,10.560488354303166,58.5696711968519,100.1648454266394,-0.0001009270801926411,-7.61820823796957e-05,112829108.6326305,0.05430878814945718,True,False,False,15.756796945317145,-8.327522207562879e-06,-5.196308591013979,-9.259955798507823e-05
primitive_04,high_action_change_cav,additive_steering,0.5,False,167,0.6526946107784432,17.04890873296532,117.13934623124356,400.65936411783366,-0.00018717763873920702,-0.00015706630056226166,407915822.6118599,0.0522667298288964,True,False,False,15.756796945317145,-8.327522207562879e-06,1.2921117876481745,-0.00017885011653164415
primitive_04,high_action_change_cav,additive_steering,1.0,False,167,0.10778443113772455,21.420983439077162,234.27870415784642,1602.6377179722585,-0.000315925316709828,-0.0003328134695792168,676774038.8531564,0.030672089051834675,True,False,False,15.756796945317145,-8.327522207562879e-06,5.664186493760017,-0.00030759779450226514
primitive_04,high_action_change_cav,projection_removal,,False,167,0.7485029940119761,4.7748266203317815,54.161056260148925,287.15577228581475,3.112335928641117e-05,6.675254093974519e-05,23952098.147601012,-0.030659508454977218,True,False,False,15.756796945317145,-8.327522207562879e-06,-10.981970324985364,3.945088149397405e-05
primitive_04,high_concentration_cav,additive_steering,-1.0,False,167,0.49700598802395207,7.214646742015542,505.9312267189254,9112.130248657957,0.0009731061654071085,-0.001548886370051093,27174259.171119913,-0.07238856023674581,True,False,False,15.756796945317145,-8.327522207562879e-06,-8.542150203301603,0.0009814336876146715
primitive_04,high_concentration_cav,additive_steering,-0.5,False,167,0.592814371257485,5.962253003063316,252.96561562087007,2278.032647275639,0.0004167676326742392,-0.0007537864073922094,14174629.642163578,-0.05215134620139526,True,False,False,15.756796945317145,-8.327522207562879e-06,-9.794543942253828,0.00042509515488180205
primitive_04,high_concentration_cav,additive_steering,-0.25,False,167,0.7664670658682635,4.159870283332413,126.48279973561178,569.5081350132377,0.00019091653331246942,-0.00037168788422774603,740769.5909173819,-0.032416426471531194,True,False,False,15.756796945317145,-8.327522207562879e-06,-11.596926661984732,0.0001992440555200323
primitive_04,high_concentration_cav,additive_steering,0.25,False,167,0.7544910179640718,22.592242914224098,126.48279921023432,569.5082010052162,-0.00015595202663597533,0.00036119843133997027,255438256.13701704,0.011053201996651253,True,False,False,15.756796945317145,-8.327522207562879e-06,6.835445968906953,-0.00014762450442841246
primitive_04,high_concentration_cav,additive_steering,0.5,False,167,0.5868263473053892,31.532535679683,252.96561600919256,2278.0326916357712,-0.00027691914330145743,0.0007118313882072109,911525201.3042303,-0.029166030496089797,True,False,False,15.756796945317145,-8.327522207562879e-06,15.775738734365856,-0.00026859162109389457
primitive_04,high_concentration_cav,additive_steering,1.0,False,167,0.08982035928143713,35.353303808652,505.93124238887947,9112.131853297798,-0.0004138647652852018,0.001381110959751152,1181411717.6109657,-0.02489174223597835,True,False,False,15.756796945317145,-8.327522207562879e-06,19.596506863334856,-0.00040553724307763894
primitive_04,high_concentration_cav,projection_removal,,False,167,0.8203592814371258,4.5136086030634575,161.82078721280584,1493.4505520898424,-0.0002877995113026078,3.465993079135443e-05,1.7531669699462296,-0.027954806130234225,True,False,False,15.756796945317145,-8.327522207562879e-06,-11.243188342253688,-0.00027947198909504496
primitive_04,high_turnover_cav,additive_steering,-1.0,False,167,0.5209580838323353,15.248306417893506,234.27869876701675,1602.6376392113234,0.0005518057538278258,0.00025708161002948584,149992809.14849472,-0.0839925736877215,True,False,False,15.756796945317145,-8.327522207562879e-06,-0.5084905274236391,0.0005601332760353888
primitive_04,high_turnover_cav,additive_steering,-0.5,False,167,0.6586826347305389,11.315057283746983,117.13934004092644,400.6593011639075,0.0002461526696256199,0.0001381320055170365,30983998.95069826,-0.05584770466174379,True,False,False,15.756796945317145,-8.327522207562879e-06,-4.441739661570162,0.00025448019183318276
primitive_04,high_turnover_cav,additive_steering,-0.25,False,167,0.7065868263473054,7.098426714628756,58.56967335546802,100.1648339597051,0.00011567114548887958,7.144842549730945e-05,11892736.59750979,-0.03423323764287702,True,False,False,15.756796945317145,-8.327522207562879e-06,-8.658370230688389,0.00012399866769644246
primitive_04,high_turnover_cav,additive_steering,0.25,False,167,0.7065868263473054,10.560488354303166,58.5696711968519,100.1648454266394,-0.0001009270801926411,-7.61820823796957e-05,112829108.6326305,0.05430878814945718,True,False,False,15.756796945317145,-8.327522207562879e-06,-5.196308591013979,-9.259955798507823e-05
primitive_04,high_turnover_cav,additive_steering,0.5,False,167,0.6526946107784432,17.04890873296532,117.13934623124356,400.65936411783366,-0.00018717763873920702,-0.00015706630056226166,407915822.6118599,0.0522667298288964,True,False,False,15.756796945317145,-8.327522207562879e-06,1.2921117876481745,-0.00017885011653164415
primitive_04,high_turnover_cav,additive_steering,1.0,False,167,0.10778443113772455,21.420983439077162,234.27870415784642,1602.6377179722585,-0.000315925316709828,-0.0003328134695792168,676774038.8531564,0.030672089051834675,True,False,False,15.756796945317145,-8.327522207562879e-06,5.664186493760017,-0.00030759779450226514
primitive_04,high_turnover_cav,projection_removal,,False,167,0.7485029940119761,4.7748266203317815,54.161056260148925,287.15577228581475,3.112335928641117e-05,6.675254093974519e-05,23952098.147601012,-0.030659508454977218,True,False,False,15.756796945317145,-8.327522207562879e-06,-10.981970324985364,3.945088149397405e-05
primitive_04,matched_good_patch__primitive_04_to_primitive_00,matched_activation_patch,,False,107,0.6635514018691588,5.424223254774218,1389.6593528729734,369673.67181130324,-0.002505173326132063,-9.694075323159877e-05,548866654.361392,0.041836523188485436,True,False,False,15.756796945317145,-8.327522207562879e-06,-10.332573690542926,-0.0024968458039245
primitive_04,primitive_cav__primitive_02,additive_steering,-1.0,False,167,0.5449101796407185,6.782977609934207,638.8597243988586,14211.906946970317,0.005565329465907529,-0.0012500109522858292,28773331.87720216,-0.05484346932601357,True,False,False,15.756796945317145,-8.327522207562879e-06,-8.973819335382938,0.005573656988115091
primitive_04,primitive_cav__primitive_02,additive_steering,-0.5,False,167,0.6526946107784432,5.722411623258076,319.42987001156376,3552.9764572417666,0.0025440971495485688,-0.0005439760093696774,7141768.976921866,-0.04595105474231047,True,False,False,15.756796945317145,-8.327522207562879e-06,-10.03438532205907,0.002552424671756132
primitive_04,primitive_cav__primitive_02,additive_steering,-0.25,False,167,0.6646706586826348,4.324136831803236,159.71493304132701,888.2440576382025,0.0012125939149645838,-0.00025183269403455244,309813.4736969497,-0.030139678469220128,True,False,False,15.756796945317145,-8.327522207562879e-06,-11.432660113513908,0.0012209214371721466
primitive_04,primitive_cav__primitive_02,additive_steering,0.25,False,167,0.6586826347305389,27.640795444656987,159.71492481802753,888.2441089196119,-0.0010941998365428533,0.0002117740797787768,844184298.3362207,0.014997499391875878,True,False,False,15.756796945317145,-8.327522207562879e-06,11.883998499339842,-0.0010858723143352905
primitive_04,primitive_cav__primitive_02,additive_steering,0.5,False,167,0.6347305389221557,34.56397044837118,319.42986905217884,3552.977196973241,-0.002070628492936007,0.000383778077952753,1104738045.5774884,-0.0367519290896174,True,False,False,15.756796945317145,-8.327522207562879e-06,18.807173503054035,-0.002062300970728444
primitive_04,primitive_cav__primitive_02,additive_steering,1.0,False,167,0.10778443113772455,37.30689936055395,638.8597289673583,14211.907337302933,-0.003673176600779569,0.000609803398094024,1351374422.245195,-0.041604412762457105,True,False,False,15.756796945317145,-8.327522207562879e-06,21.550102415236804,-0.003664849078572006
primitive_04,primitive_cav__primitive_02,projection_removal,,False,167,0.6467065868263473,5.904799693805015,376.62022996020175,7345.922305268252,0.00016859378892722992,5.843342551306801e-05,11976050.03862047,-0.04380910489984278,True,False,False,15.756796945317145,-8.327522207562879e-06,-9.851997251512131,0.00017692131113479278
primitive_04,primitive_cav__primitive_04,additive_steering,-1.0,False,167,0.48502994011976047,18.252659929369738,195.86263850777448,1092.221876863948,-0.0019736411512898907,0.0005481549080309549,155869024.54457986,-0.003427516483206695,True,False,False,15.756796945317145,-8.327522207562879e-06,2.495862984052593,-0.0019653136290823277
primitive_04,primitive_cav__primitive_04,additive_steering,-0.5,False,167,0.6646706586826348,12.904012748224293,97.9313167868974,273.0554413024537,-0.0010297358948727498,0.0002878451268273023,24434971.507331412,0.019005807154490788,True,False,False,15.756796945317145,-8.327522207562879e-06,-2.852784197092852,-0.001021408372665187
primitive_04,primitive_cav__primitive_04,additive_steering,-0.25,False,167,0.7245508982035929,8.007579200460526,48.965655469608876,68.26389844974358,-0.0005256869365349506,0.00014739421943322072,737351.3360937901,0.009043801701523423,True,False,False,15.756796945317145,-8.327522207562879e-06,-7.749217744856619,-0.0005173594143273877
primitive_04,primitive_cav__primitive_04,additive_steering,0.25,False,167,0.718562874251497,7.672403865320954,48.96564761178936,68.26386432305068,0.0005475018645272393,-0.00015439595773495516,35594943.830294766,0.016196358271163138,True,False,False,15.756796945317145,-8.327522207562879e-06,-8.084393079996191,0.0005558293867348023
primitive_04,primitive_cav__primitive_04,additive_steering,0.5,False,167,0.6586826347305389,12.442534761514493,97.9313183401873,273.0554180487901,0.001116992725307287,-0.0003158511805979583,199977067.42143515,-0.006223376654431866,True,False,False,15.756796945317145,-8.327522207562879e-06,-3.3142621838026525,0.0011253202475148497
primitive_04,primitive_cav__primitive_04,additive_steering,1.0,False,167,0.2754491017964072,16.455609151703154,195.8626381879795,1092.2217853112136,0.0023226223503144865,-0.0006601647261257477,417752271.7111221,-0.03264743942938394,True,False,False,15.756796945317145,-8.327522207562879e-06,0.6988122063860089,0.0023309498725220495
primitive_04,primitive_cav__primitive_04,projection_removal,,False,167,0.9161676646706587,1.3338623310099105,37.75909524692033,497.15081899903447,-0.0005644876611708218,0.0001648881115602992,15074780.313688103,0.007955720651362545,True,False,False,15.756796945317145,-8.327522207562879e-06,-14.422934614307234,-0.0005561601389632589
primitive_04,primitive_cav__primitive_05,additive_steering,-1.0,False,167,0.10778443113772455,37.86660527611921,683.7881900079236,16132.325678477031,-0.006490094119487314,0.0003625214965698904,1405631962.728206,-0.030489486535834394,True,False,False,15.756796945317145,-8.327522207562879e-06,22.109808330802064,-0.006481766597279752
primitive_04,primitive_cav__primitive_05,additive_steering,-0.5,False,167,0.5688622754491018,35.06526234585368,341.89410025773645,4033.0815641665886,-0.00348780538147873,0.0002679894592123244,1152464151.9298851,-0.005515232651532416,True,False,False,15.756796945317145,-8.327522207562879e-06,19.308465400536537,-0.003479477859271167
primitive_04,primitive_cav__primitive_05,additive_steering,-0.25,False,167,0.6646706586826348,29.02182403331745,170.94706388005238,1008.2705125637397,-0.001805566019620347,0.0001561415465871387,998906650.5000968,0.008659015755662358,True,False,False,15.756796945317145,-8.327522207562879e-06,13.265027088000306,-0.0017972384974127842
primitive_04,primitive_cav__primitive_05,additive_steering,0.25,False,167,0.6586826347305389,4.191007965517615,170.94704667965095,1008.2702372659467,0.0019307049992737919,-0.0002013248318919049,4638088.819590306,-0.033999197826552606,True,False,False,15.756796945317145,-8.327522207562879e-06,-11.56578897979953,0.0019390325214813547
primitive_04,primitive_cav__primitive_05,additive_steering,0.5,False,167,0.5688622754491018,5.510142660783436,341.894075405098,4033.0808215112743,0.0039882395370271564,-0.000448685837126176,20392087.409841515,-0.050386438213646044,True,False,False,15.756796945317145,-8.327522207562879e-06,-10.246654284533708,0.003996567059234719
primitive_04,primitive_cav__primitive_05,additive_steering,1.0,False,167,0.49700598802395207,6.530701469875382,683.7881892769636,16132.325605746515,0.008489880760326723,-0.0010847178293062864,35928146.25125598,-0.05402585103132427,True,False,False,15.756796945317145,-8.327522207562879e-06,-9.226095475441763,0.008498208282534286
primitive_04,primitive_cav__primitive_05,projection_removal,,False,167,0.5688622754491018,5.419115410058084,431.7402909208914,9266.478630058267,0.0012868065558299187,2.2625086681378148e-05,14104690.40881022,-0.04990738812061012,True,False,False,15.756796945317145,-8.327522207562879e-06,-10.337681535259062,0.0012951340780374815
primitive_05,bad_primitives_cav,additive_steering,-1.0,False,232,0.21982758620689655,5.58465318330403,471.08728803437333,8812.537093326962,-0.016019451673843357,0.0030771026941847305,145734096.3426645,0.006963923667697523,True,False,False,2.612561890625689,5.416429293182191e-06,2.972091292678341,-0.01602486810313654
primitive_05,bad_primitives_cav,additive_steering,-0.5,False,232,0.3448275862068966,4.595242582004646,235.5435975173424,2203.1332578659058,-0.008130677555668849,0.001601381923320553,52614534.55312078,0.005404772385885456,True,False,False,2.612561890625689,5.416429293182191e-06,1.982680691378957,-0.00813609398496203
primitive_05,bad_primitives_cav,additive_steering,-0.25,False,232,0.3448275862068966,3.028966656532781,117.77181689492588,550.7838046386324,-0.004094888313573198,0.000816271353211697,26236516.978469357,0.008229728289246556,True,False,False,2.612561890625689,5.416429293182191e-06,0.41640476590709197,-0.00410030474286638
primitive_05,bad_primitives_cav,additive_steering,0.25,False,232,0.33620689655172414,0.7994668090009484,117.77181802946946,550.7838042686725,0.00415250489729281,-0.0008471311530809578,21070684.62328872,0.0013706514376388825,True,False,False,2.612561890625689,5.416429293182191e-06,-1.8130950816247409,0.004147088467999628
primitive_05,bad_primitives_cav,additive_steering,0.5,False,232,0.3275862068965517,1.2788977245318478,235.5435676574707,2203.134030736726,0.00836106083167264,-0.0017247838891517966,43763410.395896964,0.0005379536342862223,True,False,False,2.612561890625689,5.416429293182191e-06,-1.3336641660938413,0.008355644402379458
primitive_05,bad_primitives_cav,additive_steering,1.0,False,232,0.3146551724137931,1.9175916202366352,471.08727119708885,8812.53699664412,0.016939657752784245,-0.003570115586547605,83509047.16712935,-0.003973366512943532,True,False,False,2.612561890625689,5.416429293182191e-06,-0.6949702703890539,0.016934241323491063
primitive_05,bad_primitives_cav,projection_removal,,False,232,0.2413793103448276,1.7480250173087777,1469.250900437092,109284.2175335473,-0.05525199046169137,0.010942849690336518,282014366.9579047,0.004895316577820173,True,True,False,2.612561890625689,5.416429293182191e-06,-0.8645368733169114,-0.05525740689098456
primitive_05,bad_vs_good_cav,additive_steering,-1.0,False,232,0.20689655172413793,5.696037085277253,530.7688720966207,11346.087909830028,-0.013379209586625133,0.0037775169314687505,157959895.50413722,0.003390165879931785,True,False,False,2.612561890625689,5.416429293182191e-06,3.083475194651564,-0.013384626015918315
primitive_05,bad_vs_good_cav,additive_steering,-0.5,False,232,0.33620689655172414,4.692715777726523,265.38446340889766,2836.5222645463614,-0.006837996913747074,0.0019445694680416267,55023868.734852575,0.008673958107953635,True,False,False,2.612561890625689,5.416429293182191e-06,2.080153887100834,-0.006843413343040256
primitive_05,bad_vs_good_cav,additive_steering,-0.25,False,232,0.33620689655172414,3.1345726205999482,132.69233552340805,709.1312700468918,-0.003455360142765762,0.000986019078851081,17144948.68962023,0.005006103102316978,True,False,False,2.612561890625689,5.416429293182191e-06,0.5220107299742591,-0.003460776572058944
primitive_05,bad_vs_good_cav,additive_steering,0.25,False,232,0.33620689655172414,0.9295704501905832,132.69230732424506,709.1314179979522,0.0035265089703636096,-0.0010130132821135555,23031692.122288667,-0.0017734100186661914,True,False,False,2.612561890625689,5.416429293182191e-06,-1.682991440435106,0.0035210925410704276
primitive_05,bad_vs_good_cav,additive_steering,0.5,False,232,0.3275862068965517,1.2922010151990528,265.3844736691179,2836.5234188211375,0.007122512559653333,-0.0020525166477270507,45000060.037114754,-0.007342757365724902,True,False,False,2.612561890625689,5.416429293182191e-06,-1.3203608754266363,0.007117096130360151
primitive_05,bad_vs_good_cav,additive_steering,1.0,False,232,0.3103448275862069,1.7041458329506989,530.7689186622357,11346.09081820784,0.014515999168258168,-0.004208832104956217,63478500.49868907,-0.011562299977701498,True,False,False,2.612561890625689,5.416429293182191e-06,-0.9084160576749902,0.014510582738964986
primitive_05,bad_vs_good_cav,projection_removal,,False,232,0.23275862068965517,1.8835260094753628,1419.6269363899683,100396.91674598728,-0.04169223432882592,0.012162357886089978,223774067.42307207,-0.004453610431768077,True,True,False,2.612561890625689,5.416429293182191e-06,-0.7290358811503264,-0.041697650758119105
primitive_05,centroid_to_good__bad_to_primitive_00,additive_steering,-1.0,False,232,0.2025862068965517,1.345236464821059,1196.8686331387223,62640.19755212192,0.006385515064536043,-0.0016083216182426043,65563775.16694095,-0.0014734573418981804,True,False,False,2.612561890625689,5.416429293182191e-06,-1.26732542580463,0.006380098635242861
primitive_05,centroid_to_good__bad_to_primitive_00,additive_steering,-0.5,False,232,0.22413793103448276,0.9894304658318388,598.4343532693797,15660.054319118632,0.0031568110551429053,-0.0007898308497748111,25809450.373743564,0.002258399215438195,True,False,False,2.612561890625689,5.416429293182191e-06,-1.6231314247938502,0.0031513946258497232
primitive_05,centroid_to_good__bad_to_primitive_00,additive_steering,-0.25,False,232,0.34051724137931033,0.6979269148332292,299.21713128583184,3915.0125982843597,0.001569352026005083,-0.00039131704343754725,15422081.746884476,0.0007067602488328392,True,False,False,2.612561890625689,5.416429293182191e-06,-1.91463497579246,0.0015639355967119008
primitive_05,centroid_to_good__bad_to_primitive_00,additive_steering,0.25,False,232,0.3706896551724138,5.243865403635748,299.21720335401335,3915.013728717278,-0.0015511180582542339,0.0003840910393564719,3476301.3441295214,-0.0016246266992271242,True,False,False,2.612561890625689,5.416429293182191e-06,2.6313035130100593,-0.0015565344875474161
primitive_05,centroid_to_good__bad_to_primitive_00,additive_steering,0.5,False,232,0.25,6.203368412009601,598.4343850694854,15660.05289597347,-0.003083880629256852,0.000760928861015792,57882234.19158993,-0.002383052434959718,True,False,False,2.612561890625689,5.416429293182191e-06,3.5908065213839118,-0.003089297058550034
primitive_05,centroid_to_good__bad_to_primitive_00,additive_steering,1.0,False,232,0.23275862068965517,7.154573231164751,1196.8687023952089,62640.206059422984,-0.006093880455861505,0.0014927460947992118,328755611.1966287,-0.0007589118189724936,True,False,False,2.612561890625689,5.416429293182191e-06,4.542011340539062,-0.006099296885154687
primitive_05,centroid_to_good__bad_to_primitive_00,projection_removal,,False,232,0.07758620689655173,6.638772365861926,8651.229148305696,3997137.0914439694,-0.0523000442328405,0.011791192098389362,2155298101.9120646,-0.008106694331314907,True,True,False,2.612561890625689,5.416429293182191e-06,4.026210475236237,-0.052305460662133686
primitive_05,centroid_to_good__primitive_02_to_primitive_00,additive_steering,-1.0,False,232,0.4051724137931034,0.44008896596215924,111.98914130802812,534.6730029685743,-0.0001788727154398888,0.00030000266597314404,2742431.3242810853,0.0035448716152152145,True,False,False,2.612561890625689,5.416429293182191e-06,-2.1724729246635297,-0.00018428914473307098
primitive_05,centroid_to_good__primitive_02_to_primitive_00,additive_steering,-0.5,False,232,0.44396551724137934,0.2850938007428214,55.99463172205563,133.66856647102998,-9.200572536832995e-05,0.00015081131044633234,835302.325032218,0.0010437241698595208,True,False,False,2.612561890625689,5.416429293182191e-06,-2.327468089882868,-9.742215466151214e-05
primitive_05,centroid_to_good__primitive_02_to_primitive_00,additive_steering,-0.25,False,232,0.4525862068965517,0.18026036961839118,27.99732077532801,33.4173026318694,-4.664664810694459e-05,7.560833984089117e-05,475910.97036888596,0.00022493924389591462,True,False,False,2.612561890625689,5.416429293182191e-06,-2.432301521007298,-5.206307740012678e-05
primitive_05,centroid_to_good__primitive_02_to_primitive_00,additive_steering,0.25,False,232,0.45689655172413796,0.6808367398535383,27.99732594654478,33.41721494290336,4.7937094219007405e-05,-7.601408374962843e-05,279452.98851481086,-0.0024669229797317925,True,False,False,2.612561890625689,5.416429293182191e-06,-1.931725150772151,4.2520664925825215e-05
primitive_05,centroid_to_good__primitive_02_to_primitive_00,additive_steering,0.5,False,232,0.4525862068965517,1.2702541075775335,55.99465927173351,133.66858632451502,9.71675002417611e-05,-0.00015243428136830142,559333.2806551624,-0.003028246951767395,True,False,False,2.612561890625689,5.416429293182191e-06,-1.3423077830481556,9.17510709485789e-05
primitive_05,centroid_to_good__primitive_02_to_primitive_00,additive_steering,1.0,False,232,0.3232758620689655,2.6564031652142774,111.98913994328728,534.6726659330828,0.00019951966173144815,-0.0003064944742526992,4957355.648599605,0.002890587493771135,True,False,False,2.612561890625689,5.416429293182191e-06,0.04384127458858833,0.00019410323243826595
primitive_05,centroid_to_good__primitive_02_to_primitive_00,projection_removal,,False,232,0.4482758620689655,0.09587056618504997,92.60503710247576,543.2708803160068,-5.054655411849627e-05,-0.00021029400055442175,2243221.5713262483,-0.0007388941970644764,True,False,False,2.612561890625689,5.416429293182191e-06,-2.516691324440639,-5.596298341167846e-05
primitive_05,centroid_to_good__primitive_04_to_primitive_00,additive_steering,-1.0,False,232,0.1810344827586207,1.2701929322090642,1110.7368177874334,53830.86132075869,0.0070574569324601995,-0.0018436553086241384,60358580.08887383,0.006725311286677218,True,False,False,2.612561890625689,5.416429293182191e-06,-1.342368958416625,0.0070520405031670175
primitive_05,centroid_to_good__primitive_04_to_primitive_00,additive_steering,-0.5,False,232,0.22413793103448276,0.956991653632501,555.3684462514417,13457.717181172864,0.0034914597719081014,-0.0009067445458127171,31579104.168670125,0.00645545953009349,True,False,False,2.612561890625689,5.416429293182191e-06,-1.6555702369931882,0.0034860433426149194
primitive_05,centroid_to_good__primitive_04_to_primitive_00,additive_steering,-0.25,False,232,0.34051724137931033,0.6451392316355787,277.6841252425621,3364.4273896217346,0.0017363025473805293,-0.0004495707211856014,13013296.691220589,0.0026785557390053326,True,False,False,2.612561890625689,5.416429293182191e-06,-1.9674226589901105,0.001730886118087347
primitive_05,centroid_to_good__primitive_04_to_primitive_00,additive_steering,0.25,False,232,0.35344827586206895,5.08288569799785,277.6842006979318,3364.429631890922,-0.0017172343692907108,0.0004419087733959945,10736168.57635382,0.0001423621699472376,True,False,False,2.612561890625689,5.416429293182191e-06,2.4703238073721607,-0.001722650798583893
primitive_05,centroid_to_good__primitive_04_to_primitive_00,additive_steering,0.5,False,232,0.23706896551724138,6.0948662837517675,555.368394489946,13457.713707891004,-0.003415192593850814,0.0008760989356446924,68962946.19741535,-0.0031079057292583835,True,False,False,2.612561890625689,5.416429293182191e-06,3.4823043931260784,-0.003420609023143996
primitive_05,centroid_to_good__primitive_04_to_primitive_00,additive_steering,1.0,False,232,0.2025862068965517,7.157375652471493,1110.736826140305,53830.85815008755,-0.006752476739803946,0.0017211077527475391,324874589.6711063,-0.0021796984837420363,True,False,False,2.612561890625689,5.416429293182191e-06,4.544813761845804,-0.006757893169097128
primitive_05,centroid_to_good__primitive_04_to_primitive_00,projection_removal,,False,232,0.08189655172413793,6.09064435907479,7898.454607727199,3501302.5174052254,-0.05521613123638838,0.013058400939750808,2027748589.6211488,0.0010608580312515372,True,True,False,2.612561890625689,5.416429293182191e-06,3.4780824684491005,-0.05522154766568157
primitive_05,centroid_to_good__primitive_05_to_primitive_00,additive_steering,-1.0,False,232,0.2025862068965517,1.3540900126099586,1205.0468590835046,63520.47521551724,0.006439680244762873,-0.001640077446776147,65839080.29530187,-0.002242000649991348,True,False,False,2.612561890625689,5.416429293182191e-06,-1.2584718780157305,0.006434263815469691
primitive_05,centroid_to_good__primitive_05_to_primitive_00,additive_steering,-0.5,False,232,0.22413793103448276,0.9960548767241938,602.5234289169312,15880.121001473788,0.003184016245951878,-0.0008057940426928978,25972540.761569433,0.0019876157935449254,True,False,False,2.612561890625689,5.416429293182191e-06,-1.6165070139014954,0.003178599816658696
primitive_05,centroid_to_good__primitive_05_to_primitive_00,additive_steering,-0.25,False,232,0.34051724137931033,0.7028701683699057,301.2616853713989,3970.0292075091393,0.0015829835962917953,-0.000399319143373231,15545817.908639796,0.0005890018016942844,True,False,False,2.612561890625689,5.416429293182191e-06,-1.9096917222557834,0.001577567166998613
primitive_05,centroid_to_good__primitive_05_to_primitive_00,additive_steering,0.25,False,232,0.3706896551724138,5.255491031911866,301.26167520983466,3970.0272717311464,-0.0015648042033211856,0.00039213250289875194,3490320.514993849,-0.0016826556718721277,True,False,False,2.612561890625689,5.416429293182191e-06,2.642929141286177,-0.0015702206326143678
primitive_05,centroid_to_good__primitive_05_to_primitive_00,additive_steering,0.5,False,232,0.25,6.209973254080476,602.5233946504264,15880.117508723819,-0.0031113041018719294,0.0007770495006414844,57058874.13219585,-0.002444136994165672,True,False,False,2.612561890625689,5.416429293182191e-06,3.5974113634547873,-0.0031167205311651114
primitive_05,centroid_to_good__primitive_05_to_primitive_00,additive_steering,1.0,False,232,0.23275862068965517,7.1471460415371535,1205.0468813797522,63520.47770743535,-0.006148918486277724,0.0015251315866492876,329879030.2921579,-0.0008384034010517333,True,False,False,2.612561890625689,5.416429293182191e-06,4.534584150911464,-0.0061543349155709064
primitive_05,centroid_to_good__primitive_05_to_primitive_00,projection_removal,,False,232,0.07758620689655173,6.704974806899655,8737.696838259697,4067770.6077469196,-0.05293832356056299,0.012121907656684926,2168365301.9418087,-0.007462417264342765,True,True,False,2.612561890625689,5.416429293182191e-06,4.0924129162739655,-0.05294373998985617
primitive_05,drawdown_stress_cav,additive_steering,-1.0,False,232,0.30603448275862066,2.035038302941569,400.5244115961009,6277.602754264042,0.015524511626358633,-0.003097213822631844,88005557.23364699,-0.007658533261907025,True,False,False,2.612561890625689,5.416429293182191e-06,-0.5775235876841203,0.015519095197065451
primitive_05,drawdown_stress_cav,additive_steering,-0.5,False,232,0.31896551724137934,1.4425576195634644,200.26225440255527,1569.401321016509,0.007673284256039318,-0.0014964641204509622,50540264.94175816,-0.003479206635251624,True,False,False,2.612561890625689,5.416429293182191e-06,-1.1700042710622247,0.007667867826746136
primitive_05,drawdown_stress_cav,additive_steering,-0.25,False,232,0.35344827586206895,0.9335660803741936,100.13116457544524,392.35059181575116,0.0038137727590335014,-0.0007350560553931087,19761362.076255035,-0.0025971502359781063,True,False,False,2.612561890625689,5.416429293182191e-06,-1.6789958102514955,0.0038083563297403194
primitive_05,drawdown_stress_cav,additive_steering,0.25,False,232,0.36637931034482757,2.6157769167731546,100.13120484352112,392.3507832823129,-0.0037668512904434196,0.0007084568402315845,27943106.68263726,0.012124833082598324,True,False,False,2.612561890625689,5.416429293182191e-06,0.003215026147465494,-0.0037722677197366016
primitive_05,drawdown_stress_cav,additive_steering,0.5,False,232,0.33189655172413796,4.384085853102392,200.26221883708033,1569.400589515423,-0.0074856557859747045,0.001390094035947181,47550227.01267825,0.014926801450175036,True,False,False,2.612561890625689,5.416429293182191e-06,1.771523962476703,-0.0074910722152678865
primitive_05,drawdown_stress_cav,additive_steering,1.0,False,232,0.21551724137931033,5.374804107022697,400.5243657539631,6277.60085204552,-0.014774915104796872,0.002672161442316454,106132195.5508949,0.01284169156634697,True,False,False,2.612561890625689,5.416429293182191e-06,2.7622422163970075,-0.014780331534090054
primitive_05,drawdown_stress_cav,projection_removal,,False,232,0.2413793103448276,1.6968191009143303,1110.7901185052149,64387.89105563945,-0.04660499522599654,0.00910673008854363,212041579.6341842,0.003797548465668877,True,True,False,2.612561890625689,5.416429293182191e-06,-0.9157427897113588,-0.04661041165528972
primitive_05,high_action_change_cav,additive_steering,-1.0,False,232,0.3232758620689655,3.0288088506665725,207.40053213053736,1278.6882336057465,0.0030898301339019156,-0.0006672311488589675,101284599.56092505,-0.010238470747693098,True,False,False,2.612561890625689,5.416429293182191e-06,0.41624696004088335,0.0030844137046087336
primitive_05,high_action_change_cav,additive_steering,-0.5,False,232,0.33189655172413796,2.243964044441437,103.70035834148013,319.672104605313,0.0015139160697203522,-0.0003227145958747081,57856143.37974193,0.005355105522319944,True,False,False,2.612561890625689,5.416429293182191e-06,-0.3685978461842523,0.00150849964042717
primitive_05,high_action_change_cav,additive_steering,-0.25,False,232,0.3448275862068966,1.348359208425571,51.850169995735435,79.91805701420225,0.000749179493365667,-0.00015862722408197492,26229862.565667123,0.0016256505773071383,True,False,False,2.612561890625689,5.416429293182191e-06,-1.264202682200118,0.0007437630640724848
primitive_05,high_action_change_cav,additive_steering,0.25,False,232,0.34913793103448276,1.6741377469794503,51.85019734810139,79.9182282398487,-0.0007335680701917741,0.00015315855482865313,14017108.385174768,0.014901210907947255,True,False,False,2.612561890625689,5.416429293182191e-06,-0.9384241436462388,-0.0007389844994849564
primitive_05,high_action_change_cav,additive_steering,0.5,False,232,0.33620689655172414,2.6749281151027513,103.70028974269998,319.67202528591815,-0.0014514729773874877,0.00030084082706468776,48266592.845573254,0.017009098159820473,True,False,False,2.612561890625689,5.416429293182191e-06,0.06236622447706219,-0.0014568894066806699
primitive_05,high_action_change_cav,additive_steering,1.0,False,232,0.22844827586206898,3.652203540863662,207.400507729629,1278.6886993934368,-0.0028400993627016352,0.0005797506022693508,108304220.09842302,0.004309180691961938,True,False,False,2.612561890625689,5.416429293182191e-06,1.0396416502379728,-0.0028455157919948172
primitive_05,high_action_change_cav,projection_removal,,False,232,0.3232758620689655,1.1139923596176609,290.1201336702396,4105.26830910588,-0.004996139236926349,0.0012717053614265102,108047676.19124624,0.001999363958739818,True,False,False,2.612561890625689,5.416429293182191e-06,-1.4985695310080283,-0.005001555666219531
primitive_05,high_concentration_cav,additive_steering,-1.0,False,232,0.3146551724137931,1.8220486836186771,407.37511506573907,6719.317605511896,0.004948198436582014,-0.0027524562286276723,66915101.666761294,-0.0071276966963785575,True,False,False,2.612561890625689,5.416429293182191e-06,-0.790513207007012,0.004942782007288832
primitive_05,high_concentration_cav,additive_steering,-0.5,False,232,0.33189655172413796,1.358888705614312,203.68758939874584,1679.8294943776623,0.002418553686988957,-0.001362066896216517,43200580.667340666,-0.0036808373713775916,True,False,False,2.612561890625689,5.416429293182191e-06,-1.2536731850113771,0.002413137257695775
primitive_05,high_concentration_cav,additive_steering,-0.25,False,232,0.36637931034482757,0.8515902775628813,101.84377388296456,419.9572420038026,0.0011952242450243152,-0.0006774107953096008,20881933.35949754,-0.0007613825821533498,True,False,False,2.612561890625689,5.416429293182191e-06,-1.7609716130628077,0.001189807815731133
primitive_05,high_concentration_cav,additive_steering,0.25,False,232,0.36637931034482757,2.13559723619757,101.84381666676751,419.95752282800345,-0.001166794861001028,0.0006700021842431669,4483401.197035046,-0.0011480668234122705,True,False,False,2.612561890625689,5.416429293182191e-06,-0.476964654428119,-0.0011722112902942102
primitive_05,high_concentration_cav,additive_steering,0.5,False,232,0.3275862068965517,3.8090238715040274,203.6876167264478,1679.830953236284,-0.002304842969493556,0.0013324336640504605,32507737.025514055,0.0025333891656808437,True,False,False,2.612561890625689,5.416429293182191e-06,1.1964619808783383,-0.002310259398786738
primitive_05,high_concentration_cav,additive_steering,1.0,False,232,0.21551724137931033,5.349406328437658,407.37510092505096,6719.316457682642,-0.004493464643029246,0.002633942693558867,112666749.19670597,0.0029047782401167748,True,False,False,2.612561890625689,5.416429293182191e-06,2.7368444378119685,-0.004498881072322428
primitive_05,high_concentration_cav,projection_removal,,False,232,0.2974137931034483,1.4037538278719475,707.2353497291433,26730.789609912237,-0.01113929473369033,0.005711951386833608,188102323.70915025,-0.00015630948929176906,True,False,False,2.612561890625689,5.416429293182191e-06,-1.2088080627537416,-0.011144711162983512
primitive_05,high_turnover_cav,additive_steering,-1.0,False,232,0.3232758620689655,3.0288088506665725,207.40053213053736,1278.6882336057465,0.0030898301339019156,-0.0006672311488589675,101284599.56092505,-0.010238470747693098,True,False,False,2.612561890625689,5.416429293182191e-06,0.41624696004088335,0.0030844137046087336
primitive_05,high_turnover_cav,additive_steering,-0.5,False,232,0.33189655172413796,2.243964044441437,103.70035834148013,319.672104605313,0.0015139160697203522,-0.0003227145958747081,57856143.37974193,0.005355105522319944,True,False,False,2.612561890625689,5.416429293182191e-06,-0.3685978461842523,0.00150849964042717
primitive_05,high_turnover_cav,additive_steering,-0.25,False,232,0.3448275862068966,1.348359208425571,51.850169995735435,79.91805701420225,0.000749179493365667,-0.00015862722408197492,26229862.565667123,0.0016256505773071383,True,False,False,2.612561890625689,5.416429293182191e-06,-1.264202682200118,0.0007437630640724848
primitive_05,high_turnover_cav,additive_steering,0.25,False,232,0.34913793103448276,1.6741377469794503,51.85019734810139,79.9182282398487,-0.0007335680701917741,0.00015315855482865313,14017108.385174768,0.014901210907947255,True,False,False,2.612561890625689,5.416429293182191e-06,-0.9384241436462388,-0.0007389844994849564
primitive_05,high_turnover_cav,additive_steering,0.5,False,232,0.33620689655172414,2.6749281151027513,103.70028974269998,319.67202528591815,-0.0014514729773874877,0.00030084082706468776,48266592.845573254,0.017009098159820473,True,False,False,2.612561890625689,5.416429293182191e-06,0.06236622447706219,-0.0014568894066806699
primitive_05,high_turnover_cav,additive_steering,1.0,False,232,0.22844827586206898,3.652203540863662,207.400507729629,1278.6886993934368,-0.0028400993627016352,0.0005797506022693508,108304220.09842302,0.004309180691961938,True,False,False,2.612561890625689,5.416429293182191e-06,1.0396416502379728,-0.0028455157919948172
primitive_05,high_turnover_cav,projection_removal,,False,232,0.3232758620689655,1.1139923596176609,290.1201336702396,4105.26830910588,-0.004996139236926349,0.0012717053614265102,108047676.19124624,0.001999363958739818,True,False,False,2.612561890625689,5.416429293182191e-06,-1.4985695310080283,-0.005001555666219531
primitive_05,matched_good_patch__primitive_05_to_primitive_00,matched_activation_patch,,False,139,0.18705035971223022,9.113786113347938,12228.3425638487,7570925.761852644,-0.0548420525660683,0.012684297032912057,3052580203.742957,0.11197936768536493,True,True,False,2.612561890625689,5.416429293182191e-06,6.501224222722249,-0.054847468995361484
primitive_05,primitive_cav__primitive_02,additive_steering,-1.0,False,232,0.3146551724137931,1.9415646408652436,523.017054524915,10877.545498815076,0.013051692021198859,-0.004003919006831855,86939817.6454044,-0.002818519625484229,True,False,False,2.612561890625689,5.416429293182191e-06,-0.6709972497604455,0.013046275591905677
primitive_05,primitive_cav__primitive_02,additive_steering,-0.5,False,232,0.3275862068965517,1.3652266294791782,261.50848036798936,2719.384730635018,0.00633444412360686,-0.0019335306750219456,46087091.57303855,0.00036317419794374735,True,False,False,2.612561890625689,5.416429293182191e-06,-1.247335261146511,0.006329027694313678
primitive_05,primitive_cav__primitive_02,additive_steering,-0.25,False,232,0.33620689655172414,0.9121422420801788,130.75423173246713,679.8465149320405,0.0031182930600853103,-0.0009493063057157005,29333065.314397242,0.0011205299283920621,True,False,False,2.612561890625689,5.416429293182191e-06,-1.7004196485455103,0.0031128766307921283
primitive_05,primitive_cav__primitive_02,additive_steering,0.25,False,232,0.3448275862068966,3.0981881775218865,130.75422147224688,679.846368247065,-0.003018423112236735,0.0009137369561584329,24312724.133631915,0.0040971147606510576,True,False,False,2.612561890625689,5.416429293182191e-06,0.48562628689619736,-0.003023839541529917
primitive_05,primitive_cav__primitive_02,additive_steering,0.5,False,232,0.33189655172413796,4.76199105433349,261.508466819237,2719.3852345039104,-0.005935083686462211,0.0017912962509396319,45222125.15848477,0.003063020157243913,True,False,False,2.612561890625689,5.416429293182191e-06,2.1494291637078007,-0.005940500115755393
primitive_05,primitive_cav__primitive_02,additive_steering,1.0,False,232,0.22413793103448276,5.73146426292329,523.017065574383,10877.545323865166,-0.011456157356779096,0.0034356679725233374,146272741.8981724,0.0047571023189414505,True,False,False,2.612561890625689,5.416429293182191e-06,3.118902372297601,-0.011461573786072278
primitive_05,primitive_cav__primitive_02,projection_removal,,False,232,0.24568965517241378,2.245502837773027,1618.0565570633987,129931.5424680345,-0.04007782188849142,0.012211009666932794,341880664.6382879,0.006727822600353539,True,True,False,2.612561890625689,5.416429293182191e-06,-0.36705905285266205,-0.040083238317784604
primitive_05,primitive_cav__primitive_04,additive_steering,-1.0,False,232,0.25,3.057812270933184,180.92398844094112,941.5429995306607,-0.001517800000051775,0.0004482703784677841,117590689.28554516,0.002879788826393129,True,False,False,2.612561890625689,5.416429293182191e-06,0.445250380307495,-0.0015232164293449571
primitive_05,primitive_cav__primitive_04,additive_steering,-0.5,False,232,0.33189655172413796,2.1925544158138077,90.46200341191785,235.38593571761558,-0.0007942194856160882,0.0002358508578642813,60495895.22464097,0.006518264090214137,True,False,False,2.612561890625689,5.416429293182191e-06,-0.4200074748118814,-0.0007996359149092705
primitive_05,primitive_cav__primitive_04,additive_steering,-0.25,False,232,0.38362068965517243,1.420886207757325,45.23100005347153,58.84643080316741,-0.00040602116988710575,0.00012088181270675761,12254188.767017383,0.006007722592920193,True,False,False,2.612561890625689,5.416429293182191e-06,-1.1916756828683641,-0.0004114375991802879
primitive_05,primitive_cav__primitive_04,additive_steering,0.25,False,232,0.3922413793103448,1.4065888944114078,45.231123702279454,58.846656774652416,0.00042400494200017314,-0.0001268488054027599,18145162.77046884,0.008214902536858621,True,False,False,2.612561890625689,5.416429293182191e-06,-1.2059729962142813,0.00041858851270699097
primitive_05,primitive_cav__primitive_04,additive_steering,0.5,False,232,0.34051724137931033,2.3694830238819122,90.46206564738833,235.3860646280749,0.0008661526709007752,-0.0002597182130179819,41066373.52563829,0.014549099205849271,True,False,False,2.612561890625689,5.416429293182191e-06,-0.24307886674377688,0.000860736241607593
primitive_05,primitive_cav__primitive_04,additive_steering,1.0,False,232,0.22413793103448276,3.118259773557556,180.92409045120766,941.5438492873619,0.001805502272790065,-0.00054372994302969,88900671.52888922,0.00853812073892064,True,False,False,2.612561890625689,5.416429293182191e-06,0.5056978829318668,0.0018000858434968827
primitive_05,primitive_cav__primitive_04,projection_removal,,False,232,0.3922413793103448,0.37702431261603686,124.58954657228857,846.1380816617076,0.00015599753566454593,-4.303573572086892e-05,51555716.78672012,0.0008078662650374915,True,False,False,2.612561890625689,5.416429293182191e-06,-2.2355375780096525,0.00015058110637136373
primitive_05,primitive_cav__primitive_05,additive_steering,-1.0,False,232,0.22413793103448276,5.937716257726324,563.8947807180471,12742.897137609021,-0.014800994448256633,0.0035226878553352727,152797683.2522758,0.0062125952281138,True,False,False,2.612561890625689,5.416429293182191e-06,3.3251543671006347,-0.014806410877549815
primitive_05,primitive_cav__primitive_05,additive_steering,-0.5,False,232,0.33189655172413796,4.905425094421311,281.94741702901905,3185.725136000535,-0.007629605460029205,0.0018520554932019097,40158313.17568748,0.004688111327740914,True,False,False,2.612561890625689,5.416429293182191e-06,2.292863203795622,-0.007635021889322387
primitive_05,primitive_cav__primitive_05,additive_steering,-0.25,False,232,0.34051724137931033,3.496541374587807,140.9736885695622,796.4313556572487,-0.0038713040873321948,0.0009485540379207776,24139587.480121233,0.0039669027564286485,True,False,False,2.612561890625689,5.416429293182191e-06,0.883979483962118,-0.0038767205166253768
primitive_05,primitive_cav__primitive_05,additive_steering,0.25,False,232,0.33189655172413796,0.9270573929594509,140.97369121683056,796.4309012643222,0.00398249680263041,-0.000993207259535223,26426030.901529543,0.00019842885405836868,True,False,False,2.612561890625689,5.416429293182191e-06,-1.6855044976662383,0.003977080373337228
primitive_05,primitive_cav__primitive_05,additive_steering,0.5,False,232,0.3232758620689655,1.3476928559228265,281.9473810195923,3185.7240187546304,0.008074169095901099,-0.002030590571678893,54304721.922658615,-0.0008709854520160899,True,False,False,2.612561890625689,5.416429293182191e-06,-1.2648690347028626,0.008068752666607917
primitive_05,primitive_cav__primitive_05,additive_steering,1.0,False,232,0.3103448275862069,1.8323193009428937,563.8947757194782,12742.898518003267,0.016575939766030934,-0.004235585491197447,76396470.00033532,-0.002997345000897289,True,False,False,2.612561890625689,5.416429293182191e-06,-0.7802425896827954,0.016570523336737752
primitive_05,primitive_cav__primitive_05,projection_removal,,False,232,0.21551724137931033,2.4527910994044664,2035.8431308721674,204503.9348750762,-0.055914097528694966,0.012852538123566404,371649183.42364436,0.011023091823912626,True,True,False,2.612561890625689,5.416429293182191e-06,-0.15977079122122273,-0.05591951395798815
