run_key,model_name,feature_set,fold_id,seed,n_features,generalization_ratio,retention_ratio,selected_artifact_type,train_sharpe,train_return_pct,train_max_drawdown,train_turnover,validation_sharpe,validation_return_pct,validation_max_drawdown,validation_turnover,test_sharpe,test_return_pct,test_max_drawdown,test_turnover,regime,regime_mean_return,n_days,regime_sharpe,feature_family,is_negative_control,feature_set_description,selection_rule
base__fold_01__seed42,custom_custom,base,fold_01,42,9,3.0521428450929844,0.5234549114944643,checkpoint,0.8042052419300443,87.74803371580524,-0.1518342986215964,0.6453851492019431,2.4545492751430573,9.240472432153137,-0.0386396753910412,13.03225806451613,1.2848458735788106,5.1164358552156175,-0.0818367068957827,13.098360655737704,0.0,0.0003088968900701,45,0.3974399032421848,technical_base,False,"Prices, returns, and baseline technical risk features.",checkpoint_generalization_score
base__fold_01__seed123,custom_custom,base,fold_01,123,9,2.302029436407099,1.0957031647980362,best_model,0.8488260102213642,104.17320277569765,-0.1735531398783121,0.4510756419153365,1.9540224619175732,7.013443754450188,-0.0431598728622921,10.483870967741936,2.1410285956095354,9.45845156898346,-0.063539205304399,10.655737704918034,0.0,0.0012601553539366,45,1.542110833866435,technical_base,False,"Prices, returns, and baseline technical risk features.",checkpoint_generalization_score
base__fold_01__seed999,custom_custom,base,fold_01,999,9,2.1411334685810792,0.9970279961797256,checkpoint,1.0034933812973248,119.91908268406463,-0.1557862415104148,0.5551700208188758,2.1486132641952964,7.918104251944746,-0.0381133761725402,12.903225806451612,2.142227577365816,8.191041631993045,-0.048194871759243,13.114754098360656,0.0,0.0011611867301252,45,1.6159770864637175,technical_base,False,"Prices, returns, and baseline technical risk features.",checkpoint_generalization_score
base__fold_02__seed42,custom_custom,base,fold_02,42,9,1.175299766626629,-0.8090519630290903,checkpoint,1.0674184193721274,169.18090292594647,-0.1827922882324156,0.4543130990415335,1.2545366191810263,3.409698993580479,-0.0394030366721344,7.8125,-1.0149853144402878,-2.303128655782693,-0.0461613027959908,7.936507936507937,0.0,-0.0001619411740597,3,-6.903420609130432,technical_base,False,"Prices, returns, and baseline technical risk features.",checkpoint_generalization_score
base__fold_02__seed123,custom_custom,base,fold_02,123,9,0.6625839362475001,-1.0091452771162774,checkpoint,1.0740442746138164,158.48149678642122,-0.1627760672395107,0.7041533546325879,0.7116444831777134,1.8616614529625155,-0.0392949542371154,13.578125,-0.7181526691846436,-1.7211117453540423,-0.0487594864731779,13.634920634920634,0.0,-0.000117273193308,3,-3.472352266172454,technical_base,False,"Prices, returns, and baseline technical risk features.",checkpoint_generalization_score
base__fold_02__seed999,custom_custom,base,fold_02,999,9,0.8023329940146412,-0.0347234654512307,checkpoint,0.976583814573886,140.21141966527782,-0.184880698840179,3.198083067092652,0.7835454158533052,2.0323039036294954,-0.0361094176665292,28.921875,-0.0272074121768524,-0.1546095378566314,-0.0400691807596002,29.23809523809524,0.0,0.0001049398639222,3,3.940005709714421,technical_base,False,"Prices, returns, and baseline technical risk features.",checkpoint_generalization_score
base__fold_03__seed42,custom_custom,base,fold_03,42,9,6.403433147478502,0.3961793172779653,checkpoint,0.7462213860821061,107.71075648263668,-0.2196714413981711,0.2658003544004725,4.778378758995511,11.27853798478966,-0.0228171104489397,7.258064516129032,1.8930948344343728,3.7492728590675872,-0.0375990511754791,7.377049180327869,1.0,0.0006067447132987,62,1.877765879038724,technical_base,False,"Prices, returns, and baseline technical risk features.",checkpoint_generalization_score
base__fold_03__seed123,custom_custom,base,fold_03,123,9,6.102443776092617,0.3435080645995031,checkpoint,0.860556764768193,139.79400656899458,-0.1897214099849528,0.6101594802126403,5.2514992731340575,16.025328573159815,-0.0253425348753807,12.580645161290322,1.8039323515599777,3.7423435323915566,-0.0396578996510482,12.540983606557376,1.0,0.000606994004866,62,1.7893253714706294,technical_base,False,"Prices, returns, and baseline technical risk features.",checkpoint_generalization_score
base__fold_03__seed999,custom_custom,base,fold_03,999,9,5.76964069601296,0.365429655171465,best_model,0.8538520140327097,126.04891325189396,-0.1764595557521129,0.3248670998227997,4.926419328535751,9.397086500010476,-0.0123003249199513,8.870967741935484,1.8002597164568597,3.002633126435117,-0.0273033283541858,9.01639344262295,1.0,0.0004864605553738,62,1.785682474793002,technical_base,False,"Prices, returns, and baseline technical risk features.",checkpoint_generalization_score
base__fold_04__seed42,custom_custom,base,fold_04,42,9,3.3704538124934094,0.5266932608560052,checkpoint,1.1369672951044187,188.2172117174453,-0.1389482745418111,0.3577325261419923,3.832095754465007,5.795696241288351,-0.0129954270898671,10.317460317460318,2.018339008831628,3.059658552664924,-0.0156078246128971,10.317460317460318,1.0,0.0004780813315814,64,2.0025086545459065,technical_base,False,"Prices, returns, and baseline technical risk features.",checkpoint_generalization_score
base__fold_04__seed123,custom_custom,base,fold_04,123,9,4.34218045598267,1.2085471822161504,checkpoint,1.0236953905182524,206.2043907500233,-0.1962014589687191,0.5575123830489819,4.445070117587903,8.40964312634842,-0.0161048559250198,11.11111111111111,5.372076965364073,10.636915795837032,-0.017988028785828,11.11111111111111,1.0,0.0015917295508086,64,5.329942377844458,technical_base,False,"Prices, returns, and baseline technical risk features.",checkpoint_generalization_score
base__fold_04__seed999,custom_custom,base,fold_04,999,9,4.332125839402459,0.9946028541576856,best_model,1.0695173585432487,189.7917074340438,-0.1774981872766299,0.593285635663181,4.633283784634672,7.757708288925724,-0.0143287578563842,15.253968253968257,4.608277276320169,7.937145518267852,-0.0142015870051714,14.38095238095238,1.0,0.0012027062464764,64,4.572133367089967,technical_base,False,"Prices, returns, and baseline technical risk features.",checkpoint_generalization_score
base__fold_05__seed42,custom_custom,base,fold_05,42,9,7.946590709714048,-0.1116448317670551,checkpoint,1.0087123800010838,187.15344972194129,-0.159510298988056,0.4408436213991769,8.01582442769016,11.820770603435538,-0.0070099488844448,12.14516129032258,-0.8949253697037188,-5.127599900473568,-0.1048550364151484,12.65,0.0,-0.0015693430197611,40,-1.5003024587978426,technical_base,False,"Prices, returns, and baseline technical risk features.",checkpoint_generalization_score
base__fold_05__seed123,custom_custom,base,fold_05,123,9,6.178636932537639,-0.171150830748076,checkpoint,1.1049675444137892,194.4296260910654,-0.1468958861665034,0.5473251028806584,6.827193279170462,11.762982022911284,-0.0107941718906933,16.35483870967742,-1.168479801407706,-6.218679207960454,-0.1240802722531593,15.258333333333333,0.0,-0.0019072635929456,40,-1.9206696487121144,technical_base,False,"Prices, returns, and baseline technical risk features.",checkpoint_generalization_score
base__fold_05__seed999,custom_custom,base,fold_05,999,9,6.25401465816137,-0.147789631978412,checkpoint,1.1042487401089944,205.491597395802,-0.1643740732080953,0.7119341563786008,6.905987806897876,10.873041958942608,-0.0072377727885013,17.225806451612904,-1.0206333964288377,-5.397017221453437,-0.1160083290052453,17.466666666666665,0.0,-0.0017343041858232,40,-1.7777538962913764,technical_base,False,"Prices, returns, and baseline technical risk features.",checkpoint_generalization_score
base__fold_06__seed42,custom_custom,base,fold_06,42,9,1.08169089040344,3.786762371396174,checkpoint,1.083165008793611,230.32957764731157,-0.144369778769226,0.3141614306428226,1.1716497228158114,3.753858325544712,-0.0469845570223543,10.317460317460318,4.436759082815672,9.3056555068451,-0.0206678416113639,10.317460317460318,1.0,0.0014038480579126,64,4.401960435088986,technical_base,False,"Prices, returns, and baseline technical risk features.",checkpoint_generalization_score
base__fold_06__seed123,custom_custom,base,fold_06,123,9,1.4222519111983831,2.202853724977806,checkpoint,1.183302179341315,286.925614069486,-0.1829738672060723,0.5906234896085065,1.6829537860933974,5.791265839415138,-0.0436122143371439,18.365079365079364,3.707301016661342,8.426444980579163,-0.0236769161372881,17.825396825396826,1.0,0.0012798539746091,64,3.678223697003563,technical_base,False,"Prices, returns, and baseline technical risk features.",checkpoint_generalization_score
base__fold_06__seed999,custom_custom,base,fold_06,999,9,2.2135381745151714,2.2953488110101485,checkpoint,1.004624624061215,185.02729087627336,-0.1473319841609697,0.4514258095698405,2.2237749564174525,5.417544553900533,-0.0252292592576716,8.73015873015873,5.104339202166945,8.778242508916435,-0.0142029973735595,8.73015873015873,1.0,0.0013240286986903,64,5.064304551094343,technical_base,False,"Prices, returns, and baseline technical risk features.",checkpoint_generalization_score
base__fold_07__seed42,custom_custom,base,fold_07,42,9,-0.575957816005314,-5.722789328232195,checkpoint,1.1099920166211237,218.51361183994388,-0.141090020318559,0.273224043715847,-0.6393085776764367,-3.773913217015112,-0.1290216954604914,9.836065573770492,3.658628305774015,8.678833471817748,-0.0228617790352032,9.836065573770492,0.0,0.0004288162812369,25,1.2330189105511138,technical_base,False,"Prices, returns, and baseline technical risk features.",checkpoint_generalization_score
base__fold_07__seed123,custom_custom,base,fold_07,123,9,-1.1710083637527184,-1.69469151076493,checkpoint,1.3966090500518924,431.0132021162235,-0.1558562612188904,0.273224043715847,-1.635440878503505,-10.543188977953344,-0.1631947309360291,10.229508196721312,2.771567773157829,8.310239333262427,-0.0487144746700167,10.508196721311476,0.0,0.002507937088819,25,5.412237032251246,technical_base,False,"Prices, returns, and baseline technical risk features.",checkpoint_generalization_score
base__fold_07__seed999,custom_custom,base,fold_07,999,9,-1.3547825446501218,-2.0800066314017025,best_model,1.0017798464541487,231.60917614699216,-0.1825438661255568,0.3397085610200364,-1.35719384955836,-8.784467308291255,-0.1468902026090655,8.344262295081966,2.822972207178993,7.343054461096976,-0.0311546935330049,8.672131147540984,0.0,0.0010797064222049,25,2.8990053418152573,technical_base,False,"Prices, returns, and baseline technical risk features.",checkpoint_generalization_score
base__fold_08__seed42,custom_custom,base,fold_08,42,9,1.658061560785954,-0.9160835107181968,checkpoint,0.8089784590656178,170.63065979745687,-0.1896524490228617,0.5325571366968521,1.3413360864805544,3.625589629139703,-0.0643929705609696,9.523809523809524,-1.2287758711561132,-4.779840890838605,-0.0699848261443447,9.523809523809524,0.0,0.0015171448656659,8,1.7325042156198172,technical_base,False,"Prices, returns, and baseline technical risk features.",checkpoint_generalization_score
base__fold_08__seed123,custom_custom,base,fold_08,123,9,0.9400034420511604,-0.276374610869024,checkpoint,1.0701884013332623,283.9037210631246,-0.1843617031209135,0.3880983182406209,1.0059807808964951,2.943635628739916,-0.0602466733452139,14.285714285714286,-0.2780275468619858,-1.3490636209365747,-0.0701450621856868,14.285714285714286,0.0,0.0032231948470339,8,3.4698571908851688,technical_base,False,"Prices, returns, and baseline technical risk features.",checkpoint_generalization_score
base__fold_08__seed999,custom_custom,base,fold_08,999,9,2.1917200770793044,-0.4917576064486001,best_model,1.090815185204808,262.2050385722716,-0.1617781326908846,1.1285036653730056,2.390761541796357,5.75418904724998,-0.0334537668841791,18.666666666666668,-1.1756751733831416,-4.084407840684124,-0.0563998001969467,22.03174603174603,0.0,0.0018183397609047,8,2.2508955730531244,technical_base,False,"Prices, returns, and baseline technical risk features.",checkpoint_generalization_score
base__fold_09__seed42,custom_custom,base,fold_09,42,9,5.708452372732994,-0.2188046717936614,best_model,1.1018045209450755,331.80758606852515,-0.1481923221720676,0.3306089088680016,6.289598631876856,13.534571735330235,-0.0134579569342061,11.290322580645162,-1.3761935643616774,-22.612774126229866,-0.327881128710857,11.290322580645162,0.0,-0.0056177815036713,39,-1.8291004301863776,technical_base,False,"Prices, returns, and baseline technical risk features.",checkpoint_generalization_score
base__fold_09__seed123,custom_custom,base,fold_09,123,9,5.853042883954649,-0.1985858266791194,best_model,1.0165264762511348,283.1581812706857,-0.181792201353479,0.2656313853698406,5.949773058173199,14.760307159254848,-0.0190811787775526,10.846774193548388,-1.1815406013104772,-20.00858718322032,-0.3336319001035817,11.209677419354838,0.0,-0.0050767797244785,39,-1.6756202982971549,technical_base,False,"Prices, returns, and baseline technical risk features.",checkpoint_generalization_score
base__fold_09__seed999,custom_custom,base,fold_09,999,9,4.122182191904107,-0.2441278311433852,best_model,1.2507814265538622,384.0368114760221,-0.150378913247031,1.0277891295463832,5.155948922504746,10.162740044909292,-0.0134771092647215,17.629032258064516,-1.2587106279371578,-19.60754387799397,-0.2949880949066893,19.491935483870968,0.0,-0.0048678366515099,39,-1.7066183635559655,technical_base,False,"Prices, returns, and baseline technical risk features.",checkpoint_generalization_score
base__fold_10__seed42,custom_custom,base,fold_10,42,9,3.2866650924573486,0.5037598530427587,checkpoint,0.7573158282723333,213.823914150537,-0.3059837155784292,0.3695060287825749,2.489043496748102,18.046192975373465,-0.0620161118323575,15.32258064516129,1.253880186138858,5.558845355350095,-0.0986440406935053,15.07936507936508,0.0,0.000912591544079,64,1.2440456798980486,technical_base,False,"Prices, returns, and baseline technical risk features.",checkpoint_generalization_score
base__fold_10__seed123,custom_custom,base,fold_10,123,9,2.857297380565764,0.7871646981953933,checkpoint,0.8647372160761578,308.41345677892144,-0.3066677146982771,0.2139245429793854,2.470811382372137,17.22267371579822,-0.06175897951688,8.870967741935484,1.9449354961027052,9.801104360240153,-0.0923477387913198,8.73015873015873,0.0,0.0015408493171626,64,1.9296808645311725,technical_base,False,"Prices, returns, and baseline technical risk features.",checkpoint_generalization_score
base__fold_10__seed999,custom_custom,base,fold_10,999,9,4.067246679760212,0.494165323160927,checkpoint,0.6686767274526323,174.79741687572866,-0.3116417493983994,0.3430571761960326,2.719673199564643,19.75061397956544,-0.0639998379783743,12.096774193548388,1.343968185554974,5.912426208133659,-0.0981568896604065,11.904761904761903,0.0,0.0009627590110761,64,1.3334270958604393,technical_base,False,"Prices, returns, and baseline technical risk features.",checkpoint_generalization_score
base__fold_11__seed42,custom_custom,base,fold_11,42,9,4.638745694255588,0.8903586140318319,last_model,0.6610952105893073,218.18754556397363,-0.3713486966798777,0.2592592592592592,3.0666525616141405,15.315300164337131,-0.0749823672807734,11.306451612903226,2.730420524475933,9.74231101059495,-0.0534368176217247,11.475409836065571,0.0,0.0015406408832429,62,2.7083114923927303,technical_base,False,"Prices, returns, and baseline technical risk features.",checkpoint_generalization_score
base__fold_11__seed123,custom_custom,base,fold_11,123,9,3.4010483757693275,0.7863830542960154,checkpoint,0.8326231105200211,349.1589149375302,-0.3944456045735192,0.2222222222222222,2.831791477662123,14.138402822714212,-0.0780796436844886,9.67741935483871,2.226872831333367,7.985775428425224,-0.0451382188847536,9.836065573770492,0.0,0.0012816951452131,62,2.20884117561154,technical_base,False,"Prices, returns, and baseline technical risk features.",checkpoint_generalization_score
base__fold_11__seed999,custom_custom,base,fold_11,999,9,4.774164769681694,0.7115017949253285,best_model,0.6764080743147055,222.52896427151185,-0.3656843152889991,0.1851851851851851,3.2292835983215045,16.02714465862276,-0.0813538689381052,8.064516129032258,2.297641076528674,8.502916910119618,-0.0530887488437692,8.19672131147541,0.0,0.0013613245153594,62,2.279036389147631,technical_base,False,"Prices, returns, and baseline technical risk features.",checkpoint_generalization_score
base__fold_12__seed42,custom_custom,base,fold_12,42,9,2.3212069593612035,0.1795482577344754,best_model,0.9535054675787694,439.1630376002777,-0.3475440156241238,0.2479631597591215,2.213283527132798,6.155127653294401,-0.0381830620697516,11.11111111111111,0.3973912011691085,0.952115817175314,-0.0338264610713674,11.290322580645162,0.0,0.0001748866430661,63,0.3942246869515875,technical_base,False,"Prices, returns, and baseline technical risk features.",checkpoint_generalization_score
base__fold_12__seed123,custom_custom,base,fold_12,123,9,2.786707631273293,0.0141152846918037,checkpoint,0.902069451290068,464.50352348264346,-0.340023024024771,0.2139567835635848,2.5138038238485443,7.309790268010374,-0.0414204967147088,10.65079365079365,0.0354830566329671,-0.0754061492382107,-0.0403574956353758,10.838709677419354,0.0,1.6996731744230626e-05,63,0.035200318608122,technical_base,False,"Prices, returns, and baseline technical risk features.",checkpoint_generalization_score
base__fold_12__seed999,custom_custom,base,fold_12,999,9,2.856715218417857,0.28569119883014,checkpoint,0.7758034495259245,309.76245846601483,-0.3351276158642283,0.2125398512221041,2.2162495207617785,6.571946558522401,-0.0503099294344177,9.523809523809524,0.6331629824931557,1.766154388520036,-0.0563558572964288,9.67741935483871,0.0,0.000307644247385,63,0.6281177787237363,technical_base,False,"Prices, returns, and baseline technical risk features.",checkpoint_generalization_score
base__fold_13__seed42,custom_custom,base,fold_13,42,9,3.442790214610818,-0.189927264952464,checkpoint,1.1468284795602548,725.591644552129,-0.3187916999881839,0.4654471544715447,3.948289867267048,13.716265682252128,-0.0340479745581645,12.903225806451612,-0.7498878957295577,-3.984889469366415,-0.1188349305327449,13.049180327868852,0.0,-0.0005803623775154,62,-0.7438158290288898,technical_base,False,"Prices, returns, and baseline technical risk features.",checkpoint_generalization_score
base__fold_13__seed123,custom_custom,base,fold_13,123,9,3.748225953478669,-0.1256230527259663,best_model,0.9794382872190814,540.3026762474393,-0.3783641318919286,0.6073848238482384,3.671156007985256,12.80649196535264,-0.0508279519728348,14.951612903225806,-0.4611818247563799,-2.2109092732292,-0.088378411785896,15.844262295081966,0.0,-0.0003053445148877,62,-0.4574474975095958,technical_base,False,"Prices, returns, and baseline technical risk features.",checkpoint_generalization_score
base__fold_13__seed999,custom_custom,base,fold_13,999,9,2.9004292965204246,-0.0732755783898387,best_model,1.0348352146330184,602.4661727989259,-0.2966751006343084,0.2032520325203252,3.001466373592608,10.695413280354304,-0.0511858903005607,9.67741935483871,-0.2199341845426501,-1.5499220172195294,-0.0869560502384504,9.836065573770492,0.0,-0.0001735207959447,62,-0.2181533116336392,technical_base,False,"Prices, returns, and baseline technical risk features.",checkpoint_generalization_score
base__fold_14__seed42,custom_custom,base,fold_14,42,9,-1.3381298205887149,0.916946115058034,checkpoint,0.8599559605876456,366.4230744456792,-0.2992573703805282,0.5328348504551366,-1.150732715255342,-5.445812510652937,-0.1313977014771327,9.080645161290322,-1.0551598927235686,-4.649674248763624,-0.118194222914176,11.26984126984127,0.0,-0.000689671784446,64,-1.0468840010835578,technical_base,False,"Prices, returns, and baseline technical risk features.",checkpoint_generalization_score
base__fold_14__seed123,custom_custom,base,fold_14,123,9,-0.9269376910494496,1.4270693625968387,checkpoint,0.968923927108927,492.9952291377874,-0.3163290151081991,0.130039011703511,-0.898132107796914,-5.536190518936179,-0.1200676634188956,6.451612903225806,-1.281696814601497,-5.688813957515126,-0.1297262412144336,6.365079365079365,0.0,-0.0008579988493068,64,-1.271644135357208,technical_base,False,"Prices, returns, and baseline technical risk features.",checkpoint_generalization_score
base__fold_14__seed999,custom_custom,base,fold_14,999,9,-2.0845257638147148,0.317222747029544,best_model,0.7994297122550967,385.0449722365093,-0.4147453667564883,0.2438231469440832,-1.6664318315547333,-9.233394202641287,-0.1405156839451123,12.096774193548388,-0.5286300833432669,-2.9306480758239277,-0.1477786631271045,11.904761904761903,0.0,-0.0003943699408461,64,-0.5244839010276121,technical_base,False,"Prices, returns, and baseline technical risk features.",checkpoint_generalization_score
base_macro__fold_01__seed42,custom_custom,base_macro,fold_01,42,12,3.3160801575674514,1.1941459226160684,best_model,0.9052027918679276,98.75339966538576,-0.1572354080125682,0.3830673143650243,3.001725016687894,9.99902339517591,-0.0346340307270538,8.870967741935484,3.584497689492499,11.72878245295028,-0.0502774424423871,9.01639344262295,0.0,0.0017287070075393,45,2.922835285952865,macro_context,False,Baseline technical features plus macro context.,checkpoint_generalization_score
base_macro__fold_01__seed123,custom_custom,base_macro,fold_01,123,12,2.8236052798891,0.671181934033085,checkpoint,0.7835168790400507,88.59893306968483,-0.1776892571890248,0.6606523247744622,2.212342396539716,8.297987931205132,-0.0376385478647909,12.096774193548388,1.484884248452917,5.719900281565038,-0.0656684538036124,12.295081967213116,0.0,0.0006336031477567,45,0.8561628230304522,macro_context,False,Baseline technical features plus macro context.,checkpoint_generalization_score
base_macro__fold_01__seed999,custom_custom,base_macro,fold_01,999,12,2.443512196098512,1.003609458823779,checkpoint,0.851902370567312,100.14112910418883,-0.1708606861436551,0.3469812630117974,2.0816338323664603,7.67075122142411,-0.0424694325833511,8.064516129032258,2.089147403970572,7.691703835917263,-0.0547980898720456,8.19672131147541,0.0,0.0012783477863679,45,1.8391441618789337,macro_context,False,Baseline technical features plus macro context.,checkpoint_generalization_score
base_macro__fold_02__seed42,custom_custom,base_macro,fold_02,42,12,0.5197864180452457,2.7047742512776427,checkpoint,0.9055484848360098,118.07224240632772,-0.1585371719985876,0.7348242811501597,0.470691803299209,1.3270348950166877,-0.0505324590221105,14.90625,1.2731150698511415,2.810922236671587,-0.0265063179282262,14.476190476190476,0.0,-7.13013052856537e-05,3,-2.366521463591376,macro_context,False,Baseline technical features plus macro context.,checkpoint_generalization_score
base_macro__fold_02__seed123,custom_custom,base_macro,fold_02,123,12,0.0443849058547408,23.39876326680561,checkpoint,0.8708906135068705,119.00251342617484,-0.1749966082257892,0.7757188498402556,0.0386543978902799,-0.0774583344596568,-0.0504370320933896,14.9453125,0.9044651054555708,2.027940875058753,-0.0290211981277279,13.38095238095238,0.0,0.000103816740914,3,4.970285138367206,macro_context,False,Baseline technical features plus macro context.,checkpoint_generalization_score
base_macro__fold_02__seed999,custom_custom,base_macro,fold_02,999,12,0.3992935666710947,0.1072322027273761,checkpoint,0.7502783128892919,100.22637144188296,-0.1919963156923188,0.7769968051118211,0.2995813035495369,0.7604117059585969,-0.0475256120183948,13.2734375,0.0321247630755555,-0.0382258954021108,-0.0296130752348882,12.698412698412698,0.0,-1.1678769443190797e-05,3,-0.4632413185316049,macro_context,False,Baseline technical features plus macro context.,checkpoint_generalization_score
base_macro__fold_03__seed42,custom_custom,base_macro,fold_03,42,12,7.255396315936975,0.3030949538132341,best_model,0.7910446248960233,134.15825965861288,-0.2669574062633193,0.3248670998227997,5.739342257212354,16.59786714040321,-0.026125112747236,8.887096774193548,1.739565676368121,3.7134425620773737,-0.041659516452387,9.01639344262295,1.0,0.0006034033374976,62,1.7254798925099577,macro_context,False,Baseline technical features plus macro context.,checkpoint_generalization_score
base_macro__fold_03__seed123,custom_custom,base_macro,fold_03,123,12,7.582829030897437,0.4319925635227421,checkpoint,0.7423210746705967,102.88309950805257,-0.1669343469397232,0.4430005906674542,5.628893795259184,13.283545557496668,-0.0190785258984951,12.096774193548388,2.4316402604112723,5.053107545578062,-0.0370585860130371,12.295081967213116,1.0,0.0008093297300252,62,2.411950541538184,macro_context,False,Baseline technical features plus macro context.,checkpoint_generalization_score
base_macro__fold_03__seed999,custom_custom,base_macro,fold_03,999,12,5.818726945121798,0.4093434202176432,best_model,0.8199670753978316,124.0411331426336,-0.1755501257750475,0.2953337271116361,4.771164515730081,12.877844946311924,-0.0337749203213962,8.064516129032258,1.9530448012900063,4.020372154789009,-0.0431742595753509,8.19672131147541,1.0,0.0006498741692378,62,1.9372304130723004,macro_context,False,Baseline technical features plus macro context.,checkpoint_generalization_score
base_macro__fold_04__seed42,custom_custom,base_macro,fold_04,42,12,4.149022190252063,0.5752035054360628,checkpoint,0.9899049657925793,166.7822285801386,-0.1468043253705973,0.5288937809576224,4.10713766931412,6.745235873763833,-0.014894549738579,12.833333333333334,2.3624399846979824,4.022947983975622,-0.0186710784683605,13.047619047619047,1.0,0.0006252780787744,64,2.3439107575597866,macro_context,False,Baseline technical features plus macro context.,checkpoint_generalization_score
base_macro__fold_04__seed123,custom_custom,base_macro,fold_04,123,12,4.1977473147206,0.9595893085398008,checkpoint,1.1016143012892587,191.7823299124672,-0.1591653996612355,0.4078150798018712,4.624298475094796,8.275210713938908,-0.0131337117242529,11.11111111111111,4.437427376197871,7.679834690116127,-0.0141061683716566,11.11111111111111,1.0,0.0011654787641534,64,4.402623486873535,macro_context,False,Baseline technical features plus macro context.,checkpoint_generalization_score
base_macro__fold_04__seed999,custom_custom,base_macro,fold_04,999,12,4.087841742508899,1.1229539103905164,checkpoint,1.0498401384737717,192.9840421980245,-0.1769394875164571,0.4402861860209136,4.291580341014407,7.7023383193824735,-0.0174827039474176,12.698412698412698,4.819246925697194,8.098605439907104,-0.018682795534742,12.698412698412698,1.0,0.0012256596184349,64,4.781448327002755,macro_context,False,Baseline technical features plus macro context.,checkpoint_generalization_score
base_macro__fold_05__seed42,custom_custom,base_macro,fold_05,42,12,5.888622675164973,-0.1221511696240618,checkpoint,1.1012575034917935,216.55759085255707,-0.1625843007414539,0.411522633744856,6.4848899062573455,11.529538330127531,-0.0099407116103299,11.290322580645162,-0.7921368869326075,-4.711284079194956,-0.1090908922394906,11.666666666666666,0.0,-0.0016565829741059,40,-1.5616624268990007,macro_context,False,Baseline technical features plus macro context.,checkpoint_generalization_score
base_macro__fold_05__seed123,custom_custom,base_macro,fold_05,123,12,5.468242838259568,-0.0250661641177773,checkpoint,1.1076475280162377,213.19148251458336,-0.1463851521918249,0.5555555555555556,6.056885662390705,10.243670339740207,-0.0065370790707165,13.435483870967742,-0.1518228900560978,-1.4680132338153906,-0.1014542557511435,15.25,0.0,-0.0011784976178597,40,-1.091277397415364,macro_context,False,Baseline technical features plus macro context.,checkpoint_generalization_score
base_macro__fold_05__seed999,custom_custom,base_macro,fold_05,999,12,6.726434022705101,-0.0540886325561648,checkpoint,1.0261439594705744,199.4490061293051,-0.1773216528719055,0.4372427983539094,6.902289641176195,10.753438835376803,-0.0063435098553706,13.709677419354838,-0.3733354081978019,-2.5809543142814477,-0.0938034310882097,14.166666666666666,0.0,-0.0016469210602751,40,-1.566180099298884,macro_context,False,Baseline technical features plus macro context.,checkpoint_generalization_score
base_macro__fold_06__seed42,custom_custom,base_macro,fold_06,42,12,2.149255192264117,1.5280698845148402,checkpoint,1.1732531289469534,254.78125434759536,-0.1338917106788232,0.3301111648139198,2.5216203792293617,6.984045195612354,-0.0322509361826899,9.523809523809524,3.853212161679278,7.177166238912203,-0.0208526438218549,9.523809523809524,1.0,0.0010937461716682,64,3.822990423214866,macro_context,False,Baseline technical features plus macro context.,checkpoint_generalization_score
base_macro__fold_06__seed123,custom_custom,base_macro,fold_06,123,12,1.5576271449594572,2.914877344289232,checkpoint,1.0873591544699308,226.31041363070352,-0.1565012325114255,0.3141614306428226,1.6937001353225278,4.817715065454076,-0.0407834392529735,10.317460317460318,4.936928152471243,7.864853829540963,-0.0117213718593708,10.317460317460318,1.0,0.0011909744188403,64,4.89820654951218,macro_context,False,Baseline technical features plus macro context.,checkpoint_generalization_score
base_macro__fold_06__seed999,custom_custom,base_macro,fold_06,999,12,1.549586675011092,3.128114283366582,best_model,1.1517253839006625,308.3001228323293,-0.1911576294703555,1.2411793136781053,1.7846983081645011,5.010715544038624,-0.0335526039728804,23.73015873015873,5.582740269269549,9.293308195914808,-0.0114987035925099,22.38095238095238,1.0,0.0013973580743451,64,5.538953395032373,macro_context,False,Baseline technical features plus macro context.,checkpoint_generalization_score
base_macro__fold_07__seed42,custom_custom,base_macro,fold_07,42,12,-1.0665473242386525,-3.272517262756463,checkpoint,1.1557679951572006,292.14758880967247,-0.1516089829683963,0.2372495446265938,-1.232681262675584,-8.30043621387333,-0.1590956100474941,9.0327868852459,4.033970711582282,11.154946746864304,-0.0204717914683435,8.491803278688524,0.0,0.0005454835135015,25,1.4059074041488846,macro_context,False,Baseline technical features plus macro context.,checkpoint_generalization_score
base_macro__fold_07__seed123,custom_custom,base_macro,fold_07,123,12,-1.0286312439421437,-2.310803396790615,checkpoint,1.3029287001791998,361.425665541464,-0.15752223261755,0.4699453551912568,-1.3402331696332508,-8.50747773891677,-0.1525529820628269,9.836065573770492,3.0970153608799684,8.512352615607433,-0.0330005575760341,9.836065573770492,0.0,0.0015226692325367,25,4.255853146329385,macro_context,False,Baseline technical features plus macro context.,checkpoint_generalization_score
base_macro__fold_07__seed999,custom_custom,base_macro,fold_07,999,12,-1.4309428995783635,-2.065095001679241,best_model,1.1004247575901207,302.8701641583317,-0.2228933497244336,0.4562841530054645,-1.5746449933938254,-10.318736055439016,-0.1590726093512668,13.081967213114757,3.25179150527683,9.731734493208275,-0.0319502706619961,13.278688524590164,0.0,0.0019474165669262,25,4.609733552193734,macro_context,False,Baseline technical features plus macro context.,checkpoint_generalization_score
base_macro__fold_08__seed42,custom_custom,base_macro,fold_08,42,12,2.073922718069339,-0.5245624873278381,best_model,0.7618298186804685,174.95725357960245,-0.1978204106766755,0.5881845623113411,1.5799761682640692,4.77542775805091,-0.0584540340533479,12.126984126984128,-0.8287962287433068,-3.737139998542771,-0.0698300559380509,12.07936507936508,0.0,0.0018209752577037,8,1.7954804371684092,macro_context,False,Baseline technical features plus macro context.,checkpoint_generalization_score
base_macro__fold_08__seed123,custom_custom,base_macro,fold_08,123,12,2.103268449773348,-0.5789033410936903,best_model,1.005857564865283,251.4863508294367,-0.1623606055866751,0.4678740836567486,2.1155884811469985,5.677921254793339,-0.0423649813854027,15.571428571428571,-1.2247212401153231,-4.494600346295153,-0.0619730484914913,15.238095238095235,0.0,0.0019477290388932,8,2.234978814362904,macro_context,False,Baseline technical features plus macro context.,checkpoint_generalization_score
base_macro__fold_08__seed999,custom_custom,base_macro,fold_08,999,12,1.074468292125741,-0.9360735939736442,checkpoint,0.7955671900331118,165.0406649842899,-0.1850048445019505,0.2384648555411815,0.8548117199461523,2.393635622689061,-0.0726756736199277,8.73015873015873,-0.8001666788607871,-3.38304099407194,-0.0688659196297902,8.73015873015873,0.0,0.0020112537216581,8,2.062506014763853,macro_context,False,Baseline technical features plus macro context.,checkpoint_generalization_score
base_macro__fold_09__seed42,custom_custom,base_macro,fold_09,42,12,6.101800193539688,-0.186038480796373,checkpoint,1.068125982497813,338.2077765280408,-0.171818674837949,0.6085002043318349,6.517491326729927,14.075793631234014,-0.0159046641110712,18.306451612903224,-1.2125041850283738,-19.09232686837006,-0.2935573319342156,22.79032258064516,0.0,-0.0048557794461442,39,-1.6997599963146517,macro_context,False,Baseline technical features plus macro context.,checkpoint_generalization_score
base_macro__fold_09__seed123,custom_custom,base_macro,fold_09,123,12,7.404629201515766,-0.2104404247126976,checkpoint,0.8746482773999792,232.86432692633952,-0.2200816422684208,0.2860645688598283,6.476446175891348,15.365712035570532,-0.0193209140120929,11.290322580645162,-1.3629060838835017,-22.29295898338508,-0.3414670731688189,11.290322580645162,0.0,-0.0053795684893372,39,-1.768159112696636,macro_context,False,Baseline technical features plus macro context.,checkpoint_generalization_score
base_macro__fold_09__seed999,custom_custom,base_macro,fold_09,999,12,6.777934558264284,-0.1878564949546478,checkpoint,0.9822551896180748,293.04001560275015,-0.15528854346504,1.5145075602778912,6.657661394746786,15.261935016747309,-0.017444731843602,14.806451612903226,-1.2506849342120032,-20.07431122375699,-0.3067443494462224,14.71774193548387,0.0,-0.0050961000141062,39,-1.7426885364350646,macro_context,False,Baseline technical features plus macro context.,checkpoint_generalization_score
base_macro__fold_10__seed42,custom_custom,base_macro,fold_10,42,12,3.6056554598156496,0.5667649166634237,checkpoint,0.6863103234410043,209.1579909950312,-0.3746122007667164,0.2722676001555815,2.4745985648429016,20.656231235782663,-0.0887004891647802,11.290322580645162,1.402515649378615,6.320108275772074,-0.1022839644429068,11.11111111111111,0.0,0.0010255990858157,64,1.3915153567995286,macro_context,False,Baseline technical features plus macro context.,checkpoint_generalization_score
base_macro__fold_10__seed123,custom_custom,base_macro,fold_10,123,12,3.628115065530064,0.7617847861251204,checkpoint,0.6726488714075018,171.97250499417507,-0.3325702257085102,0.4208479190976273,2.440447504165352,19.24200109071545,-0.0730232359836142,16.93548387096774,1.8590957800101864,7.734719844184457,-0.0897041136643466,16.666666666666668,0.0,0.0012190920310079,64,1.8445144115087244,macro_context,False,Baseline technical features plus macro context.,checkpoint_generalization_score
base_macro__fold_10__seed999,custom_custom,base_macro,fold_10,999,12,2.8545730157470555,0.6893952147852064,checkpoint,0.9278322390272048,309.3217442008713,-0.2961921344129772,0.469856087125632,2.6485648726672317,18.401502017565186,-0.0544860559102494,12.758064516129032,1.8259079492649783,8.46823326582562,-0.0937606048791517,12.84920634920635,0.0,0.0013387997687728,64,1.8115868814941531,macro_context,False,Baseline technical features plus macro context.,checkpoint_generalization_score
base_macro__fold_11__seed42,custom_custom,base_macro,fold_11,42,12,3.772399110176164,0.6890086403711826,best_model,0.8453567164697819,374.4263134465671,-0.4063652369104231,0.6985185185185185,3.189022924992049,16.9800118444414,-0.0881737714703612,13.629032258064516,2.197264349661304,7.745299419120744,-0.0397271244301293,13.540983606557376,0.0,0.0012443600137259,62,2.1794724426761096,macro_context,False,Baseline technical features plus macro context.,checkpoint_generalization_score
base_macro__fold_11__seed123,custom_custom,base_macro,fold_11,123,12,5.450659597237652,0.8462511457572907,checkpoint,0.570557170544564,173.0136431240409,-0.4288922016001071,0.2592592592592592,3.109912917401488,18.681307243619138,-0.0948342933182395,11.290322580645162,2.631767369556407,11.604747436257169,-0.0531208461563658,11.475409836065571,0.0,0.0018335379516277,62,2.6104571615912007,macro_context,False,Baseline technical features plus macro context.,checkpoint_generalization_score
base_macro__fold_11__seed999,custom_custom,base_macro,fold_11,999,12,5.211004015109776,0.8437010118766566,checkpoint,0.617035585958459,189.8309084891517,-0.4237884585673447,0.2777777777777778,3.215374915895143,17.41809153024063,-0.0736049451705611,12.096774193548388,2.712815070103552,10.799787371604918,-0.0590995040969578,12.295081967213116,0.0,0.0017051967520365,62,2.6908485946529512,macro_context,False,Baseline technical features plus macro context.,checkpoint_generalization_score
base_macro__fold_12__seed42,custom_custom,base_macro,fold_12,42,12,3.0719686858269566,-0.0758376462438628,checkpoint,0.7966596659051173,342.2867967103411,-0.2965429890601746,0.351044987601842,2.4473135469218854,6.738285057939164,-0.0322141775584906,7.936507936507937,-0.1855984990192751,-0.7728589798778773,-0.0457388336210706,8.064516129032258,0.0,-9.205595870523433e-05,63,-0.1841196029486874,macro_context,False,Baseline technical features plus macro context.,checkpoint_generalization_score
base_macro__fold_12__seed123,custom_custom,base_macro,fold_12,123,12,1.9762126731348584,0.1432432089517692,checkpoint,0.758765600927013,305.7785785353704,-0.3744724904983056,0.3436060928090683,1.4994821964907492,4.234343752138914,-0.0453833262420368,15.206349206349206,0.2147906415913823,0.4963197573531808,-0.0526071099686419,15.483870967741936,0.0,0.0001142229190078,63,0.2130791351000744,macro_context,False,Baseline technical features plus macro context.,checkpoint_generalization_score
base_macro__fold_12__seed999,custom_custom,base_macro,fold_12,999,12,2.8381937798212906,-0.1605087659791118,checkpoint,0.9697718966130916,473.3340029062919,-0.325550059538834,0.2125398512221041,2.752400564812772,7.699330676078819,-0.0330688538971456,9.523809523809524,-0.4417844181383084,-1.3179513758270311,-0.0498555816976451,9.67741935483871,0.0,-0.0001877744792635,63,-0.4382641674709595,macro_context,False,Baseline technical features plus macro context.,checkpoint_generalization_score
base_macro__fold_13__seed42,custom_custom,base_macro,fold_13,42,12,3.6509898825877753,-0.658935659026568,checkpoint,0.9211584957286266,465.5732527289206,-0.3398245897154024,0.442750677506775,3.3631403481649893,10.846697379212134,-0.0392491124924501,15.338709677419354,-2.2160931017169387,-9.02858630479544,-0.1355148203195303,14.131147540983608,0.0,-0.0014695926219957,62,-2.1981487326917213,macro_context,False,Baseline technical features plus macro context.,checkpoint_generalization_score
base_macro__fold_13__seed123,custom_custom,base_macro,fold_13,123,12,3.1177759027572374,0.214328701722229,checkpoint,0.8683892683971008,473.1635505508829,-0.4079196626151696,0.2032520325203252,2.707443135221468,10.328909775441009,-0.0586568270911457,9.67741935483871,0.5802827721587787,2.218810899500268,-0.0762325013057328,9.836065573770492,0.0,0.0004201520607329,62,0.575584048899126,macro_context,False,Baseline technical features plus macro context.,checkpoint_generalization_score
base_macro__fold_13__seed999,custom_custom,base_macro,fold_13,999,12,3.5099216979496317,-0.0272777399375949,checkpoint,1.0272581880661442,567.7000964480586,-0.3151012244529036,0.1693766937669376,3.6055958036897824,11.822264312688446,-0.0444633916815107,8.064516129032258,-0.0983525046531334,-0.7272242903816117,-0.0936098352975219,8.19672131147541,0.0,-6.413597911239074e-05,62,-0.0975561149903151,macro_context,False,Baseline technical features plus macro context.,checkpoint_generalization_score
base_macro__fold_14__seed42,custom_custom,base_macro,fold_14,42,12,-1.6154689237440705,0.4520942933805799,checkpoint,1.024387805383386,544.7472198224974,-0.2995447151932209,0.2602405721716515,-1.6548666654592488,-9.269846834087758,-0.1449546899596301,10.879032258064516,-0.7481557757598756,-3.740284791429116,-0.1334770175272545,10.682539682539682,0.0,-0.0005315520429453,64,-0.7422877967239638,macro_context,False,Baseline technical features plus macro context.,checkpoint_generalization_score
base_macro__fold_14__seed123,custom_custom,base_macro,fold_14,123,12,-2.047241185062748,0.4344555518278085,checkpoint,0.8469714016253407,411.0716692789122,-0.3681801279440937,0.590702210663199,-1.7339547359777192,-9.645820689079688,-0.1378338092285599,14.5,-0.753326261663642,-4.019408790785928,-0.1555840658048852,16.349206349206348,0.0,-0.0005687644056824,64,-0.7474177291709878,macro_context,False,Baseline technical features plus macro context.,checkpoint_generalization_score
base_macro__fold_14__seed999,custom_custom,base_macro,fold_14,999,12,-1.6220908549209403,1.297749645610201,checkpoint,0.8490024357871748,349.165299777352,-0.2836500658053849,0.2239921976592978,-1.377159086895979,-7.039977369575556,-0.1160239794256182,8.064516129032258,-1.7872077169681246,-8.141016355477115,-0.1469924250849602,7.936507936507937,0.0,-0.0012626534457198,64,-1.773190185117438,macro_context,False,Baseline technical features plus macro context.,checkpoint_generalization_score
base_macro_hmm__fold_01__seed42,custom_custom,base_macro_hmm,fold_01,42,15,2.2359740955550724,0.8396240776369911,checkpoint,0.9814664070445244,147.73695813047226,-0.2189562696637099,3.9208882720333103,2.194533461809067,7.912158627826504,-0.0430839916144776,19.758064516129032,1.8425831337149507,8.060575570113926,-0.0574738633077169,19.442622950819672,-1.073423870597896,0.0011983868878461,45,1.4419139865002664,negative_control_hmm,True,HMM-enhanced feature set treated as a negative control.,checkpoint_generalization_score
base_macro_hmm__fold_01__seed123,custom_custom,base_macro_hmm,fold_01,123,15,2.443233144223888,0.8231244283181678,checkpoint,0.9778468201615566,125.70773876055642,-0.1956103916547444,0.7009021512838307,2.3891077609926508,8.500836330966388,-0.0394571863359785,12.935483870967742,1.9665329599575736,8.366791868442935,-0.0527727736273113,13.147540983606556,-1.073423870597896,0.0010296600543526,45,1.2812713672044191,negative_control_hmm,True,HMM-enhanced feature set treated as a negative control.,checkpoint_generalization_score
base_macro_hmm__fold_01__seed999,custom_custom,base_macro_hmm,fold_01,999,15,2.8358026207311995,0.7192323101229083,checkpoint,0.9440969523733912,120.80935673724233,-0.2028167216674758,0.707147814018043,2.6772726117648014,9.403041852799388,-0.0383756617308841,8.870967741935484,1.9255809653883904,7.837810255714994,-0.0664889569608879,9.01639344262295,-1.073423870597896,0.0009673417457816,45,1.266763748309132,negative_control_hmm,True,HMM-enhanced feature set treated as a negative control.,checkpoint_generalization_score
base_macro_hmm__fold_02__seed42,custom_custom,base_macro_hmm,fold_02,42,15,0.4524315360422139,-0.830442826677576,checkpoint,1.0102979814182855,130.3698288030036,-0.1236902340112151,0.4805111821086262,0.457090667593423,1.169765531425515,-0.047963479382948,8.59375,-0.3795876660442225,-0.9420050264123736,-0.0416929431911267,8.73015873015873,-1.0646666080871232,-9.013628960793016e-05,3,-10.3216599007825,negative_control_hmm,True,HMM-enhanced feature set treated as a negative control.,checkpoint_generalization_score
base_macro_hmm__fold_02__seed123,custom_custom,base_macro_hmm,fold_02,123,15,0.3175244013839969,0.7497171376769944,best_model,0.7135791701349502,88.28993544351471,-0.2060247622804737,0.957188498402556,0.2265787988371893,0.5349830498512453,-0.0505817380058067,21.71875,0.1698700085225091,0.2897687163439411,-0.0313882492722068,19.0,-1.0646666080871232,1.0408268111642784e-05,3,0.8024885448566966,negative_control_hmm,True,HMM-enhanced feature set treated as a negative control.,checkpoint_generalization_score
base_macro_hmm__fold_02__seed999,custom_custom,base_macro_hmm,fold_02,999,15,0.5878570699127165,-0.4820080457167589,checkpoint,1.1069822111556666,154.49011158225235,-0.1421134406717648,0.797444089456869,0.6507473190954702,1.6640587742147828,-0.035947587706007,17.734375,-0.3136654435326277,-0.7778928627195203,-0.0301191171322624,17.126984126984127,-1.0646666080871232,-0.0001268655012711,3,-3.788680779582621,negative_control_hmm,True,HMM-enhanced feature set treated as a negative control.,checkpoint_generalization_score
base_macro_hmm__fold_03__seed42,custom_custom,base_macro_hmm,fold_03,42,15,4.9069925710291775,0.456846565758112,checkpoint,0.8093837459318497,127.37016513572868,-0.2145120590740604,0.5316007088009451,3.971640028399354,9.066853577821243,-0.0233514216097073,14.516129032258064,1.8144301074016955,3.3395729929298623,-0.0337584461780436,14.80327868852459,0.8828430011650111,0.0005411663115812,62,1.7997381238417736,negative_control_hmm,True,HMM-enhanced feature set treated as a negative control.,checkpoint_generalization_score
base_macro_hmm__fold_03__seed123,custom_custom,base_macro_hmm,fold_03,123,15,6.249252166170703,0.4087080273492665,last_model,0.8136718056344259,127.99072282047294,-0.2172739233322873,0.5593620791494389,5.084840293912963,12.718599925684584,-0.0222449823729087,12.790322580645162,2.078215045911232,3.968086117991132,-0.0367225837138185,12.868852459016392,0.8828430011650111,0.0006397522983498,62,2.0613871167647986,negative_control_hmm,True,HMM-enhanced feature set treated as a negative control.,checkpoint_generalization_score
base_macro_hmm__fold_03__seed999,custom_custom,base_macro_hmm,fold_03,999,15,7.295705017837772,0.3721022443014988,best_model,0.7447908895150336,99.97180132963324,-0.1632475706228338,0.4430005906674542,5.433774629874688,12.330206404614309,-0.0165081017327468,12.096774193548388,2.021919734804918,3.717552918360956,-0.0397151302648323,12.295081967213116,0.8828430011650111,0.0005999689922859,62,2.005547645639259,negative_control_hmm,True,HMM-enhanced feature set treated as a negative control.,checkpoint_generalization_score
base_macro_hmm__fold_04__seed42,custom_custom,base_macro_hmm,fold_04,42,15,3.902847977547747,1.0694570717914988,checkpoint,1.0542144179461903,217.93203111349476,-0.1999382322334745,0.3368189323059989,4.114438608982964,7.815335052355143,-0.0139933211641818,8.73015873015873,4.400215466828809,8.439819059986897,-0.014530688066263,8.761904761904763,0.8304162077337203,0.0012774144472439,64,4.3657034401233785,negative_control_hmm,True,HMM-enhanced feature set treated as a negative control.,checkpoint_generalization_score
base_macro_hmm__fold_04__seed123,custom_custom,base_macro_hmm,fold_04,123,15,3.104295662188436,1.2582089339173057,checkpoint,1.058137025271774,198.39800641010157,-0.1798458515008232,0.8134287286736379,3.2847701775521427,5.393050265036026,-0.0150787327402789,20.73015873015873,4.13292718326124,7.786880850621958,-0.0150895358857523,26.20634920634921,0.8304162077337203,0.0011826199474392,64,4.100511567617967,negative_control_hmm,True,HMM-enhanced feature set treated as a negative control.,checkpoint_generalization_score
base_macro_hmm__fold_04__seed999,custom_custom,base_macro_hmm,fold_04,999,15,3.700676352654245,1.0062164108513396,checkpoint,1.2175404359801016,236.15491426621944,-0.1633214532906927,0.8211337369290038,4.505723099831902,7.666179309031862,-0.0159452835754172,17.80952380952381,4.5337325258028285,7.47601680970349,-0.0157518750271603,17.253968253968253,0.8304162077337203,0.0011350539361117,64,4.498173290309628,negative_control_hmm,True,HMM-enhanced feature set treated as a negative control.,checkpoint_generalization_score
base_macro_hmm__fold_05__seed42,custom_custom,base_macro_hmm,fold_05,42,15,6.54331376052757,-0.0983518781813454,checkpoint,1.188839273939334,256.68583298090954,-0.1849856523954705,0.3086419753086419,7.77894838022285,11.86826193369752,-0.0066018561401229,9.67741935483871,-0.7650741834706525,-4.469389461890339,-0.1051235499221611,10.0,-1.2733003575515036,-0.0017895103277788,40,-1.7200789702970256,negative_control_hmm,True,HMM-enhanced feature set treated as a negative control.,checkpoint_generalization_score
base_macro_hmm__fold_05__seed123,custom_custom,base_macro_hmm,fold_05,123,15,8.267462282556922,-0.1558040038619905,checkpoint,0.7711609749159724,137.68669239525698,-0.2162459662615355,0.5087448559670782,6.375544273897626,10.396203308063168,-0.0082828793295739,15.725806451612904,-0.9933353246726372,-5.474661385167245,-0.1041311413060626,16.4,-1.2733003575515036,-0.0019073035105802,40,-1.864013227294919,negative_control_hmm,True,HMM-enhanced feature set treated as a negative control.,checkpoint_generalization_score
base_macro_hmm__fold_05__seed999,custom_custom,base_macro_hmm,fold_05,999,15,5.831534948097101,-0.1266085004393959,best_model,1.1740222605788202,248.73707385653145,-0.1794566785040513,0.4104938271604938,6.846351842409352,11.355784326865969,-0.0077439965203415,11.290322580645162,-0.8668063402479436,-4.8695096972167455,-0.1143525997927764,11.666666666666666,-1.2733003575515036,-0.0017901853934777,40,-1.77008113629063,negative_control_hmm,True,HMM-enhanced feature set treated as a negative control.,checkpoint_generalization_score
base_macro_hmm__fold_06__seed42,custom_custom,base_macro_hmm,fold_06,42,15,1.5051425407005947,2.292882071815289,checkpoint,1.2109354717007144,272.61955778506086,-0.1468123291639872,0.2658289028516191,1.8226304925000865,4.9295161537445065,-0.0350825111929052,8.73015873015873,4.179076779797319,7.464149317400159,-0.0183202037785479,8.73015873015873,0.7743971080708614,0.0011347155209362,64,4.146299200945628,negative_control_hmm,True,HMM-enhanced feature set treated as a negative control.,checkpoint_generalization_score
base_macro_hmm__fold_06__seed123,custom_custom,base_macro_hmm,fold_06,123,15,2.4007143455011186,1.690674221967042,best_model,0.9848173603992482,221.94913441819944,-0.1540294137060784,0.4509424842919284,2.3642651648090203,6.582135219782259,-0.0255070658530268,11.174603174603174,3.997202168037271,7.988151081758099,-0.0197466113853591,11.071428571428571,0.7743971080708614,0.0012131214885021,64,3.9658510787530616,negative_control_hmm,True,HMM-enhanced feature set treated as a negative control.,checkpoint_generalization_score
base_macro_hmm__fold_06__seed999,custom_custom,base_macro_hmm,fold_06,999,15,0.6913566704244324,8.151222296200542,last_model,0.9486682577257384,218.03928181945528,-0.1957658023089334,0.4654422426292895,0.6558681279986137,1.838188207250946,-0.0449197884088738,12.682539682539682,5.346126908309611,11.427058802965572,-0.0190359709626597,12.73015873015873,0.7743971080708614,0.0017048406017879,64,5.304195853791689,negative_control_hmm,True,HMM-enhanced feature set treated as a negative control.,checkpoint_generalization_score
base_macro_hmm__fold_07__seed42,custom_custom,base_macro_hmm,fold_07,42,15,-1.3028434674496847,-2.367121237614628,last_model,1.0968354884661289,269.4018158942274,-0.1614902808872371,0.2959927140255009,-1.4290049510150795,-8.036187487728519,-0.1404424744471767,10.655737704918034,3.3826279682042464,8.493401781455766,-0.024297041212511,10.655737704918034,-1.3292864698368727,0.0006600903350158,25,2.080037876460589,negative_control_hmm,True,HMM-enhanced feature set treated as a negative control.,checkpoint_generalization_score
base_macro_hmm__fold_07__seed123,custom_custom,base_macro_hmm,fold_07,123,15,-1.0863082010949945,-2.414621490364228,checkpoint,1.224774389008322,286.17882700273003,-0.1375582378148478,0.4093806921675774,-1.3304824632708512,-7.8821086714012445,-0.1384592150522073,11.475409836065571,3.212611548366531,7.88847622482336,-0.0279968170866216,11.475409836065571,-1.3292864698368727,0.0005665413511093,25,1.5718689150312664,negative_control_hmm,True,HMM-enhanced feature set treated as a negative control.,checkpoint_generalization_score
base_macro_hmm__fold_07__seed999,custom_custom,base_macro_hmm,fold_07,999,15,-1.054005591668492,-2.420790231176296,checkpoint,1.3880816212018336,389.6080829218845,-0.1469700431276662,0.4508196721311475,-1.4630457904389984,-9.50491091271365,-0.15078564567639,13.114754098360656,3.5417269572583296,10.09163929385355,-0.0375619808972909,13.114754098360656,-1.3292864698368727,0.0026880761032677,25,5.946214601645994,negative_control_hmm,True,HMM-enhanced feature set treated as a negative control.,checkpoint_generalization_score
base_macro_hmm__fold_08__seed42,custom_custom,base_macro_hmm,fold_08,42,15,1.7522009550678386,-1.007996901981127,checkpoint,1.095804874497859,367.3794856359788,-0.1890690535516801,1.2518326865028029,1.9200703476631416,5.447839829098866,-0.0494882465430852,13.301587301587302,-1.9354249620302724,-7.712375446271135,-0.0966523766826117,12.238095238095235,-1.2839010189588649,0.0012748360880855,8,1.3151220418648033,negative_control_hmm,True,HMM-enhanced feature set treated as a negative control.,checkpoint_generalization_score
base_macro_hmm__fold_08__seed123,custom_custom,base_macro_hmm,fold_08,123,15,2.137153290087098,-0.1257637237102913,checkpoint,0.937673051168918,255.37829820477504,-0.2301508869690719,0.2807244501940492,2.003951046331661,6.14241018668098,-0.067438146991189,10.317460317460318,-0.2520243457198043,-1.4327416360950251,-0.0677687133918426,10.317460317460318,-1.2839010189588649,0.0037890711769626,8,3.518076113914752,negative_control_hmm,True,HMM-enhanced feature set treated as a negative control.,checkpoint_generalization_score
base_macro_hmm__fold_08__seed999,custom_custom,base_macro_hmm,fold_08,999,15,2.263537701276596,-0.540457476681433,best_model,1.1237538394416977,324.1882736492994,-0.1688273662968122,0.8870202673566192,2.5436591825306087,7.168335710123097,-0.0379181102689712,8.761904761904763,-1.374739623328049,-5.44052329766237,-0.0691938173528513,8.761904761904763,-1.2839010189588649,0.0012769961355012,8,1.3599819922727874,negative_control_hmm,True,HMM-enhanced feature set treated as a negative control.,checkpoint_generalization_score
base_macro_hmm__fold_09__seed42,custom_custom,base_macro_hmm,fold_09,42,15,6.918651988104369,-0.205084236233427,checkpoint,1.0214894281394593,325.14495708916354,-0.2220612507441489,0.6146301593788313,7.067329862824665,14.922667352015706,-0.0146765645986141,10.766129032258064,-1.4493979471270868,-23.51239798162823,-0.3523574361017701,10.580645161290322,-1.3301243435221468,-0.005347944753218,39,-1.7429767931995843,negative_control_hmm,True,HMM-enhanced feature set treated as a negative control.,checkpoint_generalization_score
base_macro_hmm__fold_09__seed123,custom_custom,base_macro_hmm,fold_09,123,15,7.130396145135641,-0.2609384852560443,checkpoint,0.7915396109663234,187.9616342029784,-0.2110484702051174,0.3089497343686146,5.643990990756437,12.424427067507192,-0.0146331968206079,11.629032258064516,-1.4727344599267456,-21.498460731184757,-0.2919894600202535,11.548387096774194,-1.3301243435221468,-0.0051904442602145,39,-1.861815734784624,negative_control_hmm,True,HMM-enhanced feature set treated as a negative control.,checkpoint_generalization_score
base_macro_hmm__fold_09__seed999,custom_custom,base_macro_hmm,fold_09,999,15,6.717636580259642,-0.1775228747314827,best_model,1.0362148595839673,292.1409973410299,-0.1805597826133815,0.326522272170004,6.960914845749867,15.426035938923643,-0.0133342255758387,11.806451612903226,-1.235721614178572,-18.301072354102345,-0.2918150263062989,11.806451612903226,-1.3301243435221468,-0.0039560035268898,39,-1.4635338130231983,negative_control_hmm,True,HMM-enhanced feature set treated as a negative control.,checkpoint_generalization_score
base_macro_hmm__fold_10__seed42,custom_custom,base_macro_hmm,fold_10,42,15,2.639856949101562,0.4039030996853511,checkpoint,0.8659412480244951,301.971273796168,-0.3827756497230592,0.1750291715285881,2.285961021111143,16.710088110221122,-0.0937012884868097,7.258064516129032,0.9233067421866812,3.5748513172455088,-0.0810935073158597,7.142857142857143,-1.3468497972560505,0.0006028411526753,64,0.9160650088706952,negative_control_hmm,True,HMM-enhanced feature set treated as a negative control.,checkpoint_generalization_score
base_macro_hmm__fold_10__seed123,custom_custom,base_macro_hmm,fold_10,123,15,3.806536258355314,0.4412909455691776,checkpoint,0.5923130008804225,152.50006409656217,-0.3862838043591585,0.2839362115908207,2.254660914146571,18.995306084172057,-0.0891404459782079,11.306451612903226,0.9949614467416068,4.6073041693603045,-0.1138032250743005,11.5,-1.3468497972560505,0.000782234719054,64,0.987157707065748,negative_control_hmm,True,HMM-enhanced feature set treated as a negative control.,checkpoint_generalization_score
base_macro_hmm__fold_10__seed999,custom_custom,base_macro_hmm,fold_10,999,15,4.084425290213785,0.4083929486370846,checkpoint,0.61215652197222,172.67936429225733,-0.3928511808160669,0.67561260210035,2.500307579912646,18.990517728681983,-0.081718387639565,10.403225806451612,1.0211079850601783,4.052145094067394,-0.0862703065198498,12.23015873015873,-1.3468497972560505,0.000676353979085,64,1.0130991713293085,negative_control_hmm,True,HMM-enhanced feature set treated as a negative control.,checkpoint_generalization_score
base_macro_hmm__fold_11__seed42,custom_custom,base_macro_hmm,fold_11,42,15,3.9797729282197305,0.7693883852918862,checkpoint,0.8267477728495864,332.2756934385214,-0.3244529889241644,0.9774074074074074,3.290268404852739,15.269818407765756,-0.0700840475148935,27.467741935483872,2.531494295186559,9.722435013165253,-0.0414394215943619,19.99180327868853,-1.2608113475359333,0.0015444832027779,62,2.5109960283119106,negative_control_hmm,True,HMM-enhanced feature set treated as a negative control.,checkpoint_generalization_score
base_macro_hmm__fold_11__seed123,custom_custom,base_macro_hmm,fold_11,123,15,3.0386931140694338,1.0438063511520614,checkpoint,0.6811284026803803,203.3491688316228,-0.3125568552110735,0.2685185185185185,2.069740187021984,8.057566542470184,-0.093707801425656,10.483870967741936,2.1604079524482023,6.828996229101558,-0.044212568704092,10.655737704918034,-1.2608113475359333,0.0010986479633153,62,2.142914482740765,negative_control_hmm,True,HMM-enhanced feature set treated as a negative control.,checkpoint_generalization_score
base_macro_hmm__fold_11__seed999,custom_custom,base_macro_hmm,fold_11,999,15,4.617731580706518,1.0211729939737453,checkpoint,0.6762667753624709,234.0964640276284,-0.4079151676141592,0.2718518518518518,3.1228184455738424,15.433889811676792,-0.0839185564297532,11.290322580645162,3.188937861703078,12.911654231121394,-0.0401339684924687,11.475409836065571,-1.2608113475359333,0.0020106527536734,62,3.16311607752598,negative_control_hmm,True,HMM-enhanced feature set treated as a negative control.,checkpoint_generalization_score
base_macro_hmm__fold_12__seed42,custom_custom,base_macro_hmm,fold_12,42,15,1.8648819333742588,-0.3164141583999421,checkpoint,0.9013915961509018,449.0267057549933,-0.3301334259604038,1.3414806942968474,1.680988902557203,4.610537583171093,-0.0374287716448366,14.904761904761903,-0.5318886888822797,-1.918516415141669,-0.0482335573486502,16.95967741935484,-1.192457715429692,-0.0002739420075406,63,-0.5276504644562496,negative_control_hmm,True,HMM-enhanced feature set treated as a negative control.,checkpoint_generalization_score
base_macro_hmm__fold_12__seed123,custom_custom,base_macro_hmm,fold_12,123,15,2.1876288325717224,-0.1522865063169512,checkpoint,0.8967676164135651,470.9704195546594,-0.3700878135019966,0.4534183492738222,1.9617946937829331,5.554461443107628,-0.0389130775848384,10.317460317460318,-0.2987548600273361,-1.1424018384773027,-0.0500519433698243,10.483870967741936,-1.192457715429692,-0.0001503706967809,63,-0.2963743052766349,negative_control_hmm,True,HMM-enhanced feature set treated as a negative control.,checkpoint_generalization_score
base_macro_hmm__fold_12__seed999,custom_custom,base_macro_hmm,fold_12,999,15,2.4061384527712595,0.0580704583496124,checkpoint,0.770883159231284,307.15193408631905,-0.3965318809078564,0.3010981225646475,1.854851612020182,5.120017260117726,-0.0364990691298858,13.492063492063492,0.1077120832805295,0.1349658870422265,-0.0477432881609832,13.709677419354838,-1.192457715429692,5.813879918351953e-05,63,0.1068538059907879,negative_control_hmm,True,HMM-enhanced feature set treated as a negative control.,checkpoint_generalization_score
base_macro_hmm__fold_13__seed42,custom_custom,base_macro_hmm,fold_13,42,15,3.691190520731229,0.0208037697726889,best_model,0.7716666078317937,313.8884065666847,-0.3548266154606874,0.2032520325203252,2.84836846799354,9.952471635324066,-0.0584787425287071,9.67741935483871,0.0592568018359244,-0.0565699184665646,-0.0750620750277137,9.836065573770492,-1.131507348765239,3.522161626170759e-05,62,0.0587769817784664,negative_control_hmm,True,HMM-enhanced feature set treated as a negative control.,checkpoint_generalization_score
base_macro_hmm__fold_13__seed123,custom_custom,base_macro_hmm,fold_13,123,15,3.1137342545329387,-0.3591426530261064,best_model,0.9353275891218642,476.7738222436792,-0.3886873495032702,0.2710027100271002,2.912361553458459,9.658436822601304,-0.05206944094676,12.903225806451612,-1.0459532548803037,-5.160639915127552,-0.1175038986248473,13.114754098360656,-1.131507348765239,-0.0007835014208779,62,-1.037483858367062,negative_control_hmm,True,HMM-enhanced feature set treated as a negative control.,checkpoint_generalization_score
base_macro_hmm__fold_13__seed999,custom_custom,base_macro_hmm,fold_13,999,15,4.655881756590573,-0.2464133675147243,best_model,1.0373532197198083,486.41832089167553,-0.298610421515013,0.2032520325203252,4.829793930833949,14.930984661096968,-0.0276572564950055,9.693548387096774,-1.190125786898971,-5.1249412712859765,-0.112080691704559,9.836065573770492,-1.131507348765239,-0.0007923607925248,62,-1.180488982249384,negative_control_hmm,True,HMM-enhanced feature set treated as a negative control.,checkpoint_generalization_score
base_macro_hmm__fold_14__seed42,custom_custom,base_macro_hmm,fold_14,42,15,-1.6596038413868182,0.8100608815754105,checkpoint,0.9634001223563384,572.5828984236917,-0.3428249776451925,0.2005851755526658,-1.5988625438551098,-9.996150897416722,-0.1477439917605477,8.870967741935484,-1.2951760017931735,-6.474153668082227,-0.1525374904487698,8.746031746031745,-1.085189492650814,-0.0009739299214963,64,-1.2850176018013817,negative_control_hmm,True,HMM-enhanced feature set treated as a negative control.,checkpoint_generalization_score
base_macro_hmm__fold_14__seed123,custom_custom,base_macro_hmm,fold_14,123,15,-1.8489676770862848,0.8254287174709593,checkpoint,0.8713989798461493,395.9921666730203,-0.374277659294767,0.2600780234070221,-1.611188547581493,-8.384226927320103,-0.1289434870437209,12.903225806451612,-1.3299212964340894,-5.648259628674279,-0.1382280361631243,12.698412698412698,-1.085189492650814,-0.0008556687389862,64,-1.319490380119955,negative_control_hmm,True,HMM-enhanced feature set treated as a negative control.,checkpoint_generalization_score
base_macro_hmm__fold_14__seed999,custom_custom,base_macro_hmm,fold_14,999,15,-2.123112974119778,0.4826815037730436,checkpoint,0.8631778958920175,491.1880173373565,-0.396769816845593,0.2343953185955786,-1.8326241897417537,-11.601555721783075,-0.155978619815591,11.306451612903226,-0.8845737997554053,-4.881994600920803,-0.1609265202205555,11.11111111111111,-1.085189492650814,-0.0007021803262577,64,-0.8776358589135939,negative_control_hmm,True,HMM-enhanced feature set treated as a negative control.,checkpoint_generalization_score
base_macro_hmm_gru__fold_01__seed42,custom_custom,base_macro_hmm_gru,fold_01,42,23,2.826330134764949,0.8225752408176009,checkpoint,0.9591532000739068,105.03803270137948,-0.1207887629526915,0.4420541290770298,2.710883593225118,9.165343817054762,-0.0334722103936192,9.67741935483871,2.229905724525634,8.074566189358535,-0.059531739659616,9.836065573770492,-1.073423870597896,0.001027095669512,45,1.5223989622638758,legacy_hmm_gru_combo,True,Legacy combined HMM+GRU feature set from the previous cycle.,checkpoint_generalization_score
base_macro_hmm_gru__fold_01__seed123,custom_custom,base_macro_hmm_gru,fold_01,123,23,2.345203611884421,0.7153916616459941,best_model,1.1181941198545222,160.45233825586868,-0.1903575356645219,0.4857737682165163,2.622392888670747,9.34467469053879,-0.0394960677080941,11.290322580645162,1.876038006114804,7.974571363248462,-0.0636707663487564,11.475409836065571,-1.073423870597896,0.0010349344867992,45,1.2809332186898326,legacy_hmm_gru_combo,True,Legacy combined HMM+GRU feature set from the previous cycle.,checkpoint_generalization_score
base_macro_hmm_gru__fold_01__seed999,custom_custom,base_macro_hmm_gru,fold_01,999,23,2.793247693377406,1.0886578298640526,checkpoint,0.8225204548932147,87.1152619934802,-0.1499443768917772,0.520471894517696,2.2975033633862068,7.7479299826126,-0.0398364663545107,12.096774193548388,2.50119502568939,9.898870937742398,-0.0522160801146823,12.295081967213116,-1.073423870597896,0.0014696746698029,45,2.0041086655997944,legacy_hmm_gru_combo,True,Legacy combined HMM+GRU feature set from the previous cycle.,checkpoint_generalization_score
base_macro_hmm_gru__fold_02__seed42,custom_custom,base_macro_hmm_gru,fold_02,42,23,0.3592803823217187,-0.1854610181031702,checkpoint,1.0586067380575015,167.25417385785354,-0.1927637234064421,0.5309904153354632,0.3803366335776467,0.9831316866413252,-0.0471999115453108,12.5,-0.0705376192852427,-0.2422673028053101,-0.0369017166614834,12.698412698412698,-1.0646666080871232,2.670896565419116e-05,3,0.6834937894047767,legacy_hmm_gru_combo,True,Legacy combined HMM+GRU feature set from the previous cycle.,checkpoint_generalization_score
base_macro_hmm_gru__fold_02__seed123,custom_custom,base_macro_hmm_gru,fold_02,123,23,1.4434363426934254,-0.4379561301548655,checkpoint,1.0475448720043954,153.2479716250304,-0.1549326431129437,1.5450479233226837,1.5120643388532768,4.067723958394098,-0.0381474798180248,17.921875,-0.6622178463893564,-1.5133491860218062,-0.0482503796853349,18.904761904761905,-1.0646666080871232,-8.481411456033132e-05,3,-6.6361081838852085,legacy_hmm_gru_combo,True,Legacy combined HMM+GRU feature set from the previous cycle.,checkpoint_generalization_score
base_macro_hmm_gru__fold_02__seed999,custom_custom,base_macro_hmm_gru,fold_02,999,23,0.5115542201140671,1.2782037738297891,checkpoint,1.0674499368021586,155.0171981774333,-0.1573550898354434,1.673482428115016,0.5460585199316386,1.4401858416202895,-0.0397430801570275,29.3046875,0.6979740609085296,1.391425583246808,-0.0284165596528452,32.04761904761905,-1.0646666080871232,3.8661158835921285e-05,3,1.139269065100179,legacy_hmm_gru_combo,True,Legacy combined HMM+GRU feature set from the previous cycle.,checkpoint_generalization_score
base_macro_hmm_gru__fold_03__seed42,custom_custom,base_macro_hmm_gru,fold_03,42,23,7.829770707191913,0.3322181041662963,checkpoint,0.7073121639409294,92.48018712596114,-0.1874672090202651,0.3845245126993503,5.538092062065213,12.714682804625532,-0.0170035559909961,10.483870967741936,1.83985444555772,3.287094542461056,-0.03335321763119,10.655737704918034,0.8828430011650111,0.0005323116007604,62,1.824956593523346,legacy_hmm_gru_combo,True,Legacy combined HMM+GRU feature set from the previous cycle.,checkpoint_generalization_score
base_macro_hmm_gru__fold_03__seed123,custom_custom,base_macro_hmm_gru,fold_03,123,23,5.10443177639453,0.8360387003774122,checkpoint,0.9380869768555584,124.31638173181864,-0.138526519487891,0.8334317779090372,4.788400973683393,9.42285120280264,-0.0195300855918216,16.451612903225808,4.003288526924199,6.192908048706669,-0.0176150561791772,17.24590163934426,0.8828430011650111,0.0009771023175798,62,3.970872701710949,legacy_hmm_gru_combo,True,Legacy combined HMM+GRU feature set from the previous cycle.,checkpoint_generalization_score
base_macro_hmm_gru__fold_03__seed999,custom_custom,base_macro_hmm_gru,fold_03,999,23,7.549797767318147,0.3732745815198499,best_model,0.6757445260935869,86.22807095242588,-0.1797517779488705,0.4051978735971648,5.101734514378822,11.725207673223093,-0.018386905023795,9.67741935483871,1.9043478158801292,3.553996665192116,-0.0368239924059456,10.278688524590164,0.8828430011650111,0.0005749113717611,62,1.8889277417261845,legacy_hmm_gru_combo,True,Legacy combined HMM+GRU feature set from the previous cycle.,checkpoint_generalization_score
base_macro_hmm_gru__fold_04__seed42,custom_custom,base_macro_hmm_gru,fold_04,42,23,3.4566363352324387,1.324836253610328,checkpoint,0.9522306481300324,174.38214519926527,-0.2213855801452786,0.4678040726472207,3.2915150578482053,6.589089876874898,-0.0217296096927523,11.904761904761903,4.360718477941599,8.483079551843264,-0.0201545467958053,11.904761904761903,0.8304162077337203,0.001283983545612,64,4.32651623632409,legacy_hmm_gru_combo,True,Legacy combined HMM+GRU feature set from the previous cycle.,checkpoint_generalization_score
base_macro_hmm_gru__fold_04__seed123,custom_custom,base_macro_hmm_gru,fold_04,123,23,3.945460824065124,1.1532633892748738,checkpoint,1.0792860048821424,183.62520923243449,-0.1536173053000037,0.5343973582828839,4.258280650224253,7.460083469351408,-0.0162825307917884,13.714285714285714,4.910919175161236,7.777325562542381,-0.0179506772983447,13.698412698412698,0.8304162077337203,0.0011782033589891,64,4.872401567330654,legacy_hmm_gru_combo,True,Legacy combined HMM+GRU feature set from the previous cycle.,checkpoint_generalization_score
base_macro_hmm_gru__fold_04__seed999,custom_custom,base_macro_hmm_gru,fold_04,999,23,3.910720288502024,1.1784567620086268,best_model,0.9722270253977566,153.1853062413127,-0.1376549856096244,0.6422674738580078,3.80210795325298,7.035906164111894,-0.0114968072887899,16.396825396825395,4.480619827397754,7.773057555440177,-0.0139321428183836,16.158730158730158,0.8304162077337203,0.0011790376897805,64,4.445477168519853,legacy_hmm_gru_combo,True,Legacy combined HMM+GRU feature set from the previous cycle.,checkpoint_generalization_score
base_macro_hmm_gru__fold_05__seed42,custom_custom,base_macro_hmm_gru,fold_05,42,23,5.432953246399194,-0.1271436683895721,checkpoint,1.1293574054218751,224.92064375938887,-0.1697376896106101,0.411522633744856,6.135745982131747,10.246903647174133,-0.0083999014457478,12.903225806451612,-0.7801212524748086,-4.411623644160445,-0.108880290457258,13.333333333333334,-1.2733003575515036,-0.0016329536521319,40,-1.6283058116360722,legacy_hmm_gru_combo,True,Legacy combined HMM+GRU feature set from the previous cycle.,checkpoint_generalization_score
base_macro_hmm_gru__fold_05__seed123,custom_custom,base_macro_hmm_gru,fold_05,123,23,5.776714930025497,-0.1210302048968974,checkpoint,1.0944076149990012,208.9968164163144,-0.1498494023862201,0.3770576131687242,6.322080809098326,8.728736536171366,-0.0071186997600383,10.959677419354838,-0.7651627356999138,-4.472937466801408,-0.1120397133975289,11.425,-1.2733003575515036,-0.0014842351683223,40,-1.4353589116164835,legacy_hmm_gru_combo,True,Legacy combined HMM+GRU feature set from the previous cycle.,checkpoint_generalization_score
base_macro_hmm_gru__fold_05__seed999,custom_custom,base_macro_hmm_gru,fold_05,999,23,6.292181085845404,-0.0585780051844053,last_model,0.8856595128156368,166.36240565194376,-0.1822339119145136,0.4629629629629629,5.572730035037605,10.893398577208924,-0.0091285528593756,14.0,-0.3264394088837242,-2.436649640355837,-0.0906754469493968,13.625,-1.2733003575515036,-0.0016025108676376,40,-1.454511860364338,legacy_hmm_gru_combo,True,Legacy combined HMM+GRU feature set from the previous cycle.,checkpoint_generalization_score
base_macro_hmm_gru__fold_06__seed42,custom_custom,base_macro_hmm_gru,fold_06,42,23,1.374125878850361,2.5825538555487717,checkpoint,1.1817037239652226,283.46864440105884,-0.1487906616362441,0.4349927501208313,1.6238096682344558,5.414566206089777,-0.0497764980761048,9.07936507936508,4.193575919376265,9.651729812628762,-0.0217343827917929,9.198412698412698,0.7743971080708614,0.0014558641385029,64,4.160684620026993,legacy_hmm_gru_combo,True,Legacy combined HMM+GRU feature set from the previous cycle.,checkpoint_generalization_score
base_macro_hmm_gru__fold_06__seed123,custom_custom,base_macro_hmm_gru,fold_06,123,23,1.9151650111984648,1.6600970119665577,checkpoint,1.107116395500814,273.28986791667774,-0.1593960278282822,3.766553890768487,2.12031058398732,6.317561657796511,-0.030703742592503,17.41269841269841,3.519921264918417,8.231589839582076,-0.0248950713866169,21.65079365079365,0.7743971080708614,0.0012527233843188,64,3.492313613063263,legacy_hmm_gru_combo,True,Legacy combined HMM+GRU feature set from the previous cycle.,checkpoint_generalization_score
base_macro_hmm_gru__fold_06__seed999,custom_custom,base_macro_hmm_gru,fold_06,999,23,1.2891504890590904,2.787256777361774,best_model,1.2195958174262704,320.02260160907935,-0.1685972885505837,0.4775253745770904,1.5722425444894976,4.544421567681356,-0.0345718221085845,8.73015873015873,4.3822436877848725,8.461463716237617,-0.0169262497319307,8.73015873015873,0.7743971080708614,0.0012806873817118,64,4.347872618385507,legacy_hmm_gru_combo,True,Legacy combined HMM+GRU feature set from the previous cycle.,checkpoint_generalization_score
base_macro_hmm_gru__fold_07__seed42,custom_custom,base_macro_hmm_gru,fold_07,42,23,-1.23348029729255,-1.679953586388173,last_model,1.3019342351200045,355.80143877857813,-0.158713489522275,0.4931693989071038,-1.6059102273911718,-10.33422049988556,-0.1578689889801788,9.836065573770492,2.697854645923245,7.698903571268478,-0.0373217658013206,9.836065573770492,-1.3292864698368727,0.0011876444214385,25,3.0083376293004944,legacy_hmm_gru_combo,True,Legacy combined HMM+GRU feature set from the previous cycle.,checkpoint_generalization_score
base_macro_hmm_gru__fold_07__seed123,custom_custom,base_macro_hmm_gru,fold_07,123,23,-1.6426018397968711,-2.3072329556493147,best_model,0.9427760229743154,204.54757003793324,-0.1855819986361847,0.3387978142076502,-1.5486056298539876,-9.672999340560915,-0.1532709554400541,10.262295081967212,3.572993944503185,10.261772773406186,-0.024450431284511,10.40983606557377,-1.3292864698368727,0.0018108411610828,25,4.06905251677296,legacy_hmm_gru_combo,True,Legacy combined HMM+GRU feature set from the previous cycle.,checkpoint_generalization_score
base_macro_hmm_gru__fold_07__seed999,custom_custom,base_macro_hmm_gru,fold_07,999,23,-1.1224168893257644,-2.4556862513444444,checkpoint,1.1987810401059054,370.7635330300459,-0.1596142666353363,0.3943533697632058,-1.3455320860183748,-9.563704053077304,-0.1522202961536367,10.770491803278688,3.304204644378133,9.480222630578572,-0.0255911167852898,10.934426229508198,-1.3292864698368727,0.0002833021882363,25,0.6270576006829837,legacy_hmm_gru_combo,True,Legacy combined HMM+GRU feature set from the previous cycle.,checkpoint_generalization_score
base_macro_hmm_gru__fold_08__seed42,custom_custom,base_macro_hmm_gru,fold_08,42,23,1.8896781825952755,-0.6221832782091904,checkpoint,1.0811416099538098,285.43368554203323,-0.152596944061445,0.2371711944803794,2.0430097126256457,5.341489678284828,-0.0348612904263109,8.73015873015873,-1.2711264804146405,-5.084179259757193,-0.0692113977308122,8.73015873015873,-1.2839010189588649,0.0011729794420055,8,1.2154709191570687,legacy_hmm_gru_combo,True,Legacy combined HMM+GRU feature set from the previous cycle.,checkpoint_generalization_score
base_macro_hmm_gru__fold_08__seed123,custom_custom,base_macro_hmm_gru,fold_08,123,23,1.263507736729892,-0.30988657271052,checkpoint,1.0989505029990954,318.5918570536324,-0.1840816836763927,0.4096593359206554,1.3885324628225633,4.060783534878509,-0.0582478419333615,15.07936507936508,-0.4302875660013816,-1.8719297588745127,-0.0657667652283747,15.07936507936508,-1.2839010189588649,0.0028437614388793,8,3.1450526734975,legacy_hmm_gru_combo,True,Legacy combined HMM+GRU feature set from the previous cycle.,checkpoint_generalization_score
base_macro_hmm_gru__fold_08__seed999,custom_custom,base_macro_hmm_gru,fold_08,999,23,2.1601691030515267,-0.3529026731672581,checkpoint,1.0031818713020435,242.8762534828034,-0.1936221176639724,0.3872358775334196,2.167042483128088,6.066672244445592,-0.0570698046536628,10.206349206349206,-0.764755085162915,-3.233295661860258,-0.0728420383726424,10.603174603174605,-1.2839010189588649,0.0025529124468738,8,2.648051093829442,legacy_hmm_gru_combo,True,Legacy combined HMM+GRU feature set from the previous cycle.,checkpoint_generalization_score
base_macro_hmm_gru__fold_09__seed42,custom_custom,base_macro_hmm_gru,fold_09,42,23,2.809528742024517,-0.650643888986671,best_model,0.9830778608342718,271.924811335291,-0.1887730785520348,0.510012259910094,2.761985505661865,6.078971253730403,-0.0271196298582999,12.03225806451613,-1.7970689907286528,-28.00115936560936,-0.3843914365229413,11.85483870967742,-1.3301243435221468,-0.0076840430204663,39,-2.457220334569933,legacy_hmm_gru_combo,True,Legacy combined HMM+GRU feature set from the previous cycle.,checkpoint_generalization_score
base_macro_hmm_gru__fold_09__seed123,custom_custom,base_macro_hmm_gru,fold_09,123,23,7.210749984955665,-0.2140842805805114,checkpoint,0.8665781380870349,223.6646003380998,-0.1819748448369301,0.3677973028197793,6.248678296173996,15.125939799074573,-0.0171126516228692,14.516129032258064,-1.3377437976154656,-20.82769139118803,-0.314295635932576,14.516129032258064,-1.3301243435221468,-0.0052863825558022,39,-1.8303883975601591,legacy_hmm_gru_combo,True,Legacy combined HMM+GRU feature set from the previous cycle.,checkpoint_generalization_score
base_macro_hmm_gru__fold_09__seed999,custom_custom,base_macro_hmm_gru,fold_09,999,23,5.663085388515895,-0.2233236384505681,checkpoint,1.0167648742810342,298.25341494455387,-0.2000216944386111,0.3269309358398038,5.758026303097125,12.974419495735145,-0.0204078053465776,12.903225806451612,-1.285903384301724,-20.81612673435897,-0.3259468855765296,12.919354838709678,-1.3301243435221468,-0.0051513328215009,39,-1.7325738408280689,legacy_hmm_gru_combo,True,Legacy combined HMM+GRU feature set from the previous cycle.,checkpoint_generalization_score
base_macro_hmm_gru__fold_10__seed42,custom_custom,base_macro_hmm_gru,fold_10,42,23,3.858757385534758,0.6003814897598192,checkpoint,0.6122822181523858,146.80264943514527,-0.3662378421751077,0.3893426682224815,2.362648531327123,18.83096603475576,-0.0884508330966811,14.516129032258064,1.4184904450170268,5.970683821684242,-0.0878976530640105,14.301587301587302,-1.3468497972560505,0.0009650077507231,64,1.4073648579886475,legacy_hmm_gru_combo,True,Legacy combined HMM+GRU feature set from the previous cycle.,checkpoint_generalization_score
base_macro_hmm_gru__fold_10__seed123,custom_custom,base_macro_hmm_gru,fold_10,123,23,2.742948576753539,1.2655992507275844,checkpoint,0.7601730698429989,243.27784567340612,-0.348594568531078,0.2139245429793854,2.0851156400122224,15.843247794623604,-0.0850877913106119,8.870967741935484,2.638920791679836,11.688108626518234,-0.0831952901741244,8.73015873015873,-1.3468497972560505,0.0017863638695893,64,2.61822305414345,legacy_hmm_gru_combo,True,Legacy combined HMM+GRU feature set from the previous cycle.,checkpoint_generalization_score
base_macro_hmm_gru__fold_10__seed999,custom_custom,base_macro_hmm_gru,fold_10,999,23,3.648755702304213,0.345249313785499,checkpoint,0.6602389583452385,172.82417179402913,-0.320428104923955,0.2528199144301828,2.409050664145583,16.98983659317477,-0.0732372830674524,10.483870967741936,0.8317230886707632,3.058366936352508,-0.093339503234437,10.317460317460318,-1.3468497972560505,0.0005203234513003,64,0.8251996696100108,legacy_hmm_gru_combo,True,Legacy combined HMM+GRU feature set from the previous cycle.,checkpoint_generalization_score
base_macro_hmm_gru__fold_11__seed42,custom_custom,base_macro_hmm_gru,fold_11,42,23,3.4776553643556056,0.6437305215187235,last_model,0.7413550060883897,194.8410557120377,-0.3314051555296202,0.1135185185185185,2.578177213815171,0.5980096699905735,-0.0025107424053338,0.0,1.6596513624169296,0.350498412843292,-0.0030528452159641,0.0,-1.2608113475359333,5.658115432805033e-05,62,1.646212668673719,legacy_hmm_gru_combo,True,Legacy combined HMM+GRU feature set from the previous cycle.,checkpoint_generalization_score
base_macro_hmm_gru__fold_11__seed123,custom_custom,base_macro_hmm_gru,fold_11,123,23,4.214049018617259,0.99019906279351,best_model,0.6180253118721816,195.2789409633176,-0.3028720514767616,0.3659259259259259,2.604388958975592,11.203111739675895,-0.0891454154474278,8.064516129032258,2.5788635063273966,8.853683965727988,-0.0342301280023044,8.19672131147541,-1.2608113475359333,0.00140673386684,62,2.5579816767745887,legacy_hmm_gru_combo,True,Legacy combined HMM+GRU feature set from the previous cycle.,checkpoint_generalization_score
base_macro_hmm_gru__fold_11__seed999,custom_custom,base_macro_hmm_gru,fold_11,999,23,3.2557820653323697,0.6756350916645222,best_model,0.9470444053841376,417.4655829903137,-0.309779533257801,1.6207407407407408,3.0833701901230337,14.441953028867726,-0.0831468732544067,19.798387096774192,2.083233101039431,7.576491819475151,-0.0399297243783576,18.811475409836067,-1.2608113475359333,0.0012220066087629,62,2.0663645391989376,legacy_hmm_gru_combo,True,Legacy combined HMM+GRU feature set from the previous cycle.,checkpoint_generalization_score
base_macro_hmm_gru__fold_12__seed42,custom_custom,base_macro_hmm_gru,fold_12,42,23,3.309259645727884,0.1727387284694926,checkpoint,0.7967775941148262,293.5797663093807,-0.3164804183472074,0.2125398512221041,2.636743938824345,7.106715400788111,-0.0340675940315935,9.523809523809524,0.455467795292159,1.1757354925220564,-0.0400607268362432,9.67741935483871,-1.192457715429692,0.0002132045275398,63,0.4518385119935543,legacy_hmm_gru_combo,True,Legacy combined HMM+GRU feature set from the previous cycle.,checkpoint_generalization_score
base_macro_hmm_gru__fold_12__seed123,custom_custom,base_macro_hmm_gru,fold_12,123,23,3.041458857073553,-0.0597963901010931,checkpoint,0.8941861760748063,382.1043406543616,-0.319199014343645,0.2639036486007793,2.719630465095451,6.47839418784868,-0.0302598068683073,9.523809523809524,-0.1626240842216651,-0.5914169902103583,-0.051506899675802,10.35483870967742,-1.192457715429692,-7.04442191139027e-05,63,-0.1613282541346268,legacy_hmm_gru_combo,True,Legacy combined HMM+GRU feature set from the previous cycle.,checkpoint_generalization_score
base_macro_hmm_gru__fold_12__seed999,custom_custom,base_macro_hmm_gru,fold_12,999,23,2.4222673375516286,0.1959455700080224,checkpoint,0.8435270806537808,404.286418894773,-0.328694598608066,0.3563584838823946,2.0432480958079315,5.43253230318681,-0.0380118314870736,9.523809523809524,0.4003654128008916,1.0511395799484236,-0.0545881053498935,9.693548387096774,-1.192457715429692,0.0001963747900759,63,0.3971751993082226,legacy_hmm_gru_combo,True,Legacy combined HMM+GRU feature set from the previous cycle.,checkpoint_generalization_score
base_macro_hmm_gru__fold_13__seed42,custom_custom,base_macro_hmm_gru,fold_13,42,23,2.846635224191751,-0.4825049049571722,checkpoint,1.002947645337442,484.7918922239704,-0.2596425328609061,0.2201897018970189,2.8550260952377378,8.952395837185678,-0.0511957021504827,10.483870967741936,-1.3775640947329313,-6.753430671958915,-0.1273056529262541,10.655737704918034,-1.131507348765239,-0.00105344255286,62,-1.366409546012651,legacy_hmm_gru_combo,True,Legacy combined HMM+GRU feature set from the previous cycle.,checkpoint_generalization_score
base_macro_hmm_gru__fold_13__seed123,custom_custom,base_macro_hmm_gru,fold_13,123,23,3.2750371430700778,-0.060512453692963,checkpoint,0.964816354647309,513.2552833199769,-0.3673699461504123,0.2201897018970189,3.1598093977114097,10.850368378340905,-0.060698893328425,10.483870967741936,-0.1912078198576011,-1.207938171977252,-0.0924777441846772,10.655737704918034,-1.131507348765239,-0.000134086982804,62,-0.189659552920001,legacy_hmm_gru_combo,True,Legacy combined HMM+GRU feature set from the previous cycle.,checkpoint_generalization_score
base_macro_hmm_gru__fold_13__seed999,custom_custom,base_macro_hmm_gru,fold_13,999,23,3.5132478931623137,-0.4682469216421757,best_model,1.0074906732965094,475.2242154113391,-0.3012356881593,0.5965447154471545,3.539564485339642,11.55665430194892,-0.0331734723283057,17.241935483870968,-1.6573901742142598,-7.141067945524194,-0.1250454325069997,15.901639344262296,-1.131507348765239,-0.0011351311625308,62,-1.643969789988602,legacy_hmm_gru_combo,True,Legacy combined HMM+GRU feature set from the previous cycle.,checkpoint_generalization_score
base_macro_hmm_gru__fold_14__seed42,custom_custom,base_macro_hmm_gru,fold_14,42,23,-1.927562743856828,0.4945562350969975,checkpoint,0.9096317566834128,439.6334217060877,-0.2823666339204783,0.3972691807542263,-1.7533722848119857,-10.238420687111285,-0.1460899441664543,14.258064516129032,-0.8671411959000361,-4.508688112505322,-0.1531734298768555,14.166666666666666,-1.085189492650814,-0.0006496149334228,64,-0.8603399834739892,legacy_hmm_gru_combo,True,Legacy combined HMM+GRU feature set from the previous cycle.,checkpoint_generalization_score
base_macro_hmm_gru__fold_14__seed123,custom_custom,base_macro_hmm_gru,fold_14,123,23,-2.159546756205233,0.457706773770244,best_model,0.8009215318177736,419.8392400479035,-0.3339153955186439,0.1950585175552665,-1.7296274960119993,-10.793238630537449,-0.1527947258744662,9.67741935483871,-0.7916622210239578,-4.572080644583121,-0.1591461516213383,9.523809523809524,-1.085189492650814,-0.0006466901729119,64,-0.7854530096979158,legacy_hmm_gru_combo,True,Legacy combined HMM+GRU feature set from the previous cycle.,checkpoint_generalization_score
base_macro_hmm_gru__fold_14__seed999,custom_custom,base_macro_hmm_gru,fold_14,999,23,-1.8702938595937868,0.2052755263033701,checkpoint,0.9161194369452584,470.290065116204,-0.336778112386081,0.3250975292587776,-1.7134125575732342,-9.700860334210237,-0.1487044614066512,12.903225806451612,-0.3517216645306492,-2.037023913042424,-0.1369587064536361,12.698412698412698,-1.085189492650814,-0.0002550458667058,64,-0.3489630206481695,legacy_hmm_gru_combo,True,Legacy combined HMM+GRU feature set from the previous cycle.,checkpoint_generalization_score
full__fold_01__seed42,custom_custom,full,fold_01,42,29,2.7235382018903165,0.8730850488753854,best_model,1.0674474825467386,124.5602689730819,-0.1505058292075873,0.5898681471200555,2.907233997227689,10.162965002593394,-0.0373157156813673,13.709677419354838,2.5382625365617195,9.528799087328355,-0.0518440001812733,13.934426229508198,-1.073423870597896,0.0012213354402519,45,1.760100829127038,legacy_full_stack,False,Legacy full feature stack including fundamentals.,checkpoint_generalization_score
full__fold_01__seed123,custom_custom,full,fold_01,123,29,3.1233571250276606,0.6813003531841741,checkpoint,0.8628853565238385,96.49425138869682,-0.1460430168920476,0.6092990978487162,2.695099126380764,10.33105531473426,-0.0388317970851437,11.419354838709678,1.8361719866695736,7.350876348241542,-0.0608913478703206,11.950819672131148,-1.073423870597896,0.0008759081069889,45,1.1553228415680223,legacy_full_stack,False,Legacy full feature stack including fundamentals.,checkpoint_generalization_score
full__fold_01__seed999,custom_custom,full,fold_01,999,29,22.873769291903574,6.469053681600798,checkpoint,0.0325536853215121,0.2363454043918356,-0.0493020648396734,0.0,0.744625487645497,0.0161476676891147,-0.0003023749805906,0.0,4.817022252266892,0.0746195946293104,-0.0001298966307375,0.0,-1.073423870597896,1.1451400095041642e-05,45,4.265489777144088,legacy_full_stack,False,Legacy full feature stack including fundamentals.,checkpoint_generalization_score
full__fold_02__seed42,custom_custom,full,fold_02,42,29,0.1166104947170832,27.924528297057734,checkpoint,0.7595802394509688,110.91860102615291,-0.2090594111791328,1.2600638977635783,0.088575027499698,0.0612618402525466,-0.0613749616475389,19.3984375,2.4734158618279847,6.745511412786853,-0.0259717733476931,19.785714285714285,-1.0646666080871232,6.128565237591606e-05,3,6.133964772484617,legacy_full_stack,False,Legacy full feature stack including fundamentals.,checkpoint_generalization_score
full__fold_02__seed123,custom_custom,full,fold_02,123,29,0.5378767988500032,-0.8191344871818067,best_model,0.8663664652428353,97.6917059796538,-0.1388101186737247,0.6530351437699681,0.4659984209558088,1.0911449863123537,-0.0407507005871173,8.8125,-0.3817153775771681,-0.9537006000989724,-0.0302963868820674,8.84920634920635,-1.0646666080871232,-3.220908787567497e-05,3,-2.151761130961945,legacy_full_stack,False,Legacy full feature stack including fundamentals.,checkpoint_generalization_score
full__fold_02__seed999,custom_custom,full,fold_02,999,29,0.4069437038868595,-2.508420836363293,best_model,1.099056676737581,163.5227908350493,-0.1636702866875248,0.4421725239616613,0.4472541948131739,1.106670629302231,-0.0412490638021685,10.046875,-1.1219017414202528,-2.538994318550436,-0.0483001454407007,10.031746031746032,-1.0646666080871232,-2.563979789253305e-05,3,-1.0158832443315209,legacy_full_stack,False,Legacy full feature stack including fundamentals.,checkpoint_generalization_score
full__fold_03__seed42,custom_custom,full,fold_03,42,29,7.645076735712894,0.4534492933980293,checkpoint,0.744633051453577,107.52848195056872,-0.2075898187480527,0.2067336089781453,5.692776818310644,14.028480170618462,-0.0182630720227549,5.645161290322581,2.581385625735644,5.3405470578275605,-0.039977769386029,5.737704918032787,0.8828430011650111,0.0008532547761364,62,2.560483373827226,legacy_full_stack,False,Legacy full feature stack including fundamentals.,checkpoint_generalization_score
full__fold_03__seed123,custom_custom,full,fold_03,123,29,8.187464050096494,0.2414073918259509,best_model,0.6178906253320051,84.92742845860566,-0.2276928332830853,0.6757235676314235,5.058957281797434,14.555682687749648,-0.0235230799985022,20.41935483870968,1.2212696827576206,2.533038475692395,-0.0492310984043602,26.18032786885246,0.8828430011650111,0.0004183368997073,62,1.211380696663248,legacy_full_stack,False,Legacy full feature stack including fundamentals.,checkpoint_generalization_score
full__fold_03__seed999,custom_custom,full,fold_03,999,29,6.991528847417326,0.2140615449976685,best_model,0.7949331099788314,113.04634556410802,-0.18610166410414,0.4430005906674542,5.55779777018417,13.762741729423954,-0.019851870543379,12.096774193548388,1.1897107774702202,2.118135587513037,-0.0367077416691137,13.327868852459016,0.8828430011650111,0.00034893387694,62,1.1800773332761725,legacy_full_stack,False,Legacy full feature stack including fundamentals.,checkpoint_generalization_score
full__fold_04__seed42,custom_custom,full,fold_04,42,29,4.015480868583979,0.8707683830372902,best_model,1.189622297636712,209.7620672239375,-0.1628962004417136,0.5690698954320308,4.776905577001134,7.566686673526202,-0.0122166520673991,16.07936507936508,4.159578345207091,6.76430058620896,-0.0151932907873408,15.142857142857142,0.8304162077337203,0.0010309704392937,64,4.126953697615329,legacy_full_stack,False,Legacy full feature stack including fundamentals.,checkpoint_generalization_score
full__fold_04__seed123,custom_custom,full,fold_04,123,29,3.8408913193300127,0.3105396517516501,checkpoint,1.1807993842910562,213.95382374490373,-0.1621654928661716,0.4953219592735278,4.5353221049937416,6.751936584785412,-0.0120121892422139,9.523809523809524,1.4083973470663171,2.2522502642444486,-0.0189507620154382,9.523809523809524,0.8304162077337203,0.0003561229959015,64,1.3973509228127257,legacy_full_stack,False,Legacy full feature stack including fundamentals.,checkpoint_generalization_score
full__fold_04__seed999,custom_custom,full,fold_04,999,29,4.273772479057462,1.0329877538769454,checkpoint,1.1626798477789508,211.0390770282747,-0.1493978740130596,0.5899834892680242,4.969029135392399,8.812832822084783,-0.0129627931835487,12.0,5.132946245518095,8.806603667095558,-0.015605448034777,11.936507936507937,0.8304162077337203,0.0013280729460392,64,5.092687222013838,legacy_full_stack,False,Legacy full feature stack including fundamentals.,checkpoint_generalization_score
full__fold_05__seed42,custom_custom,full,fold_05,42,29,7.639170874542875,-0.1154017477890661,checkpoint,0.8172308827413279,144.4430634435628,-0.1863995810520774,0.3343621399176955,6.242966357214516,10.618385600283098,-0.0076803325043851,10.483870967741936,-0.7204492290108945,-4.402803544438527,-0.1006438216390518,10.833333333333334,-1.2733003575515036,-0.0015793092053117,40,-1.4513654301978554,legacy_full_stack,False,Legacy full feature stack including fundamentals.,checkpoint_generalization_score
full__fold_05__seed123,custom_custom,full,fold_05,123,29,5.850621221117563,-0.1273628974747077,best_model,1.088666758668831,225.13947947305655,-0.2099418082820964,0.4495884773662551,6.369376840993135,12.333559607551226,-0.0082502560702435,13.919354838709678,-0.8112222895771863,-5.252713388827712,-0.1125613145663849,14.633333333333333,-1.2733003575515036,-0.0021567658235111,40,-1.9042122022255896,legacy_full_stack,False,Legacy full feature stack including fundamentals.,checkpoint_generalization_score
full__fold_05__seed999,custom_custom,full,fold_05,999,29,5.329464997341068,-0.1606991845745287,checkpoint,0.9840897055202684,184.25222836398865,-0.1458828627310732,0.3858024691358024,5.24467163981395,8.529894312751418,-0.0128933398024339,12.096774193548388,-0.8428144558792584,-4.890222110879694,-0.110375080528451,12.516666666666667,-1.2733003575515036,-0.0014428278983193,40,-1.3824140610820397,legacy_full_stack,False,Legacy full feature stack including fundamentals.,checkpoint_generalization_score
full__fold_06__seed42,custom_custom,full,fold_06,42,29,1.227434014785404,3.5555622835738867,checkpoint,0.9723656687963522,218.0166291561926,-0.1757493100009761,0.3972933784436926,1.193514696690201,3.4021883099212724,-0.0495161868134274,9.523809523809524,4.243615840442806,8.280752521429058,-0.022209328809513,9.523809523809524,0.7743971080708614,0.0012548578591597,64,4.210332065064757,legacy_full_stack,False,Legacy full feature stack including fundamentals.,checkpoint_generalization_score
full__fold_06__seed123,custom_custom,full,fold_06,123,29,1.2750202518906255,3.0529706393547933,best_model,1.2303369933098436,328.02548909916,-0.1714068192727588,0.3779603673272112,1.5687045831202715,5.12369710881293,-0.0517190962083018,9.523809523809524,4.789209034087491,9.96229903182375,-0.0200044484089291,9.523809523809524,0.7743971080708614,0.0014972724135785,64,4.751646030337262,legacy_full_stack,False,Legacy full feature stack including fundamentals.,checkpoint_generalization_score
full__fold_06__seed999,custom_custom,full,fold_06,999,29,2.5269222867655468,2.348410217748689,last_model,0.3640286246562904,5.627315480797068,-0.0402134069106383,0.0,0.9198720446645902,0.015031424813805,-0.0002690999781439,0.0,2.160236908711702,0.0308797869422727,-0.000234502075233,0.0,0.7743971080708614,4.824862061256208e-06,64,2.1432936125377897,legacy_full_stack,False,Legacy full feature stack including fundamentals.,checkpoint_generalization_score
full__fold_07__seed42,custom_custom,full,fold_07,42,29,-1.1008230106780952,-2.495676502615199,checkpoint,1.2836506719908165,347.0830300865047,-0.1778044961320869,0.4663023679417122,-1.4130721973998903,-9.535245283727656,-0.1515613114976616,13.245901639344265,3.5265710795497323,9.628800848850428,-0.0327868635986123,12.89344262295082,-1.3292864698368727,0.0013073087092578,25,3.2067585722509406,legacy_full_stack,False,Legacy full feature stack including fundamentals.,checkpoint_generalization_score
full__fold_07__seed123,custom_custom,full,fold_07,123,29,-0.5485198200518159,-4.4453595764388165,best_model,0.9948236930394564,239.6213820547855,-0.1804039486998071,1.6388888888888888,-0.5456805130892854,-2.994586032360491,-0.13159638094376,13.942622950819672,2.425746094537502,5.524116443662597,-0.0225654627063701,13.885245901639344,-1.3292864698368727,7.82985031168959e-05,25,0.2687033080307904,legacy_full_stack,False,Legacy full feature stack including fundamentals.,checkpoint_generalization_score
full__fold_07__seed999,custom_custom,full,fold_07,999,29,-1.8062228060133048,-1.6273844433646616,checkpoint,1.0598460192512107,298.6434543451646,-0.2014626692978465,0.3192167577413479,-1.9143180508339528,-12.958966249258395,-0.1856025849195979,11.475409836065571,3.115331415579337,9.526323779541723,-0.0517896896526821,11.475409836065571,-1.3292864698368727,0.002136745541523,25,4.492923262811192,legacy_full_stack,False,Legacy full feature stack including fundamentals.,checkpoint_generalization_score
full__fold_08__seed42,custom_custom,full,fold_08,42,29,3.6095621388056274,-0.2249326260128843,best_model,1.0785452893493503,261.657282837449,-0.1410105884023461,0.2156101768003449,3.893076241422576,9.99380727387238,-0.025808480835153,7.936507936507937,-0.8756798622515497,-3.4923812976112134,-0.0524888550513248,7.936507936507937,-1.2839010189588649,0.0032582884762691,8,3.540874908985856,legacy_full_stack,False,Legacy full feature stack including fundamentals.,checkpoint_generalization_score
full__fold_08__seed123,custom_custom,full,fold_08,123,29,1.678735701678195,-0.5489315194048214,checkpoint,0.932221183660166,204.29191549871928,-0.1626739531708133,1.2815868909012504,1.5649529828710262,3.781882462637687,-0.0406258160048789,21.563492063492063,-0.8590520186844999,-3.27731674016567,-0.0480250066203307,16.753968253968253,-1.2839010189588649,0.001630657211134,8,1.903938271920992,legacy_full_stack,False,Legacy full feature stack including fundamentals.,checkpoint_generalization_score
full__fold_08__seed999,custom_custom,full,fold_08,999,29,1.900086031046424,0.0502835675376877,best_model,0.9013048908394375,211.9590815503817,-0.1792486220525528,0.258732212160414,1.7125568327978375,4.659525361929329,-0.0635084800641366,9.523809523809524,0.0861134671641187,0.0474580333053475,-0.0447467032344682,9.523809523809524,-1.2839010189588649,0.0025757437601759,8,2.83893399215794,legacy_full_stack,False,Legacy full feature stack including fundamentals.,checkpoint_generalization_score
full__fold_09__seed42,custom_custom,full,fold_09,42,29,8.72144266421231,-0.1815324730203781,best_model,0.8104198035787661,219.009294903824,-0.2498676190448334,0.3428688189619943,7.068029850854411,18.562953503201275,-0.021928067887638,12.564516129032258,-1.2830769382074556,-20.87463229282324,-0.3381311126703211,14.887096774193548,-1.3301243435221468,-0.0052541030149399,39,-1.7653009589600557,legacy_full_stack,False,Legacy full feature stack including fundamentals.,checkpoint_generalization_score
full__fold_09__seed123,custom_custom,full,fold_09,123,29,5.734686979446261,-0.1664256896285866,best_model,1.1284894366718654,339.7934850303516,-0.1596833326776703,0.3539027380465877,6.471533678924793,13.979480758464046,-0.0158046165635271,13.193548387096774,-1.077029455469683,-18.311971837673923,-0.298279784143817,13.370967741935484,-1.3301243435221468,-0.0045958727789617,39,-1.550133297678037,legacy_full_stack,False,Legacy full feature stack including fundamentals.,checkpoint_generalization_score
full__fold_09__seed999,custom_custom,full,fold_09,999,29,7.243811425397323,-0.1770102749937107,best_model,0.9561465012195852,264.6469762360095,-0.1721233092948473,0.3559460563955864,6.926144949888106,15.477928930536278,-0.0146270776427983,11.290322580645162,-1.2259988222259948,-20.04611162418367,-0.3131208427626166,11.290322580645162,-1.3301243435221468,-0.0050183331524767,39,-1.6972074168821143,legacy_full_stack,False,Legacy full feature stack including fundamentals.,checkpoint_generalization_score
full__fold_10__seed42,custom_custom,full,fold_10,42,29,3.762523686405587,0.7234496093935061,checkpoint,0.6789034308961452,188.9123630262336,-0.3190375720346506,0.2917152858809801,2.554390239528765,19.616148987331396,-0.0656751982055223,12.096774193548388,1.8479726210256693,8.529077587087585,-0.0946807807222746,11.904761904761903,-1.3468497972560505,0.001346767966678,64,1.8334784943338007,legacy_full_stack,False,Legacy full feature stack including fundamentals.,checkpoint_generalization_score
full__fold_10__seed123,custom_custom,full,fold_10,123,29,3.2804064932020176,0.6690560085484607,checkpoint,0.5701467415959303,137.79730530345563,-0.3313859688608703,0.2866588875923765,1.8703130732092623,13.249621958374846,-0.0756937796905679,10.225806451612904,1.2513441994973942,5.562274660575106,-0.1011228095309242,10.325396825396826,-1.3468497972560505,0.0009129890543962,64,1.2415295836549878,legacy_full_stack,False,Legacy full feature stack including fundamentals.,checkpoint_generalization_score
full__fold_10__seed999,custom_custom,full,fold_10,999,29,3.666902737494785,0.7578813760007234,checkpoint,0.6744051237659728,163.83513844785583,-0.3198330369419009,0.3889537145079735,2.4729779945179557,18.551725853307776,-0.0653154756090232,16.129032258064516,1.8742239653047768,8.06794214423634,-0.0897910396938885,15.873015873015872,-1.3468497972560505,0.0012711873008432,64,1.859523942537671,legacy_full_stack,False,Legacy full feature stack including fundamentals.,checkpoint_generalization_score
full__fold_11__seed42,custom_custom,full,fold_11,42,29,5.36441451105153,0.7287619674938569,checkpoint,0.6691596397998378,242.780370930884,-0.3946887124006955,0.512962962962963,3.589649681952265,21.06723977281799,-0.0848537038744517,14.637096774193548,2.6160001648332303,11.874499978831832,-0.0487761555238844,14.049180327868852,-1.2608113475359333,0.0018761302570433,62,2.594817628643108,legacy_full_stack,False,Legacy full feature stack including fundamentals.,checkpoint_generalization_score
full__fold_11__seed123,custom_custom,full,fold_11,123,29,4.075251645132186,0.8364668736779881,best_model,0.7735496402481341,286.36712893608586,-0.3685943812967293,0.424074074074074,3.1524094440126187,14.621534493973144,-0.0777021152032015,11.935483870967742,2.6368860721862,8.49405551532476,-0.0377896704075384,12.155737704918034,-1.2608113475359333,0.0013488201760288,62,2.615534416553994,legacy_full_stack,False,Legacy full feature stack including fundamentals.,checkpoint_generalization_score
full__fold_11__seed999,custom_custom,full,fold_11,999,29,4.356237083026672,0.7220226752488389,checkpoint,0.6815809873872508,239.7000908871496,-0.431344318318805,0.2222222222222222,2.969128372342277,17.29539301354981,-0.0801062558276952,9.67741935483871,2.1437780105558013,9.569451034579446,-0.0590427745847359,9.836065573770492,-1.2608113475359333,0.0015400901686611,62,2.126419198464488,legacy_full_stack,False,Legacy full feature stack including fundamentals.,checkpoint_generalization_score
full__fold_12__seed42,custom_custom,full,fold_12,42,29,2.628335658446722,0.0614404746755018,checkpoint,0.8038824230341113,353.9619114041966,-0.3976969163415286,0.2656748140276301,2.1128728376591077,6.046260040867635,-0.040667636050324,11.904761904761903,0.12981591007475,0.2104175117652929,-0.0447792443727103,12.096774193548388,-1.192457715429692,6.703059377850046e-05,63,0.128781503868214,legacy_full_stack,False,Legacy full feature stack including fundamentals.,checkpoint_generalization_score
full__fold_12__seed123,custom_custom,full,fold_12,123,29,2.6323060769976245,0.015145311830747,checkpoint,1.0229135643852705,551.763421258726,-0.3259293732404262,0.3018065887353879,2.692621591774648,7.091749262466074,-0.0381703460285327,9.603174603174605,0.0407805936496295,-0.0648728328636272,-0.0524581459007554,9.46774193548387,-1.192457715429692,1.9925891173226925e-05,63,0.0404556435017385,legacy_full_stack,False,Legacy full feature stack including fundamentals.,checkpoint_generalization_score
full__fold_12__seed999,custom_custom,full,fold_12,999,29,2.486167522172944,0.1743991255764629,checkpoint,0.9686722800457616,495.0088594875038,-0.3496111077742252,1.4112646121147716,2.408281562278987,6.373540993627569,-0.0330009573124362,16.476190476190474,0.4200021986033733,1.1535088505729707,-0.0350395917627831,16.516129032258064,-1.192457715429692,0.000215071371487,63,0.4166555142043353,legacy_full_stack,False,Legacy full feature stack including fundamentals.,checkpoint_generalization_score
full__fold_13__seed42,custom_custom,full,fold_13,42,29,4.014528176255385,-0.2049012023316366,checkpoint,0.9492312004021616,455.8347583685954,-0.3187574119662746,0.1863143631436314,3.8107153997952,12.296255628970364,-0.0405321772580535,8.870967741935484,-0.7808201671617199,-3.2093600761795016,-0.0945533350147247,9.01639344262295,-1.131507348765239,-0.0004787273614928,62,-0.7744976326025775,legacy_full_stack,False,Legacy full feature stack including fundamentals.,checkpoint_generalization_score
full__fold_13__seed123,custom_custom,full,fold_13,123,29,4.5599516291869735,-0.0309561499120951,last_model,0.9611761564342036,513.9324150493351,-0.3281533107604883,0.209180216802168,4.38291678046782,15.499631401216815,-0.0315275270634771,6.451612903225806,-0.135678228908399,-1.0801806935653468,-0.0921522552028015,6.557377049180328,-1.131507348765239,-0.0001028376281649,62,-0.1345796016863144,legacy_full_stack,False,Legacy full feature stack including fundamentals.,checkpoint_generalization_score
full__fold_13__seed999,custom_custom,full,fold_13,999,29,3.0536082402328333,-0.3383959404554719,checkpoint,0.9557994914861474,461.65761722867023,-0.3649494391649319,0.3556910569105691,2.918637203212452,9.069970542087535,-0.050585589549272,16.93548387096774,-0.987654981229406,-4.493332093624836,-0.1123243722591854,17.21311475409836,-1.131507348765239,-0.0006812628482526,62,-0.9796576432840624,legacy_full_stack,False,Legacy full feature stack including fundamentals.,checkpoint_generalization_score
full__fold_14__seed42,custom_custom,full,fold_14,42,29,-1.5666234399846284,0.502730432845034,best_model,0.9922262283334496,600.6528304699603,-0.3596763806070002,0.4613133940182055,-1.554444867074722,-9.5824957263569,-0.1460546700407066,10.82258064516129,-0.7814667408582163,-3.913289619142901,-0.1386026920696672,10.603174603174605,-1.085189492650814,-0.0005588622422321,64,-0.7753374953171244,legacy_full_stack,False,Legacy full feature stack including fundamentals.,checkpoint_generalization_score
full__fold_14__seed123,custom_custom,full,fold_14,123,29,-1.616508977749696,0.6008459821601859,best_model,0.8555361024563062,360.2067094178816,-0.3316281432086938,1.0273081924577374,-1.382981790409603,-6.487518586010744,-0.1165104435781705,13.370967741935484,-0.8309590521683101,-3.754848075298689,-0.129158762152761,16.682539682539684,-1.085189492650814,-0.0005437138552452,64,-0.8244416256432359,legacy_full_stack,False,Legacy full feature stack including fundamentals.,checkpoint_generalization_score
full__fold_14__seed999,custom_custom,full,fold_14,999,29,-1.869238462071523,1.0086969658323297,checkpoint,0.7760744862539147,331.5868309626336,-0.3395806982979457,0.1950585175552665,-1.4506682791382148,-9.581083662496235,-0.1317171498421254,9.67741935483871,-1.4632846915959246,-6.964440290392881,-0.1577823105579172,9.53968253968254,-1.085189492650814,-0.0010608539901626,64,-1.4518077717189986,legacy_full_stack,False,Legacy full feature stack including fundamentals.,checkpoint_generalization_score
