run_key,model_name,feature_set,fold_id,seed,n_features,generalization_ratio,retention_ratio,selected_artifact_type,train_sharpe,train_return_pct,train_max_drawdown,train_turnover,validation_sharpe,validation_return_pct,validation_max_drawdown,validation_turnover,test_sharpe,test_return_pct,test_max_drawdown,test_turnover,regime,regime_mean_return,n_days,regime_sharpe
base__fold_01__seed42,custom_custom,base,fold_01,42,9,3.0521428450929844,0.5234549114944643,checkpoint,0.8042052419300443,87.74803371580524,-0.15183429862159648,0.6453851492019431,2.4545492751430573,9.240472432153135,-0.038639675391041295,13.03225806451613,1.2848458735788106,5.1164358552156175,-0.08183670689578271,13.098360655737705,0.0,0.00030889689007010575,45,0.39743990324218487
base__fold_01__seed42,custom_custom,base,fold_01,42,9,3.0521428450929844,0.5234549114944643,checkpoint,0.8042052419300443,87.74803371580524,-0.15183429862159648,0.6453851492019431,2.4545492751430573,9.240472432153135,-0.038639675391041295,13.03225806451613,1.2848458735788106,5.1164358552156175,-0.08183670689578271,13.098360655737705,1.0,0.0023257577057467747,17,8.781326667731179
base__fold_01__seed123,custom_custom,base,fold_01,123,9,2.302029436407099,1.0957031647980362,best_model,0.8488260102213642,104.17320277569763,-0.1735531398783121,0.45107564191533656,1.9540224619175734,7.013443754450188,-0.04315987286229217,10.483870967741936,2.1410285956095354,9.458451568983461,-0.06353920530439905,10.655737704918034,0.0,0.001260155353936613,45,1.5421108338664353
base__fold_01__seed123,custom_custom,base,fold_01,123,9,2.302029436407099,1.0957031647980362,best_model,0.8488260102213642,104.17320277569763,-0.1735531398783121,0.45107564191533656,1.9540224619175734,7.013443754450188,-0.04315987286229217,10.483870967741936,2.1410285956095354,9.458451568983461,-0.06353920530439905,10.655737704918034,1.0,0.002216326834643776,17,6.39998391911655
base__fold_01__seed999,custom_custom,base,fold_01,999,9,2.1411334685810792,0.9970279961797256,checkpoint,1.0034933812973248,119.91908268406463,-0.15578624151041487,0.5551700208188758,2.1486132641952964,7.918104251944746,-0.03811337617254029,12.903225806451612,2.1422275773658157,8.191041631993045,-0.048194871759243085,13.114754098360656,0.0,0.0011611867301252582,45,1.6159770864637175
base__fold_01__seed999,custom_custom,base,fold_01,999,9,2.1411334685810792,0.9970279961797256,checkpoint,1.0034933812973248,119.91908268406463,-0.15578624151041487,0.5551700208188758,2.1486132641952964,7.918104251944746,-0.03811337617254029,12.903225806451612,2.1422275773658157,8.191041631993045,-0.048194871759243085,13.114754098360656,1.0,0.0017337373631254708,17,8.060617742778003
base__fold_02__seed42,custom_custom,base,fold_02,42,9,1.175299766626629,-0.8090519630290903,checkpoint,1.0674184193721274,169.18090292594647,-0.18279228823241567,0.45431309904153355,1.2545366191810265,3.409698993580479,-0.039403036672134406,7.8125,-1.0149853144402878,-2.3031286557826935,-0.046161302795990844,7.936507936507937,0.0,-0.00016194117405972838,3,-6.903420609130432
base__fold_02__seed42,custom_custom,base,fold_02,42,9,1.175299766626629,-0.8090519630290903,checkpoint,1.0674184193721274,169.18090292594647,-0.18279228823241567,0.45431309904153355,1.2545366191810265,3.409698993580479,-0.039403036672134406,7.8125,-1.0149853144402878,-2.3031286557826935,-0.046161302795990844,7.936507936507937,1.0,-0.00035826913571633464,61,-1.0087674002815556
base__fold_02__seed123,custom_custom,base,fold_02,123,9,0.6625839362475001,-1.0091452771162774,checkpoint,1.0740442746138164,158.48149678642122,-0.16277606723951077,0.7041533546325879,0.7116444831777134,1.8616614529625153,-0.03929495423711549,13.578125,-0.7181526691846436,-1.7211117453540425,-0.04875948647317796,13.634920634920634,0.0,-0.00011727319330804657,3,-3.472352266172454
base__fold_02__seed123,custom_custom,base,fold_02,123,9,0.6625839362475001,-1.0091452771162774,checkpoint,1.0740442746138164,158.48149678642122,-0.16277606723951077,0.7041533546325879,0.7116444831777134,1.8616614529625153,-0.03929495423711549,13.578125,-0.7181526691846436,-1.7211117453540425,-0.04875948647317796,13.634920634920634,1.0,-0.00026205034042787263,61,-0.7139460373107662
base__fold_02__seed999,custom_custom,base,fold_02,999,9,0.8023329940146412,-0.03472346545123074,checkpoint,0.976583814573886,140.21141966527782,-0.184880698840179,3.198083067092652,0.7835454158533052,2.0323039036294954,-0.0361094176665292,28.921875,-0.027207412176852467,-0.15460953785663145,-0.0400691807596002,29.238095238095237,0.0,0.00010493986392227465,3,3.940005709714421
base__fold_02__seed999,custom_custom,base,fold_02,999,9,0.8023329940146412,-0.03472346545123074,checkpoint,0.976583814573886,140.21141966527782,-0.184880698840179,3.198083067092652,0.7835454158533052,2.0323039036294954,-0.0361094176665292,28.921875,-0.027207412176852467,-0.15460953785663145,-0.0400691807596002,29.238095238095237,1.0,-1.4954384542676018e-05,61,-0.042208831549504444
base__fold_03__seed42,custom_custom,base,fold_03,42,9,6.403433147478502,0.39617931727796535,checkpoint,0.7462213860821061,107.71075648263668,-0.21967144139817119,0.26580035440047256,4.778378758995511,11.278537984789661,-0.022817110448939748,7.258064516129032,1.8930948344343728,3.7492728590675872,-0.037599051175479126,7.377049180327869,1.0,0.0006067447132987798,62,1.8777658790387237
base__fold_03__seed123,custom_custom,base,fold_03,123,9,6.102443776092617,0.34350806459950317,checkpoint,0.860556764768193,139.79400656899458,-0.1897214099849528,0.6101594802126403,5.2514992731340575,16.025328573159815,-0.02534253487538074,12.580645161290322,1.8039323515599779,3.7423435323915566,-0.03965789965104827,12.540983606557377,1.0,0.0006069940048660113,62,1.7893253714706294
base__fold_03__seed999,custom_custom,base,fold_03,999,9,5.76964069601296,0.36542965517146503,best_model,0.8538520140327097,126.04891325189396,-0.17645955575211292,0.32486709982279977,4.926419328535751,9.397086500010477,-0.012300324919951366,8.870967741935484,1.8002597164568597,3.002633126435117,-0.027303328354185807,9.01639344262295,1.0,0.00048646055537388704,62,1.785682474793002
base__fold_04__seed42,custom_custom,base,fold_04,42,9,3.3704538124934094,0.5266932608560052,checkpoint,1.1369672951044187,188.2172117174453,-0.13894827454181113,0.3577325261419923,3.832095754465007,5.795696241288351,-0.012995427089867118,10.317460317460318,2.018339008831628,3.0596585526649234,-0.015607824612897114,10.317460317460318,1.0,0.00047808133158141336,64,2.0025086545459065
base__fold_04__seed123,custom_custom,base,fold_04,123,9,4.34218045598267,1.2085471822161504,checkpoint,1.0236953905182524,206.20439075002332,-0.1962014589687191,0.5575123830489819,4.445070117587903,8.40964312634842,-0.016104855925019868,11.11111111111111,5.372076965364073,10.636915795837032,-0.01798802878582806,11.11111111111111,1.0,0.0015917295508086054,64,5.329942377844458
base__fold_04__seed999,custom_custom,base,fold_04,999,9,4.332125839402459,0.9946028541576856,best_model,1.0695173585432487,189.7917074340438,-0.17749818727662992,0.593285635663181,4.633283784634672,7.757708288925724,-0.014328757856384211,15.253968253968255,4.608277276320169,7.937145518267852,-0.01420158700517149,14.380952380952381,1.0,0.0012027062464764204,64,4.572133367089967
base__fold_05__seed42,custom_custom,base,fold_05,42,9,7.946590709714048,-0.11164483176705514,checkpoint,1.0087123800010838,187.15344972194129,-0.15951029898805602,0.44084362139917693,8.01582442769016,11.820770603435538,-0.007009948884444839,12.14516129032258,-0.8949253697037188,-5.127599900473568,-0.10485503641514848,12.65,0.0,-0.0015693430197611714,40,-1.5003024587978426
base__fold_05__seed42,custom_custom,base,fold_05,42,9,7.946590709714048,-0.11164483176705514,checkpoint,1.0087123800010838,187.15344972194129,-0.15951029898805602,0.44084362139917693,8.01582442769016,11.820770603435538,-0.007009948884444839,12.14516129032258,-0.8949253697037188,-5.127599900473568,-0.10485503641514848,12.65,1.0,0.0007559927628610749,21,2.3600157102216244
base__fold_05__seed123,custom_custom,base,fold_05,123,9,6.178636932537639,-0.17115083074807605,checkpoint,1.1049675444137892,194.4296260910654,-0.1468958861665034,0.5473251028806584,6.827193279170462,11.762982022911284,-0.010794171890693316,16.35483870967742,-1.168479801407706,-6.218679207960454,-0.12408027225315932,15.258333333333333,0.0,-0.0019072635929456988,40,-1.9206696487121144
base__fold_05__seed123,custom_custom,base,fold_05,123,9,6.178636932537639,-0.17115083074807605,checkpoint,1.1049675444137892,194.4296260910654,-0.1468958861665034,0.5473251028806584,6.827193279170462,11.762982022911284,-0.010794171890693316,16.35483870967742,-1.168479801407706,-6.218679207960454,-0.12408027225315932,15.258333333333333,1.0,0.0008292427659764224,21,2.2346069426553523
base__fold_05__seed999,custom_custom,base,fold_05,999,9,6.25401465816137,-0.147789631978412,checkpoint,1.1042487401089944,205.491597395802,-0.16437407320809538,0.7119341563786008,6.905987806897876,10.873041958942608,-0.007237772788501351,17.225806451612904,-1.0206333964288377,-5.397017221453437,-0.11600832900524538,17.466666666666665,0.0,-0.001734304185823235,40,-1.7777538962913764
base__fold_05__seed999,custom_custom,base,fold_05,999,9,6.25401465816137,-0.147789631978412,checkpoint,1.1042487401089944,205.491597395802,-0.16437407320809538,0.7119341563786008,6.905987806897876,10.873041958942608,-0.007237772788501351,17.225806451612904,-1.0206333964288377,-5.397017221453437,-0.11600832900524538,17.466666666666665,1.0,0.0009045823412955663,21,2.589976710905402
base__fold_06__seed42,custom_custom,base,fold_06,42,9,1.0816908904034401,3.786762371396174,checkpoint,1.083165008793611,230.32957764731154,-0.14436977876922608,0.3141614306428226,1.1716497228158114,3.753858325544712,-0.04698455702235438,10.317460317460318,4.436759082815672,9.3056555068451,-0.020667841611363924,10.317460317460318,1.0,0.001403848057912601,64,4.401960435088986
base__fold_06__seed123,custom_custom,base,fold_06,123,9,1.4222519111983833,2.202853724977806,checkpoint,1.183302179341315,286.92561406948596,-0.18297386720607234,0.5906234896085065,1.6829537860933974,5.791265839415138,-0.043612214337143906,18.365079365079364,3.707301016661342,8.426444980579163,-0.023676916137288173,17.825396825396826,1.0,0.0012798539746091617,64,3.678223697003563
base__fold_06__seed999,custom_custom,base,fold_06,999,9,2.2135381745151714,2.2953488110101485,checkpoint,1.004624624061215,185.02729087627336,-0.1473319841609697,0.4514258095698405,2.2237749564174525,5.417544553900533,-0.02522925925767161,8.73015873015873,5.104339202166945,8.778242508916435,-0.014202997373559567,8.73015873015873,1.0,0.0013240286986903795,64,5.0643045510943425
base__fold_07__seed42,custom_custom,base,fold_07,42,9,-0.575957816005314,-5.722789328232195,checkpoint,1.1099920166211237,218.51361183994388,-0.141090020318559,0.273224043715847,-0.6393085776764367,-3.7739132170151124,-0.12902169546049147,9.836065573770492,3.6586283057740148,8.678833471817748,-0.022861779035203256,9.836065573770492,0.0,0.0004288162812369789,25,1.2330189105511138
base__fold_07__seed42,custom_custom,base,fold_07,42,9,-0.575957816005314,-5.722789328232195,checkpoint,1.1099920166211237,218.51361183994388,-0.141090020318559,0.273224043715847,-0.6393085776764367,-3.7739132170151124,-0.12902169546049147,9.836065573770492,3.6586283057740148,8.678833471817748,-0.022861779035203256,9.836065573770492,1.0,0.0019903205259251253,37,5.0788948874467135
base__fold_07__seed123,custom_custom,base,fold_07,123,9,-1.1710083637527184,-1.69469151076493,checkpoint,1.3966090500518924,431.0132021162235,-0.1558562612188904,0.273224043715847,-1.635440878503505,-10.543188977953344,-0.1631947309360291,10.229508196721312,2.7715677731578294,8.310239333262427,-0.04871447467001677,10.508196721311476,0.0,0.0025079370888190945,25,5.412237032251246
base__fold_07__seed123,custom_custom,base,fold_07,123,9,-1.1710083637527184,-1.69469151076493,checkpoint,1.3966090500518924,431.0132021162235,-0.1558562612188904,0.273224043715847,-1.635440878503505,-10.543188977953344,-0.1631947309360291,10.229508196721312,2.7715677731578294,8.310239333262427,-0.04871447467001677,10.508196721311476,1.0,0.0005120538624662669,37,1.0472274162527289
base__fold_07__seed999,custom_custom,base,fold_07,999,9,-1.3547825446501218,-2.0800066314017025,best_model,1.0017798464541487,231.60917614699218,-0.18254386612555684,0.33970856102003644,-1.35719384955836,-8.784467308291255,-0.1468902026090655,8.344262295081966,2.822972207178993,7.343054461096976,-0.03115469353300493,8.672131147540984,0.0,0.001079706422204958,25,2.8990053418152573
base__fold_07__seed999,custom_custom,base,fold_07,999,9,-1.3547825446501218,-2.0800066314017025,best_model,1.0017798464541487,231.60917614699218,-0.18254386612555684,0.33970856102003644,-1.35719384955836,-8.784467308291255,-0.1468902026090655,8.344262295081966,2.822972207178993,7.343054461096976,-0.03115469353300493,8.672131147540984,1.0,0.0012226701740000179,37,2.7284245088563734
base__fold_08__seed42,custom_custom,base,fold_08,42,9,1.6580615607859541,-0.9160835107181969,checkpoint,0.8089784590656178,170.63065979745687,-0.1896524490228617,0.5325571366968521,1.3413360864805544,3.6255896291397027,-0.0643929705609696,9.523809523809524,-1.2287758711561132,-4.779840890838605,-0.06998482614434476,9.523809523809524,0.0,0.0015171448656659814,8,1.7325042156198172
base__fold_08__seed42,custom_custom,base,fold_08,42,9,1.6580615607859541,-0.9160835107181969,checkpoint,0.8089784590656178,170.63065979745687,-0.1896524490228617,0.5325571366968521,1.3413360864805544,3.6255896291397027,-0.0643929705609696,9.523809523809524,-1.2287758711561132,-4.779840890838605,-0.06998482614434476,9.523809523809524,1.0,-0.0010410519085768835,56,-1.9005840585951623
base__fold_08__seed123,custom_custom,base,fold_08,123,9,0.9400034420511603,-0.276374610869024,checkpoint,1.0701884013332625,283.9037210631246,-0.1843617031209135,0.38809831824062097,1.0059807808964953,2.9436356287399157,-0.06024667334521394,14.285714285714286,-0.2780275468619858,-1.3490636209365747,-0.07014506218568684,14.285714285714286,0.0,0.0032231948470339417,8,3.4698571908851688
base__fold_08__seed123,custom_custom,base,fold_08,123,9,0.9400034420511603,-0.276374610869024,checkpoint,1.0701884013332625,283.9037210631246,-0.1843617031209135,0.38809831824062097,1.0059807808964953,2.9436356287399157,-0.06024667334521394,14.285714285714286,-0.2780275468619858,-1.3490636209365747,-0.07014506218568684,14.285714285714286,1.0,-0.0006508987096072351,56,-1.1871727598822372
base__fold_08__seed999,custom_custom,base,fold_08,999,9,2.1917200770793044,-0.4917576064486001,best_model,1.090815185204808,262.2050385722716,-0.1617781326908846,1.1285036653730056,2.3907615417963575,5.75418904724998,-0.033453766884179115,18.666666666666668,-1.1756751733831416,-4.084407840684124,-0.05639980019694679,22.03174603174603,0.0,0.0018183397609047441,8,2.2508955730531244
base__fold_08__seed999,custom_custom,base,fold_08,999,9,2.1917200770793044,-0.4917576064486001,best_model,1.090815185204808,262.2050385722716,-0.1617781326908846,1.1285036653730056,2.3907615417963575,5.75418904724998,-0.033453766884179115,18.666666666666668,-1.1756751733831416,-4.084407840684124,-0.05639980019694679,22.03174603174603,1.0,-0.0009643725793718135,56,-1.9977103979280095
base__fold_09__seed42,custom_custom,base,fold_09,42,9,5.708452372732994,-0.21880467179366142,best_model,1.1018045209450755,331.80758606852515,-0.14819232217206768,0.33060890886800165,6.289598631876856,13.534571735330235,-0.01345795693420615,11.290322580645162,-1.3761935643616774,-22.612774126229862,-0.32788112871085706,11.290322580645162,0.0,-0.005617781503671364,39,-1.8291004301863776
base__fold_09__seed42,custom_custom,base,fold_09,42,9,5.708452372732994,-0.21880467179366142,best_model,1.1018045209450755,331.80758606852515,-0.14819232217206768,0.33060890886800165,6.289598631876856,13.534571735330235,-0.01345795693420615,11.290322580645162,-1.3761935643616774,-22.612774126229862,-0.32788112871085706,11.290322580645162,1.0,0.00040448476764199753,24,0.7411138741854484
base__fold_09__seed123,custom_custom,base,fold_09,123,9,5.853042883954649,-0.19858582667911942,best_model,1.0165264762511348,283.1581812706857,-0.18179220135347907,0.2656313853698406,5.949773058173199,14.760307159254848,-0.019081178777552665,10.846774193548388,-1.1815406013104772,-20.008587183220317,-0.3336319001035817,11.209677419354838,0.0,-0.0050767797244785145,39,-1.6756202982971549
base__fold_09__seed123,custom_custom,base,fold_09,123,9,5.853042883954649,-0.19858582667911942,best_model,1.0165264762511348,283.1581812706857,-0.18179220135347907,0.2656313853698406,5.949773058173199,14.760307159254848,-0.019081178777552665,10.846774193548388,-1.1815406013104772,-20.008587183220317,-0.3336319001035817,11.209677419354838,1.0,0.0008527612509589879,24,1.4991532278059516
base__fold_09__seed999,custom_custom,base,fold_09,999,9,4.122182191904107,-0.24412783114338527,best_model,1.2507814265538622,384.03681147602214,-0.150378913247031,1.0277891295463832,5.155948922504746,10.162740044909292,-0.013477109264721565,17.629032258064516,-1.2587106279371578,-19.607543877993972,-0.2949880949066893,19.491935483870968,0.0,-0.004867836651509913,39,-1.7066183635559655
base__fold_09__seed999,custom_custom,base,fold_09,999,9,4.122182191904107,-0.24412783114338527,best_model,1.2507814265538622,384.03681147602214,-0.150378913247031,1.0277891295463832,5.155948922504746,10.162740044909292,-0.013477109264721565,17.629032258064516,-1.2587106279371578,-19.607543877993972,-0.2949880949066893,19.491935483870968,1.0,0.0005050933762684728,24,1.0252426140480506
base__fold_10__seed42,custom_custom,base,fold_10,42,9,3.2866650924573486,0.5037598530427587,checkpoint,0.7573158282723333,213.823914150537,-0.3059837155784292,0.3695060287825749,2.489043496748102,18.046192975373465,-0.06201611183235756,15.32258064516129,1.253880186138858,5.558845355350095,-0.0986440406935053,15.079365079365079,0.0,0.0009125915440790916,64,1.2440456798980486
base__fold_10__seed123,custom_custom,base,fold_10,123,9,2.857297380565764,0.7871646981953933,checkpoint,0.8647372160761578,308.41345677892144,-0.30666771469827714,0.21392454297938546,2.470811382372137,17.22267371579822,-0.06175897951688003,8.870967741935484,1.9449354961027054,9.801104360240153,-0.09234773879131986,8.73015873015873,0.0,0.0015408493171626333,64,1.9296808645311723
base__fold_10__seed999,custom_custom,base,fold_10,999,9,4.067246679760212,0.49416532316092704,checkpoint,0.6686767274526323,174.79741687572866,-0.3116417493983994,0.34305717619603265,2.719673199564643,19.750613979565436,-0.06399983797837439,12.096774193548388,1.343968185554974,5.912426208133659,-0.09815688966040659,11.904761904761905,0.0,0.0009627590110761683,64,1.3334270958604393
base__fold_11__seed42,custom_custom,base,fold_11,42,9,4.638745694255588,0.8903586140318319,last_model,0.6610952105893073,218.18754556397363,-0.3713486966798777,0.25925925925925924,3.0666525616141405,15.315300164337131,-0.07498236728077345,11.306451612903226,2.730420524475933,9.74231101059495,-0.0534368176217247,11.475409836065573,0.0,0.0015406408832429716,62,2.7083114923927303
base__fold_11__seed123,custom_custom,base,fold_11,123,9,3.4010483757693275,0.7863830542960154,checkpoint,0.8326231105200211,349.1589149375302,-0.3944456045735192,0.2222222222222222,2.831791477662123,14.138402822714212,-0.07807964368448861,9.67741935483871,2.226872831333367,7.985775428425224,-0.04513821888475367,9.836065573770492,0.0,0.0012816951452131822,62,2.2088411756115396
base__fold_11__seed999,custom_custom,base,fold_11,999,9,4.774164769681694,0.7115017949253285,best_model,0.6764080743147055,222.52896427151185,-0.36568431528899914,0.18518518518518517,3.2292835983215045,16.02714465862276,-0.08135386893810526,8.064516129032258,2.297641076528674,8.502916910119618,-0.05308874884376924,8.19672131147541,0.0,0.0013613245153594046,62,2.279036389147631
base__fold_12__seed42,custom_custom,base,fold_12,42,9,2.3212069593612035,0.17954825773447544,best_model,0.9535054675787694,439.1630376002777,-0.34754401562412385,0.2479631597591215,2.213283527132798,6.155127653294401,-0.03818306206975164,11.11111111111111,0.3973912011691085,0.9521158171753141,-0.03382646107136744,11.290322580645162,0.0,0.0001748866430661737,63,0.3942246869515875
base__fold_12__seed123,custom_custom,base,fold_12,123,9,2.7867076312732926,0.01411528469180377,checkpoint,0.902069451290068,464.50352348264346,-0.340023024024771,0.21395678356358483,2.5138038238485443,7.309790268010374,-0.04142049671470882,10.65079365079365,0.035483056632967136,-0.07540614923821076,-0.04035749563537583,10.838709677419354,0.0,1.6996731744230626e-05,63,0.035200318608122
base__fold_12__seed999,custom_custom,base,fold_12,999,9,2.856715218417857,0.28569119883014,checkpoint,0.7758034495259245,309.76245846601483,-0.33512761586422835,0.21253985122210414,2.2162495207617785,6.571946558522401,-0.0503099294344177,9.523809523809524,0.6331629824931557,1.766154388520036,-0.05635585729642889,9.67741935483871,0.0,0.00030764424738502803,63,0.6281177787237363
base__fold_13__seed42,custom_custom,base,fold_13,42,9,3.442790214610818,-0.18992726495246404,checkpoint,1.1468284795602548,725.591644552129,-0.3187916999881839,0.4654471544715447,3.948289867267048,13.716265682252127,-0.03404797455816455,12.903225806451612,-0.7498878957295577,-3.984889469366415,-0.11883493053274496,13.049180327868852,0.0,-0.0005803623775154428,62,-0.7438158290288898
base__fold_13__seed123,custom_custom,base,fold_13,123,9,3.748225953478669,-0.12562305272596636,best_model,0.9794382872190814,540.3026762474393,-0.37836413189192863,0.6073848238482384,3.671156007985256,12.80649196535264,-0.05082795197283485,14.951612903225806,-0.4611818247563799,-2.2109092732292,-0.088378411785896,15.844262295081966,0.0,-0.00030534451488774126,62,-0.4574474975095958
base__fold_13__seed999,custom_custom,base,fold_13,999,9,2.9004292965204246,-0.07327557838983874,best_model,1.0348352146330184,602.4661727989259,-0.29667510063430846,0.2032520325203252,3.001466373592608,10.695413280354305,-0.051185890300560755,9.67741935483871,-0.21993418454265015,-1.5499220172195294,-0.08695605023845043,9.836065573770492,0.0,-0.0001735207959447192,62,-0.2181533116336392
base__fold_14__seed42,custom_custom,base,fold_14,42,9,-1.3381298205887147,0.9169461150580339,checkpoint,0.8599559605876456,366.4230744456792,-0.29925737038052824,0.5328348504551366,-1.150732715255342,-5.445812510652937,-0.1313977014771327,9.080645161290322,-1.0551598927235686,-4.649674248763624,-0.11819422291417603,11.26984126984127,0.0,-0.0006896717844460717,64,-1.0468840010835578
base__fold_14__seed123,custom_custom,base,fold_14,123,9,-0.9269376910494496,1.4270693625968387,checkpoint,0.968923927108927,492.9952291377874,-0.3163290151081991,0.13003901170351106,-0.898132107796914,-5.536190518936179,-0.12006766341889563,6.451612903225806,-1.2816968146014973,-5.688813957515126,-0.12972624121443366,6.365079365079365,0.0,-0.0008579988493068198,64,-1.271644135357208
base__fold_14__seed999,custom_custom,base,fold_14,999,9,-2.0845257638147148,0.317222747029544,best_model,0.7994297122550967,385.04497223650924,-0.4147453667564883,0.24382314694408322,-1.6664318315547333,-9.233394202641287,-0.14051568394511238,12.096774193548388,-0.5286300833432669,-2.9306480758239273,-0.14777866312710453,11.904761904761905,0.0,-0.0003943699408461322,64,-0.5244839010276121
base_macro__fold_01__seed42,custom_custom,base_macro,fold_01,42,12,3.3160801575674514,1.1941459226160684,best_model,0.9052027918679275,98.75339966538577,-0.1572354080125682,0.3830673143650243,3.001725016687894,9.99902339517591,-0.034634030727053844,8.870967741935484,3.584497689492499,11.72878245295028,-0.05027744244238719,9.01639344262295,0.0,0.001728707007539391,45,2.922835285952865
base_macro__fold_01__seed42,custom_custom,base_macro,fold_01,42,12,3.3160801575674514,1.1941459226160684,best_model,0.9052027918679275,98.75339966538577,-0.1572354080125682,0.3830673143650243,3.001725016687894,9.99902339517591,-0.034634030727053844,8.870967741935484,3.584497689492499,11.72878245295028,-0.05027744244238719,9.01639344262295,1.0,0.002072219536819118,17,10.384314450204503
base_macro__fold_01__seed123,custom_custom,base_macro,fold_01,123,12,2.8236052798890996,0.671181934033085,checkpoint,0.7835168790400507,88.59893306968483,-0.17768925718902484,0.6606523247744622,2.212342396539716,8.297987931205132,-0.03763854786479093,12.096774193548388,1.484884248452917,5.719900281565038,-0.06566845380361241,12.295081967213115,0.0,0.0006336031477567389,45,0.8561628230304522
base_macro__fold_01__seed123,custom_custom,base_macro,fold_01,123,12,2.8236052798890996,0.671181934033085,checkpoint,0.7835168790400507,88.59893306968483,-0.17768925718902484,0.6606523247744622,2.212342396539716,8.297987931205132,-0.03763854786479093,12.096774193548388,1.484884248452917,5.719900281565038,-0.06566845380361241,12.295081967213115,1.0,0.0017838612876004084,17,6.620041582420182
base_macro__fold_01__seed999,custom_custom,base_macro,fold_01,999,12,2.4435121960985113,1.003609458823779,checkpoint,0.851902370567312,100.14112910418885,-0.17086068614365513,0.3469812630117974,2.0816338323664603,7.67075122142411,-0.04246943258335112,8.064516129032258,2.089147403970572,7.691703835917263,-0.0547980898720456,8.19672131147541,0.0,0.00127834778636797,45,1.8391441618789337
base_macro__fold_01__seed999,custom_custom,base_macro,fold_01,999,12,2.4435121960985113,1.003609458823779,checkpoint,0.851902370567312,100.14112910418885,-0.17086068614365513,0.3469812630117974,2.0816338323664603,7.67075122142411,-0.04246943258335112,8.064516129032258,2.089147403970572,7.691703835917263,-0.0547980898720456,8.19672131147541,1.0,0.0011391887350296517,17,5.931513089416208
base_macro__fold_02__seed42,custom_custom,base_macro,fold_02,42,12,0.5197864180452457,2.7047742512776427,checkpoint,0.9055484848360098,118.07224240632772,-0.15853717199858763,0.7348242811501597,0.470691803299209,1.3270348950166877,-0.050532459022110565,14.90625,1.2731150698511415,2.810922236671587,-0.02650631792822622,14.476190476190476,0.0,-7.13013052856537e-05,3,-2.366521463591376
base_macro__fold_02__seed42,custom_custom,base_macro,fold_02,42,12,0.5197864180452457,2.7047742512776427,checkpoint,0.9055484848360098,118.07224240632772,-0.15853717199858763,0.7348242811501597,0.470691803299209,1.3270348950166877,-0.050532459022110565,14.90625,1.2731150698511415,2.810922236671587,-0.02650631792822622,14.476190476190476,1.0,0.0004745116721344618,61,1.30336663240779
base_macro__fold_02__seed123,custom_custom,base_macro,fold_02,123,12,0.04438490585474086,23.398763266805606,checkpoint,0.8708906135068705,119.00251342617483,-0.17499660822578922,0.7757188498402556,0.038654397890279954,-0.07745833445965689,-0.05043703209338968,14.9453125,0.9044651054555707,2.0279408750587535,-0.029021198127727965,13.380952380952381,0.0,0.00010381674091401265,3,4.970285138367206
base_macro__fold_02__seed123,custom_custom,base_macro,fold_02,123,12,0.04438490585474086,23.398763266805606,checkpoint,0.8708906135068705,119.00251342617483,-0.17499660822578922,0.7757188498402556,0.038654397890279954,-0.07745833445965689,-0.05043703209338968,14.9453125,0.9044651054555707,2.0279408750587535,-0.029021198127727965,13.380952380952381,1.0,0.0003417938377726528,61,0.9053708795277409
base_macro__fold_02__seed999,custom_custom,base_macro,fold_02,999,12,0.3992935666710947,0.10723220272737614,checkpoint,0.7502783128892919,100.22637144188296,-0.1919963156923188,0.7769968051118211,0.29958130354953694,0.7604117059585969,-0.04752561201839489,13.2734375,0.032124763075555555,-0.038225895402110854,-0.02961307523488821,12.698412698412698,0.0,-1.1678769443190795e-05,3,-0.4632413185316049
base_macro__fold_02__seed999,custom_custom,base_macro,fold_02,999,12,0.3992935666710947,0.10723220272737614,checkpoint,0.7502783128892919,100.22637144188296,-0.1919963156923188,0.7769968051118211,0.29958130354953694,0.7604117059585969,-0.04752561201839489,13.2734375,0.032124763075555555,-0.038225895402110854,-0.02961307523488821,12.698412698412698,1.0,1.3346645498646939e-05,61,0.034104337479449354
base_macro__fold_03__seed42,custom_custom,base_macro,fold_03,42,12,7.255396315936975,0.3030949538132341,best_model,0.7910446248960233,134.15825965861288,-0.2669574062633193,0.32486709982279977,5.739342257212354,16.59786714040321,-0.026125112747236057,8.887096774193548,1.7395656763681213,3.7134425620773737,-0.04165951645238708,9.01639344262295,1.0,0.0006034033374976021,62,1.7254798925099577
base_macro__fold_03__seed123,custom_custom,base_macro,fold_03,123,12,7.582829030897437,0.4319925635227421,checkpoint,0.7423210746705967,102.88309950805257,-0.1669343469397232,0.44300059066745423,5.628893795259184,13.283545557496668,-0.019078525898495124,12.096774193548388,2.4316402604112723,5.053107545578062,-0.03705858601303713,12.295081967213115,1.0,0.0008093297300252287,62,2.4119505415381837
base_macro__fold_03__seed999,custom_custom,base_macro,fold_03,999,12,5.818726945121798,0.4093434202176432,best_model,0.8199670753978316,124.04113314263361,-0.17555012577504758,0.29533372711163614,4.771164515730081,12.877844946311923,-0.033774920321396285,8.064516129032258,1.9530448012900066,4.020372154789009,-0.043174259575350926,8.19672131147541,1.0,0.0006498741692378586,62,1.9372304130723004
base_macro__fold_04__seed42,custom_custom,base_macro,fold_04,42,12,4.1490221902520625,0.5752035054360628,checkpoint,0.9899049657925791,166.7822285801386,-0.1468043253705973,0.5288937809576224,4.1071376693141195,6.745235873763833,-0.014894549738579066,12.833333333333334,2.3624399846979824,4.022947983975622,-0.01867107846836058,13.047619047619047,1.0,0.0006252780787744019,64,2.3439107575597866
base_macro__fold_04__seed123,custom_custom,base_macro,fold_04,123,12,4.1977473147206,0.9595893085398008,checkpoint,1.1016143012892587,191.78232991246716,-0.15916539966123555,0.4078150798018712,4.624298475094796,8.275210713938908,-0.013133711724252928,11.11111111111111,4.437427376197871,7.679834690116127,-0.01410616837165668,11.11111111111111,1.0,0.00116547876415341,64,4.4026234868735346
base_macro__fold_04__seed999,custom_custom,base_macro,fold_04,999,12,4.087841742508899,1.1229539103905164,checkpoint,1.0498401384737717,192.9840421980245,-0.17693948751645716,0.4402861860209136,4.291580341014407,7.7023383193824735,-0.017482703947417688,12.698412698412698,4.819246925697194,8.098605439907104,-0.018682795534742058,12.698412698412698,1.0,0.0012256596184349877,64,4.781448327002755
base_macro__fold_05__seed42,custom_custom,base_macro,fold_05,42,12,5.888622675164973,-0.12215116962406185,checkpoint,1.1012575034917937,216.55759085255707,-0.1625843007414539,0.411522633744856,6.4848899062573455,11.529538330127531,-0.009940711610329944,11.290322580645162,-0.7921368869326075,-4.7112840791949555,-0.10909089223949064,11.666666666666666,0.0,-0.001656582974105919,40,-1.5616624268990007
base_macro__fold_05__seed42,custom_custom,base_macro,fold_05,42,12,5.888622675164973,-0.12215116962406185,checkpoint,1.1012575034917937,216.55759085255707,-0.1625843007414539,0.411522633744856,6.4848899062573455,11.529538330127531,-0.009940711610329944,11.290322580645162,-0.7921368869326075,-4.7112840791949555,-0.10909089223949064,11.666666666666666,1.0,0.001141176359601986,21,3.273358638436344
base_macro__fold_05__seed123,custom_custom,base_macro,fold_05,123,12,5.468242838259568,-0.025066164117777328,checkpoint,1.1076475280162377,213.19148251458336,-0.1463851521918249,0.5555555555555556,6.056885662390705,10.243670339740207,-0.006537079070716545,13.435483870967742,-0.15182289005609786,-1.4680132338153906,-0.10145425575114353,15.25,0.0,-0.0011784976178597362,40,-1.091277397415364
base_macro__fold_05__seed123,custom_custom,base_macro,fold_05,123,12,5.468242838259568,-0.025066164117777328,checkpoint,1.1076475280162377,213.19148251458336,-0.1463851521918249,0.5555555555555556,6.056885662390705,10.243670339740207,-0.006537079070716545,13.435483870967742,-0.15182289005609786,-1.4680132338153906,-0.10145425575114353,15.25,1.0,0.0018446091241371182,21,4.0075368250001935
base_macro__fold_05__seed999,custom_custom,base_macro,fold_05,999,12,6.726434022705101,-0.05408863255616481,checkpoint,1.0261439594705744,199.4490061293051,-0.1773216528719055,0.43724279835390945,6.902289641176195,10.753438835376805,-0.006343509855370688,13.709677419354838,-0.3733354081978019,-2.5809543142814473,-0.09380343108820977,14.166666666666666,0.0,-0.0016469210602751499,40,-1.5661800992988841
base_macro__fold_05__seed999,custom_custom,base_macro,fold_05,999,12,6.726434022705101,-0.05408863255616481,checkpoint,1.0261439594705744,199.4490061293051,-0.1773216528719055,0.43724279835390945,6.902289641176195,10.753438835376805,-0.006343509855370688,13.709677419354838,-0.3733354081978019,-2.5809543142814473,-0.09380343108820977,14.166666666666666,1.0,0.0021798090180116616,21,5.139511885749702
base_macro__fold_06__seed42,custom_custom,base_macro,fold_06,42,12,2.149255192264117,1.5280698845148402,checkpoint,1.1732531289469534,254.78125434759536,-0.13389171067882322,0.3301111648139198,2.5216203792293617,6.984045195612354,-0.03225093618268993,9.523809523809524,3.853212161679278,7.177166238912203,-0.02085264382185492,9.523809523809524,1.0,0.001093746171668207,64,3.822990423214866
base_macro__fold_06__seed123,custom_custom,base_macro,fold_06,123,12,1.5576271449594572,2.914877344289232,checkpoint,1.0873591544699308,226.31041363070352,-0.15650123251142556,0.3141614306428226,1.6937001353225278,4.817715065454076,-0.04078343925297356,10.317460317460318,4.936928152471243,7.864853829540963,-0.011721371859370833,10.317460317460318,1.0,0.0011909744188403504,64,4.89820654951218
base_macro__fold_06__seed999,custom_custom,base_macro,fold_06,999,12,1.549586675011092,3.128114283366582,best_model,1.1517253839006625,308.3001228323293,-0.19115762947035553,1.2411793136781053,1.7846983081645011,5.010715544038624,-0.0335526039728804,23.73015873015873,5.582740269269549,9.293308195914808,-0.011498703592509929,22.38095238095238,1.0,0.001397358074345165,64,5.538953395032373
base_macro__fold_07__seed42,custom_custom,base_macro,fold_07,42,12,-1.0665473242386523,-3.272517262756463,checkpoint,1.1557679951572006,292.14758880967247,-0.1516089829683963,0.2372495446265938,-1.2326812626755839,-8.30043621387333,-0.15909561004749417,9.032786885245901,4.033970711582282,11.154946746864303,-0.020471791468343548,8.491803278688524,0.0,0.000545483513501539,25,1.4059074041488846
base_macro__fold_07__seed42,custom_custom,base_macro,fold_07,42,12,-1.0665473242386523,-3.272517262756463,checkpoint,1.1557679951572006,292.14758880967247,-0.1516089829683963,0.2372495446265938,-1.2326812626755839,-8.30043621387333,-0.15909561004749417,9.032786885245901,4.033970711582282,11.154946746864303,-0.020471791468343548,8.491803278688524,1.0,0.002530870189880645,37,5.5225294320928615
base_macro__fold_07__seed123,custom_custom,base_macro,fold_07,123,12,-1.0286312439421437,-2.310803396790615,checkpoint,1.3029287001791998,361.425665541464,-0.15752223261755005,0.46994535519125685,-1.3402331696332508,-8.50747773891677,-0.15255298206282697,9.836065573770492,3.0970153608799684,8.512352615607433,-0.03300055757603415,9.836065573770492,0.0,0.001522669232536722,25,4.255853146329385
base_macro__fold_07__seed123,custom_custom,base_macro,fold_07,123,12,-1.0286312439421437,-2.310803396790615,checkpoint,1.3029287001791998,361.425665541464,-0.15752223261755005,0.46994535519125685,-1.3402331696332508,-8.50747773891677,-0.15255298206282697,9.836065573770492,3.0970153608799684,8.512352615607433,-0.03300055757603415,9.836065573770492,1.0,0.001220217078603446,37,2.5013577684608763
base_macro__fold_07__seed999,custom_custom,base_macro,fold_07,999,12,-1.4309428995783637,-2.065095001679241,best_model,1.1004247575901207,302.8701641583317,-0.22289334972443364,0.4562841530054645,-1.5746449933938254,-10.318736055439015,-0.15907260935126688,13.081967213114755,3.25179150527683,9.731734493208277,-0.03195027066199618,13.278688524590164,0.0,0.0019474165669262833,25,4.609733552193734
base_macro__fold_07__seed999,custom_custom,base_macro,fold_07,999,12,-1.4309428995783637,-2.065095001679241,best_model,1.1004247575901207,302.8701641583317,-0.22289334972443364,0.4562841530054645,-1.5746449933938254,-10.318736055439015,-0.15907260935126688,13.081967213114755,3.25179150527683,9.731734493208277,-0.03195027066199618,13.278688524590164,1.0,0.0012425818605688423,37,2.437517228928884
base_macro__fold_08__seed42,custom_custom,base_macro,fold_08,42,12,2.073922718069339,-0.5245624873278381,best_model,0.7618298186804685,174.95725357960245,-0.19782041067667555,0.5881845623113411,1.5799761682640692,4.77542775805091,-0.058454034053347925,12.126984126984127,-0.8287962287433068,-3.737139998542771,-0.06983005593805092,12.079365079365079,0.0,0.0018209752577037358,8,1.7954804371684092
base_macro__fold_08__seed42,custom_custom,base_macro,fold_08,42,12,2.073922718069339,-0.5245624873278381,best_model,0.7618298186804685,174.95725357960245,-0.19782041067667555,0.5881845623113411,1.5799761682640692,4.77542775805091,-0.058454034053347925,12.126984126984127,-0.8287962287433068,-3.737139998542771,-0.06983005593805092,12.079365079365079,1.0,-0.0008782882174431993,56,-1.4617866078082484
base_macro__fold_08__seed123,custom_custom,base_macro,fold_08,123,12,2.103268449773348,-0.5789033410936903,best_model,1.005857564865283,251.4863508294367,-0.1623606055866751,0.4678740836567486,2.1155884811469985,5.677921254793339,-0.04236498138540279,15.571428571428571,-1.2247212401153231,-4.494600346295153,-0.06197304849149132,15.238095238095237,0.0,0.0019477290388932034,8,2.2349788143629037
base_macro__fold_08__seed123,custom_custom,base_macro,fold_08,123,12,2.103268449773348,-0.5789033410936903,best_model,1.005857564865283,251.4863508294367,-0.1623606055866751,0.4678740836567486,2.1155884811469985,5.677921254793339,-0.04236498138540279,15.571428571428571,-1.2247212401153231,-4.494600346295153,-0.06197304849149132,15.238095238095237,1.0,-0.00105462454104166,56,-2.081112704834285
base_macro__fold_08__seed999,custom_custom,base_macro,fold_08,999,12,1.074468292125741,-0.9360735939736442,checkpoint,0.7955671900331118,165.0406649842899,-0.18500484450195054,0.23846485554118155,0.8548117199461523,2.393635622689061,-0.07267567361992777,8.73015873015873,-0.8001666788607871,-3.3830409940719397,-0.06886591962979027,8.73015873015873,0.0,0.002011253721658182,8,2.062506014763853
base_macro__fold_08__seed999,custom_custom,base_macro,fold_08,999,12,1.074468292125741,-0.9360735939736442,checkpoint,0.7955671900331118,165.0406649842899,-0.18500484450195054,0.23846485554118155,0.8548117199461523,2.393635622689061,-0.07267567361992777,8.73015873015873,-0.8001666788607871,-3.3830409940719397,-0.06886591962979027,8.73015873015873,1.0,-0.0008473271428920562,56,-1.5188618981699002
base_macro__fold_09__seed42,custom_custom,base_macro,fold_09,42,12,6.101800193539688,-0.18603848079637308,checkpoint,1.0681259824978133,338.20777652804077,-0.171818674837949,0.6085002043318349,6.517491326729927,14.075793631234014,-0.015904664111071276,18.306451612903224,-1.2125041850283738,-19.09232686837006,-0.2935573319342156,22.79032258064516,0.0,-0.004855779446144286,39,-1.6997599963146517
base_macro__fold_09__seed42,custom_custom,base_macro,fold_09,42,12,6.101800193539688,-0.18603848079637308,checkpoint,1.0681259824978133,338.20777652804077,-0.171818674837949,0.6085002043318349,6.517491326729927,14.075793631234014,-0.015904664111071276,18.306451612903224,-1.2125041850283738,-19.09232686837006,-0.2935573319342156,22.79032258064516,1.0,0.0007460941949384523,24,1.5292427770702701
base_macro__fold_09__seed123,custom_custom,base_macro,fold_09,123,12,7.404629201515766,-0.21044042471269764,checkpoint,0.8746482773999792,232.86432692633952,-0.22008164226842086,0.28606456885982834,6.476446175891348,15.365712035570533,-0.019320914012092905,11.290322580645162,-1.3629060838835017,-22.29295898338508,-0.34146707316881897,11.290322580645162,0.0,-0.005379568489337226,39,-1.768159112696636
base_macro__fold_09__seed123,custom_custom,base_macro,fold_09,123,12,7.404629201515766,-0.21044042471269764,checkpoint,0.8746482773999792,232.86432692633952,-0.22008164226842086,0.28606456885982834,6.476446175891348,15.365712035570533,-0.019320914012092905,11.290322580645162,-1.3629060838835017,-22.29295898338508,-0.34146707316881897,11.290322580645162,1.0,0.00016000204281223693,24,0.25666379990543536
base_macro__fold_09__seed999,custom_custom,base_macro,fold_09,999,12,6.777934558264284,-0.18785649495464782,checkpoint,0.9822551896180748,293.04001560275015,-0.15528854346504006,1.5145075602778912,6.657661394746786,15.261935016747309,-0.017444731843602068,14.806451612903226,-1.2506849342120032,-20.07431122375699,-0.3067443494462224,14.71774193548387,0.0,-0.005096100014106277,39,-1.7426885364350646
base_macro__fold_09__seed999,custom_custom,base_macro,fold_09,999,12,6.777934558264284,-0.18785649495464782,checkpoint,0.9822551896180748,293.04001560275015,-0.15528854346504006,1.5145075602778912,6.657661394746786,15.261935016747309,-0.017444731843602068,14.806451612903226,-1.2506849342120032,-20.07431122375699,-0.3067443494462224,14.71774193548387,1.0,0.0007267339953183674,24,1.354566585645917
base_macro__fold_10__seed42,custom_custom,base_macro,fold_10,42,12,3.6056554598156496,0.5667649166634237,checkpoint,0.6863103234410043,209.15799099503118,-0.3746122007667164,0.2722676001555815,2.4745985648429016,20.656231235782663,-0.08870048916478024,11.290322580645162,1.402515649378615,6.320108275772074,-0.10228396444290688,11.11111111111111,0.0,0.0010255990858157992,64,1.3915153567995286
base_macro__fold_10__seed123,custom_custom,base_macro,fold_10,123,12,3.628115065530064,0.7617847861251204,checkpoint,0.6726488714075018,171.97250499417507,-0.33257022570851025,0.42084791909762737,2.440447504165352,19.242001090715455,-0.07302323598361427,16.93548387096774,1.8590957800101864,7.734719844184457,-0.08970411366434661,16.666666666666668,0.0,0.0012190920310079408,64,1.8445144115087244
base_macro__fold_10__seed999,custom_custom,base_macro,fold_10,999,12,2.8545730157470555,0.6893952147852064,checkpoint,0.9278322390272049,309.3217442008713,-0.2961921344129772,0.46985608712563204,2.6485648726672313,18.401502017565186,-0.054486055910249465,12.758064516129032,1.8259079492649786,8.46823326582562,-0.09376060487915172,12.84920634920635,0.0,0.0013387997687728855,64,1.8115868814941534
base_macro__fold_11__seed42,custom_custom,base_macro,fold_11,42,12,3.7723991101761642,0.6890086403711826,best_model,0.8453567164697819,374.42631344656706,-0.40636523691042314,0.6985185185185185,3.189022924992049,16.9800118444414,-0.0881737714703612,13.629032258064516,2.1972643496613036,7.745299419120744,-0.03972712443012938,13.540983606557377,0.0,0.001244360013725997,62,2.1794724426761096
base_macro__fold_11__seed123,custom_custom,base_macro,fold_11,123,12,5.450659597237652,0.8462511457572907,checkpoint,0.570557170544564,173.0136431240409,-0.4288922016001071,0.25925925925925924,3.1099129174014877,18.681307243619138,-0.09483429331823956,11.290322580645162,2.631767369556407,11.604747436257167,-0.05312084615636581,11.475409836065573,0.0,0.0018335379516277136,62,2.6104571615912007
base_macro__fold_11__seed999,custom_custom,base_macro,fold_11,999,12,5.211004015109776,0.8437010118766566,checkpoint,0.617035585958459,189.8309084891517,-0.4237884585673447,0.2777777777777778,3.215374915895143,17.41809153024063,-0.07360494517056115,12.096774193548388,2.712815070103552,10.799787371604918,-0.059099504096957856,12.295081967213115,0.0,0.0017051967520365337,62,2.6908485946529512
base_macro__fold_12__seed42,custom_custom,base_macro,fold_12,42,12,3.0719686858269566,-0.07583764624386281,checkpoint,0.7966596659051173,342.2867967103411,-0.2965429890601746,0.351044987601842,2.4473135469218854,6.738285057939164,-0.03221417755849065,7.936507936507937,-0.1855984990192751,-0.7728589798778773,-0.045738833621070674,8.064516129032258,0.0,-9.205595870523431e-05,63,-0.18411960294868748
base_macro__fold_12__seed123,custom_custom,base_macro,fold_12,123,12,1.9762126731348582,0.14324320895176926,checkpoint,0.758765600927013,305.7785785353704,-0.37447249049830567,0.34360609280906834,1.4994821964907492,4.234343752138914,-0.04538332624203689,15.206349206349206,0.2147906415913823,0.4963197573531808,-0.05260710996864193,15.483870967741936,0.0,0.00011422291900781762,63,0.21307913510007448
base_macro__fold_12__seed999,custom_custom,base_macro,fold_12,999,12,2.8381937798212906,-0.16050876597911184,checkpoint,0.9697718966130915,473.3340029062919,-0.325550059538834,0.21253985122210414,2.752400564812772,7.699330676078819,-0.033068853897145645,9.523809523809524,-0.44178441813830843,-1.3179513758270311,-0.049855581697645146,9.67741935483871,0.0,-0.0001877744792635877,63,-0.43826416747095953
base_macro__fold_13__seed42,custom_custom,base_macro,fold_13,42,12,3.6509898825877745,-0.658935659026568,checkpoint,0.9211584957286266,465.5732527289206,-0.3398245897154024,0.44275067750677505,3.3631403481649893,10.846697379212134,-0.03924911249245011,15.338709677419354,-2.2160931017169387,-9.02858630479544,-0.13551482031953033,14.131147540983607,0.0,-0.0014695926219957182,62,-2.1981487326917213
base_macro__fold_13__seed123,custom_custom,base_macro,fold_13,123,12,3.1177759027572374,0.21432870172222906,checkpoint,0.8683892683971008,473.1635505508829,-0.40791966261516965,0.2032520325203252,2.707443135221468,10.328909775441009,-0.058656827091145725,9.67741935483871,0.5802827721587787,2.2188108995002676,-0.07623250130573289,9.836065573770492,0.0,0.000420152060732974,62,0.575584048899126
base_macro__fold_13__seed999,custom_custom,base_macro,fold_13,999,12,3.5099216979496313,-0.027277739937594914,checkpoint,1.0272581880661442,567.7000964480586,-0.31510122445290367,0.16937669376693767,3.6055958036897824,11.822264312688446,-0.0444633916815107,8.064516129032258,-0.0983525046531334,-0.7272242903816117,-0.09360983529752198,8.19672131147541,0.0,-6.413597911239074e-05,62,-0.09755611499031511
base_macro__fold_14__seed42,custom_custom,base_macro,fold_14,42,12,-1.6154689237440705,0.4520942933805799,checkpoint,1.024387805383386,544.7472198224974,-0.2995447151932209,0.2602405721716515,-1.6548666654592488,-9.269846834087758,-0.14495468995963012,10.879032258064516,-0.7481557757598756,-3.740284791429116,-0.1334770175272545,10.682539682539682,0.0,-0.0005315520429453741,64,-0.7422877967239638
base_macro__fold_14__seed123,custom_custom,base_macro,fold_14,123,12,-2.047241185062748,0.43445555182780854,checkpoint,0.8469714016253407,411.0716692789122,-0.3681801279440937,0.590702210663199,-1.7339547359777192,-9.645820689079688,-0.13783380922855992,14.5,-0.753326261663642,-4.019408790785928,-0.15558406580488526,16.349206349206348,0.0,-0.000568764405682487,64,-0.7474177291709878
base_macro__fold_14__seed999,custom_custom,base_macro,fold_14,999,12,-1.6220908549209403,1.297749645610201,checkpoint,0.8490024357871748,349.165299777352,-0.2836500658053849,0.2239921976592978,-1.377159086895979,-7.039977369575556,-0.11602397942561826,8.064516129032258,-1.7872077169681246,-8.141016355477115,-0.14699242508496024,7.936507936507937,0.0,-0.0012626534457198593,64,-1.773190185117438
base_macro_hmm__fold_01__seed42,custom_custom,base_macro_hmm,fold_01,42,15,2.2359740955550724,0.8396240776369911,checkpoint,0.9814664070445243,147.73695813047226,-0.21895626966370996,3.9208882720333103,2.194533461809067,7.912158627826504,-0.043083991614477624,19.758064516129032,1.8425831337149507,8.060575570113926,-0.05747386330771698,19.442622950819672,-1.073423870597896,0.0011983868878461972,45,1.4419139865002664
base_macro_hmm__fold_01__seed42,custom_custom,base_macro_hmm,fold_01,42,15,2.2359740955550724,0.8396240776369911,checkpoint,0.9814664070445243,147.73695813047226,-0.21895626966370996,3.9208882720333103,2.194533461809067,7.912158627826504,-0.043083991614477624,19.758064516129032,1.8425831337149507,8.060575570113926,-0.05747386330771698,19.442622950819672,0.9315984369178631,0.0016248882267003652,17,5.951412996428232
base_macro_hmm__fold_01__seed123,custom_custom,base_macro_hmm,fold_01,123,15,2.443233144223888,0.8231244283181678,checkpoint,0.9778468201615566,125.70773876055642,-0.19561039165474448,0.7009021512838307,2.3891077609926508,8.500836330966388,-0.0394571863359785,12.935483870967742,1.9665329599575736,8.366791868442935,-0.052772773627311365,13.147540983606557,-1.073423870597896,0.0010296600543526226,45,1.2812713672044191
base_macro_hmm__fold_01__seed123,custom_custom,base_macro_hmm,fold_01,123,15,2.443233144223888,0.8231244283181678,checkpoint,0.9778468201615566,125.70773876055642,-0.19561039165474448,0.7009021512838307,2.3891077609926508,8.500836330966388,-0.0394571863359785,12.935483870967742,1.9665329599575736,8.366791868442935,-0.052772773627311365,13.147540983606557,0.9315984369178631,0.002222502888108187,17,8.780474555612187
base_macro_hmm__fold_01__seed999,custom_custom,base_macro_hmm,fold_01,999,15,2.8358026207311995,0.7192323101229083,checkpoint,0.9440969523733913,120.80935673724231,-0.20281672166747589,0.707147814018043,2.6772726117648014,9.403041852799387,-0.038375661730884136,8.870967741935484,1.9255809653883904,7.837810255714994,-0.06648895696088797,9.01639344262295,-1.073423870597896,0.0009673417457816851,45,1.2667637483091319
base_macro_hmm__fold_01__seed999,custom_custom,base_macro_hmm,fold_01,999,15,2.8358026207311995,0.7192323101229083,checkpoint,0.9440969523733913,120.80935673724231,-0.20281672166747589,0.707147814018043,2.6772726117648014,9.403041852799387,-0.038375661730884136,8.870967741935484,1.9255809653883904,7.837810255714994,-0.06648895696088797,9.01639344262295,0.9315984369178631,0.00208152371945688,17,7.108623359487646
base_macro_hmm__fold_02__seed42,custom_custom,base_macro_hmm,fold_02,42,15,0.4524315360422139,-0.830442826677576,checkpoint,1.0102979814182855,130.3698288030036,-0.12369023401121515,0.4805111821086262,0.45709066759342304,1.169765531425515,-0.04796347938294809,8.59375,-0.3795876660442225,-0.9420050264123736,-0.04169294319112671,8.73015873015873,-1.0646666080871232,-9.013628960793015e-05,3,-10.3216599007825
base_macro_hmm__fold_02__seed42,custom_custom,base_macro_hmm,fold_02,42,15,0.4524315360422139,-0.830442826677576,checkpoint,1.0102979814182855,130.3698288030036,-0.12369023401121515,0.4805111821086262,0.45709066759342304,1.169765531425515,-0.04796347938294809,8.59375,-0.3795876660442225,-0.9420050264123736,-0.04169294319112671,8.73015873015873,0.9392611662691688,-0.00013457721885259545,61,-0.3733170065701222
base_macro_hmm__fold_02__seed123,custom_custom,base_macro_hmm,fold_02,123,15,0.3175244013839969,0.7497171376769944,best_model,0.7135791701349502,88.28993544351471,-0.20602476228047373,0.9571884984025559,0.22657879883718934,0.5349830498512453,-0.05058173800580679,21.71875,0.1698700085225091,0.2897687163439411,-0.03138824927220685,19.0,-1.0646666080871232,1.0408268111642785e-05,3,0.8024885448566966
base_macro_hmm__fold_02__seed123,custom_custom,base_macro_hmm,fold_02,123,15,0.3175244013839969,0.7497171376769944,best_model,0.7135791701349502,88.28993544351471,-0.20602476228047373,0.9571884984025559,0.22657879883718934,0.5349830498512453,-0.05058173800580679,21.71875,0.1698700085225091,0.2897687163439411,-0.03138824927220685,19.0,0.9392611662691688,6.466087245837202e-05,61,0.17121324301786167
base_macro_hmm__fold_02__seed999,custom_custom,base_macro_hmm,fold_02,999,15,0.5878570699127165,-0.4820080457167589,checkpoint,1.1069822111556666,154.49011158225235,-0.1421134406717648,0.797444089456869,0.6507473190954702,1.6640587742147828,-0.035947587706007034,17.734375,-0.3136654435326277,-0.7778928627195203,-0.030119117132262452,17.126984126984127,-1.0646666080871232,-0.00012686550127113025,3,-3.7886807795826214
base_macro_hmm__fold_02__seed999,custom_custom,base_macro_hmm,fold_02,999,15,0.5878570699127165,-0.4820080457167589,checkpoint,1.1069822111556666,154.49011158225235,-0.1421134406717648,0.797444089456869,0.6507473190954702,1.6640587742147828,-0.035947587706007034,17.734375,-0.3136654435326277,-0.7778928627195203,-0.030119117132262452,17.126984126984127,0.9392611662691688,-0.00010627741424881265,61,-0.3010174555288972
base_macro_hmm__fold_03__seed42,custom_custom,base_macro_hmm,fold_03,42,15,4.9069925710291775,0.456846565758112,checkpoint,0.8093837459318497,127.37016513572867,-0.21451205907406046,0.5316007088009451,3.971640028399354,9.066853577821243,-0.02335142160970738,14.516129032258064,1.8144301074016953,3.3395729929298623,-0.03375844617804369,14.80327868852459,0.8828430011650111,0.0005411663115812229,62,1.7997381238417736
base_macro_hmm__fold_03__seed123,custom_custom,base_macro_hmm,fold_03,123,15,6.249252166170703,0.40870802734926653,last_model,0.8136718056344259,127.99072282047294,-0.21727392333228734,0.5593620791494389,5.084840293912963,12.718599925684583,-0.022244982372908728,12.790322580645162,2.078215045911232,3.968086117991132,-0.036722583713818535,12.868852459016393,0.8828430011650111,0.000639752298349858,62,2.0613871167647986
base_macro_hmm__fold_03__seed999,custom_custom,base_macro_hmm,fold_03,999,15,7.295705017837772,0.37210224430149885,best_model,0.7447908895150336,99.97180132963325,-0.1632475706228338,0.44300059066745423,5.433774629874688,12.330206404614309,-0.01650810173274686,12.096774193548388,2.021919734804918,3.7175529183609557,-0.03971513026483231,12.295081967213115,0.8828430011650111,0.0005999689922859407,62,2.005547645639259
base_macro_hmm__fold_04__seed42,custom_custom,base_macro_hmm,fold_04,42,15,3.902847977547747,1.0694570717914988,checkpoint,1.0542144179461903,217.93203111349473,-0.1999382322334745,0.3368189323059989,4.114438608982964,7.8153350523551435,-0.013993321164181838,8.73015873015873,4.400215466828809,8.439819059986897,-0.014530688066263009,8.761904761904763,0.8304162077337203,0.0012774144472439911,64,4.3657034401233785
base_macro_hmm__fold_04__seed123,custom_custom,base_macro_hmm,fold_04,123,15,3.1042956621884357,1.2582089339173057,checkpoint,1.058137025271774,198.39800641010154,-0.17984585150082322,0.8134287286736379,3.2847701775521427,5.393050265036026,-0.015078732740278933,20.73015873015873,4.13292718326124,7.786880850621958,-0.015089535885752348,26.206349206349206,0.8304162077337203,0.0011826199474392236,64,4.100511567617967
base_macro_hmm__fold_04__seed999,custom_custom,base_macro_hmm,fold_04,999,15,3.7006763526542445,1.0062164108513396,checkpoint,1.2175404359801016,236.15491426621946,-0.1633214532906927,0.8211337369290038,4.505723099831902,7.666179309031862,-0.015945283575417246,17.80952380952381,4.5337325258028285,7.47601680970349,-0.015751875027160356,17.253968253968253,0.8304162077337203,0.001135053936111725,64,4.498173290309628
base_macro_hmm__fold_05__seed42,custom_custom,base_macro_hmm,fold_05,42,15,6.54331376052757,-0.09835187818134547,checkpoint,1.188839273939334,256.68583298090954,-0.1849856523954705,0.30864197530864196,7.77894838022285,11.868261933697521,-0.006601856140122986,9.67741935483871,-0.7650741834706525,-4.469389461890339,-0.10512354992216111,10.0,-1.2733003575515036,-0.0017895103277788093,40,-1.7200789702970256
base_macro_hmm__fold_05__seed42,custom_custom,base_macro_hmm,fold_05,42,15,6.54331376052757,-0.09835187818134547,checkpoint,1.188839273939334,256.68583298090954,-0.1849856523954705,0.30864197530864196,7.77894838022285,11.868261933697521,-0.006601856140122986,9.67741935483871,-0.7650741834706525,-4.469389461890339,-0.10512354992216111,10.0,0.7853606527873781,0.0015035448604698166,21,4.731493032275465
base_macro_hmm__fold_05__seed123,custom_custom,base_macro_hmm,fold_05,123,15,8.267462282556922,-0.1558040038619905,checkpoint,0.7711609749159724,137.68669239525698,-0.21624596626153558,0.5087448559670782,6.375544273897626,10.396203308063168,-0.008282879329573944,15.725806451612904,-0.9933353246726372,-5.474661385167245,-0.1041311413060626,16.4,-1.2733003575515036,-0.0019073035105802022,40,-1.864013227294919
base_macro_hmm__fold_05__seed123,custom_custom,base_macro_hmm,fold_05,123,15,8.267462282556922,-0.1558040038619905,checkpoint,0.7711609749159724,137.68669239525698,-0.21624596626153558,0.5087448559670782,6.375544273897626,10.396203308063168,-0.008282879329573944,15.725806451612904,-0.9933353246726372,-5.474661385167245,-0.1041311413060626,16.4,0.7853606527873781,0.0012128053615138553,21,4.356683159876848
base_macro_hmm__fold_05__seed999,custom_custom,base_macro_hmm,fold_05,999,15,5.831534948097101,-0.12660850043939595,best_model,1.1740222605788202,248.73707385653142,-0.17945667850405134,0.4104938271604938,6.8463518424093515,11.355784326865969,-0.007743996520341523,11.290322580645162,-0.8668063402479436,-4.8695096972167455,-0.11435259979277645,11.666666666666666,-1.2733003575515036,-0.0017901853934777418,40,-1.7700811362906301
base_macro_hmm__fold_05__seed999,custom_custom,base_macro_hmm,fold_05,999,15,5.831534948097101,-0.12660850043939595,best_model,1.1740222605788202,248.73707385653142,-0.17945667850405134,0.4104938271604938,6.8463518424093515,11.355784326865969,-0.007743996520341523,11.290322580645162,-0.8668063402479436,-4.8695096972167455,-0.11435259979277645,11.666666666666666,0.7853606527873781,0.0012944504141111316,21,3.5576240555809013
base_macro_hmm__fold_06__seed42,custom_custom,base_macro_hmm,fold_06,42,15,1.5051425407005947,2.292882071815289,checkpoint,1.2109354717007144,272.61955778506086,-0.14681232916398723,0.26582890285161914,1.8226304925000862,4.9295161537445065,-0.035082511192905286,8.73015873015873,4.1790767797973185,7.464149317400159,-0.018320203778547928,8.73015873015873,0.7743971080708614,0.0011347155209362296,64,4.146299200945628
base_macro_hmm__fold_06__seed123,custom_custom,base_macro_hmm,fold_06,123,15,2.4007143455011186,1.690674221967042,best_model,0.9848173603992482,221.94913441819946,-0.15402941370607848,0.45094248429192846,2.3642651648090203,6.582135219782259,-0.025507065853026867,11.174603174603174,3.997202168037271,7.988151081758099,-0.01974661138535916,11.071428571428571,0.7743971080708614,0.0012131214885021634,64,3.9658510787530616
base_macro_hmm__fold_06__seed999,custom_custom,base_macro_hmm,fold_06,999,15,0.6913566704244324,8.151222296200542,last_model,0.9486682577257383,218.03928181945528,-0.19576580230893348,0.4654422426292895,0.6558681279986137,1.838188207250946,-0.044919788408873895,12.682539682539682,5.346126908309611,11.427058802965572,-0.019035970962659743,12.73015873015873,0.7743971080708614,0.0017048406017879016,64,5.304195853791689
base_macro_hmm__fold_07__seed42,custom_custom,base_macro_hmm,fold_07,42,15,-1.3028434674496847,-2.367121237614628,last_model,1.0968354884661287,269.4018158942274,-0.16149028088723716,0.2959927140255009,-1.4290049510150797,-8.036187487728519,-0.14044247444717672,10.655737704918034,3.3826279682042464,8.493401781455766,-0.024297041212511084,10.655737704918034,-1.3292864698368727,0.0006600903350158793,25,2.080037876460589
base_macro_hmm__fold_07__seed42,custom_custom,base_macro_hmm,fold_07,42,15,-1.3028434674496847,-2.367121237614628,last_model,1.0968354884661287,269.4018158942274,-0.16149028088723716,0.2959927140255009,-1.4290049510150797,-8.036187487728519,-0.14044247444717672,10.655737704918034,3.3826279682042464,8.493401781455766,-0.024297041212511084,10.655737704918034,0.7522832908413948,0.0017915481425960268,37,4.014716845744089
base_macro_hmm__fold_07__seed123,custom_custom,base_macro_hmm,fold_07,123,15,-1.0863082010949945,-2.4146214903642274,checkpoint,1.224774389008322,286.17882700273003,-0.13755823781484788,0.4093806921675774,-1.3304824632708512,-7.8821086714012445,-0.13845921505220737,11.475409836065573,3.212611548366531,7.88847622482336,-0.027996817086621606,11.475409836065573,-1.3292864698368727,0.0005665413511093265,25,1.5718689150312664
base_macro_hmm__fold_07__seed123,custom_custom,base_macro_hmm,fold_07,123,15,-1.0863082010949945,-2.4146214903642274,checkpoint,1.224774389008322,286.17882700273003,-0.13755823781484788,0.4093806921675774,-1.3304824632708512,-7.8821086714012445,-0.13845921505220737,11.475409836065573,3.212611548366531,7.88847622482336,-0.027996817086621606,11.475409836065573,0.7522832908413948,0.0017022443433729816,37,4.133012555647888
base_macro_hmm__fold_07__seed999,custom_custom,base_macro_hmm,fold_07,999,15,-1.054005591668492,-2.420790231176296,checkpoint,1.3880816212018336,389.6080829218845,-0.14697004312766626,0.45081967213114754,-1.4630457904389984,-9.50491091271365,-0.15078564567639008,13.114754098360656,3.5417269572583296,10.09163929385355,-0.0375619808972909,13.114754098360656,-1.3292864698368727,0.002688076103267778,25,5.946214601645994
base_macro_hmm__fold_07__seed999,custom_custom,base_macro_hmm,fold_07,999,15,-1.054005591668492,-2.420790231176296,checkpoint,1.3880816212018336,389.6080829218845,-0.14697004312766626,0.45081967213114754,-1.4630457904389984,-9.50491091271365,-0.15078564567639008,13.114754098360656,3.5417269572583296,10.09163929385355,-0.0375619808972909,13.114754098360656,0.7522832908413948,0.0008259676783083909,37,1.849589178429534
base_macro_hmm__fold_08__seed42,custom_custom,base_macro_hmm,fold_08,42,15,1.7522009550678386,-1.007996901981127,checkpoint,1.095804874497859,367.3794856359788,-0.18906905355168013,1.2518326865028029,1.9200703476631416,5.447839829098866,-0.04948824654308526,13.301587301587302,-1.9354249620302724,-7.712375446271135,-0.09665237668261173,12.238095238095237,-1.2839010189588649,0.001274836088085568,8,1.3151220418648033
base_macro_hmm__fold_08__seed42,custom_custom,base_macro_hmm,fold_08,42,15,1.7522009550678386,-1.007996901981127,checkpoint,1.095804874497859,367.3794856359788,-0.18906905355168013,1.2518326865028029,1.9200703476631416,5.447839829098866,-0.04948824654308526,13.301587301587302,-1.9354249620302724,-7.712375446271135,-0.09665237668261173,12.238095238095237,0.7788762414182588,-0.0015583888586799186,56,-2.7258737916616322
base_macro_hmm__fold_08__seed123,custom_custom,base_macro_hmm,fold_08,123,15,2.137153290087098,-0.12576372371029138,checkpoint,0.9376730511689181,255.37829820477504,-0.23015088696907193,0.2807244501940492,2.003951046331661,6.14241018668098,-0.067438146991189,10.317460317460318,-0.2520243457198043,-1.4327416360950251,-0.06776871339184265,10.317460317460318,-1.2839010189588649,0.00378907117696263,8,3.518076113914752
base_macro_hmm__fold_08__seed123,custom_custom,base_macro_hmm,fold_08,123,15,2.137153290087098,-0.12576372371029138,checkpoint,0.9376730511689181,255.37829820477504,-0.23015088696907193,0.2807244501940492,2.003951046331661,6.14241018668098,-0.067438146991189,10.317460317460318,-0.2520243457198043,-1.4327416360950251,-0.06776871339184265,10.317460317460318,0.7788762414182588,-0.0007340416364519495,56,-1.2181214581127777
base_macro_hmm__fold_08__seed999,custom_custom,base_macro_hmm,fold_08,999,15,2.263537701276596,-0.540457476681433,best_model,1.1237538394416975,324.1882736492994,-0.16882736629681228,0.8870202673566192,2.5436591825306087,7.168335710123097,-0.037918110268971295,8.761904761904763,-1.3747396233280493,-5.44052329766237,-0.06919381735285135,8.761904761904763,-1.2839010189588649,0.0012769961355012932,8,1.3599819922727874
base_macro_hmm__fold_08__seed999,custom_custom,base_macro_hmm,fold_08,999,15,2.263537701276596,-0.540457476681433,best_model,1.1237538394416975,324.1882736492994,-0.16882736629681228,0.8870202673566192,2.5436591825306087,7.168335710123097,-0.037918110268971295,8.761904761904763,-1.3747396233280493,-5.44052329766237,-0.06919381735285135,8.761904761904763,0.7788762414182588,-0.0011284680880411335,56,-2.037446219122278
base_macro_hmm__fold_09__seed42,custom_custom,base_macro_hmm,fold_09,42,15,6.918651988104369,-0.205084236233427,checkpoint,1.0214894281394593,325.14495708916354,-0.22206125074414895,0.6146301593788313,7.067329862824665,14.922667352015706,-0.014676564598614106,10.766129032258064,-1.4493979471270868,-23.51239798162823,-0.35235743610177017,10.580645161290322,-1.3301243435221468,-0.005347944753218086,39,-1.7429767931995845
base_macro_hmm__fold_09__seed42,custom_custom,base_macro_hmm,fold_09,42,15,6.918651988104369,-0.205084236233427,checkpoint,1.0214894281394593,325.14495708916354,-0.22206125074414895,0.6146301593788313,7.067329862824665,14.922667352015706,-0.014676564598614106,10.766129032258064,-1.4493979471270868,-23.51239798162823,-0.35235743610177017,10.580645161290322,0.7518094115559961,-0.0005096682824483704,24,-0.8037192660143828
base_macro_hmm__fold_09__seed123,custom_custom,base_macro_hmm,fold_09,123,15,7.130396145135641,-0.2609384852560443,checkpoint,0.7915396109663234,187.9616342029784,-0.2110484702051174,0.3089497343686146,5.643990990756437,12.424427067507192,-0.01463319682060793,11.629032258064516,-1.4727344599267456,-21.498460731184753,-0.2919894600202535,11.548387096774194,-1.3301243435221468,-0.00519044426021457,39,-1.8618157347846238
base_macro_hmm__fold_09__seed123,custom_custom,base_macro_hmm,fold_09,123,15,7.130396145135641,-0.2609384852560443,checkpoint,0.7915396109663234,187.9616342029784,-0.2110484702051174,0.3089497343686146,5.643990990756437,12.424427067507192,-0.01463319682060793,11.629032258064516,-1.4727344599267456,-21.498460731184753,-0.2919894600202535,11.548387096774194,0.7518094115559961,-4.070882200602847e-05,24,-0.08050464596018625
base_macro_hmm__fold_09__seed999,custom_custom,base_macro_hmm,fold_09,999,15,6.717636580259642,-0.17752287473148273,best_model,1.0362148595839673,292.1409973410299,-0.18055978261338157,0.32652227217000407,6.960914845749867,15.426035938923643,-0.013334225575838743,11.806451612903226,-1.235721614178572,-18.301072354102345,-0.29181502630629896,11.806451612903226,-1.3301243435221468,-0.003956003526889811,39,-1.4635338130231985
base_macro_hmm__fold_09__seed999,custom_custom,base_macro_hmm,fold_09,999,15,6.717636580259642,-0.17752287473148273,best_model,1.0362148595839673,292.1409973410299,-0.18055978261338157,0.32652227217000407,6.960914845749867,15.426035938923643,-0.013334225575838743,11.806451612903226,-1.235721614178572,-18.301072354102345,-0.29181502630629896,11.806451612903226,0.7518094115559961,-0.00047863613244435627,24,-0.8499845014438986
base_macro_hmm__fold_10__seed42,custom_custom,base_macro_hmm,fold_10,42,15,2.639856949101562,0.40390309968535115,checkpoint,0.8659412480244951,301.97127379616796,-0.3827756497230592,0.1750291715285881,2.285961021111143,16.710088110221122,-0.0937012884868097,7.258064516129032,0.9233067421866811,3.5748513172455088,-0.08109350731585974,7.142857142857143,-1.3468497972560505,0.0006028411526753218,64,0.9160650088706952
base_macro_hmm__fold_10__seed123,custom_custom,base_macro_hmm,fold_10,123,15,3.806536258355314,0.44129094556917764,checkpoint,0.5923130008804225,152.50006409656217,-0.38628380435915854,0.2839362115908207,2.254660914146571,18.995306084172057,-0.08914044597820792,11.306451612903226,0.9949614467416069,4.6073041693603045,-0.11380322507430052,11.5,-1.3468497972560505,0.0007822347190540712,64,0.9871577070657479
base_macro_hmm__fold_10__seed999,custom_custom,base_macro_hmm,fold_10,999,15,4.084425290213785,0.4083929486370846,checkpoint,0.61215652197222,172.67936429225733,-0.39285118081606696,0.67561260210035,2.500307579912646,18.990517728681986,-0.08171838763956507,10.403225806451612,1.0211079850601785,4.052145094067394,-0.0862703065198498,12.23015873015873,-1.3468497972560505,0.0006763539790850624,64,1.0130991713293085
base_macro_hmm__fold_11__seed42,custom_custom,base_macro_hmm,fold_11,42,15,3.9797729282197305,0.7693883852918862,checkpoint,0.8267477728495864,332.2756934385214,-0.3244529889241644,0.9774074074074074,3.290268404852739,15.269818407765756,-0.0700840475148935,27.467741935483872,2.531494295186559,9.722435013165253,-0.04143942159436198,19.991803278688526,-1.2608113475359333,0.001544483202777975,62,2.5109960283119106
base_macro_hmm__fold_11__seed123,custom_custom,base_macro_hmm,fold_11,123,15,3.0386931140694338,1.0438063511520614,checkpoint,0.6811284026803803,203.34916883162276,-0.31255685521107357,0.26851851851851855,2.069740187021984,8.057566542470184,-0.09370780142565605,10.483870967741936,2.1604079524482023,6.828996229101558,-0.04421256870409207,10.655737704918034,-1.2608113475359333,0.0010986479633153514,62,2.142914482740765
base_macro_hmm__fold_11__seed999,custom_custom,base_macro_hmm,fold_11,999,15,4.617731580706518,1.0211729939737453,checkpoint,0.6762667753624709,234.0964640276284,-0.40791516761415925,0.27185185185185184,3.1228184455738424,15.433889811676792,-0.08391855642975321,11.290322580645162,3.188937861703078,12.911654231121394,-0.04013396849246875,11.475409836065573,-1.2608113475359333,0.002010652753673414,62,3.16311607752598
base_macro_hmm__fold_12__seed42,custom_custom,base_macro_hmm,fold_12,42,15,1.8648819333742588,-0.31641415839994214,checkpoint,0.9013915961509018,449.0267057549933,-0.33013342596040385,1.3414806942968474,1.680988902557203,4.610537583171093,-0.0374287716448366,14.904761904761905,-0.5318886888822797,-1.918516415141669,-0.0482335573486502,16.95967741935484,-1.192457715429692,-0.0002739420075406415,63,-0.5276504644562496
base_macro_hmm__fold_12__seed123,custom_custom,base_macro_hmm,fold_12,123,15,2.1876288325717224,-0.15228650631695126,checkpoint,0.8967676164135651,470.9704195546594,-0.3700878135019966,0.4534183492738222,1.9617946937829334,5.554461443107628,-0.03891307758483842,10.317460317460318,-0.29875486002733614,-1.1424018384773027,-0.050051943369824325,10.483870967741936,-1.192457715429692,-0.00015037069678099026,63,-0.2963743052766349
base_macro_hmm__fold_12__seed999,custom_custom,base_macro_hmm,fold_12,999,15,2.4061384527712595,0.05807045834961249,checkpoint,0.770883159231284,307.15193408631905,-0.3965318809078564,0.3010981225646475,1.8548516120201821,5.120017260117726,-0.036499069129885875,13.492063492063492,0.10771208328052957,0.13496588704222656,-0.04774328816098328,13.709677419354838,-1.192457715429692,5.813879918351953e-05,63,0.1068538059907879
base_macro_hmm__fold_13__seed42,custom_custom,base_macro_hmm,fold_13,42,15,3.691190520731229,0.020803769772688975,best_model,0.7716666078317937,313.8884065666847,-0.3548266154606874,0.2032520325203252,2.8483684679935397,9.952471635324066,-0.058478742528707106,9.67741935483871,0.059256801835924404,-0.05656991846656467,-0.07506207502771378,9.836065573770492,-1.131507348765239,3.522161626170759e-05,62,0.05877698177846643
base_macro_hmm__fold_13__seed123,custom_custom,base_macro_hmm,fold_13,123,15,3.1137342545329387,-0.35914265302610643,best_model,0.9353275891218642,476.77382224367915,-0.3886873495032702,0.27100271002710025,2.912361553458459,9.658436822601303,-0.052069440946760026,12.903225806451612,-1.0459532548803037,-5.160639915127552,-0.11750389862484734,13.114754098360656,-1.131507348765239,-0.0007835014208779938,62,-1.037483858367062
base_macro_hmm__fold_13__seed999,custom_custom,base_macro_hmm,fold_13,999,15,4.655881756590573,-0.24641336751472434,best_model,1.0373532197198085,486.41832089167553,-0.29861042151501305,0.2032520325203252,4.829793930833949,14.930984661096968,-0.0276572564950055,9.693548387096774,-1.190125786898971,-5.1249412712859765,-0.11208069170455903,9.836065573770492,-1.131507348765239,-0.0007923607925248245,62,-1.180488982249384
base_macro_hmm__fold_14__seed42,custom_custom,base_macro_hmm,fold_14,42,15,-1.6596038413868182,0.8100608815754105,checkpoint,0.9634001223563384,572.5828984236917,-0.3428249776451925,0.2005851755526658,-1.5988625438551098,-9.996150897416722,-0.14774399176054775,8.870967741935484,-1.2951760017931737,-6.474153668082227,-0.15253749044876985,8.746031746031745,-1.0851894926508139,-0.0009739299214963464,64,-1.2850176018013817
base_macro_hmm__fold_14__seed123,custom_custom,base_macro_hmm,fold_14,123,15,-1.8489676770862848,0.8254287174709593,checkpoint,0.8713989798461493,395.9921666730203,-0.374277659294767,0.26007802340702213,-1.611188547581493,-8.384226927320103,-0.12894348704372094,12.903225806451612,-1.3299212964340894,-5.648259628674279,-0.1382280361631243,12.698412698412698,-1.0851894926508139,-0.000855668738986225,64,-1.3194903801199547
base_macro_hmm__fold_14__seed999,custom_custom,base_macro_hmm,fold_14,999,15,-2.123112974119778,0.48268150377304364,checkpoint,0.8631778958920175,491.18801733735654,-0.396769816845593,0.23439531859557866,-1.8326241897417537,-11.601555721783075,-0.15597861981559102,11.306451612903226,-0.8845737997554053,-4.881994600920803,-0.16092652022055554,11.11111111111111,-1.0851894926508139,-0.000702180326257771,64,-0.8776358589135939
base_macro_hmm_gru__fold_01__seed42,custom_custom,base_macro_hmm_gru,fold_01,42,23,2.8263301347649494,0.8225752408176009,checkpoint,0.9591532000739069,105.03803270137948,-0.12078876295269159,0.44205412907702984,2.710883593225118,9.165343817054762,-0.03347221039361925,9.67741935483871,2.2299057245256346,8.074566189358535,-0.059531739659616,9.836065573770492,-1.073423870597896,0.0010270956695120138,45,1.5223989622638758
base_macro_hmm_gru__fold_01__seed42,custom_custom,base_macro_hmm_gru,fold_01,42,23,2.8263301347649494,0.8225752408176009,checkpoint,0.9591532000739069,105.03803270137948,-0.12078876295269159,0.44205412907702984,2.710883593225118,9.165343817054762,-0.03347221039361925,9.67741935483871,2.2299057245256346,8.074566189358535,-0.059531739659616,9.836065573770492,0.9315984369178631,0.0020074690233545345,17,8.631825610436763
base_macro_hmm_gru__fold_01__seed123,custom_custom,base_macro_hmm_gru,fold_01,123,23,2.345203611884421,0.7153916616459941,best_model,1.1181941198545222,160.45233825586868,-0.19035753566452196,0.4857737682165163,2.622392888670747,9.34467469053879,-0.03949606770809411,11.290322580645162,1.876038006114804,7.974571363248462,-0.06367076634875646,11.475409836065573,-1.073423870597896,0.0010349344867992796,45,1.2809332186898326
base_macro_hmm_gru__fold_01__seed123,custom_custom,base_macro_hmm_gru,fold_01,123,23,2.345203611884421,0.7153916616459941,best_model,1.1181941198545222,160.45233825586868,-0.19035753566452196,0.4857737682165163,2.622392888670747,9.34467469053879,-0.03949606770809411,11.290322580645162,1.876038006114804,7.974571363248462,-0.06367076634875646,11.475409836065573,0.9315984369178631,0.0019965416511307753,17,8.241103128270861
base_macro_hmm_gru__fold_01__seed999,custom_custom,base_macro_hmm_gru,fold_01,999,23,2.793247693377406,1.0886578298640526,checkpoint,0.8225204548932147,87.1152619934802,-0.1499443768917772,0.520471894517696,2.2975033633862068,7.7479299826126,-0.03983646635451077,12.096774193548388,2.50119502568939,9.898870937742398,-0.05221608011468237,12.295081967213115,-1.073423870597896,0.0014696746698029943,45,2.0041086655997944
base_macro_hmm_gru__fold_01__seed999,custom_custom,base_macro_hmm_gru,fold_01,999,23,2.793247693377406,1.0886578298640526,checkpoint,0.8225204548932147,87.1152619934802,-0.1499443768917772,0.520471894517696,2.2975033633862068,7.7479299826126,-0.03983646635451077,12.096774193548388,2.50119502568939,9.898870937742398,-0.05221608011468237,12.295081967213115,0.9315984369178631,0.0018479465260027566,17,7.947121733257216
base_macro_hmm_gru__fold_02__seed42,custom_custom,base_macro_hmm_gru,fold_02,42,23,0.3592803823217187,-0.18546101810317026,checkpoint,1.0586067380575017,167.25417385785354,-0.1927637234064421,0.5309904153354632,0.38033663357764674,0.9831316866413253,-0.04719991154531089,12.5,-0.07053761928524277,-0.24226730280531017,-0.03690171666148345,12.698412698412698,-1.0646666080871232,2.6708965654191157e-05,3,0.6834937894047767
base_macro_hmm_gru__fold_02__seed42,custom_custom,base_macro_hmm_gru,fold_02,42,23,0.3592803823217187,-0.18546101810317026,checkpoint,1.0586067380575017,167.25417385785354,-0.1927637234064421,0.5309904153354632,0.38033663357764674,0.9831316866413253,-0.04719991154531089,12.5,-0.07053761928524277,-0.24226730280531017,-0.03690171666148345,12.698412698412698,0.9392611662691688,-2.6148209830278808e-05,61,-0.07546288656527557
base_macro_hmm_gru__fold_02__seed123,custom_custom,base_macro_hmm_gru,fold_02,123,23,1.4434363426934254,-0.43795613015486556,checkpoint,1.0475448720043954,153.2479716250304,-0.15493264311294375,1.5450479233226837,1.5120643388532768,4.067723958394098,-0.0381474798180248,17.921875,-0.6622178463893564,-1.5133491860218062,-0.048250379685334965,18.904761904761905,-1.0646666080871232,-8.481411456033132e-05,3,-6.6361081838852085
base_macro_hmm_gru__fold_02__seed123,custom_custom,base_macro_hmm_gru,fold_02,123,23,1.4434363426934254,-0.43795613015486556,checkpoint,1.0475448720043954,153.2479716250304,-0.15493264311294375,1.5450479233226837,1.5120643388532768,4.067723958394098,-0.0381474798180248,17.921875,-0.6622178463893564,-1.5133491860218062,-0.048250379685334965,18.904761904761905,0.9392611662691688,-0.00023066170431991655,61,-0.6608001044648242
base_macro_hmm_gru__fold_02__seed999,custom_custom,base_macro_hmm_gru,fold_02,999,23,0.5115542201140671,1.2782037738297893,checkpoint,1.0674499368021586,155.0171981774333,-0.15735508983544344,1.673482428115016,0.5460585199316386,1.4401858416202895,-0.039743080157027544,29.3046875,0.6979740609085296,1.391425583246808,-0.028416559652845286,32.04761904761905,-1.0646666080871232,3.8661158835921285e-05,3,1.1392690651001787
base_macro_hmm_gru__fold_02__seed999,custom_custom,base_macro_hmm_gru,fold_02,999,23,0.5115542201140671,1.2782037738297893,checkpoint,1.0674499368021586,155.0171981774333,-0.15735508983544344,1.673482428115016,0.5460585199316386,1.4401858416202895,-0.039743080157027544,29.3046875,0.6979740609085296,1.391425583246808,-0.028416559652845286,32.04761904761905,0.9392611662691688,0.00023899296153006576,61,0.7035907212201541
base_macro_hmm_gru__fold_03__seed42,custom_custom,base_macro_hmm_gru,fold_03,42,23,7.829770707191913,0.3322181041662963,checkpoint,0.7073121639409294,92.48018712596114,-0.18746720902026515,0.3845245126993503,5.538092062065213,12.714682804625532,-0.017003555990996122,10.483870967741936,1.8398544455577197,3.2870945424610554,-0.033353217631190035,10.655737704918034,0.8828430011650111,0.0005323116007604758,62,1.824956593523346
base_macro_hmm_gru__fold_03__seed123,custom_custom,base_macro_hmm_gru,fold_03,123,23,5.10443177639453,0.8360387003774122,checkpoint,0.9380869768555585,124.31638173181865,-0.13852651948789108,0.8334317779090372,4.788400973683393,9.42285120280264,-0.019530085591821678,16.451612903225808,4.003288526924199,6.192908048706669,-0.017615056179177246,17.24590163934426,0.8828430011650111,0.0009771023175798301,62,3.9708727017109484
base_macro_hmm_gru__fold_03__seed999,custom_custom,base_macro_hmm_gru,fold_03,999,23,7.549797767318147,0.37327458151984994,best_model,0.6757445260935869,86.22807095242588,-0.17975177794887054,0.4051978735971648,5.101734514378822,11.725207673223093,-0.01838690502379503,9.67741935483871,1.9043478158801295,3.553996665192116,-0.036823992405945694,10.278688524590164,0.8828430011650111,0.0005749113717611099,62,1.8889277417261843
base_macro_hmm_gru__fold_04__seed42,custom_custom,base_macro_hmm_gru,fold_04,42,23,3.4566363352324387,1.324836253610328,checkpoint,0.9522306481300324,174.38214519926527,-0.22138558014527865,0.4678040726472207,3.2915150578482053,6.589089876874898,-0.021729609692752394,11.904761904761905,4.360718477941599,8.483079551843264,-0.020154546795805306,11.904761904761905,0.8304162077337203,0.0012839835456120215,64,4.32651623632409
base_macro_hmm_gru__fold_04__seed123,custom_custom,base_macro_hmm_gru,fold_04,123,23,3.945460824065124,1.1532633892748738,checkpoint,1.0792860048821424,183.62520923243446,-0.15361730530000373,0.5343973582828839,4.258280650224253,7.460083469351408,-0.01628253079178843,13.714285714285714,4.9109191751612356,7.777325562542381,-0.017950677298344764,13.698412698412698,0.8304162077337203,0.0011782033589891328,64,4.872401567330654
base_macro_hmm_gru__fold_04__seed999,custom_custom,base_macro_hmm_gru,fold_04,999,23,3.910720288502024,1.1784567620086268,best_model,0.9722270253977566,153.1853062413127,-0.13765498560962441,0.6422674738580078,3.8021079532529796,7.035906164111894,-0.01149680728878999,16.396825396825395,4.480619827397754,7.773057555440177,-0.01393214281838362,16.158730158730158,0.8304162077337203,0.0011790376897805113,64,4.445477168519853
base_macro_hmm_gru__fold_05__seed42,custom_custom,base_macro_hmm_gru,fold_05,42,23,5.432953246399194,-0.12714366838957217,checkpoint,1.1293574054218751,224.92064375938892,-0.1697376896106101,0.411522633744856,6.135745982131747,10.246903647174133,-0.00839990144574787,12.903225806451612,-0.7801212524748086,-4.411623644160445,-0.108880290457258,13.333333333333334,-1.2733003575515036,-0.0016329536521319105,40,-1.6283058116360722
base_macro_hmm_gru__fold_05__seed42,custom_custom,base_macro_hmm_gru,fold_05,42,23,5.432953246399194,-0.12714366838957217,checkpoint,1.1293574054218751,224.92064375938892,-0.1697376896106101,0.411522633744856,6.135745982131747,10.246903647174133,-0.00839990144574787,12.903225806451612,-0.7801212524748086,-4.411623644160445,-0.108880290457258,13.333333333333334,0.7853606527873781,0.0012197882290389565,21,3.2642825237326534
base_macro_hmm_gru__fold_05__seed123,custom_custom,base_macro_hmm_gru,fold_05,123,23,5.776714930025497,-0.12103020489689748,checkpoint,1.0944076149990012,208.99681641631437,-0.14984940238622013,0.37705761316872427,6.322080809098326,8.728736536171366,-0.007118699760038316,10.959677419354838,-0.7651627356999138,-4.472937466801408,-0.11203971339752894,11.425,-1.2733003575515036,-0.0014842351683223675,40,-1.4353589116164835
base_macro_hmm_gru__fold_05__seed123,custom_custom,base_macro_hmm_gru,fold_05,123,23,5.776714930025497,-0.12103020489689748,checkpoint,1.0944076149990012,208.99681641631437,-0.14984940238622013,0.37705761316872427,6.322080809098326,8.728736536171366,-0.007118699760038316,10.959677419354838,-0.7651627356999138,-4.472937466801408,-0.11203971339752894,11.425,0.7853606527873781,0.0009206057055988891,21,2.432176551936093
base_macro_hmm_gru__fold_05__seed999,custom_custom,base_macro_hmm_gru,fold_05,999,23,6.292181085845404,-0.058578005184405355,last_model,0.8856595128156368,166.36240565194376,-0.18223391191451366,0.46296296296296297,5.572730035037605,10.893398577208924,-0.009128552859375638,14.0,-0.32643940888372425,-2.436649640355837,-0.09067544694939689,13.625,-1.2733003575515036,-0.001602510867637616,40,-1.454511860364338
base_macro_hmm_gru__fold_05__seed999,custom_custom,base_macro_hmm_gru,fold_05,999,23,6.292181085845404,-0.058578005184405355,last_model,0.8856595128156368,166.36240565194376,-0.18223391191451366,0.46296296296296297,5.572730035037605,10.893398577208924,-0.009128552859375638,14.0,-0.32643940888372425,-2.436649640355837,-0.09067544694939689,13.625,0.7853606527873781,0.0021861530714102615,21,5.860005307997091
base_macro_hmm_gru__fold_06__seed42,custom_custom,base_macro_hmm_gru,fold_06,42,23,1.374125878850361,2.5825538555487713,checkpoint,1.1817037239652226,283.46864440105884,-0.1487906616362441,0.43499275012083133,1.6238096682344558,5.414566206089777,-0.04977649807610485,9.079365079365079,4.193575919376265,9.651729812628762,-0.02173438279179296,9.198412698412698,0.7743971080708614,0.0014558641385029776,64,4.160684620026993
base_macro_hmm_gru__fold_06__seed123,custom_custom,base_macro_hmm_gru,fold_06,123,23,1.9151650111984648,1.6600970119665577,checkpoint,1.1071163955008139,273.28986791667774,-0.15939602782828222,3.766553890768487,2.12031058398732,6.317561657796511,-0.03070374259250308,17.41269841269841,3.519921264918417,8.231589839582076,-0.02489507138661695,21.650793650793652,0.7743971080708614,0.0012527233843188657,64,3.492313613063263
base_macro_hmm_gru__fold_06__seed999,custom_custom,base_macro_hmm_gru,fold_06,999,23,1.2891504890590904,2.787256777361774,best_model,1.2195958174262704,320.02260160907935,-0.16859728855058376,0.4775253745770904,1.5722425444894976,4.544421567681356,-0.03457182210858456,8.73015873015873,4.3822436877848725,8.461463716237617,-0.016926249731930798,8.73015873015873,0.7743971080708614,0.0012806873817118956,64,4.347872618385507
base_macro_hmm_gru__fold_07__seed42,custom_custom,base_macro_hmm_gru,fold_07,42,23,-1.23348029729255,-1.679953586388173,last_model,1.3019342351200045,355.80143877857813,-0.15871348952227504,0.4931693989071038,-1.6059102273911718,-10.33422049988556,-0.15786898898017887,9.836065573770492,2.6978546459232455,7.698903571268478,-0.03732176580132063,9.836065573770492,-1.3292864698368727,0.001187644421438594,25,3.0083376293004944
base_macro_hmm_gru__fold_07__seed42,custom_custom,base_macro_hmm_gru,fold_07,42,23,-1.23348029729255,-1.679953586388173,last_model,1.3019342351200045,355.80143877857813,-0.15871348952227504,0.4931693989071038,-1.6059102273911718,-10.33422049988556,-0.15786898898017887,9.836065573770492,2.6978546459232455,7.698903571268478,-0.03732176580132063,9.836065573770492,0.7522832908413948,0.0012466766024315796,37,2.4936635485987857
base_macro_hmm_gru__fold_07__seed123,custom_custom,base_macro_hmm_gru,fold_07,123,23,-1.6426018397968711,-2.3072329556493147,best_model,0.9427760229743154,204.54757003793324,-0.18558199863618474,0.33879781420765026,-1.5486056298539876,-9.672999340560917,-0.1532709554400541,10.262295081967213,3.572993944503185,10.261772773406186,-0.024450431284511076,10.40983606557377,-1.3292864698368727,0.0018108411610828368,25,4.06905251677296
base_macro_hmm_gru__fold_07__seed123,custom_custom,base_macro_hmm_gru,fold_07,123,23,-1.6426018397968711,-2.3072329556493147,best_model,0.9427760229743154,204.54757003793324,-0.18558199863618474,0.33879781420765026,-1.5486056298539876,-9.672999340560917,-0.1532709554400541,10.262295081967213,3.572993944503185,10.261772773406186,-0.024450431284511076,10.40983606557377,0.7522832908413948,0.0014611915435261279,37,3.1581883789146845
base_macro_hmm_gru__fold_07__seed999,custom_custom,base_macro_hmm_gru,fold_07,999,23,-1.1224168893257644,-2.4556862513444444,checkpoint,1.1987810401059054,370.7635330300459,-0.1596142666353363,0.39435336976320584,-1.3455320860183748,-9.563704053077304,-0.15222029615363675,10.770491803278688,3.3042046443781334,9.480222630578572,-0.025591116785289802,10.934426229508198,-1.3292864698368727,0.0002833021882363207,25,0.6270576006829837
base_macro_hmm_gru__fold_07__seed999,custom_custom,base_macro_hmm_gru,fold_07,999,23,-1.1224168893257644,-2.4556862513444444,checkpoint,1.1987810401059054,370.7635330300459,-0.1596142666353363,0.39435336976320584,-1.3455320860183748,-9.563704053077304,-0.15222029615363675,10.770491803278688,3.3042046443781334,9.480222630578572,-0.025591116785289802,10.934426229508198,0.7522832908413948,0.002301225342959611,37,5.066754695279046
base_macro_hmm_gru__fold_08__seed42,custom_custom,base_macro_hmm_gru,fold_08,42,23,1.8896781825952755,-0.6221832782091904,checkpoint,1.0811416099538098,285.43368554203323,-0.15259694406144508,0.23717119448037946,2.0430097126256457,5.341489678284828,-0.03486129042631092,8.73015873015873,-1.2711264804146403,-5.084179259757193,-0.0692113977308122,8.73015873015873,-1.2839010189588649,0.0011729794420055062,8,1.2154709191570687
base_macro_hmm_gru__fold_08__seed42,custom_custom,base_macro_hmm_gru,fold_08,42,23,1.8896781825952755,-0.6221832782091904,checkpoint,1.0811416099538098,285.43368554203323,-0.15259694406144508,0.23717119448037946,2.0430097126256457,5.341489678284828,-0.03486129042631092,8.73015873015873,-1.2711264804146403,-5.084179259757193,-0.0692113977308122,8.73015873015873,0.7788762414182588,-0.0010459998408853216,56,-1.895698672078564
base_macro_hmm_gru__fold_08__seed123,custom_custom,base_macro_hmm_gru,fold_08,123,23,1.263507736729892,-0.30988657271052,checkpoint,1.0989505029990954,318.5918570536324,-0.18408168367639277,0.40965933592065545,1.3885324628225633,4.060783534878509,-0.05824784193336152,15.079365079365079,-0.4302875660013816,-1.8719297588745132,-0.06576676522837477,15.079365079365079,-1.2839010189588649,0.0028437614388793914,8,3.1450526734975
base_macro_hmm_gru__fold_08__seed123,custom_custom,base_macro_hmm_gru,fold_08,123,23,1.263507736729892,-0.30988657271052,checkpoint,1.0989505029990954,318.5918570536324,-0.18408168367639277,0.40965933592065545,1.3885324628225633,4.060783534878509,-0.05824784193336152,15.079365079365079,-0.4302875660013816,-1.8719297588745132,-0.06576676522837477,15.079365079365079,0.7788762414182588,-0.0006940582096565118,56,-1.2928419843670613
base_macro_hmm_gru__fold_08__seed999,custom_custom,base_macro_hmm_gru,fold_08,999,23,2.1601691030515267,-0.35290267316725815,checkpoint,1.0031818713020437,242.8762534828034,-0.19362211766397242,0.3872358775334196,2.1670424831280877,6.066672244445592,-0.05706980465366285,10.206349206349206,-0.764755085162915,-3.233295661860258,-0.07284203837264247,10.603174603174603,-1.2839010189588649,0.0025529124468738756,8,2.648051093829442
base_macro_hmm_gru__fold_08__seed999,custom_custom,base_macro_hmm_gru,fold_08,999,23,2.1601691030515267,-0.35290267316725815,checkpoint,1.0031818713020437,242.8762534828034,-0.19362211766397242,0.3872358775334196,2.1670424831280877,6.066672244445592,-0.05706980465366285,10.206349206349206,-0.764755085162915,-3.233295661860258,-0.07284203837264247,10.603174603174603,0.7788762414182588,-0.0008975811749836332,56,-1.6166591124353875
base_macro_hmm_gru__fold_09__seed42,custom_custom,base_macro_hmm_gru,fold_09,42,23,2.809528742024517,-0.650643888986671,best_model,0.9830778608342718,271.924811335291,-0.18877307855203485,0.510012259910094,2.761985505661865,6.078971253730403,-0.027119629858299965,12.03225806451613,-1.7970689907286528,-28.00115936560936,-0.3843914365229413,11.85483870967742,-1.3301243435221468,-0.007684043020466327,39,-2.4572203345699335
base_macro_hmm_gru__fold_09__seed42,custom_custom,base_macro_hmm_gru,fold_09,42,23,2.809528742024517,-0.650643888986671,best_model,0.9830778608342718,271.924811335291,-0.18877307855203485,0.510012259910094,2.761985505661865,6.078971253730403,-0.027119629858299965,12.03225806451613,-1.7970689907286528,-28.00115936560936,-0.3843914365229413,11.85483870967742,0.7518094115559961,0.0008725258041339621,24,1.7143954897665148
base_macro_hmm_gru__fold_09__seed123,custom_custom,base_macro_hmm_gru,fold_09,123,23,7.210749984955665,-0.2140842805805114,checkpoint,0.8665781380870349,223.6646003380998,-0.18197484483693016,0.36779730281977935,6.2486782961739955,15.125939799074573,-0.017112651622869235,14.516129032258064,-1.3377437976154656,-20.82769139118803,-0.31429563593257603,14.516129032258064,-1.3301243435221468,-0.005286382555802223,39,-1.8303883975601591
base_macro_hmm_gru__fold_09__seed123,custom_custom,base_macro_hmm_gru,fold_09,123,23,7.210749984955665,-0.2140842805805114,checkpoint,0.8665781380870349,223.6646003380998,-0.18197484483693016,0.36779730281977935,6.2486782961739955,15.125939799074573,-0.017112651622869235,14.516129032258064,-1.3377437976154656,-20.82769139118803,-0.31429563593257603,14.516129032258064,0.7518094115559961,0.0005950696793818924,24,1.0361825135864295
base_macro_hmm_gru__fold_09__seed999,custom_custom,base_macro_hmm_gru,fold_09,999,23,5.663085388515895,-0.22332363845056816,checkpoint,1.0167648742810342,298.25341494455387,-0.20002169443861118,0.3269309358398038,5.758026303097125,12.974419495735145,-0.0204078053465776,12.903225806451612,-1.285903384301724,-20.816126734358974,-0.3259468855765296,12.919354838709678,-1.3301243435221468,-0.00515133282150092,39,-1.7325738408280689
base_macro_hmm_gru__fold_09__seed999,custom_custom,base_macro_hmm_gru,fold_09,999,23,5.663085388515895,-0.22332363845056816,checkpoint,1.0167648742810342,298.25341494455387,-0.20002169443861118,0.3269309358398038,5.758026303097125,12.974419495735145,-0.0204078053465776,12.903225806451612,-1.285903384301724,-20.816126734358974,-0.3259468855765296,12.919354838709678,0.7518094115559961,0.00047853756704271483,24,0.8917789036022047
base_macro_hmm_gru__fold_10__seed42,custom_custom,base_macro_hmm_gru,fold_10,42,23,3.858757385534758,0.6003814897598192,checkpoint,0.6122822181523858,146.80264943514527,-0.3662378421751077,0.38934266822248154,2.362648531327123,18.830966034755757,-0.08845083309668111,14.516129032258064,1.4184904450170268,5.970683821684242,-0.08789765306401054,14.301587301587302,-1.3468497972560505,0.0009650077507231732,64,1.4073648579886475
base_macro_hmm_gru__fold_10__seed123,custom_custom,base_macro_hmm_gru,fold_10,123,23,2.742948576753539,1.2655992507275844,checkpoint,0.7601730698429989,243.27784567340615,-0.34859456853107806,0.21392454297938546,2.0851156400122224,15.843247794623604,-0.08508779131061195,8.870967741935484,2.638920791679836,11.688108626518234,-0.08319529017412441,8.73015873015873,-1.3468497972560505,0.0017863638695893719,64,2.61822305414345
base_macro_hmm_gru__fold_10__seed999,custom_custom,base_macro_hmm_gru,fold_10,999,23,3.6487557023042134,0.345249313785499,checkpoint,0.6602389583452385,172.82417179402913,-0.320428104923955,0.2528199144301828,2.409050664145583,16.98983659317477,-0.07323728306745247,10.483870967741936,0.8317230886707632,3.058366936352508,-0.09333950323443707,10.317460317460318,-1.3468497972560505,0.0005203234513003214,64,0.8251996696100108
base_macro_hmm_gru__fold_11__seed42,custom_custom,base_macro_hmm_gru,fold_11,42,23,3.4776553643556056,0.6437305215187235,last_model,0.7413550060883897,194.8410557120377,-0.33140515552962024,0.11351851851851852,2.578177213815171,0.5980096699905735,-0.002510742405333888,0.0,1.6596513624169296,0.350498412843292,-0.0030528452159641617,0.0,-1.2608113475359333,5.658115432805033e-05,62,1.646212668673719
base_macro_hmm_gru__fold_11__seed123,custom_custom,base_macro_hmm_gru,fold_11,123,23,4.214049018617259,0.9901990627935101,best_model,0.6180253118721816,195.27894096331758,-0.30287205147676166,0.36592592592592593,2.604388958975592,11.203111739675897,-0.08914541544742782,8.064516129032258,2.5788635063273966,8.853683965727988,-0.034230128002304405,8.19672131147541,-1.2608113475359333,0.0014067338668400894,62,2.5579816767745887
base_macro_hmm_gru__fold_11__seed999,custom_custom,base_macro_hmm_gru,fold_11,999,23,3.2557820653323697,0.6756350916645222,best_model,0.9470444053841377,417.4655829903137,-0.30977953325780105,1.6207407407407408,3.0833701901230337,14.441953028867726,-0.08314687325440673,19.798387096774192,2.083233101039431,7.576491819475151,-0.03992972437835762,18.811475409836067,-1.2608113475359333,0.001222006608762925,62,2.0663645391989376
base_macro_hmm_gru__fold_12__seed42,custom_custom,base_macro_hmm_gru,fold_12,42,23,3.3092596457278836,0.17273872846949262,checkpoint,0.7967775941148262,293.5797663093807,-0.3164804183472074,0.21253985122210414,2.636743938824345,7.106715400788111,-0.03406759403159354,9.523809523809524,0.455467795292159,1.1757354925220564,-0.04006072683624329,9.67741935483871,-1.192457715429692,0.00021320452753982962,63,0.4518385119935543
base_macro_hmm_gru__fold_12__seed123,custom_custom,base_macro_hmm_gru,fold_12,123,23,3.0414588570735526,-0.059796390101093194,checkpoint,0.8941861760748063,382.10434065436164,-0.31919901434364506,0.2639036486007793,2.719630465095451,6.4783941878486795,-0.030259806868307315,9.523809523809524,-0.1626240842216651,-0.5914169902103583,-0.05150689967580202,10.35483870967742,-1.192457715429692,-7.04442191139027e-05,63,-0.1613282541346268
base_macro_hmm_gru__fold_12__seed999,custom_custom,base_macro_hmm_gru,fold_12,999,23,2.4222673375516286,0.19594557000802246,checkpoint,0.8435270806537808,404.286418894773,-0.32869459860806605,0.3563584838823946,2.0432480958079315,5.43253230318681,-0.038011831487073655,9.523809523809524,0.4003654128008916,1.0511395799484236,-0.054588105349893556,9.693548387096774,-1.192457715429692,0.00019637479007590775,63,0.3971751993082226
base_macro_hmm_gru__fold_13__seed42,custom_custom,base_macro_hmm_gru,fold_13,42,23,2.846635224191751,-0.48250490495717224,checkpoint,1.002947645337442,484.7918922239704,-0.2596425328609061,0.22018970189701897,2.8550260952377378,8.952395837185678,-0.05119570215048275,10.483870967741936,-1.3775640947329313,-6.753430671958915,-0.12730565292625418,10.655737704918034,-1.131507348765239,-0.0010534425528600743,62,-1.366409546012651
base_macro_hmm_gru__fold_13__seed123,custom_custom,base_macro_hmm_gru,fold_13,123,23,3.2750371430700778,-0.06051245369296306,checkpoint,0.964816354647309,513.2552833199769,-0.3673699461504123,0.22018970189701897,3.1598093977114097,10.850368378340903,-0.06069889332842504,10.483870967741936,-0.19120781985760119,-1.207938171977252,-0.09247774418467725,10.655737704918034,-1.131507348765239,-0.00013408698280401659,62,-0.189659552920001
base_macro_hmm_gru__fold_13__seed999,custom_custom,base_macro_hmm_gru,fold_13,999,23,3.5132478931623137,-0.46824692164217574,best_model,1.0074906732965094,475.2242154113391,-0.3012356881593,0.5965447154471545,3.5395644853396426,11.556654301948921,-0.0331734723283057,17.241935483870968,-1.6573901742142598,-7.141067945524194,-0.12504543250699973,15.901639344262295,-1.131507348765239,-0.0011351311625308318,62,-1.643969789988602
base_macro_hmm_gru__fold_14__seed42,custom_custom,base_macro_hmm_gru,fold_14,42,23,-1.927562743856828,0.49455623509699753,checkpoint,0.9096317566834128,439.63342170608774,-0.28236663392047834,0.3972691807542263,-1.7533722848119857,-10.238420687111283,-0.14608994416645438,14.258064516129032,-0.8671411959000361,-4.508688112505322,-0.15317342987685556,14.166666666666666,-1.0851894926508139,-0.0006496149334228648,64,-0.8603399834739892
base_macro_hmm_gru__fold_14__seed123,custom_custom,base_macro_hmm_gru,fold_14,123,23,-2.159546756205233,0.457706773770244,best_model,0.8009215318177736,419.8392400479035,-0.3339153955186439,0.19505851755526657,-1.7296274960119993,-10.793238630537449,-0.1527947258744662,9.67741935483871,-0.7916622210239578,-4.572080644583121,-0.15914615162133838,9.523809523809524,-1.0851894926508139,-0.0006466901729119071,64,-0.7854530096979158
base_macro_hmm_gru__fold_14__seed999,custom_custom,base_macro_hmm_gru,fold_14,999,23,-1.8702938595937868,0.20527552630337018,checkpoint,0.9161194369452584,470.29006511620395,-0.336778112386081,0.3250975292587776,-1.7134125575732342,-9.700860334210237,-0.14870446140665128,12.903225806451612,-0.3517216645306492,-2.037023913042424,-0.13695870645363617,12.698412698412698,-1.0851894926508139,-0.00025504586670586915,64,-0.3489630206481695
full__fold_01__seed42,custom_custom,full,fold_01,42,29,2.7235382018903165,0.8730850488753854,best_model,1.0674474825467386,124.5602689730819,-0.15050582920758737,0.5898681471200555,2.9072339972276895,10.162965002593394,-0.03731571568136738,13.709677419354838,2.5382625365617195,9.528799087328355,-0.05184400018127333,13.934426229508198,-1.073423870597896,0.0012213354402519682,45,1.7601008291270381
full__fold_01__seed42,custom_custom,full,fold_01,42,29,2.7235382018903165,0.8730850488753854,best_model,1.0674474825467386,124.5602689730819,-0.15050582920758737,0.5898681471200555,2.9072339972276895,10.162965002593394,-0.03731571568136738,13.709677419354838,2.5382625365617195,9.528799087328355,-0.05184400018127333,13.934426229508198,0.9315984369178631,0.0022881990724988735,17,10.153790569544087
full__fold_01__seed123,custom_custom,full,fold_01,123,29,3.1233571250276606,0.6813003531841741,checkpoint,0.8628853565238385,96.49425138869682,-0.14604301689204768,0.6092990978487162,2.695099126380764,10.331055314734261,-0.03883179708514373,11.419354838709678,1.8361719866695738,7.350876348241542,-0.06089134787032069,11.950819672131148,-1.073423870597896,0.0008759081069889676,45,1.1553228415680223
full__fold_01__seed123,custom_custom,full,fold_01,123,29,3.1233571250276606,0.6813003531841741,checkpoint,0.8628853565238385,96.49425138869682,-0.14604301689204768,0.6092990978487162,2.695099126380764,10.331055314734261,-0.03883179708514373,11.419354838709678,1.8361719866695738,7.350876348241542,-0.06089134787032069,11.950819672131148,0.9315984369178631,0.002051744068756124,17,8.017864458451314
full__fold_01__seed999,custom_custom,full,fold_01,999,29,22.873769291903578,6.469053681600798,checkpoint,0.032553685321512156,0.2363454043918356,-0.049302064839673476,0.0,0.744625487645497,0.016147667689114797,-0.00030237498059060286,0.0,4.8170222522668915,0.07461959462931045,-0.0001298966307375915,0.0,-1.073423870597896,1.1451400095041642e-05,45,4.265489777144088
full__fold_01__seed999,custom_custom,full,fold_01,999,29,22.873769291903578,6.469053681600798,checkpoint,0.032553685321512156,0.2363454043918356,-0.049302064839673476,0.0,0.744625487645497,0.016147667689114797,-0.00030237498059060286,0.0,4.8170222522668915,0.07461959462931045,-0.0001298966307375915,0.0,0.9315984369178631,1.3568111817094549e-05,17,6.511875778635249
full__fold_02__seed42,custom_custom,full,fold_02,42,29,0.11661049471708326,27.924528297057734,checkpoint,0.7595802394509688,110.91860102615291,-0.20905941117913285,1.2600638977635783,0.08857502749969803,0.06126184025254666,-0.06137496164753897,19.3984375,2.4734158618279847,6.745511412786853,-0.025971773347693183,19.785714285714285,-1.0646666080871232,6.128565237591606e-05,3,6.133964772484617
full__fold_02__seed42,custom_custom,full,fold_02,42,29,0.11661049471708326,27.924528297057734,checkpoint,0.7595802394509688,110.91860102615291,-0.20905941117913285,1.2600638977635783,0.08857502749969803,0.06126184025254666,-0.06137496164753897,19.3984375,2.4734158618279847,6.745511412786853,-0.025971773347693183,19.785714285714285,0.9392611662691688,0.0010911475706858683,61,2.5070820892143884
full__fold_02__seed123,custom_custom,full,fold_02,123,29,0.5378767988500032,-0.8191344871818067,best_model,0.8663664652428353,97.6917059796538,-0.13881011867372473,0.6530351437699681,0.46599842095580885,1.0911449863123535,-0.04075070058711738,8.8125,-0.38171537757716817,-0.9537006000989723,-0.030296386882067483,8.84920634920635,-1.0646666080871232,-3.220908787567497e-05,3,-2.151761130961945
full__fold_02__seed123,custom_custom,full,fold_02,123,29,0.5378767988500032,-0.8191344871818067,best_model,0.8663664652428353,97.6917059796538,-0.13881011867372473,0.6530351437699681,0.46599842095580885,1.0911449863123535,-0.04075070058711738,8.8125,-0.38171537757716817,-0.9537006000989723,-0.030296386882067483,8.84920634920635,0.9392611662691688,-0.00013916373314442175,61,-0.38342092113915416
full__fold_02__seed999,custom_custom,full,fold_02,999,29,0.4069437038868595,-2.508420836363293,best_model,1.0990566767375807,163.5227908350493,-0.1636702866875248,0.44217252396166135,0.4472541948131739,1.106670629302231,-0.04124906380216853,10.046875,-1.1219017414202528,-2.538994318550436,-0.048300145440700715,10.031746031746032,-1.0646666080871232,-2.563979789253305e-05,3,-1.0158832443315207
full__fold_02__seed999,custom_custom,full,fold_02,999,29,0.4069437038868595,-2.508420836363293,best_model,1.0990566767375807,163.5227908350493,-0.1636702866875248,0.44217252396166135,0.4472541948131739,1.106670629302231,-0.04124906380216853,10.046875,-1.1219017414202528,-2.538994318550436,-0.048300145440700715,10.031746031746032,0.9392611662691688,-0.00040449890560453395,61,-1.1363751855882689
full__fold_03__seed42,custom_custom,full,fold_03,42,29,7.645076735712894,0.45344929339802936,checkpoint,0.744633051453577,107.52848195056872,-0.2075898187480527,0.2067336089781453,5.692776818310644,14.028480170618462,-0.0182630720227549,5.645161290322581,2.5813856257356433,5.3405470578275605,-0.03997776938602904,5.737704918032787,0.8828430011650111,0.000853254776136419,62,2.560483373827226
full__fold_03__seed123,custom_custom,full,fold_03,123,29,8.187464050096494,0.2414073918259509,best_model,0.6178906253320051,84.92742845860566,-0.22769283328308532,0.6757235676314235,5.058957281797434,14.555682687749648,-0.023523079998502228,20.419354838709676,1.2212696827576206,2.533038475692395,-0.04923109840436024,26.18032786885246,0.8828430011650111,0.0004183368997073296,62,1.2113806966632479
full__fold_03__seed999,custom_custom,full,fold_03,999,29,6.991528847417326,0.2140615449976685,best_model,0.7949331099788314,113.04634556410802,-0.18610166410414009,0.44300059066745423,5.55779777018417,13.762741729423954,-0.019851870543379002,12.096774193548388,1.1897107774702202,2.118135587513037,-0.036707741669113725,13.327868852459016,0.8828430011650111,0.0003489338769400217,62,1.1800773332761725
full__fold_04__seed42,custom_custom,full,fold_04,42,29,4.015480868583979,0.8707683830372902,best_model,1.1896222976367121,209.7620672239375,-0.1628962004417136,0.5690698954320308,4.776905577001134,7.566686673526202,-0.012216652067399192,16.07936507936508,4.159578345207091,6.76430058620896,-0.015193290787340885,15.142857142857142,0.8304162077337203,0.0010309704392937272,64,4.126953697615329
full__fold_04__seed123,custom_custom,full,fold_04,123,29,3.8408913193300127,0.3105396517516501,checkpoint,1.1807993842910562,213.95382374490373,-0.16216549286617166,0.4953219592735278,4.5353221049937416,6.751936584785412,-0.012012189242213922,9.523809523809524,1.4083973470663171,2.2522502642444486,-0.018950762015438216,9.523809523809524,0.8304162077337203,0.0003561229959015734,64,1.3973509228127257
full__fold_04__seed999,custom_custom,full,fold_04,999,29,4.273772479057462,1.0329877538769454,checkpoint,1.1626798477789508,211.0390770282747,-0.1493978740130596,0.5899834892680242,4.969029135392399,8.812832822084783,-0.01296279318354876,12.0,5.132946245518095,8.806603667095558,-0.015605448034777036,11.936507936507937,0.8304162077337203,0.0013280729460392604,64,5.092687222013838
full__fold_05__seed42,custom_custom,full,fold_05,42,29,7.639170874542875,-0.11540174778906613,checkpoint,0.8172308827413279,144.4430634435628,-0.18639958105207743,0.3343621399176955,6.242966357214516,10.618385600283098,-0.007680332504385157,10.483870967741936,-0.7204492290108945,-4.402803544438527,-0.10064382163905183,10.833333333333334,-1.2733003575515036,-0.0015793092053117213,40,-1.4513654301978554
full__fold_05__seed42,custom_custom,full,fold_05,42,29,7.639170874542875,-0.11540174778906613,checkpoint,0.8172308827413279,144.4430634435628,-0.18639958105207743,0.3343621399176955,6.242966357214516,10.618385600283098,-0.007680332504385157,10.483870967741936,-0.7204492290108945,-4.402803544438527,-0.10064382163905183,10.833333333333334,0.7853606527873781,0.0011544406332933013,21,4.5688477834630135
full__fold_05__seed123,custom_custom,full,fold_05,123,29,5.850621221117563,-0.12736289747470772,best_model,1.088666758668831,225.13947947305658,-0.2099418082820964,0.4495884773662551,6.369376840993135,12.333559607551226,-0.008250256070243545,13.919354838709678,-0.8112222895771863,-5.252713388827712,-0.11256131456638496,14.633333333333333,-1.2733003575515036,-0.0021567658235111613,40,-1.9042122022255898
full__fold_05__seed123,custom_custom,full,fold_05,123,29,5.850621221117563,-0.12736289747470772,best_model,1.088666758668831,225.13947947305658,-0.2099418082820964,0.4495884773662551,6.369376840993135,12.333559607551226,-0.008250256070243545,13.919354838709678,-0.8112222895771863,-5.252713388827712,-0.11256131456638496,14.633333333333333,0.7853606527873781,0.0018723834163619198,21,4.189681434204958
full__fold_05__seed999,custom_custom,full,fold_05,999,29,5.329464997341068,-0.16069918457452878,checkpoint,0.9840897055202684,184.25222836398865,-0.1458828627310732,0.38580246913580246,5.24467163981395,8.529894312751418,-0.0128933398024339,12.096774193548388,-0.8428144558792584,-4.890222110879694,-0.11037508052845102,12.516666666666667,-1.2733003575515036,-0.0014428278983193183,40,-1.3824140610820395
full__fold_05__seed999,custom_custom,full,fold_05,999,29,5.329464997341068,-0.16069918457452878,checkpoint,0.9840897055202684,184.25222836398865,-0.1458828627310732,0.38580246913580246,5.24467163981395,8.529894312751418,-0.0128933398024339,12.096774193548388,-0.8428144558792584,-4.890222110879694,-0.11037508052845102,12.516666666666667,0.7853606527873781,0.0006361855087366171,21,1.7377112627808005
full__fold_06__seed42,custom_custom,full,fold_06,42,29,1.227434014785404,3.5555622835738867,checkpoint,0.9723656687963522,218.0166291561926,-0.17574931000097616,0.3972933784436926,1.193514696690201,3.4021883099212724,-0.0495161868134274,9.523809523809524,4.243615840442806,8.280752521429058,-0.022209328809513096,9.523809523809524,0.7743971080708614,0.0012548578591597814,64,4.210332065064757
full__fold_06__seed123,custom_custom,full,fold_06,123,29,1.2750202518906255,3.0529706393547933,best_model,1.2303369933098436,328.02548909916,-0.1714068192727588,0.3779603673272112,1.5687045831202717,5.12369710881293,-0.05171909620830184,9.523809523809524,4.789209034087491,9.96229903182375,-0.02000444840892912,9.523809523809524,0.7743971080708614,0.0014972724135785005,64,4.751646030337262
full__fold_06__seed999,custom_custom,full,fold_06,999,29,2.5269222867655468,2.348410217748689,last_model,0.3640286246562904,5.627315480797068,-0.04021340691063835,0.0,0.9198720446645902,0.015031424813805039,-0.0002690999781439496,0.0,2.160236908711702,0.03087978694227278,-0.0002345020752330118,0.0,0.7743971080708614,4.824862061256208e-06,64,2.1432936125377897
full__fold_07__seed42,custom_custom,full,fold_07,42,29,-1.1008230106780952,-2.495676502615199,checkpoint,1.2836506719908163,347.0830300865047,-0.17780449613208693,0.4663023679417122,-1.4130721973998903,-9.535245283727656,-0.1515613114976616,13.245901639344263,3.5265710795497323,9.628800848850428,-0.03278686359861238,12.89344262295082,-1.3292864698368727,0.0013073087092578507,25,3.2067585722509406
full__fold_07__seed42,custom_custom,full,fold_07,42,29,-1.1008230106780952,-2.495676502615199,checkpoint,1.2836506719908163,347.0830300865047,-0.17780449613208693,0.4663023679417122,-1.4130721973998903,-9.535245283727656,-0.1515613114976616,13.245901639344263,3.5265710795497323,9.628800848850428,-0.03278686359861238,12.89344262295082,0.7522832908413948,0.0016416206125921915,37,3.6396579073213013
full__fold_07__seed123,custom_custom,full,fold_07,123,29,-0.5485198200518159,-4.4453595764388165,best_model,0.9948236930394563,239.6213820547855,-0.18040394869980714,1.6388888888888888,-0.5456805130892854,-2.994586032360491,-0.13159638094376003,13.942622950819672,2.425746094537502,5.524116443662597,-0.022565462706370165,13.885245901639344,-1.3292864698368727,7.82985031168959e-05,25,0.2687033080307904
full__fold_07__seed123,custom_custom,full,fold_07,123,29,-0.5485198200518159,-4.4453595764388165,best_model,0.9948236930394563,239.6213820547855,-0.18040394869980714,1.6388888888888888,-0.5456805130892854,-2.994586032360491,-0.13159638094376003,13.942622950819672,2.425746094537502,5.524116443662597,-0.022565462706370165,13.885245901639344,0.7522832908413948,0.0014289712455342802,37,3.473014815366499
full__fold_07__seed999,custom_custom,full,fold_07,999,29,-1.8062228060133052,-1.6273844433646616,checkpoint,1.0598460192512107,298.6434543451646,-0.2014626692978465,0.3192167577413479,-1.9143180508339532,-12.958966249258397,-0.1856025849195979,11.475409836065573,3.115331415579337,9.526323779541723,-0.05178968965268216,11.475409836065573,-1.3292864698368727,0.0021367455415230953,25,4.492923262811192
full__fold_07__seed999,custom_custom,full,fold_07,999,29,-1.8062228060133052,-1.6273844433646616,checkpoint,1.0598460192512107,298.6434543451646,-0.2014626692978465,0.3192167577413479,-1.9143180508339532,-12.958966249258397,-0.1856025849195979,11.475409836065573,3.115331415579337,9.526323779541723,-0.05178968965268216,11.475409836065573,0.7522832908413948,0.0010662269332689506,37,2.1520228390371074
full__fold_08__seed42,custom_custom,full,fold_08,42,29,3.6095621388056274,-0.22493262601288436,best_model,1.0785452893493503,261.657282837449,-0.14101058840234615,0.21561017680034497,3.8930762414225755,9.99380727387238,-0.02580848083515308,7.936507936507937,-0.8756798622515497,-3.4923812976112134,-0.052488855051324834,7.936507936507937,-1.2839010189588649,0.003258288476269175,8,3.540874908985856
full__fold_08__seed42,custom_custom,full,fold_08,42,29,3.6095621388056274,-0.22493262601288436,best_model,1.0785452893493503,261.657282837449,-0.14101058840234615,0.21561017680034497,3.8930762414225755,9.99380727387238,-0.02580848083515308,7.936507936507937,-0.8756798622515497,-3.4923812976112134,-0.052488855051324834,7.936507936507937,0.7788762414182588,-0.0010505626921589798,56,-1.9832957398338356
full__fold_08__seed123,custom_custom,full,fold_08,123,29,1.678735701678195,-0.5489315194048214,checkpoint,0.932221183660166,204.29191549871928,-0.16267395317081335,1.2815868909012504,1.5649529828710262,3.781882462637687,-0.04062581600487891,21.563492063492063,-0.8590520186844999,-3.27731674016567,-0.04802500662033071,16.753968253968253,-1.2839010189588649,0.0016306572111340345,8,1.903938271920992
full__fold_08__seed123,custom_custom,full,fold_08,123,29,1.678735701678195,-0.5489315194048214,checkpoint,0.932221183660166,204.29191549871928,-0.16267395317081335,1.2815868909012504,1.5649529828710262,3.781882462637687,-0.04062581600487891,21.563492063492063,-0.8590520186844999,-3.27731674016567,-0.04802500662033071,16.753968253968253,0.7788762414182588,-0.0007824369504957411,56,-1.5108204203390028
full__fold_08__seed999,custom_custom,full,fold_08,999,29,1.900086031046424,0.05028356753768779,best_model,0.9013048908394377,211.9590815503817,-0.17924862205255288,0.258732212160414,1.7125568327978375,4.659525361929329,-0.06350848006413667,9.523809523809524,0.08611346716411876,0.04745803330534759,-0.04474670323446828,9.523809523809524,-1.2839010189588649,0.0025757437601759553,8,2.83893399215794
full__fold_08__seed999,custom_custom,full,fold_08,999,29,1.900086031046424,0.05028356753768779,best_model,0.9013048908394377,211.9590815503817,-0.17924862205255288,0.258732212160414,1.7125568327978375,4.659525361929329,-0.06350848006413667,9.523809523809524,0.08611346716411876,0.04745803330534759,-0.04474670323446828,9.523809523809524,0.7788762414182588,-0.0003110661598326954,56,-0.5879074257328087
full__fold_09__seed42,custom_custom,full,fold_09,42,29,8.72144266421231,-0.18153247302037812,best_model,0.8104198035787661,219.00929490382399,-0.24986761904483346,0.3428688189619943,7.068029850854411,18.562953503201275,-0.021928067887638014,12.564516129032258,-1.2830769382074556,-20.874632292823236,-0.33813111267032114,14.887096774193548,-1.3301243435221468,-0.005254103014939935,39,-1.7653009589600555
full__fold_09__seed42,custom_custom,full,fold_09,42,29,8.72144266421231,-0.18153247302037812,best_model,0.8104198035787661,219.00929490382399,-0.24986761904483346,0.3428688189619943,7.068029850854411,18.562953503201275,-0.021928067887638014,12.564516129032258,-1.2830769382074556,-20.874632292823236,-0.33813111267032114,14.887096774193548,0.7518094115559961,0.0006301451434231978,24,1.0293137614199417
full__fold_09__seed123,custom_custom,full,fold_09,123,29,5.734686979446261,-0.16642568962858664,best_model,1.1284894366718654,339.7934850303516,-0.15968333267767032,0.3539027380465877,6.471533678924793,13.979480758464046,-0.015804616563527163,13.193548387096774,-1.077029455469683,-18.311971837673923,-0.29827978414381706,13.370967741935484,-1.3301243435221468,-0.0045958727789617935,39,-1.5501332976780373
full__fold_09__seed123,custom_custom,full,fold_09,123,29,5.734686979446261,-0.16642568962858664,best_model,1.1284894366718654,339.7934850303516,-0.15968333267767032,0.3539027380465877,6.471533678924793,13.979480758464046,-0.015804616563527163,13.193548387096774,-1.077029455469683,-18.311971837673923,-0.29827978414381706,13.370967741935484,0.7518094115559961,0.0008674132547528366,24,1.5053008860683288
full__fold_09__seed999,custom_custom,full,fold_09,999,29,7.243811425397323,-0.17701027499371078,best_model,0.9561465012195851,264.6469762360095,-0.17212330929484732,0.3559460563955864,6.926144949888106,15.477928930536278,-0.014627077642798358,11.290322580645162,-1.2259988222259948,-20.04611162418367,-0.31312084276261665,11.290322580645162,-1.3301243435221468,-0.005018333152476775,39,-1.6972074168821145
full__fold_09__seed999,custom_custom,full,fold_09,999,29,7.243811425397323,-0.17701027499371078,best_model,0.9561465012195851,264.6469762360095,-0.17212330929484732,0.3559460563955864,6.926144949888106,15.477928930536278,-0.014627077642798358,11.290322580645162,-1.2259988222259948,-20.04611162418367,-0.31312084276261665,11.290322580645162,0.7518094115559961,0.0006523032212615206,24,1.0883514187842998
full__fold_10__seed42,custom_custom,full,fold_10,42,29,3.762523686405587,0.7234496093935061,checkpoint,0.6789034308961452,188.9123630262336,-0.31903757203465066,0.29171528588098017,2.554390239528765,19.616148987331393,-0.06567519820552237,12.096774193548388,1.8479726210256695,8.529077587087585,-0.0946807807222746,11.904761904761905,-1.3468497972560505,0.0013467679666780662,64,1.8334784943338007
full__fold_10__seed123,custom_custom,full,fold_10,123,29,3.2804064932020176,0.6690560085484607,checkpoint,0.5701467415959303,137.79730530345563,-0.33138596886087035,0.2866588875923765,1.8703130732092625,13.249621958374846,-0.0756937796905679,10.225806451612904,1.2513441994973942,5.562274660575106,-0.10112280953092423,10.325396825396826,-1.3468497972560505,0.0009129890543962613,64,1.2415295836549878
full__fold_10__seed999,custom_custom,full,fold_10,999,29,3.666902737494785,0.7578813760007234,checkpoint,0.6744051237659728,163.83513844785585,-0.3198330369419009,0.38895371450797356,2.4729779945179553,18.551725853307776,-0.06531547560902329,16.129032258064516,1.8742239653047772,8.06794214423634,-0.08979103969388857,15.873015873015873,-1.3468497972560505,0.001271187300843201,64,1.859523942537671
full__fold_11__seed42,custom_custom,full,fold_11,42,29,5.36441451105153,0.7287619674938569,checkpoint,0.6691596397998378,242.780370930884,-0.3946887124006955,0.512962962962963,3.589649681952265,21.06723977281799,-0.08485370387445179,14.637096774193548,2.6160001648332303,11.874499978831832,-0.04877615552388448,14.049180327868852,-1.2608113475359333,0.0018761302570433661,62,2.594817628643108
full__fold_11__seed123,custom_custom,full,fold_11,123,29,4.075251645132186,0.8364668736779881,best_model,0.7735496402481341,286.36712893608586,-0.3685943812967293,0.42407407407407405,3.1524094440126187,14.621534493973144,-0.07770211520320158,11.935483870967742,2.6368860721861997,8.49405551532476,-0.037789670407538445,12.155737704918034,-1.2608113475359333,0.0013488201760288613,62,2.615534416553994
full__fold_11__seed999,custom_custom,full,fold_11,999,29,4.356237083026672,0.7220226752488389,checkpoint,0.6815809873872508,239.7000908871496,-0.43134431831880504,0.2222222222222222,2.9691283723422766,17.29539301354981,-0.08010625582769526,9.67741935483871,2.1437780105558013,9.569451034579446,-0.059042774584735946,9.836065573770492,-1.2608113475359333,0.0015400901686611812,62,2.1264191984644873
full__fold_12__seed42,custom_custom,full,fold_12,42,29,2.628335658446722,0.061440474675501816,checkpoint,0.8038824230341113,353.9619114041966,-0.3976969163415286,0.26567481402763016,2.1128728376591073,6.046260040867635,-0.040667636050324085,11.904761904761905,0.12981591007475005,0.2104175117652929,-0.0447792443727103,12.096774193548388,-1.192457715429692,6.703059377850046e-05,63,0.12878150386821405
full__fold_12__seed123,custom_custom,full,fold_12,123,29,2.6323060769976245,0.015145311830747065,checkpoint,1.0229135643852703,551.763421258726,-0.32592937324042626,0.3018065887353879,2.692621591774648,7.091749262466074,-0.03817034602853275,9.603174603174603,0.04078059364962957,-0.06487283286362722,-0.05245814590075548,9.46774193548387,-1.192457715429692,1.9925891173226925e-05,63,0.04045564350173853
full__fold_12__seed999,custom_custom,full,fold_12,999,29,2.486167522172944,0.17439912557646292,checkpoint,0.9686722800457616,495.0088594875038,-0.3496111077742252,1.4112646121147716,2.408281562278987,6.373540993627569,-0.03300095731243624,16.476190476190474,0.42000219860337334,1.1535088505729707,-0.03503959176278315,16.516129032258064,-1.192457715429692,0.00021507137148705417,63,0.41665551420433533
full__fold_13__seed42,custom_custom,full,fold_13,42,29,4.014528176255385,-0.20490120233163664,checkpoint,0.9492312004021616,455.83475836859543,-0.3187574119662746,0.18631436314363142,3.8107153997951997,12.296255628970364,-0.04053217725805358,8.870967741935484,-0.7808201671617199,-3.2093600761795016,-0.09455333501472474,9.01639344262295,-1.131507348765239,-0.00047872736149288004,62,-0.7744976326025775
full__fold_13__seed123,custom_custom,full,fold_13,123,29,4.5599516291869735,-0.0309561499120951,last_model,0.9611761564342036,513.9324150493351,-0.32815331076048837,0.20918021680216803,4.38291678046782,15.499631401216817,-0.03152752706347717,6.451612903225806,-0.13567822890839903,-1.0801806935653468,-0.09215225520280157,6.557377049180328,-1.131507348765239,-0.00010283762816494557,62,-0.1345796016863144
full__fold_13__seed999,custom_custom,full,fold_13,999,29,3.0536082402328333,-0.33839594045547194,checkpoint,0.9557994914861474,461.65761722867023,-0.36494943916493194,0.3556910569105691,2.9186372032124517,9.069970542087535,-0.05058558954927206,16.93548387096774,-0.987654981229406,-4.4933320936248355,-0.11232437225918546,17.21311475409836,-1.131507348765239,-0.0006812628482526273,62,-0.9796576432840625
full__fold_14__seed42,custom_custom,full,fold_14,42,29,-1.5666234399846284,0.502730432845034,best_model,0.9922262283334495,600.6528304699603,-0.35967638060700025,0.4613133940182055,-1.554444867074722,-9.5824957263569,-0.1460546700407066,10.82258064516129,-0.7814667408582163,-3.913289619142901,-0.13860269206966724,10.603174603174603,-1.0851894926508139,-0.0005588622422321634,64,-0.7753374953171244
full__fold_14__seed123,custom_custom,full,fold_14,123,29,-1.616508977749696,0.6008459821601859,best_model,0.8555361024563062,360.2067094178816,-0.3316281432086938,1.0273081924577374,-1.3829817904096027,-6.487518586010744,-0.11651044357817053,13.370967741935484,-0.8309590521683101,-3.754848075298689,-0.129158762152761,16.682539682539684,-1.0851894926508139,-0.0005437138552452179,64,-0.8244416256432359
full__fold_14__seed999,custom_custom,full,fold_14,999,29,-1.869238462071523,1.0086969658323297,checkpoint,0.7760744862539147,331.5868309626336,-0.3395806982979457,0.19505851755526657,-1.4506682791382148,-9.581083662496237,-0.13171714984212546,9.67741935483871,-1.4632846915959246,-6.964440290392881,-0.15778231055791725,9.53968253968254,-1.0851894926508139,-0.0010608539901626312,64,-1.4518077717189986
