run_key,model_name,feature_set,feature_family,is_negative_control,feature_set_description,fold_id,seed,n_features,generalization_ratio,retention_ratio,selected_artifact_type,selection_rule,checkpoint_selection_rule,train_sharpe,train_return_pct,train_max_drawdown,train_turnover,validation_sharpe,validation_return_pct,validation_max_drawdown,validation_turnover,test_sharpe,test_return_pct,test_max_drawdown,test_turnover,robust_selection_score,selected_artifact_score
base__fold_01__seed42,custom_custom,base,technical_base,False,"Prices, returns, and baseline technical risk features.",fold_01,42,9,3.0521428450929844,0.5234549114944643,checkpoint,checkpoint_robust_score,checkpoint_robust_score,0.8042052419300443,87.74803371580524,-0.1518342986215964,0.6453851492019431,2.4545492751430573,9.240472432153137,-0.0386396753910412,13.03225806451613,1.2848458735788106,5.1164358552156175,-0.0818367068957827,13.098360655737704,2.2897019885361365,2.2897019885361365
base__fold_01__seed123,custom_custom,base,technical_base,False,"Prices, returns, and baseline technical risk features.",fold_01,123,9,2.302029436407099,1.0957031647980362,best_model,checkpoint_robust_score,checkpoint_robust_score,0.8488260102213642,104.17320277569765,-0.1735531398783121,0.4510756419153365,1.9540224619175732,7.013443754450188,-0.0431598728622921,10.483870967741936,2.1410285956095354,9.45845156898346,-0.063539205304399,10.655737704918034,1.8444044708930587,1.8444044708930587
base__fold_01__seed999,custom_custom,base,technical_base,False,"Prices, returns, and baseline technical risk features.",fold_01,999,9,2.1411334685810792,0.9970279961797256,checkpoint,checkpoint_robust_score,checkpoint_robust_score,1.0034933812973248,119.91908268406463,-0.1557862415104148,0.5551700208188758,2.1486132641952964,7.918104251944746,-0.0381133761725402,12.903225806451612,2.142227577365816,8.191041631993045,-0.048194871759243,13.114754098360656,1.8482453912445496,1.8482453912445496
base__fold_02__seed42,custom_custom,base,technical_base,False,"Prices, returns, and baseline technical risk features.",fold_02,42,9,1.175299766626629,-0.8090519630290903,checkpoint,checkpoint_robust_score,checkpoint_robust_score,1.0674184193721274,169.18090292594647,-0.1827922882324156,0.4543130990415335,1.2545366191810263,3.409698993580479,-0.0394030366721344,7.8125,-1.0149853144402878,-2.303128655782693,-0.0461613027959908,7.936507936507937,1.2058348639000185,1.2058348639000185
base__fold_02__seed123,custom_custom,base,technical_base,False,"Prices, returns, and baseline technical risk features.",fold_02,123,9,0.6625839362475001,-1.0091452771162774,checkpoint,checkpoint_robust_score,checkpoint_robust_score,1.0740442746138164,158.48149678642122,-0.1627760672395107,0.7041533546325879,0.7116444831777134,1.8616614529625155,-0.0392949542371154,13.578125,-0.7181526691846436,-1.7211117453540423,-0.0487594864731779,13.634920634920634,0.1338731884379909,0.1338731884379909
base__fold_02__seed999,custom_custom,base,technical_base,False,"Prices, returns, and baseline technical risk features.",fold_02,999,9,0.8023329940146412,-0.0347234654512307,checkpoint,checkpoint_robust_score,checkpoint_robust_score,0.976583814573886,140.21141966527782,-0.184880698840179,3.198083067092652,0.7835454158533052,2.0323039036294954,-0.0361094176665292,28.921875,-0.0272074121768524,-0.1546095378566314,-0.0400691807596002,29.23809523809524,-0.4529061675604268,-0.4529061675604268
base__fold_03__seed42,custom_custom,base,technical_base,False,"Prices, returns, and baseline technical risk features.",fold_03,42,9,6.403433147478502,0.3961793172779653,checkpoint,checkpoint_robust_score,checkpoint_robust_score,0.7462213860821061,107.71075648263668,-0.2196714413981711,0.2658003544004725,4.778378758995511,11.27853798478966,-0.0228171104489397,7.258064516129032,1.8930948344343728,3.7492728590675872,-0.0375990511754791,7.377049180327869,5.243140343241949,5.243140343241949
base__fold_03__seed123,custom_custom,base,technical_base,False,"Prices, returns, and baseline technical risk features.",fold_03,123,9,6.102443776092617,0.3435080645995031,checkpoint,checkpoint_robust_score,checkpoint_robust_score,0.860556764768193,139.79400656899458,-0.1897214099849528,0.6101594802126403,5.2514992731340575,16.025328573159815,-0.0253425348753807,12.580645161290322,1.8039323515599777,3.7423435323915566,-0.0396578996510482,12.540983606557376,5.218958205286365,5.218958205286365
base__fold_03__seed999,custom_custom,base,technical_base,False,"Prices, returns, and baseline technical risk features.",fold_03,999,9,5.76964069601296,0.365429655171465,best_model,checkpoint_robust_score,checkpoint_robust_score,0.8538520140327097,126.04891325189396,-0.1764595557521129,0.3248670998227997,4.926419328535751,9.397086500010476,-0.0123003249199513,8.870967741935484,1.8002597164568597,3.002633126435117,-0.0273033283541858,9.01639344262295,5.075616592475454,5.075616592475454
base__fold_04__seed42,custom_custom,base,technical_base,False,"Prices, returns, and baseline technical risk features.",fold_04,42,9,3.3704538124934094,0.5266932608560052,checkpoint,checkpoint_robust_score,checkpoint_robust_score,1.1369672951044187,188.2172117174453,-0.1389482745418111,0.3577325261419923,3.832095754465007,5.795696241288351,-0.0129954270898671,10.317460317460318,2.018339008831628,3.059658552664924,-0.0156078246128971,10.317460317460318,3.551287069479492,3.551287069479492
base__fold_04__seed123,custom_custom,base,technical_base,False,"Prices, returns, and baseline technical risk features.",fold_04,123,9,4.34218045598267,1.2085471822161504,checkpoint,checkpoint_robust_score,checkpoint_robust_score,1.0236953905182524,206.2043907500233,-0.1962014589687191,0.5575123830489819,4.445070117587903,8.40964312634842,-0.0161048559250198,11.11111111111111,5.372076965364073,10.636915795837032,-0.017988028785828,11.11111111111111,4.210186081559403,4.210186081559403
base__fold_04__seed999,custom_custom,base,technical_base,False,"Prices, returns, and baseline technical risk features.",fold_04,999,9,4.332125839402459,0.9946028541576856,best_model,checkpoint_robust_score,checkpoint_robust_score,1.0695173585432487,189.7917074340438,-0.1774981872766299,0.593285635663181,4.633283784634672,7.757708288925724,-0.0143287578563842,15.253968253968257,4.608277276320169,7.937145518267852,-0.0142015870051714,14.38095238095238,4.138078290809484,4.138078290809484
base__fold_05__seed42,custom_custom,base,technical_base,False,"Prices, returns, and baseline technical risk features.",fold_05,42,9,7.946590709714048,-0.1116448317670551,checkpoint,checkpoint_robust_score,checkpoint_robust_score,1.0087123800010838,187.15344972194129,-0.159510298988056,0.4408436213991769,8.01582442769016,11.820770603435538,-0.0070099488844448,12.14516129032258,-0.8949253697037188,-5.127599900473568,-0.1048550364151484,12.65,7.736682899994326,7.736682899994326
base__fold_05__seed123,custom_custom,base,technical_base,False,"Prices, returns, and baseline technical risk features.",fold_05,123,9,6.178636932537639,-0.171150830748076,checkpoint,checkpoint_robust_score,checkpoint_robust_score,1.1049675444137892,194.4296260910654,-0.1468958861665034,0.5473251028806584,6.827193279170462,11.762982022911284,-0.0107941718906933,16.35483870967742,-1.168479801407706,-6.218679207960454,-0.1240802722531593,15.258333333333333,6.168115845720861,6.168115845720861
base__fold_05__seed999,custom_custom,base,technical_base,False,"Prices, returns, and baseline technical risk features.",fold_05,999,9,6.25401465816137,-0.147789631978412,checkpoint,checkpoint_robust_score,checkpoint_robust_score,1.1042487401089944,205.491597395802,-0.1643740732080953,0.7119341563786008,6.905987806897876,10.873041958942608,-0.0072377727885013,17.225806451612904,-1.0206333964288377,-5.397017221453437,-0.1160083290052453,17.466666666666665,6.202270164018752,6.202270164018752
base__fold_06__seed42,custom_custom,base,technical_base,False,"Prices, returns, and baseline technical risk features.",fold_06,42,9,1.08169089040344,3.786762371396174,checkpoint,checkpoint_robust_score,checkpoint_robust_score,1.083165008793611,230.32957764731157,-0.144369778769226,0.3141614306428226,1.1716497228158114,3.753858325544712,-0.0469845570223543,10.317460317460318,4.436759082815672,9.3056555068451,-0.0206678416113639,10.317460317460318,0.998700412973994,0.998700412973994
base__fold_06__seed123,custom_custom,base,technical_base,False,"Prices, returns, and baseline technical risk features.",fold_06,123,9,1.4222519111983831,2.202853724977806,checkpoint,checkpoint_robust_score,checkpoint_robust_score,1.183302179341315,286.925614069486,-0.1829738672060723,0.5906234896085065,1.6829537860933974,5.791265839415138,-0.0436122143371439,18.365079365079364,3.707301016661342,8.426444980579163,-0.0236769161372881,17.825396825396826,1.0832487029619204,1.0832487029619204
base__fold_06__seed999,custom_custom,base,technical_base,False,"Prices, returns, and baseline technical risk features.",fold_06,999,9,2.2135381745151714,2.2953488110101485,checkpoint,checkpoint_robust_score,checkpoint_robust_score,1.004624624061215,185.02729087627336,-0.1473319841609697,0.4514258095698405,2.2237749564174525,5.417544553900533,-0.0252292592576716,8.73015873015873,5.104339202166945,8.778242508916435,-0.0142029973735595,8.73015873015873,2.132779838739376,2.132779838739376
base__fold_07__seed42,custom_custom,base,technical_base,False,"Prices, returns, and baseline technical risk features.",fold_07,42,9,-0.575957816005314,-5.722789328232195,checkpoint,checkpoint_robust_score,checkpoint_robust_score,1.1099920166211237,218.51361183994388,-0.141090020318559,0.273224043715847,-0.6393085776764367,-3.773913217015112,-0.1290216954604914,9.836065573770492,3.658628305774015,8.678833471817748,-0.0228617790352032,9.836065573770492,-1.9578544695170168,-1.9578544695170168
base__fold_07__seed123,custom_custom,base,technical_base,False,"Prices, returns, and baseline technical risk features.",fold_07,123,9,-1.1710083637527184,-1.69469151076493,checkpoint,checkpoint_robust_score,checkpoint_robust_score,1.3966090500518924,431.0132021162235,-0.1558562612188904,0.273224043715847,-1.635440878503505,-10.543188977953344,-0.1631947309360291,10.229508196721312,2.771567773157829,8.310239333262427,-0.0487144746700167,10.508196721311476,-3.634306163741013,-3.634306163741013
base__fold_07__seed999,custom_custom,base,technical_base,False,"Prices, returns, and baseline technical risk features.",fold_07,999,9,-1.3547825446501218,-2.0800066314017025,best_model,checkpoint_robust_score,checkpoint_robust_score,1.0017798464541487,231.60917614699216,-0.1825438661255568,0.3397085610200364,-1.35719384955836,-8.784467308291255,-0.1468902026090655,8.344262295081966,2.822972207178993,7.343054461096976,-0.0311546935330049,8.672131147540984,-3.0889106688052856,-3.0889106688052856
base__fold_08__seed42,custom_custom,base,technical_base,False,"Prices, returns, and baseline technical risk features.",fold_08,42,9,1.658061560785954,-0.9160835107181968,checkpoint,checkpoint_robust_score,checkpoint_robust_score,0.8089784590656178,170.63065979745687,-0.1896524490228617,0.5325571366968521,1.3413360864805544,3.625589629139703,-0.0643929705609696,9.523809523809524,-1.2287758711561132,-4.779840890838605,-0.0699848261443447,9.523809523809524,1.2527026899138374,1.2527026899138374
base__fold_08__seed123,custom_custom,base,technical_base,False,"Prices, returns, and baseline technical risk features.",fold_08,123,9,0.9400034420511604,-0.276374610869024,checkpoint,checkpoint_robust_score,checkpoint_robust_score,1.0701884013332623,283.9037210631246,-0.1843617031209135,0.3880983182406209,1.0059807808964951,2.943635628739916,-0.0602466733452139,14.285714285714286,-0.2780275468619858,-1.3490636209365747,-0.0701450621856868,14.285714285714286,0.592198936841297,0.592198936841297
base__fold_08__seed999,custom_custom,base,technical_base,False,"Prices, returns, and baseline technical risk features.",fold_08,999,9,2.1917200770793044,-0.4917576064486001,best_model,checkpoint_robust_score,checkpoint_robust_score,1.090815185204808,262.2050385722716,-0.1617781326908846,1.1285036653730056,2.390761541796357,5.75418904724998,-0.0334537668841791,18.666666666666668,-1.1756751733831416,-4.084407840684124,-0.0563998001969467,22.03174603174603,1.7662036339453202,1.7662036339453202
base__fold_09__seed42,custom_custom,base,technical_base,False,"Prices, returns, and baseline technical risk features.",fold_09,42,9,5.708452372732994,-0.2188046717936614,best_model,checkpoint_robust_score,checkpoint_robust_score,1.1018045209450755,331.80758606852515,-0.1481923221720676,0.3306089088680016,6.289598631876856,13.534571735330235,-0.0134579569342061,11.290322580645162,-1.3761935643616774,-22.612774126229866,-0.327881128710857,11.290322580645162,5.905967098781603,5.905967098781603
base__fold_09__seed123,custom_custom,base,technical_base,False,"Prices, returns, and baseline technical risk features.",fold_09,123,9,5.853042883954649,-0.1985858266791194,best_model,checkpoint_robust_score,checkpoint_robust_score,1.0165264762511348,283.1581812706857,-0.181792201353479,0.2656313853698406,5.949773058173199,14.760307159254848,-0.0190811787775526,10.846774193548388,-1.1815406013104772,-20.00858718322032,-0.3336319001035817,11.209677419354838,5.72745493632943,5.72745493632943
base__fold_09__seed999,custom_custom,base,technical_base,False,"Prices, returns, and baseline technical risk features.",fold_09,999,9,4.122182191904107,-0.2441278311433852,best_model,checkpoint_robust_score,checkpoint_robust_score,1.2507814265538622,384.0368114760221,-0.150378913247031,1.0277891295463832,5.155948922504746,10.162740044909292,-0.0134771092647215,17.629032258064516,-1.2587106279371578,-19.60754387799397,-0.2949880949066893,19.491935483870968,4.349104742258676,4.349104742258676
base__fold_10__seed42,custom_custom,base,technical_base,False,"Prices, returns, and baseline technical risk features.",fold_10,42,9,3.2866650924573486,0.5037598530427587,checkpoint,checkpoint_robust_score,checkpoint_robust_score,0.7573158282723333,213.823914150537,-0.3059837155784292,0.3695060287825749,2.489043496748102,18.046192975373465,-0.0620161118323575,15.32258064516129,1.253880186138858,5.558845355350095,-0.0986440406935053,15.07936507936508,2.2609409517003547,2.2609409517003547
base__fold_10__seed123,custom_custom,base,technical_base,False,"Prices, returns, and baseline technical risk features.",fold_10,123,9,2.857297380565764,0.7871646981953933,checkpoint,checkpoint_robust_score,checkpoint_robust_score,0.8647372160761578,308.41345677892144,-0.3066677146982771,0.2139245429793854,2.470811382372137,17.22267371579822,-0.06175897951688,8.870967741935484,1.9449354961027052,9.801104360240153,-0.0923477387913198,8.73015873015873,2.4590152223181,2.4590152223181
base__fold_10__seed999,custom_custom,base,technical_base,False,"Prices, returns, and baseline technical risk features.",fold_10,999,9,4.067246679760212,0.494165323160927,checkpoint,checkpoint_robust_score,checkpoint_robust_score,0.6686767274526323,174.79741687572866,-0.3116417493983994,0.3430571761960326,2.719673199564643,19.75061397956544,-0.0639998379783743,12.096774193548388,1.343968185554974,5.912426208133659,-0.0981568896604065,11.904761904761903,2.814122078766256,2.814122078766256
base__fold_11__seed42,custom_custom,base,technical_base,False,"Prices, returns, and baseline technical risk features.",fold_11,42,9,4.638745694255588,0.8903586140318319,last_model,checkpoint_robust_score,checkpoint_robust_score,0.6610952105893073,218.18754556397363,-0.3713486966798777,0.2592592592592592,3.0666525616141405,15.315300164337131,-0.0749823672807734,11.306451612903226,2.730420524475933,9.74231101059495,-0.0534368176217247,11.475409836065571,3.275447664371667,3.275447664371667
base__fold_11__seed123,custom_custom,base,technical_base,False,"Prices, returns, and baseline technical risk features.",fold_11,123,9,3.4010483757693275,0.7863830542960154,checkpoint,checkpoint_robust_score,checkpoint_robust_score,0.8326231105200211,349.1589149375302,-0.3944456045735192,0.2222222222222222,2.831791477662123,14.138402822714212,-0.0780796436844886,9.67741935483871,2.226872831333367,7.985775428425224,-0.0451382188847536,9.836065573770492,2.830770548571268,2.830770548571268
base__fold_11__seed999,custom_custom,base,technical_base,False,"Prices, returns, and baseline technical risk features.",fold_11,999,9,4.774164769681694,0.7115017949253285,best_model,checkpoint_robust_score,checkpoint_robust_score,0.6764080743147055,222.52896427151185,-0.3656843152889991,0.1851851851851851,3.2292835983215045,16.02714465862276,-0.0813538689381052,8.064516129032258,2.297641076528674,8.502916910119618,-0.0530887488437692,8.19672131147541,3.5953736409622943,3.5953736409622943
base__fold_12__seed42,custom_custom,base,technical_base,False,"Prices, returns, and baseline technical risk features.",fold_12,42,9,2.3212069593612035,0.1795482577344754,best_model,checkpoint_robust_score,checkpoint_robust_score,0.9535054675787694,439.1630376002777,-0.3475440156241238,0.2479631597591215,2.213283527132798,6.155127653294401,-0.0381830620697516,11.11111111111111,0.3973912011691085,0.952115817175314,-0.0338264610713674,11.290322580645162,2.025409780302778,2.025409780302778
base__fold_12__seed123,custom_custom,base,technical_base,False,"Prices, returns, and baseline technical risk features.",fold_12,123,9,2.786707631273293,0.0141152846918037,checkpoint,checkpoint_robust_score,checkpoint_robust_score,0.902069451290068,464.50352348264346,-0.340023024024771,0.2139567835635848,2.5138038238485443,7.309790268010374,-0.0414204967147088,10.65079365079365,0.0354830566329671,-0.0754061492382107,-0.0403574956353758,10.838709677419354,2.3883627321875767,2.3883627321875767
base__fold_12__seed999,custom_custom,base,technical_base,False,"Prices, returns, and baseline technical risk features.",fold_12,999,9,2.856715218417857,0.28569119883014,checkpoint,checkpoint_robust_score,checkpoint_robust_score,0.7758034495259245,309.76245846601483,-0.3351276158642283,0.2125398512221041,2.2162495207617785,6.571946558522401,-0.0503099294344177,9.523809523809524,0.6331629824931557,1.766154388520036,-0.0563558572964288,9.67741935483871,2.2307222531415616,2.2307222531415616
base__fold_13__seed42,custom_custom,base,technical_base,False,"Prices, returns, and baseline technical risk features.",fold_13,42,9,3.442790214610818,-0.189927264952464,checkpoint,checkpoint_robust_score,checkpoint_robust_score,1.1468284795602548,725.591644552129,-0.3187916999881839,0.4654471544715447,3.948289867267048,13.716265682252128,-0.0340479745581645,12.903225806451612,-0.7498878957295577,-3.984889469366415,-0.1188349305327449,13.049180327868852,3.52418886890506,3.52418886890506
base__fold_13__seed123,custom_custom,base,technical_base,False,"Prices, returns, and baseline technical risk features.",fold_13,123,9,3.748225953478669,-0.1256230527259663,best_model,checkpoint_robust_score,checkpoint_robust_score,0.9794382872190814,540.3026762474393,-0.3783641318919286,0.6073848238482384,3.671156007985256,12.80649196535264,-0.0508279519728348,14.951612903225806,-0.4611818247563799,-2.2109092732292,-0.088378411785896,15.844262295081966,3.288270449076056,3.288270449076056
base__fold_13__seed999,custom_custom,base,technical_base,False,"Prices, returns, and baseline technical risk features.",fold_13,999,9,2.9004292965204246,-0.0732755783898387,best_model,checkpoint_robust_score,checkpoint_robust_score,1.0348352146330184,602.4661727989259,-0.2966751006343084,0.2032520325203252,3.001466373592608,10.695413280354304,-0.0511858903005607,9.67741935483871,-0.2199341845426501,-1.5499220172195294,-0.0869560502384504,9.836065573770492,2.8393061649669087,2.8393061649669087
base__fold_14__seed42,custom_custom,base,technical_base,False,"Prices, returns, and baseline technical risk features.",fold_14,42,9,-1.3381298205887149,0.916946115058034,checkpoint,checkpoint_robust_score,checkpoint_robust_score,0.8599559605876456,366.4230744456792,-0.2992573703805282,0.5328348504551366,-1.150732715255342,-5.445812510652937,-0.1313977014771327,9.080645161290322,-1.0551598927235686,-4.649674248763624,-0.118194222914176,11.26984126984127,-2.789991217218667,-2.789991217218667
base__fold_14__seed123,custom_custom,base,technical_base,False,"Prices, returns, and baseline technical risk features.",fold_14,123,9,-0.9269376910494496,1.4270693625968387,checkpoint,checkpoint_robust_score,checkpoint_robust_score,0.968923927108927,492.9952291377874,-0.3163290151081991,0.130039011703511,-0.898132107796914,-5.536190518936179,-0.1200676634188956,6.451612903225806,-1.281696814601497,-5.688813957515126,-0.1297262412144336,6.365079365079365,-2.210617323384445,-2.210617323384445
base__fold_14__seed999,custom_custom,base,technical_base,False,"Prices, returns, and baseline technical risk features.",fold_14,999,9,-2.0845257638147148,0.317222747029544,best_model,checkpoint_robust_score,checkpoint_robust_score,0.7994297122550967,385.0449722365093,-0.4147453667564883,0.2438231469440832,-1.6664318315547333,-9.233394202641287,-0.1405156839451123,12.096774193548388,-0.5286300833432669,-2.9306480758239277,-0.1477786631271045,11.904761904761903,-3.8779576672952554,-3.8779576672952554
base_macro__fold_01__seed42,custom_custom,base_macro,macro_context,False,Baseline technical features plus existing macro context features.,fold_01,42,12,3.3160801575674514,1.1941459226160684,best_model,checkpoint_robust_score,checkpoint_robust_score,0.9052027918679276,98.75339966538576,-0.1572354080125682,0.3830673143650243,3.001725016687894,9.99902339517591,-0.0346340307270538,8.870967741935484,3.584497689492499,11.72878245295028,-0.0502774424423871,9.01639344262295,2.981558502980034,2.981558502980034
base_macro__fold_01__seed123,custom_custom,base_macro,macro_context,False,Baseline technical features plus existing macro context features.,fold_01,123,12,2.8236052798891,0.671181934033085,checkpoint,checkpoint_robust_score,checkpoint_robust_score,0.7835168790400507,88.59893306968483,-0.1776892571890248,0.6606523247744622,2.212342396539716,8.297987931205132,-0.0376385478647909,12.096774193548388,1.484884248452917,5.719900281565038,-0.0656684538036124,12.295081967213116,2.09191274891212,2.09191274891212
base_macro__fold_01__seed999,custom_custom,base_macro,macro_context,False,Baseline technical features plus existing macro context features.,fold_01,999,12,2.443512196098512,1.003609458823779,checkpoint,checkpoint_robust_score,checkpoint_robust_score,0.851902370567312,100.14112910418883,-0.1708606861436551,0.3469812630117974,2.0816338323664603,7.67075122142411,-0.0424694325833511,8.064516129032258,2.089147403970572,7.691703835917263,-0.0547980898720456,8.19672131147541,2.0989843396612886,2.0989843396612886
base_macro__fold_02__seed42,custom_custom,base_macro,macro_context,False,Baseline technical features plus existing macro context features.,fold_02,42,12,0.5197864180452457,2.7047742512776427,checkpoint,checkpoint_robust_score,checkpoint_robust_score,0.9055484848360098,118.07224240632772,-0.1585371719985876,0.7348242811501597,0.470691803299209,1.3270348950166877,-0.0505324590221105,14.90625,1.2731150698511415,2.810922236671587,-0.0265063179282262,14.476190476190476,-0.2499485348250463,-0.2499485348250463
base_macro__fold_02__seed123,custom_custom,base_macro,macro_context,False,Baseline technical features plus existing macro context features.,fold_02,123,12,0.0443849058547408,23.39876326680561,checkpoint,checkpoint_robust_score,checkpoint_robust_score,0.8708906135068705,119.00251342617484,-0.1749966082257892,0.7757188498402556,0.0386543978902799,-0.0774583344596568,-0.0504370320933896,14.9453125,0.9044651054555708,2.027940875058753,-0.0290211981277279,13.38095238095238,-0.9894028887357064,-0.9894028887357064
base_macro__fold_02__seed999,custom_custom,base_macro,macro_context,False,Baseline technical features plus existing macro context features.,fold_02,999,12,0.3992935666710947,0.1072322027273761,checkpoint,checkpoint_robust_score,checkpoint_robust_score,0.7502783128892919,100.22637144188296,-0.1919963156923188,0.7769968051118211,0.2995813035495369,0.7604117059585969,-0.0475256120183948,13.2734375,0.0321247630755555,-0.0382258954021108,-0.0296130752348882,12.698412698412698,-0.3868343375863336,-0.3868343375863336
base_macro__fold_03__seed42,custom_custom,base_macro,macro_context,False,Baseline technical features plus existing macro context features.,fold_03,42,12,7.255396315936975,0.3030949538132341,best_model,checkpoint_robust_score,checkpoint_robust_score,0.7910446248960233,134.15825965861288,-0.2669574062633193,0.3248670998227997,5.739342257212354,16.59786714040321,-0.026125112747236,8.887096774193548,1.739565676368121,3.7134425620773737,-0.041659516452387,9.01639344262295,6.099859446495178,6.099859446495178
base_macro__fold_03__seed123,custom_custom,base_macro,macro_context,False,Baseline technical features plus existing macro context features.,fold_03,123,12,7.582829030897437,0.4319925635227421,checkpoint,checkpoint_robust_score,checkpoint_robust_score,0.7423210746705967,102.88309950805257,-0.1669343469397232,0.4430005906674542,5.628893795259184,13.283545557496668,-0.0190785258984951,12.096774193548388,2.4316402604112723,5.053107545578062,-0.0370585860130371,12.295081967213116,5.965836941600013,5.965836941600013
base_macro__fold_03__seed999,custom_custom,base_macro,macro_context,False,Baseline technical features plus existing macro context features.,fold_03,999,12,5.818726945121798,0.4093434202176432,best_model,checkpoint_robust_score,checkpoint_robust_score,0.8199670753978316,124.0411331426336,-0.1755501257750475,0.2953337271116361,4.771164515730081,12.877844946311924,-0.0337749203213962,8.064516129032258,1.9530448012900063,4.020372154789009,-0.0431742595753509,8.19672131147541,5.01819654392267,5.01819654392267
base_macro__fold_04__seed42,custom_custom,base_macro,macro_context,False,Baseline technical features plus existing macro context features.,fold_04,42,12,4.149022190252063,0.5752035054360628,checkpoint,checkpoint_robust_score,checkpoint_robust_score,0.9899049657925793,166.7822285801386,-0.1468043253705973,0.5288937809576224,4.10713766931412,6.745235873763833,-0.014894549738579,12.833333333333334,2.3624399846979824,4.022947983975622,-0.0186710784683605,13.047619047619047,3.825107868029278,3.825107868029278
base_macro__fold_04__seed123,custom_custom,base_macro,macro_context,False,Baseline technical features plus existing macro context features.,fold_04,123,12,4.1977473147206,0.9595893085398008,checkpoint,checkpoint_robust_score,checkpoint_robust_score,1.1016143012892587,191.7823299124672,-0.1591653996612355,0.4078150798018712,4.624298475094796,8.275210713938908,-0.0131337117242529,11.11111111111111,4.437427376197871,7.679834690116127,-0.0141061683716566,11.11111111111111,4.303701647687087,4.303701647687087
base_macro__fold_04__seed999,custom_custom,base_macro,macro_context,False,Baseline technical features plus existing macro context features.,fold_04,999,12,4.087841742508899,1.1229539103905164,checkpoint,checkpoint_robust_score,checkpoint_robust_score,1.0498401384737717,192.9840421980245,-0.1769394875164571,0.4402861860209136,4.291580341014407,7.7023383193824735,-0.0174827039474176,12.698412698412698,4.819246925697194,8.098605439907104,-0.018682795534742,12.698412698412698,3.9510469746879218,3.9510469746879218
base_macro__fold_05__seed42,custom_custom,base_macro,macro_context,False,Baseline technical features plus existing macro context features.,fold_05,42,12,5.888622675164973,-0.1221511696240618,checkpoint,checkpoint_robust_score,checkpoint_robust_score,1.1012575034917935,216.55759085255707,-0.1625843007414539,0.411522633744856,6.4848899062573455,11.529538330127531,-0.0099407116103299,11.290322580645162,-0.7921368869326075,-4.711284079194956,-0.1090908922394906,11.666666666666666,6.096126301403852,6.096126301403852
base_macro__fold_05__seed123,custom_custom,base_macro,macro_context,False,Baseline technical features plus existing macro context features.,fold_05,123,12,5.468242838259568,-0.0250661641177773,checkpoint,checkpoint_robust_score,checkpoint_robust_score,1.1076475280162377,213.19148251458336,-0.1463851521918249,0.5555555555555556,6.056885662390705,10.243670339740207,-0.0065370790707165,13.435483870967742,-0.1518228900560978,-1.4680132338153906,-0.1014542557511435,15.25,5.566109407295032,5.566109407295032
base_macro__fold_05__seed999,custom_custom,base_macro,macro_context,False,Baseline technical features plus existing macro context features.,fold_05,999,12,6.726434022705101,-0.0540886325561648,checkpoint,checkpoint_robust_score,checkpoint_robust_score,1.0261439594705744,199.4490061293051,-0.1773216528719055,0.4372427983539094,6.902289641176195,10.753438835376803,-0.0063435098553706,13.709677419354838,-0.3733354081978019,-2.5809543142814477,-0.0938034310882097,14.166666666666666,6.513772338572734,6.513772338572734
base_macro__fold_06__seed42,custom_custom,base_macro,macro_context,False,Baseline technical features plus existing macro context features.,fold_06,42,12,2.149255192264117,1.5280698845148402,checkpoint,checkpoint_robust_score,checkpoint_robust_score,1.1732531289469534,254.78125434759536,-0.1338917106788232,0.3301111648139198,2.5216203792293617,6.984045195612354,-0.0322509361826899,9.523809523809524,3.853212161679278,7.177166238912203,-0.0208526438218549,9.523809523809524,2.3225155891142144,2.3225155891142144
base_macro__fold_06__seed123,custom_custom,base_macro,macro_context,False,Baseline technical features plus existing macro context features.,fold_06,123,12,1.5576271449594572,2.914877344289232,checkpoint,checkpoint_robust_score,checkpoint_robust_score,1.0873591544699308,226.31041363070352,-0.1565012325114255,0.3141614306428226,1.6937001353225278,4.817715065454076,-0.0407834392529735,10.317460317460318,4.936928152471243,7.864853829540963,-0.0117213718593708,10.317460317460318,1.5066989329616156,1.5066989329616156
base_macro__fold_06__seed999,custom_custom,base_macro,macro_context,False,Baseline technical features plus existing macro context features.,fold_06,999,12,1.549586675011092,3.128114283366582,best_model,checkpoint_robust_score,checkpoint_robust_score,1.1517253839006625,308.3001228323293,-0.1911576294703555,1.2411793136781053,1.7846983081645011,5.010715544038624,-0.0335526039728804,23.73015873015873,5.582740269269549,9.293308195914808,-0.0114987035925099,22.38095238095238,0.9156499240208154,0.9156499240208154
base_macro__fold_07__seed42,custom_custom,base_macro,macro_context,False,Baseline technical features plus existing macro context features.,fold_07,42,12,-1.0665473242386525,-3.272517262756463,checkpoint,checkpoint_robust_score,checkpoint_robust_score,1.1557679951572006,292.14758880967247,-0.1516089829683963,0.2372495446265938,-1.232681262675584,-8.30043621387333,-0.1590956100474941,9.0327868852459,4.033970711582282,11.154946746864304,-0.0204717914683435,8.491803278688524,-2.9094789716676317,-2.9094789716676317
base_macro__fold_07__seed123,custom_custom,base_macro,macro_context,False,Baseline technical features plus existing macro context features.,fold_07,123,12,-1.0286312439421437,-2.310803396790615,checkpoint,checkpoint_robust_score,checkpoint_robust_score,1.3029287001791998,361.425665541464,-0.15752223261755,0.4699453551912568,-1.3402331696332508,-8.50747773891677,-0.1525529820628269,9.836065573770492,3.0970153608799684,8.512352615607433,-0.0330005575760341,9.836065573770492,-3.132419336342166,-3.132419336342166
base_macro__fold_07__seed999,custom_custom,base_macro,macro_context,False,Baseline technical features plus existing macro context features.,fold_07,999,12,-1.4309428995783635,-2.065095001679241,best_model,checkpoint_robust_score,checkpoint_robust_score,1.1004247575901207,302.8701641583317,-0.2228933497244336,0.4562841530054645,-1.5746449933938254,-10.318736055439016,-0.1590726093512668,13.081967213114757,3.25179150527683,9.731734493208275,-0.0319502706619961,13.278688524590164,-3.681755042681498,-3.681755042681498
base_macro__fold_08__seed42,custom_custom,base_macro,macro_context,False,Baseline technical features plus existing macro context features.,fold_08,42,12,2.073922718069339,-0.5245624873278381,best_model,checkpoint_robust_score,checkpoint_robust_score,0.7618298186804685,174.95725357960245,-0.1978204106766755,0.5881845623113411,1.5799761682640692,4.77542775805091,-0.0584540340533479,12.126984126984128,-0.8287962287433068,-3.737139998542771,-0.0698300559380509,12.07936507936508,1.4073032874795364,1.4073032874795364
base_macro__fold_08__seed123,custom_custom,base_macro,macro_context,False,Baseline technical features plus existing macro context features.,fold_08,123,12,2.103268449773348,-0.5789033410936903,best_model,checkpoint_robust_score,checkpoint_robust_score,1.005857564865283,251.4863508294367,-0.1623606055866751,0.4678740836567486,2.1155884811469985,5.677921254793339,-0.0423649813854027,15.571428571428571,-1.2247212401153231,-4.494600346295153,-0.0619730484914913,15.238095238095235,1.6805186911591012,1.6805186911591012
base_macro__fold_08__seed999,custom_custom,base_macro,macro_context,False,Baseline technical features plus existing macro context features.,fold_08,999,12,1.074468292125741,-0.9360735939736442,checkpoint,checkpoint_robust_score,checkpoint_robust_score,0.7955671900331118,165.0406649842899,-0.1850048445019505,0.2384648555411815,0.8548117199461523,2.393635622689061,-0.0726756736199277,8.73015873015873,-0.8001666788607871,-3.38304099407194,-0.0688659196297902,8.73015873015873,0.7663645328506683,0.7663645328506683
base_macro__fold_09__seed42,custom_custom,base_macro,macro_context,False,Baseline technical features plus existing macro context features.,fold_09,42,12,6.101800193539688,-0.186038480796373,checkpoint,checkpoint_robust_score,checkpoint_robust_score,1.068125982497813,338.2077765280408,-0.171818674837949,0.6085002043318349,6.517491326729927,14.075793631234014,-0.0159046641110712,18.306451612903224,-1.2125041850283738,-19.09232686837006,-0.2935573319342156,22.79032258064516,5.828930476931311,5.828930476931311
base_macro__fold_09__seed123,custom_custom,base_macro,macro_context,False,Baseline technical features plus existing macro context features.,fold_09,123,12,7.404629201515766,-0.2104404247126976,checkpoint,checkpoint_robust_score,checkpoint_robust_score,0.8746482773999792,232.86432692633952,-0.2200816422684208,0.2860645688598283,6.476446175891348,15.365712035570532,-0.0193209140120929,11.290322580645162,-1.3629060838835017,-22.29295898338508,-0.3414670731688189,11.290322580645162,6.540988911516419,6.540988911516419
base_macro__fold_09__seed999,custom_custom,base_macro,macro_context,False,Baseline technical features plus existing macro context features.,fold_09,999,12,6.777934558264284,-0.1878564949546478,checkpoint,checkpoint_robust_score,checkpoint_robust_score,0.9822551896180748,293.04001560275015,-0.15528854346504,1.5145075602778912,6.657661394746786,15.261935016747309,-0.017444731843602,14.806451612903226,-1.2506849342120032,-20.07431122375699,-0.3067443494462224,14.71774193548387,6.301479264514715,6.301479264514715
base_macro__fold_10__seed42,custom_custom,base_macro,macro_context,False,Baseline technical features plus existing macro context features.,fold_10,42,12,3.6056554598156496,0.5667649166634237,checkpoint,checkpoint_robust_score,checkpoint_robust_score,0.6863103234410043,209.1579909950312,-0.3746122007667164,0.2722676001555815,2.4745985648429016,20.656231235782663,-0.0887004891647802,11.290322580645162,1.402515649378615,6.320108275772074,-0.1022839644429068,11.11111111111111,2.537290913338979,2.537290913338979
base_macro__fold_10__seed123,custom_custom,base_macro,macro_context,False,Baseline technical features plus existing macro context features.,fold_10,123,12,3.628115065530064,0.7617847861251204,checkpoint,checkpoint_robust_score,checkpoint_robust_score,0.6726488714075018,171.97250499417507,-0.3325702257085102,0.4208479190976273,2.440447504165352,19.24200109071545,-0.0730232359836142,16.93548387096774,1.8590957800101864,7.734719844184457,-0.0897041136643466,16.666666666666668,2.2374817384888783,2.2374817384888783
base_macro__fold_10__seed999,custom_custom,base_macro,macro_context,False,Baseline technical features plus existing macro context features.,fold_10,999,12,2.8545730157470555,0.6893952147852064,checkpoint,checkpoint_robust_score,checkpoint_robust_score,0.9278322390272048,309.3217442008713,-0.2961921344129772,0.469856087125632,2.6485648726672317,18.401502017565186,-0.0544860559102494,12.758064516129032,1.8259079492649783,8.46823326582562,-0.0937606048791517,12.84920634920635,2.402057175007215,2.402057175007215
base_macro__fold_11__seed42,custom_custom,base_macro,macro_context,False,Baseline technical features plus existing macro context features.,fold_11,42,12,3.772399110176164,0.6890086403711826,best_model,checkpoint_robust_score,checkpoint_robust_score,0.8453567164697819,374.4263134465671,-0.4063652369104231,0.6985185185185185,3.189022924992049,16.9800118444414,-0.0881737714703612,13.629032258064516,2.197264349661304,7.745299419120744,-0.0397271244301293,13.540983606557376,2.998810450520652,2.998810450520652
base_macro__fold_11__seed123,custom_custom,base_macro,macro_context,False,Baseline technical features plus existing macro context features.,fold_11,123,12,5.450659597237652,0.8462511457572907,checkpoint,checkpoint_robust_score,checkpoint_robust_score,0.570557170544564,173.0136431240409,-0.4288922016001071,0.2592592592592592,3.109912917401488,18.681307243619138,-0.0948342933182395,11.290322580645162,2.631767369556407,11.604747436257169,-0.0531208461563658,11.475409836065571,3.5548697066706607,3.5548697066706607
base_macro__fold_11__seed999,custom_custom,base_macro,macro_context,False,Baseline technical features plus existing macro context features.,fold_11,999,12,5.211004015109776,0.8437010118766566,checkpoint,checkpoint_robust_score,checkpoint_robust_score,0.617035585958459,189.8309084891517,-0.4237884585673447,0.2777777777777778,3.215374915895143,17.41809153024063,-0.0736049451705611,12.096774193548388,2.712815070103552,10.799787371604918,-0.0590995040969578,12.295081967213116,3.51760835151125,3.51760835151125
base_macro__fold_12__seed42,custom_custom,base_macro,macro_context,False,Baseline technical features plus existing macro context features.,fold_12,42,12,3.0719686858269566,-0.0758376462438628,checkpoint,checkpoint_robust_score,checkpoint_robust_score,0.7966596659051173,342.2867967103411,-0.2965429890601746,0.351044987601842,2.4473135469218854,6.738285057939164,-0.0322141775584906,7.936507936507937,-0.1855984990192751,-0.7728589798778773,-0.0457388336210706,8.064516129032258,2.544726914024205,2.544726914024205
base_macro__fold_12__seed123,custom_custom,base_macro,macro_context,False,Baseline technical features plus existing macro context features.,fold_12,123,12,1.9762126731348584,0.1432432089517692,checkpoint,checkpoint_robust_score,checkpoint_robust_score,0.758765600927013,305.7785785353704,-0.3744724904983056,0.3436060928090683,1.4994821964907492,4.234343752138914,-0.0453833262420368,15.206349206349206,0.2147906415913823,0.4963197573531808,-0.0526071099686419,15.483870967741936,1.1670500306989775,1.1670500306989775
base_macro__fold_12__seed999,custom_custom,base_macro,macro_context,False,Baseline technical features plus existing macro context features.,fold_12,999,12,2.8381937798212906,-0.1605087659791118,checkpoint,checkpoint_robust_score,checkpoint_robust_score,0.9697718966130916,473.3340029062919,-0.325550059538834,0.2125398512221041,2.752400564812772,7.699330676078819,-0.0330688538971456,9.523809523809524,-0.4417844181383084,-1.3179513758270311,-0.0498555816976451,9.67741935483871,2.6423509923001447,2.6423509923001447
base_macro__fold_13__seed42,custom_custom,base_macro,macro_context,False,Baseline technical features plus existing macro context features.,fold_13,42,12,3.6509898825877753,-0.658935659026568,checkpoint,checkpoint_robust_score,checkpoint_robust_score,0.9211584957286266,465.5732527289206,-0.3398245897154024,0.442750677506775,3.3631403481649893,10.846697379212134,-0.0392491124924501,15.338709677419354,-2.2160931017169387,-9.02858630479544,-0.1355148203195303,14.131147540983608,3.015432763597771,3.015432763597771
base_macro__fold_13__seed123,custom_custom,base_macro,macro_context,False,Baseline technical features plus existing macro context features.,fold_13,123,12,3.1177759027572374,0.214328701722229,checkpoint,checkpoint_robust_score,checkpoint_robust_score,0.8683892683971008,473.1635505508829,-0.4079196626151696,0.2032520325203252,2.707443135221468,10.328909775441009,-0.0586568270911457,9.67741935483871,0.5802827721587787,2.218810899500268,-0.0762325013057328,9.836065573770492,2.665259197346922,2.665259197346922
base_macro__fold_13__seed999,custom_custom,base_macro,macro_context,False,Baseline technical features plus existing macro context features.,fold_13,999,12,3.5099216979496317,-0.0272777399375949,checkpoint,checkpoint_robust_score,checkpoint_robust_score,1.0272581880661442,567.7000964480586,-0.3151012244529036,0.1693766937669376,3.6055958036897824,11.822264312688446,-0.0444633916815107,8.064516129032258,-0.0983525046531334,-0.7272242903816117,-0.0936098352975219,8.19672131147541,3.523978086884116,3.523978086884116
base_macro__fold_14__seed42,custom_custom,base_macro,macro_context,False,Baseline technical features plus existing macro context features.,fold_14,42,12,-1.6154689237440705,0.4520942933805799,checkpoint,checkpoint_robust_score,checkpoint_robust_score,1.024387805383386,544.7472198224974,-0.2995447151932209,0.2602405721716515,-1.6548666654592488,-9.269846834087758,-0.1449546899596301,10.879032258064516,-0.7481557757598756,-3.740284791429116,-0.1334770175272545,10.682539682539682,-3.716466935463784,-3.716466935463784
base_macro__fold_14__seed123,custom_custom,base_macro,macro_context,False,Baseline technical features plus existing macro context features.,fold_14,123,12,-2.047241185062748,0.4344555518278085,checkpoint,checkpoint_robust_score,checkpoint_robust_score,0.8469714016253407,411.0716692789122,-0.3681801279440937,0.590702210663199,-1.7339547359777192,-9.645820689079688,-0.1378338092285599,14.5,-0.753326261663642,-4.019408790785928,-0.1555840658048852,16.349206349206348,-4.092596679833608,-4.092596679833608
base_macro__fold_14__seed999,custom_custom,base_macro,macro_context,False,Baseline technical features plus existing macro context features.,fold_14,999,12,-1.6220908549209403,1.297749645610201,checkpoint,checkpoint_robust_score,checkpoint_robust_score,0.8490024357871748,349.165299777352,-0.2836500658053849,0.2239921976592978,-1.377159086895979,-7.039977369575556,-0.1160239794256182,8.064516129032258,-1.7872077169681246,-8.141016355477115,-0.1469924250849602,7.936507936507937,-3.138875623451587,-3.138875623451587
base_macro_exogenous_plus__fold_01__seed42,custom_custom,base_macro_exogenous_plus,calendar_exogenous,False,Baseline technical and macro features plus a causal calendar/event exogenous layer.,fold_01,42,27,2.120855698597244,0.9939585094463796,checkpoint,checkpoint_robust_score,checkpoint_robust_score,0.979135471963726,149.11361450420634,-0.2251464384283245,0.5468424705065926,2.0766050454129696,7.234668290085611,-0.0479971488843863,9.67741935483871,2.0640592556475066,9.65937938400272,-0.0586069521090484,9.836065573770492,1.946119506584396,1.946119506584396
base_macro_exogenous_plus__fold_01__seed123,custom_custom,base_macro_exogenous_plus,calendar_exogenous,False,Baseline technical and macro features plus a causal calendar/event exogenous layer.,fold_01,123,27,2.815532640132656,0.563595219964383,best_model,checkpoint_robust_score,checkpoint_robust_score,0.9200126300759136,118.88001391657868,-0.1944541226612219,0.6426092990978487,2.590325589313025,10.218311328601803,-0.0399385218477922,13.92741935483871,1.4598951202882446,6.0342401096899145,-0.0620634167196727,14.327868852459016,2.2907876576997515,2.2907876576997515
base_macro_exogenous_plus__fold_01__seed999,custom_custom,base_macro_exogenous_plus,calendar_exogenous,False,Baseline technical and macro features plus a causal calendar/event exogenous layer.,fold_01,999,27,2.5431786216315557,0.9979844720318458,checkpoint,checkpoint_robust_score,checkpoint_robust_score,0.9538032653097328,119.89900756672918,-0.1660687301567507,0.520471894517696,2.425692073578083,9.301077580728313,-0.0437609672756412,10.790322580645162,2.4208030233616564,9.71812492632429,-0.0506107047656791,11.42622950819672,2.256751282495382,2.256751282495382
base_macro_exogenous_plus__fold_02__seed42,custom_custom,base_macro_exogenous_plus,calendar_exogenous,False,Baseline technical and macro features plus a causal calendar/event exogenous layer.,fold_02,42,27,0.9490111676083492,-1.2643583303905623,checkpoint,checkpoint_robust_score,checkpoint_robust_score,0.5274151097375893,4.5490583879867375,-0.0178523561595171,0.0,0.5005228291063553,0.008681852341863,-0.0003037020932378,0.0,-0.6328402085312721,-0.0078596952518328,-0.0001847886236217,0.0,0.8232340693390217,0.8232340693390217
base_macro_exogenous_plus__fold_02__seed123,custom_custom,base_macro_exogenous_plus,calendar_exogenous,False,Baseline technical and macro features plus a causal calendar/event exogenous layer.,fold_02,123,27,0.4805717064527308,2.799666113316235,checkpoint,checkpoint_robust_score,checkpoint_robust_score,0.8486495700147719,133.29022532169023,-0.2194250537845889,1.172523961661342,0.4078369720423752,1.217068722506376,-0.0601900515431436,15.171875,1.1418073503845385,2.659959873975759,-0.0302437814927685,15.603174603174605,-0.3428600951438222,-0.3428600951438222
base_macro_exogenous_plus__fold_02__seed999,custom_custom,base_macro_exogenous_plus,calendar_exogenous,False,Baseline technical and macro features plus a causal calendar/event exogenous layer.,fold_02,999,27,0.3158069506913631,0.108581621024358,checkpoint,checkpoint_robust_score,checkpoint_robust_score,0.6859766178838715,92.8071935920955,-0.1986100475928106,0.3987220447284345,0.2166361839394798,0.5269286555870334,-0.063065593095275,8.984375,0.0235227080246797,-0.0585884542895986,-0.0323087006168349,9.0,-0.2926258445086077,-0.2926258445086077
base_macro_exogenous_plus__fold_03__seed42,custom_custom,base_macro_exogenous_plus,calendar_exogenous,False,Baseline technical and macro features plus a causal calendar/event exogenous layer.,fold_03,42,27,8.212996063735828,0.3127879780268043,checkpoint,checkpoint_robust_score,checkpoint_robust_score,0.7067248454895305,111.24178082109356,-0.2530830687423749,1.0070880094506791,5.804328374149826,16.32285409214065,-0.021493637999577,16.241935483870968,1.815524135953933,3.97514168436075,-0.0380423411262091,16.139344262295083,6.080469623432756,6.080469623432756
base_macro_exogenous_plus__fold_03__seed123,custom_custom,base_macro_exogenous_plus,calendar_exogenous,False,Baseline technical and macro features plus a causal calendar/event exogenous layer.,fold_03,123,27,5.18376210891926,0.5192713343341536,checkpoint,checkpoint_robust_score,checkpoint_robust_score,0.9174550264216748,160.74925058410497,-0.220505356404619,0.9905493207324276,4.755868602602196,11.512416020554928,-0.0239318476143732,15.46774193548387,2.469586235191149,4.710120428183773,-0.0278652404540071,18.237704918032787,4.450960307525124,4.450960307525124
base_macro_exogenous_plus__fold_03__seed999,custom_custom,base_macro_exogenous_plus,calendar_exogenous,False,Baseline technical and macro features plus a causal calendar/event exogenous layer.,fold_03,999,27,6.808714992971122,0.4139917450068209,best_model,checkpoint_robust_score,checkpoint_robust_score,0.7519975829881186,98.04069255337384,-0.1582417365278998,0.3544004725339634,5.120137217969249,11.410754604666916,-0.0177988114890426,9.67741935483871,2.1196945415414588,3.859161771284159,-0.0351171514446823,9.836065573770492,5.488687744374905,5.488687744374905
base_macro_exogenous_plus__fold_04__seed42,custom_custom,base_macro_exogenous_plus,calendar_exogenous,False,Baseline technical and macro features plus a causal calendar/event exogenous layer.,fold_04,42,27,4.281622721114316,1.3138026466268689,checkpoint,checkpoint_robust_score,checkpoint_robust_score,0.8625200456692292,135.5959069788708,-0.1852050464907748,0.6081452944413869,3.69298542495393,7.47381984393769,-0.0178424135742907,12.698412698412698,4.851854025258925,9.077875842414883,-0.014431279119801,12.698412698412698,3.564185618316232,3.564185618316232
base_macro_exogenous_plus__fold_04__seed123,custom_custom,base_macro_exogenous_plus,calendar_exogenous,False,Baseline technical and macro features plus a causal calendar/event exogenous layer.,fold_04,123,27,3.805235711980501,1.1091302158873189,checkpoint,checkpoint_robust_score,checkpoint_robust_score,1.053293967821407,167.59848800018622,-0.1395605807457086,0.5998899284534948,4.008031821567658,7.116376922692691,-0.012991199967242,14.634920634920634,4.445429199538581,7.189790920703909,-0.0169638791567351,16.53968253968254,3.5726609202068893,3.5726609202068893
base_macro_exogenous_plus__fold_04__seed999,custom_custom,base_macro_exogenous_plus,calendar_exogenous,False,Baseline technical and macro features plus a causal calendar/event exogenous layer.,fold_04,999,27,3.711976767310918,0.7804702542141443,best_model,checkpoint_robust_score,checkpoint_robust_score,0.9798893208002554,198.1914543669801,-0.2149475122508267,0.3984589983489268,3.637326393346623,7.105083373469534,-0.0166880631782174,11.11111111111111,2.838825054875055,5.518118641207903,-0.0185656984774251,11.11111111111111,3.449190924640837,3.449190924640837
base_macro_exogenous_plus__fold_05__seed42,custom_custom,base_macro_exogenous_plus,calendar_exogenous,False,Baseline technical and macro features plus a causal calendar/event exogenous layer.,fold_05,42,27,4.7067287237552105,-0.0620497445782601,best_model,checkpoint_robust_score,checkpoint_robust_score,1.1761130179535726,275.0142931878682,-0.206310419675532,0.3343621399176955,5.535644923984508,10.968704447065193,-0.0102543242045325,11.161290322580646,-0.3434853536091808,-2.608069227942833,-0.1019427215308966,11.583333333333334,5.098073861638518,5.098073861638518
base_macro_exogenous_plus__fold_05__seed123,custom_custom,base_macro_exogenous_plus,calendar_exogenous,False,Baseline technical and macro features plus a causal calendar/event exogenous layer.,fold_05,123,27,5.532865334668929,-0.0493622003036024,checkpoint,checkpoint_robust_score,checkpoint_robust_score,0.9853983947884066,212.4328675908239,-0.2282665751801659,0.257201646090535,5.452076619363183,11.022986559223202,-0.0104548807837251,8.064516129032258,-0.269126498155593,-2.201853711796542,-0.0928014268761823,8.333333333333334,5.420970813366151,5.420970813366151
base_macro_exogenous_plus__fold_05__seed999,custom_custom,base_macro_exogenous_plus,calendar_exogenous,False,Baseline technical and macro features plus a causal calendar/event exogenous layer.,fold_05,999,27,6.981047029452039,-0.0427377591271047,checkpoint,checkpoint_robust_score,checkpoint_robust_score,0.8640759679878918,174.55557309816504,-0.2439396156107001,0.412037037037037,6.032154969542767,11.415227911169248,-0.0065276898939538,12.903225806451612,-0.2578007861056868,-2.1624578040712383,-0.0891060350781055,13.333333333333334,6.020879719994798,6.020879719994798
base_macro_exogenous_plus__fold_06__seed42,custom_custom,base_macro_exogenous_plus,calendar_exogenous,False,Baseline technical and macro features plus a causal calendar/event exogenous layer.,fold_06,42,27,0.9638031651306824,3.966822295705375,best_model,checkpoint_robust_score,checkpoint_robust_score,1.2099365980110115,298.44784602183114,-0.1623931635433824,0.3866602223296278,1.166140722770463,3.920816973988317,-0.0585895488207842,11.11111111111111,4.625873019015853,9.914699802384972,-0.0214400315091231,11.11111111111111,0.9267287637943756,0.9267287637943756
base_macro_exogenous_plus__fold_06__seed123,custom_custom,base_macro_exogenous_plus,calendar_exogenous,False,Baseline technical and macro features plus a causal calendar/event exogenous layer.,fold_06,123,27,2.1971835117870224,1.82957253758844,checkpoint,checkpoint_robust_score,checkpoint_robust_score,1.17902123743816,251.7197628745817,-0.1353283563411853,0.4784920251329144,2.590526022945857,7.543159160285962,-0.0297867328508504,12.698412698412698,4.73955526948994,8.3028144718029,-0.0186670220233203,12.873015873015872,2.227614268937901,2.227614268937901
base_macro_exogenous_plus__fold_06__seed999,custom_custom,base_macro_exogenous_plus,calendar_exogenous,False,Baseline technical and macro features plus a causal calendar/event exogenous layer.,fold_06,999,27,1.6748940493429365,2.337502532944725,best_model,checkpoint_robust_score,checkpoint_robust_score,1.1201018113937518,241.6047843305269,-0.1666446481237246,0.4108264862252296,1.876051858561639,5.193938027718881,-0.0315988352650489,13.15079365079365,4.385275971323491,8.159063996915283,-0.0179863102987397,12.92063492063492,1.5369826932567188,1.5369826932567188
base_macro_exogenous_plus__fold_07__seed42,custom_custom,base_macro_exogenous_plus,calendar_exogenous,False,Baseline technical and macro features plus a causal calendar/event exogenous layer.,fold_07,42,27,-1.3408307606741947,-2.1247360714230887,checkpoint,checkpoint_robust_score,checkpoint_robust_score,1.226320869185885,280.3678378767357,-0.1367895390170487,0.3870673952641166,-1.6442887438611495,-9.406992476107012,-0.1448927598193222,13.934426229508198,3.4936796059167445,9.331760120991484,-0.0402862525932363,13.934426229508198,-3.829503462120922,-3.829503462120922
base_macro_exogenous_plus__fold_07__seed123,custom_custom,base_macro_exogenous_plus,calendar_exogenous,False,Baseline technical and macro features plus a causal calendar/event exogenous layer.,fold_07,123,27,-1.7357016093940552,-1.7680065496617428,checkpoint,checkpoint_robust_score,checkpoint_robust_score,1.083561683964671,294.03873302004,-0.1866015289826104,0.3520036429872495,-1.880739758735212,-12.685717455245973,-0.180548488413021,9.836065573770492,3.3251602116531007,10.101090771370693,-0.029663006831524,9.852459016393444,-4.0355989544979165,-4.0355989544979165
base_macro_exogenous_plus__fold_07__seed999,custom_custom,base_macro_exogenous_plus,calendar_exogenous,False,Baseline technical and macro features plus a causal calendar/event exogenous layer.,fold_07,999,27,-1.669326378742933,-2.237220672052843,checkpoint,checkpoint_robust_score,checkpoint_robust_score,1.0368893727811177,257.34000124073583,-0.1760839445738291,2.3431238615664847,-1.7309067818217343,-12.691930432171253,-0.18543691129618,16.688524590163933,3.872420433688044,12.32553657436901,-0.0255507193336509,21.21311475409836,-4.136869589130575,-4.136869589130575
base_macro_exogenous_plus__fold_08__seed42,custom_custom,base_macro_exogenous_plus,calendar_exogenous,False,Baseline technical and macro features plus a causal calendar/event exogenous layer.,fold_08,42,27,1.6381156601248976,-0.2593266316682397,checkpoint,checkpoint_robust_score,checkpoint_robust_score,1.1277139245960233,264.36335138636946,-0.1465197033836101,0.258732212160414,1.8473258400216537,4.425307237499232,-0.0362966036040204,9.523809523809524,-0.4790607876865169,-1.9489792796382743,-0.059227149140233,9.523809523809524,1.6889820141155187,1.6889820141155187
base_macro_exogenous_plus__fold_08__seed123,custom_custom,base_macro_exogenous_plus,calendar_exogenous,False,Baseline technical and macro features plus a causal calendar/event exogenous layer.,fold_08,123,27,0.9935149864823424,-0.8500512421934568,checkpoint,checkpoint_robust_score,checkpoint_robust_score,1.1173866721344072,306.768691559172,-0.1761496612301306,0.3665373005605865,1.1101404044611651,3.1457306952708874,-0.066654085287413,13.492063492063492,-0.94367622982136,-3.72664835412293,-0.065020136939076,13.492063492063492,0.7740658729124343,0.7740658729124343
base_macro_exogenous_plus__fold_08__seed999,custom_custom,base_macro_exogenous_plus,calendar_exogenous,False,Baseline technical and macro features plus a causal calendar/event exogenous layer.,fold_08,999,27,1.5757310076817233,-0.0777154028646441,checkpoint,checkpoint_robust_score,checkpoint_robust_score,1.1729537864816066,325.347694284021,-0.1531020637264238,0.2156101768003449,1.848259651936755,5.210899823540505,-0.0568514925946297,7.936507936507937,-0.1436382434487319,-0.7224906683746535,-0.0433605132236634,7.936507936507937,1.7608979056311962,1.7608979056311962
base_macro_exogenous_plus__fold_09__seed42,custom_custom,base_macro_exogenous_plus,calendar_exogenous,False,Baseline technical and macro features plus a causal calendar/event exogenous layer.,fold_09,42,27,7.0342624500097966,-0.2792648275589345,best_model,checkpoint_robust_score,checkpoint_robust_score,0.828131029858882,246.44079311589567,-0.2701780399531571,0.6493665713118104,5.825291007024275,17.612099228631983,-0.0267321950280187,27.758064516129032,-1.6267988885572464,-27.62809564617613,-0.3635393086344666,23.411290322580644,5.147700427210562,5.147700427210562
base_macro_exogenous_plus__fold_09__seed123,custom_custom,base_macro_exogenous_plus,calendar_exogenous,False,Baseline technical and macro features plus a causal calendar/event exogenous layer.,fold_09,123,27,4.017269665491672,-0.2161244802216642,best_model,checkpoint_robust_score,checkpoint_robust_score,1.244303442073999,374.1374130463773,-0.1405617646925193,0.2451982018798529,4.998702472510749,10.513191717543013,-0.0134184420322642,9.67741935483871,-1.0803419736541335,-18.781858963973995,-0.3175200148245518,9.67741935483871,4.605494382834811,4.605494382834811
base_macro_exogenous_plus__fold_09__seed999,custom_custom,base_macro_exogenous_plus,calendar_exogenous,False,Baseline technical and macro features plus a causal calendar/event exogenous layer.,fold_09,999,27,5.522751583902384,-0.2196783314980652,checkpoint,checkpoint_robust_score,checkpoint_robust_score,1.0137445483981808,313.0308403889127,-0.2104828123656339,0.3968124233755619,5.59865931033846,13.637834698622097,-0.0250181037117438,11.129032258064516,-1.2299041359212617,-21.018989070471196,-0.3373966460892391,11.112903225806452,5.367948774750797,5.367948774750797
base_macro_exogenous_plus__fold_10__seed42,custom_custom,base_macro_exogenous_plus,calendar_exogenous,False,Baseline technical and macro features plus a causal calendar/event exogenous layer.,fold_10,42,27,4.075782477544082,0.669027059902581,checkpoint,checkpoint_robust_score,checkpoint_robust_score,0.4845391777221294,114.12682853136928,-0.4060616049876184,0.3800077790742902,1.974876290243473,16.520674968264416,-0.0964320316163233,15.82258064516129,1.3212456781329072,5.8944627708949815,-0.1114914431841656,15.047619047619047,2.0790099325817346,2.0790099325817346
base_macro_exogenous_plus__fold_10__seed123,custom_custom,base_macro_exogenous_plus,calendar_exogenous,False,Baseline technical and macro features plus a causal calendar/event exogenous layer.,fold_10,123,27,4.031537128184793,0.2130593759679839,checkpoint,checkpoint_robust_score,checkpoint_robust_score,0.5127841080373913,117.38609586430204,-0.3219853632372957,0.2139245429793854,2.067308170295865,14.225059370713812,-0.0789005046622387,8.870967741935484,0.4404593886967516,1.4288639501079503,-0.0851471497329868,8.73015873015873,2.4828243058070782,2.4828243058070782
base_macro_exogenous_plus__fold_10__seed999,custom_custom,base_macro_exogenous_plus,calendar_exogenous,False,Baseline technical and macro features plus a causal calendar/event exogenous layer.,fold_10,999,27,3.034627676717351,0.4114387547892883,checkpoint,checkpoint_robust_score,checkpoint_robust_score,0.9338154021235489,287.8203431581662,-0.2688910043037926,0.2543757292882147,2.833782064229064,16.815681836082508,-0.0511420722623152,8.870967741935484,1.1659277638506251,5.003385238825975,-0.082568491344813,8.73015873015873,2.782250825020201,2.782250825020201
base_macro_exogenous_plus__fold_11__seed42,custom_custom,base_macro_exogenous_plus,calendar_exogenous,False,Baseline technical and macro features plus a causal calendar/event exogenous layer.,fold_11,42,27,5.802281607098736,0.8368960098347559,checkpoint,checkpoint_robust_score,checkpoint_robust_score,0.5957301496409418,207.2164405945965,-0.4466195043387855,1.0374074074074071,3.4565940900558147,21.008813223993663,-0.0915578762259904,23.93548387096774,2.89280980158611,12.157161757041134,-0.0566494414289684,26.762295081967213,3.280160292224181,3.280160292224181
base_macro_exogenous_plus__fold_11__seed123,custom_custom,base_macro_exogenous_plus,calendar_exogenous,False,Baseline technical and macro features plus a causal calendar/event exogenous layer.,fold_11,123,27,3.57159680903522,0.7459263372740627,best_model,checkpoint_robust_score,checkpoint_robust_score,0.7837576275914632,342.20339612988465,-0.4277185677427535,0.687037037037037,2.799266241762684,15.570515906785952,-0.0813825477259597,7.870967741935484,2.0880464147729696,9.018356961827443,-0.0731483089509856,7.377049180327869,2.942210468095713,2.942210468095713
base_macro_exogenous_plus__fold_11__seed999,custom_custom,base_macro_exogenous_plus,calendar_exogenous,False,Baseline technical and macro features plus a causal calendar/event exogenous layer.,fold_11,999,27,3.756711831715213,0.9548593999455328,checkpoint,checkpoint_robust_score,checkpoint_robust_score,0.7167181575340841,242.9078117596361,-0.379917729064679,0.4259259259259259,2.6925035824134214,13.515422376327502,-0.0857651519035075,16.93548387096774,2.570962355054477,9.82273808099665,-0.0520014968018589,17.21311475409836,2.46047711606724,2.46047711606724
base_macro_exogenous_plus__fold_12__seed42,custom_custom,base_macro_exogenous_plus,calendar_exogenous,False,Baseline technical and macro features plus a causal calendar/event exogenous layer.,fold_12,42,27,3.138979332780447,0.0983185395079234,best_model,checkpoint_robust_score,checkpoint_robust_score,0.9468399695993563,488.76535344696606,-0.3356771800151006,0.2483173928444916,2.972111096022847,8.4219931322983,-0.0391649725371926,11.11111111111111,0.2922136222162599,0.6898750459434444,-0.0448985767428231,11.290322580645162,2.8024369154385065,2.8024369154385065
base_macro_exogenous_plus__fold_12__seed123,custom_custom,base_macro_exogenous_plus,calendar_exogenous,False,Baseline technical and macro features plus a causal calendar/event exogenous layer.,fold_12,123,27,1.9687462022982565,-0.2611600035636081,last_model,checkpoint_robust_score,checkpoint_robust_score,0.9504160542220846,444.9773633431999,-0.3137523459732225,0.2656748140276301,1.871127997353023,4.314328494642283,-0.0295335001561546,10.317460317460318,-0.4886637944566824,-1.499492593051166,-0.0428665235672759,10.483870967741936,1.7191136221729533,1.7191136221729533
base_macro_exogenous_plus__fold_12__seed999,custom_custom,base_macro_exogenous_plus,calendar_exogenous,False,Baseline technical and macro features plus a causal calendar/event exogenous layer.,fold_12,999,27,2.5758154017347863,-0.1103207029219944,checkpoint,checkpoint_robust_score,checkpoint_robust_score,0.9110471308207088,437.18915856503503,-0.3654974413892559,0.6069783917817925,2.346689231274268,6.356475025943387,-0.0361701714300572,16.365079365079364,-0.258888405533652,-0.947898032886496,-0.0439773307531337,16.112903225806452,1.9238789013257236,1.9238789013257236
base_macro_exogenous_plus__fold_13__seed42,custom_custom,base_macro_exogenous_plus,calendar_exogenous,False,Baseline technical and macro features plus a causal calendar/event exogenous layer.,fold_13,42,27,4.209303160651853,-0.3001804143962798,best_model,checkpoint_robust_score,checkpoint_robust_score,0.8478541059283289,482.9594992596008,-0.4216682399470318,0.7069783197831978,3.5688749678557654,13.390803485226076,-0.0347732273936532,20.90322580645161,-1.0713063667794531,-5.355616396319551,-0.1165135292237317,18.37704918032787,3.041135159347365,3.041135159347365
base_macro_exogenous_plus__fold_13__seed123,custom_custom,base_macro_exogenous_plus,calendar_exogenous,False,Baseline technical and macro features plus a causal calendar/event exogenous layer.,fold_13,123,27,2.759191162264651,-0.5239751093326291,last_model,checkpoint_robust_score,checkpoint_robust_score,1.027604686841867,638.4624783881688,-0.3749433024550002,0.8756775067750677,2.835357770235813,10.225080634565307,-0.0432014691489668,16.725806451612904,-1.4856568976564295,-7.668104606628024,-0.1414156728172262,16.21311475409836,2.327750628345018,2.327750628345018
base_macro_exogenous_plus__fold_13__seed999,custom_custom,base_macro_exogenous_plus,calendar_exogenous,False,Baseline technical and macro features plus a causal calendar/event exogenous layer.,fold_13,999,27,2.6409579601522064,0.0183581414382088,checkpoint,checkpoint_robust_score,checkpoint_robust_score,0.858632375939351,416.2234226598558,-0.4052392279126265,0.2032520325203252,2.267612008081431,8.14503687377166,-0.0729479497083399,9.693548387096774,0.0416291419713397,-0.1817483040847833,-0.0850078892657824,9.836065573770492,2.206832208559302,2.206832208559302
base_macro_exogenous_plus__fold_14__seed42,custom_custom,base_macro_exogenous_plus,calendar_exogenous,False,Baseline technical and macro features plus a causal calendar/event exogenous layer.,fold_14,42,27,-1.5798112132079454,0.3923181619530209,checkpoint,checkpoint_robust_score,checkpoint_robust_score,1.0521429915110712,661.9847273771113,-0.2929812251300144,0.1625487646293888,-1.6621872958873425,-9.394234530653412,-0.1520482736994055,8.064516129032258,-0.6521062647441843,-3.5157621402114647,-0.1411695280457466,7.936507936507937,-3.5835674549211207,-3.5835674549211207
base_macro_exogenous_plus__fold_14__seed123,custom_custom,base_macro_exogenous_plus,calendar_exogenous,False,Baseline technical and macro features plus a causal calendar/event exogenous layer.,fold_14,123,27,-1.574097964341468,0.5870734249064138,checkpoint,checkpoint_robust_score,checkpoint_robust_score,0.8997139253834585,479.50810617461445,-0.334417122299342,0.1625487646293888,-1.4162378584357735,-8.333790528973417,-0.1492146912357584,8.064516129032258,-0.8314356100340143,-4.0661180781822015,-0.1329543058469408,7.936507936507937,-3.1959025458672072,-3.1959025458672072
base_macro_exogenous_plus__fold_14__seed999,custom_custom,base_macro_exogenous_plus,calendar_exogenous,False,Baseline technical and macro features plus a causal calendar/event exogenous layer.,fold_14,999,27,-1.9636301427585927,0.4327042837371483,best_model,checkpoint_robust_score,checkpoint_robust_score,0.9127018106852012,458.3754764384441,-0.3199409139672071,0.2857607282184655,-1.7922087868118082,-9.93970970726168,-0.1447164612479279,12.096774193548388,-0.7754964194048269,-4.02838136645599,-0.1437509360664707,11.92063492063492,-4.045508401703481,-4.045508401703481
base_macro_hmm__fold_01__seed42,custom_custom,base_macro_hmm,negative_control_hmm,True,Baseline technical and macro features plus HMM state features as a negative control.,fold_01,42,15,2.2359740955550724,0.8396240776369911,checkpoint,checkpoint_robust_score,checkpoint_robust_score,0.9814664070445244,147.73695813047226,-0.2189562696637099,3.9208882720333103,2.194533461809067,7.912158627826504,-0.0430839916144776,19.758064516129032,1.8425831337149507,8.060575570113926,-0.0574738633077169,19.442622950819672,1.5603393011178528,1.5603393011178528
base_macro_hmm__fold_01__seed123,custom_custom,base_macro_hmm,negative_control_hmm,True,Baseline technical and macro features plus HMM state features as a negative control.,fold_01,123,15,2.443233144223888,0.8231244283181678,checkpoint,checkpoint_robust_score,checkpoint_robust_score,0.9778468201615566,125.70773876055642,-0.1956103916547444,0.7009021512838307,2.3891077609926508,8.500836330966388,-0.0394571863359785,12.935483870967742,1.9665329599575736,8.366791868442935,-0.0527727736273113,13.147540983606556,2.099578119998144,2.099578119998144
base_macro_hmm__fold_01__seed999,custom_custom,base_macro_hmm,negative_control_hmm,True,Baseline technical and macro features plus HMM state features as a negative control.,fold_01,999,15,2.8358026207311995,0.7192323101229083,checkpoint,checkpoint_robust_score,checkpoint_robust_score,0.9440969523733912,120.80935673724233,-0.2028167216674758,0.707147814018043,2.6772726117648014,9.403041852799388,-0.0383756617308841,8.870967741935484,1.9255809653883904,7.837810255714994,-0.0664889569608879,9.01639344262295,2.6158060949638653,2.6158060949638653
base_macro_hmm__fold_02__seed42,custom_custom,base_macro_hmm,negative_control_hmm,True,Baseline technical and macro features plus HMM state features as a negative control.,fold_02,42,15,0.4524315360422139,-0.830442826677576,checkpoint,checkpoint_robust_score,checkpoint_robust_score,1.0102979814182855,130.3698288030036,-0.1236902340112151,0.4805111821086262,0.457090667593423,1.169765531425515,-0.047963479382948,8.59375,-0.3795876660442225,-0.9420050264123736,-0.0416929431911267,8.73015873015873,-0.0126647025687987,-0.0126647025687987
base_macro_hmm__fold_02__seed123,custom_custom,base_macro_hmm,negative_control_hmm,True,Baseline technical and macro features plus HMM state features as a negative control.,fold_02,123,15,0.3175244013839969,0.7497171376769944,best_model,checkpoint_robust_score,checkpoint_robust_score,0.7135791701349502,88.28993544351471,-0.2060247622804737,0.957188498402556,0.2265787988371893,0.5349830498512453,-0.0505817380058067,21.71875,0.1698700085225091,0.2897687163439411,-0.0313882492722068,19.0,-0.9237334644332088,-0.9237334644332088
base_macro_hmm__fold_02__seed999,custom_custom,base_macro_hmm,negative_control_hmm,True,Baseline technical and macro features plus HMM state features as a negative control.,fold_02,999,15,0.5878570699127165,-0.4820080457167589,checkpoint,checkpoint_robust_score,checkpoint_robust_score,1.1069822111556666,154.49011158225235,-0.1421134406717648,0.797444089456869,0.6507473190954702,1.6640587742147828,-0.035947587706007,17.734375,-0.3136654435326277,-0.7778928627195203,-0.0301191171322624,17.126984126984127,-0.1934984274267484,-0.1934984274267484
base_macro_hmm__fold_03__seed42,custom_custom,base_macro_hmm,negative_control_hmm,True,Baseline technical and macro features plus HMM state features as a negative control.,fold_03,42,15,4.9069925710291775,0.456846565758112,checkpoint,checkpoint_robust_score,checkpoint_robust_score,0.8093837459318497,127.37016513572868,-0.2145120590740604,0.5316007088009451,3.971640028399354,9.066853577821243,-0.0233514216097073,14.516129032258064,1.8144301074016955,3.3395729929298623,-0.0337584461780436,14.80327868852459,3.854156135622065,3.854156135622065
base_macro_hmm__fold_03__seed123,custom_custom,base_macro_hmm,negative_control_hmm,True,Baseline technical and macro features plus HMM state features as a negative control.,fold_03,123,15,6.249252166170703,0.4087080273492665,last_model,checkpoint_robust_score,checkpoint_robust_score,0.8136718056344259,127.99072282047294,-0.2172739233322873,0.5593620791494389,5.084840293912963,12.718599925684584,-0.0222449823729087,12.790322580645162,2.078215045911232,3.968086117991132,-0.0367225837138185,12.868852459016392,5.135428953905672,5.135428953905672
base_macro_hmm__fold_03__seed999,custom_custom,base_macro_hmm,negative_control_hmm,True,Baseline technical and macro features plus HMM state features as a negative control.,fold_03,999,15,7.295705017837772,0.3721022443014988,best_model,checkpoint_robust_score,checkpoint_robust_score,0.7447908895150336,99.97180132963324,-0.1632475706228338,0.4430005906674542,5.433774629874688,12.330206404614309,-0.0165081017327468,12.096774193548388,2.021919734804918,3.717552918360956,-0.0397151302648323,12.295081967213116,5.739637557141334,5.739637557141334
base_macro_hmm__fold_04__seed42,custom_custom,base_macro_hmm,negative_control_hmm,True,Baseline technical and macro features plus HMM state features as a negative control.,fold_04,42,15,3.902847977547747,1.0694570717914988,checkpoint,checkpoint_robust_score,checkpoint_robust_score,1.0542144179461903,217.93203111349476,-0.1999382322334745,0.3368189323059989,4.114438608982964,7.815335052355143,-0.0139933211641818,8.73015873015873,4.400215466828809,8.439819059986897,-0.014530688066263,8.761904761904763,3.97144966563745,3.97144966563745
base_macro_hmm__fold_04__seed123,custom_custom,base_macro_hmm,negative_control_hmm,True,Baseline technical and macro features plus HMM state features as a negative control.,fold_04,123,15,3.104295662188436,1.2582089339173057,checkpoint,checkpoint_robust_score,checkpoint_robust_score,1.058137025271774,198.39800641010157,-0.1798458515008232,0.8134287286736379,3.2847701775521427,5.393050265036026,-0.0150787327402789,20.73015873015873,4.13292718326124,7.786880850621958,-0.0150895358857523,26.20634920634921,2.5539362462380018,2.5539362462380018
base_macro_hmm__fold_04__seed999,custom_custom,base_macro_hmm,negative_control_hmm,True,Baseline technical and macro features plus HMM state features as a negative control.,fold_04,999,15,3.700676352654245,1.0062164108513396,checkpoint,checkpoint_robust_score,checkpoint_robust_score,1.2175404359801016,236.15491426621944,-0.1633214532906927,0.8211337369290038,4.505723099831902,7.666179309031862,-0.0159452835754172,17.80952380952381,4.5337325258028285,7.47601680970349,-0.0157518750271603,17.253968253968253,3.758025172079025,3.758025172079025
base_macro_hmm__fold_05__seed42,custom_custom,base_macro_hmm,negative_control_hmm,True,Baseline technical and macro features plus HMM state features as a negative control.,fold_05,42,15,6.54331376052757,-0.0983518781813454,checkpoint,checkpoint_robust_score,checkpoint_robust_score,1.188839273939334,256.68583298090954,-0.1849856523954705,0.3086419753086419,7.77894838022285,11.86826193369752,-0.0066018561401229,9.67741935483871,-0.7650741834706525,-4.469389461890339,-0.1051235499221611,10.0,7.278038855852323,7.278038855852323
base_macro_hmm__fold_05__seed123,custom_custom,base_macro_hmm,negative_control_hmm,True,Baseline technical and macro features plus HMM state features as a negative control.,fold_05,123,15,8.267462282556922,-0.1558040038619905,checkpoint,checkpoint_robust_score,checkpoint_robust_score,0.7711609749159724,137.68669239525698,-0.2162459662615355,0.5087448559670782,6.375544273897626,10.396203308063168,-0.0082828793295739,15.725806451612904,-0.9933353246726372,-5.474661385167245,-0.1041311413060626,16.4,6.520503307635367,6.520503307635367
base_macro_hmm__fold_05__seed999,custom_custom,base_macro_hmm,negative_control_hmm,True,Baseline technical and macro features plus HMM state features as a negative control.,fold_05,999,15,5.831534948097101,-0.1266085004393959,best_model,checkpoint_robust_score,checkpoint_robust_score,1.1740222605788202,248.73707385653145,-0.1794566785040513,0.4104938271604938,6.846351842409352,11.355784326865969,-0.0077439965203415,11.290322580645162,-0.8668063402479436,-4.8695096972167455,-0.1143525997927764,11.666666666666666,6.336783191918359,6.336783191918359
base_macro_hmm__fold_06__seed42,custom_custom,base_macro_hmm,negative_control_hmm,True,Baseline technical and macro features plus HMM state features as a negative control.,fold_06,42,15,1.5051425407005947,2.292882071815289,checkpoint,checkpoint_robust_score,checkpoint_robust_score,1.2109354717007144,272.61955778506086,-0.1468123291639872,0.2658289028516191,1.8226304925000865,4.9295161537445065,-0.0350825111929052,8.73015873015873,4.179076779797319,7.464149317400159,-0.0183202037785479,8.73015873015873,1.695320936838287,1.695320936838287
base_macro_hmm__fold_06__seed123,custom_custom,base_macro_hmm,negative_control_hmm,True,Baseline technical and macro features plus HMM state features as a negative control.,fold_06,123,15,2.4007143455011186,1.690674221967042,best_model,checkpoint_robust_score,checkpoint_robust_score,0.9848173603992482,221.94913441819944,-0.1540294137060784,0.4509424842919284,2.3642651648090203,6.582135219782259,-0.0255070658530268,11.174603174603174,3.997202168037271,7.988151081758099,-0.0197466113853591,11.071428571428571,2.16042758887553,2.16042758887553
base_macro_hmm__fold_06__seed999,custom_custom,base_macro_hmm,negative_control_hmm,True,Baseline technical and macro features plus HMM state features as a negative control.,fold_06,999,15,0.6913566704244324,8.151222296200542,last_model,checkpoint_robust_score,checkpoint_robust_score,0.9486682577257384,218.03928181945528,-0.1957658023089334,0.4654422426292895,0.6558681279986137,1.838188207250946,-0.0449197884088738,12.682539682539682,5.346126908309611,11.427058802965572,-0.0190359709626597,12.73015873015873,0.1567439542747999,0.1567439542747999
base_macro_hmm__fold_07__seed42,custom_custom,base_macro_hmm,negative_control_hmm,True,Baseline technical and macro features plus HMM state features as a negative control.,fold_07,42,15,-1.3028434674496847,-2.367121237614628,last_model,checkpoint_robust_score,checkpoint_robust_score,1.0968354884661289,269.4018158942274,-0.1614902808872371,0.2959927140255009,-1.4290049510150795,-8.036187487728519,-0.1404424744471767,10.655737704918034,3.3826279682042464,8.493401781455766,-0.024297041212511,10.655737704918034,-3.3158754511315114,-3.3158754511315114
base_macro_hmm__fold_07__seed123,custom_custom,base_macro_hmm,negative_control_hmm,True,Baseline technical and macro features plus HMM state features as a negative control.,fold_07,123,15,-1.0863082010949945,-2.414621490364228,checkpoint,checkpoint_robust_score,checkpoint_robust_score,1.224774389008322,286.17882700273003,-0.1375582378148478,0.4093806921675774,-1.3304824632708512,-7.8821086714012445,-0.1384592150522073,11.475409836065571,3.212611548366531,7.88847622482336,-0.0279968170866216,11.475409836065571,-3.192646645260309,-3.192646645260309
base_macro_hmm__fold_07__seed999,custom_custom,base_macro_hmm,negative_control_hmm,True,Baseline technical and macro features plus HMM state features as a negative control.,fold_07,999,15,-1.054005591668492,-2.420790231176296,checkpoint,checkpoint_robust_score,checkpoint_robust_score,1.3880816212018336,389.6080829218845,-0.1469700431276662,0.4508196721311475,-1.4630457904389984,-9.50491091271365,-0.15078564567639,13.114754098360656,3.5417269572583296,10.09163929385355,-0.0375619808972909,13.114754098360656,-3.500658611082933,-3.500658611082933
base_macro_hmm__fold_08__seed42,custom_custom,base_macro_hmm,negative_control_hmm,True,Baseline technical and macro features plus HMM state features as a negative control.,fold_08,42,15,1.7522009550678386,-1.007996901981127,checkpoint,checkpoint_robust_score,checkpoint_robust_score,1.095804874497859,367.3794856359788,-0.1890690535516801,1.2518326865028029,1.9200703476631416,5.447839829098866,-0.0494882465430852,13.301587301587302,-1.9354249620302724,-7.712375446271135,-0.0966523766826117,12.238095238095235,1.5748195765953623,1.5748195765953623
base_macro_hmm__fold_08__seed123,custom_custom,base_macro_hmm,negative_control_hmm,True,Baseline technical and macro features plus HMM state features as a negative control.,fold_08,123,15,2.137153290087098,-0.1257637237102913,checkpoint,checkpoint_robust_score,checkpoint_robust_score,0.937673051168918,255.37829820477504,-0.2301508869690719,0.2807244501940492,2.003951046331661,6.14241018668098,-0.067438146991189,10.317460317460318,-0.2520243457198043,-1.4327416360950251,-0.0677687133918426,10.317460317460318,1.8561405689830508,1.8561405689830508
base_macro_hmm__fold_08__seed999,custom_custom,base_macro_hmm,negative_control_hmm,True,Baseline technical and macro features plus HMM state features as a negative control.,fold_08,999,15,2.263537701276596,-0.540457476681433,best_model,checkpoint_robust_score,checkpoint_robust_score,1.1237538394416977,324.1882736492994,-0.1688273662968122,0.8870202673566192,2.5436591825306087,7.168335710123097,-0.0379181102689712,8.761904761904763,-1.374739623328049,-5.44052329766237,-0.0691938173528513,8.761904761904763,2.397043458774163,2.397043458774163
base_macro_hmm__fold_09__seed42,custom_custom,base_macro_hmm,negative_control_hmm,True,Baseline technical and macro features plus HMM state features as a negative control.,fold_09,42,15,6.918651988104369,-0.205084236233427,checkpoint,checkpoint_robust_score,checkpoint_robust_score,1.0214894281394593,325.14495708916354,-0.2220612507441489,0.6146301593788313,7.067329862824665,14.922667352015706,-0.0146765645986141,10.766129032258064,-1.4493979471270868,-23.51239798162823,-0.3523574361017701,10.580645161290322,6.833039798448608,6.833039798448608
base_macro_hmm__fold_09__seed123,custom_custom,base_macro_hmm,negative_control_hmm,True,Baseline technical and macro features plus HMM state features as a negative control.,fold_09,123,15,7.130396145135641,-0.2609384852560443,checkpoint,checkpoint_robust_score,checkpoint_robust_score,0.7915396109663234,187.9616342029784,-0.2110484702051174,0.3089497343686146,5.643990990756437,12.424427067507192,-0.0146331968206079,11.629032258064516,-1.4727344599267456,-21.498460731184757,-0.2919894600202535,11.548387096774194,5.858356726042086,5.858356726042086
base_macro_hmm__fold_09__seed999,custom_custom,base_macro_hmm,negative_control_hmm,True,Baseline technical and macro features plus HMM state features as a negative control.,fold_09,999,15,6.717636580259642,-0.1775228747314827,best_model,checkpoint_robust_score,checkpoint_robust_score,1.0362148595839673,292.1409973410299,-0.1805597826133815,0.326522272170004,6.960914845749867,15.426035938923643,-0.0133342255758387,11.806451612903226,-1.235721614178572,-18.301072354102345,-0.2918150263062989,11.806451612903226,6.646786650479932,6.646786650479932
base_macro_hmm__fold_10__seed42,custom_custom,base_macro_hmm,negative_control_hmm,True,Baseline technical and macro features plus HMM state features as a negative control.,fold_10,42,15,2.639856949101562,0.4039030996853511,checkpoint,checkpoint_robust_score,checkpoint_robust_score,0.8659412480244951,301.971273796168,-0.3827756497230592,0.1750291715285881,2.285961021111143,16.710088110221122,-0.0937012884868097,7.258064516129032,0.9233067421866812,3.5748513172455088,-0.0810935073158597,7.142857142857143,2.34063067806123,2.34063067806123
base_macro_hmm__fold_10__seed123,custom_custom,base_macro_hmm,negative_control_hmm,True,Baseline technical and macro features plus HMM state features as a negative control.,fold_10,123,15,3.806536258355314,0.4412909455691776,checkpoint,checkpoint_robust_score,checkpoint_robust_score,0.5923130008804225,152.50006409656217,-0.3862838043591585,0.2839362115908207,2.254660914146571,18.995306084172057,-0.0891404459782079,11.306451612903226,0.9949614467416068,4.6073041693603045,-0.1138032250743005,11.5,2.430890209684797,2.430890209684797
base_macro_hmm__fold_10__seed999,custom_custom,base_macro_hmm,negative_control_hmm,True,Baseline technical and macro features plus HMM state features as a negative control.,fold_10,999,15,4.084425290213785,0.4083929486370846,checkpoint,checkpoint_robust_score,checkpoint_robust_score,0.61215652197222,172.67936429225733,-0.3928511808160669,0.67561260210035,2.500307579912646,18.990517728681983,-0.081718387639565,10.403225806451612,1.0211079850601783,4.052145094067394,-0.0862703065198498,12.23015873015873,2.7406704321217847,2.7406704321217847
base_macro_hmm__fold_11__seed42,custom_custom,base_macro_hmm,negative_control_hmm,True,Baseline technical and macro features plus HMM state features as a negative control.,fold_11,42,15,3.9797729282197305,0.7693883852918862,checkpoint,checkpoint_robust_score,checkpoint_robust_score,0.8267477728495864,332.2756934385214,-0.3244529889241644,0.9774074074074074,3.290268404852739,15.269818407765756,-0.0700840475148935,27.467741935483872,2.531494295186559,9.722435013165253,-0.0414394215943619,19.99180327868853,2.440561207002858,2.440561207002858
base_macro_hmm__fold_11__seed123,custom_custom,base_macro_hmm,negative_control_hmm,True,Baseline technical and macro features plus HMM state features as a negative control.,fold_11,123,15,3.0386931140694338,1.0438063511520614,checkpoint,checkpoint_robust_score,checkpoint_robust_score,0.6811284026803803,203.3491688316228,-0.3125568552110735,0.2685185185185185,2.069740187021984,8.057566542470184,-0.093707801425656,10.483870967741936,2.1604079524482023,6.828996229101558,-0.044212568704092,10.655737704918034,2.113704323897062,2.113704323897062
base_macro_hmm__fold_11__seed999,custom_custom,base_macro_hmm,negative_control_hmm,True,Baseline technical and macro features plus HMM state features as a negative control.,fold_11,999,15,4.617731580706518,1.0211729939737453,checkpoint,checkpoint_robust_score,checkpoint_robust_score,0.6762667753624709,234.0964640276284,-0.4079151676141592,0.2718518518518518,3.1228184455738424,15.433889811676792,-0.0839185564297532,11.290322580645162,3.188937861703078,12.911654231121394,-0.0401339684924687,11.475409836065571,3.3098234295719107,3.3098234295719107
base_macro_hmm__fold_12__seed42,custom_custom,base_macro_hmm,negative_control_hmm,True,Baseline technical and macro features plus HMM state features as a negative control.,fold_12,42,15,1.8648819333742588,-0.3164141583999421,checkpoint,checkpoint_robust_score,checkpoint_robust_score,0.9013915961509018,449.0267057549933,-0.3301334259604038,1.3414806942968474,1.680988902557203,4.610537583171093,-0.0374287716448366,14.904761904761903,-0.5318886888822797,-1.918516415141669,-0.0482335573486502,16.95967741935484,1.3118575495934093,1.3118575495934093
base_macro_hmm__fold_12__seed123,custom_custom,base_macro_hmm,negative_control_hmm,True,Baseline technical and macro features plus HMM state features as a negative control.,fold_12,123,15,2.1876288325717224,-0.1522865063169512,checkpoint,checkpoint_robust_score,checkpoint_robust_score,0.8967676164135651,470.9704195546594,-0.3700878135019966,0.4534183492738222,1.9617946937829331,5.554461443107628,-0.0389130775848384,10.317460317460318,-0.2987548600273361,-1.1424018384773027,-0.0500519433698243,10.483870967741936,1.8349409844722573,1.8349409844722573
base_macro_hmm__fold_12__seed999,custom_custom,base_macro_hmm,negative_control_hmm,True,Baseline technical and macro features plus HMM state features as a negative control.,fold_12,999,15,2.4061384527712595,0.0580704583496124,checkpoint,checkpoint_robust_score,checkpoint_robust_score,0.770883159231284,307.15193408631905,-0.3965318809078564,0.3010981225646475,1.854851612020182,5.120017260117726,-0.0364990691298858,13.492063492063492,0.1077120832805295,0.1349658870422265,-0.0477432881609832,13.709677419354838,1.639358030497846,1.639358030497846
base_macro_hmm__fold_13__seed42,custom_custom,base_macro_hmm,negative_control_hmm,True,Baseline technical and macro features plus HMM state features as a negative control.,fold_13,42,15,3.691190520731229,0.0208037697726889,best_model,checkpoint_robust_score,checkpoint_robust_score,0.7716666078317937,313.8884065666847,-0.3548266154606874,0.2032520325203252,2.84836846799354,9.952471635324066,-0.0584787425287071,9.67741935483871,0.0592568018359244,-0.0565699184665646,-0.0750620750277137,9.836065573770492,2.9237206571980527,2.9237206571980527
base_macro_hmm__fold_13__seed123,custom_custom,base_macro_hmm,negative_control_hmm,True,Baseline technical and macro features plus HMM state features as a negative control.,fold_13,123,15,3.1137342545329387,-0.3591426530261064,best_model,checkpoint_robust_score,checkpoint_robust_score,0.9353275891218642,476.7738222436792,-0.3886873495032702,0.2710027100271002,2.912361553458459,9.658436822601304,-0.05206944094676,12.903225806451612,-1.0459532548803037,-5.160639915127552,-0.1175038986248473,13.114754098360656,2.659838420609923,2.659838420609923
base_macro_hmm__fold_13__seed999,custom_custom,base_macro_hmm,negative_control_hmm,True,Baseline technical and macro features plus HMM state features as a negative control.,fold_13,999,15,4.655881756590573,-0.2464133675147243,best_model,checkpoint_robust_score,checkpoint_robust_score,1.0373532197198083,486.41832089167553,-0.298610421515013,0.2032520325203252,4.829793930833949,14.930984661096968,-0.0276572564950055,9.693548387096774,-1.190125786898971,-5.1249412712859765,-0.112080691704559,9.836065573770492,4.644555151746362,4.644555151746362
base_macro_hmm__fold_14__seed42,custom_custom,base_macro_hmm,negative_control_hmm,True,Baseline technical and macro features plus HMM state features as a negative control.,fold_14,42,15,-1.6596038413868182,0.8100608815754105,checkpoint,checkpoint_robust_score,checkpoint_robust_score,0.9634001223563384,572.5828984236917,-0.3428249776451925,0.2005851755526658,-1.5988625438551098,-9.996150897416722,-0.1477439917605477,8.870967741935484,-1.2951760017931735,-6.474153668082227,-0.1525374904487698,8.746031746031745,-3.534838607787332,-3.534838607787332
base_macro_hmm__fold_14__seed123,custom_custom,base_macro_hmm,negative_control_hmm,True,Baseline technical and macro features plus HMM state features as a negative control.,fold_14,123,15,-1.8489676770862848,0.8254287174709593,checkpoint,checkpoint_robust_score,checkpoint_robust_score,0.8713989798461493,395.9921666730203,-0.374277659294767,0.2600780234070221,-1.611188547581493,-8.384226927320103,-0.1289434870437209,12.903225806451612,-1.3299212964340894,-5.648259628674279,-0.1382280361631243,12.698412698412698,-3.78528850818832,-3.78528850818832
base_macro_hmm__fold_14__seed999,custom_custom,base_macro_hmm,negative_control_hmm,True,Baseline technical and macro features plus HMM state features as a negative control.,fold_14,999,15,-2.123112974119778,0.4826815037730436,checkpoint,checkpoint_robust_score,checkpoint_robust_score,0.8631778958920175,491.1880173373565,-0.396769816845593,0.2343953185955786,-1.8326241897417537,-11.601555721783075,-0.155978619815591,11.306451612903226,-0.8845737997554053,-4.881994600920803,-0.1609265202205555,11.11111111111111,-4.100164903282216,-4.100164903282216
base_macro_gru__fold_01__seed42,custom_custom,base_macro_gru,negative_control_gru,True,Baseline technical and macro features plus GRU forecast features as a negative control.,fold_01,42,20,2.890883448897643,1.019087439231834,best_model,checkpoint_robust_score,checkpoint_robust_score,0.8373233113400269,100.21741303761024,-0.1726493002357303,0.6183206106870229,2.420604102129052,8.895539795250507,-0.0363223794370426,11.14516129032258,2.4668072358327686,8.910658365153479,-0.0461193670891171,11.557377049180328,2.3173747300072347,2.3173747300072347
base_macro_gru__fold_01__seed123,custom_custom,base_macro_gru,negative_control_gru,True,Baseline technical and macro features plus GRU forecast features as a negative control.,fold_01,123,20,2.981866828298539,0.6542906019695877,checkpoint,checkpoint_robust_score,checkpoint_robust_score,0.7695694088649035,90.0634978525876,-0.2063983447881522,0.6724496877168633,2.294753492367572,8.76804293606337,-0.0425443878064879,14.790322580645162,1.501435643892992,6.260763442159822,-0.0694791226617606,15.278688524590164,2.0608218852332194,2.0608218852332194
base_macro_gru__fold_01__seed999,custom_custom,base_macro_gru,negative_control_gru,True,Baseline technical and macro features plus GRU forecast features as a negative control.,fold_01,999,20,2.5318523659800887,0.7930259110415513,checkpoint,checkpoint_robust_score,checkpoint_robust_score,0.8144471109549779,94.5264862885605,-0.2141267847664566,0.6210964607911172,2.0620598448370084,7.5382764465715235,-0.0440735668668239,12.983870967741936,1.6352668870740683,6.948987608820745,-0.0657611335975917,13.049180327868852,1.857942810997549,1.857942810997549
base_macro_gru__fold_02__seed42,custom_custom,base_macro_gru,negative_control_gru,True,Baseline technical and macro features plus GRU forecast features as a negative control.,fold_02,42,20,0.1322570458762528,-1.6525066811274556,checkpoint,checkpoint_robust_score,checkpoint_robust_score,1.1244850829104631,192.6373970941389,-0.1668847036349481,0.4472843450479233,0.148721075197651,0.2758585254911461,-0.0510600521415707,9.375,-0.2457625703885771,-0.6596662647666673,-0.0425328256368285,9.523809523809524,-0.6203623666593017,-0.6203623666593017
base_macro_gru__fold_02__seed123,custom_custom,base_macro_gru,negative_control_gru,True,Baseline technical and macro features plus GRU forecast features as a negative control.,fold_02,123,20,0.1608635618318238,1.5986006611177217,checkpoint,checkpoint_robust_score,checkpoint_robust_score,0.9555777870138432,114.33849750941158,-0.1273383370093347,0.4159744408945687,0.1537176464264188,0.2842417581736089,-0.0479659639518389,10.171875,0.2457331312027333,0.4270298744674772,-0.0267460863253184,10.317460317460318,-0.5840215025332254,-0.5840215025332254
base_macro_gru__fold_02__seed999,custom_custom,base_macro_gru,negative_control_gru,True,Baseline technical and macro features plus GRU forecast features as a negative control.,fold_02,999,20,0.0944024266811775,8.954002199674541,checkpoint,checkpoint_robust_score,checkpoint_robust_score,0.7919781721430164,108.5304461344561,-0.192682221187461,0.5750798722044729,0.074764661328824,0.0241767706844697,-0.054433400734859,14.0625,0.6694429419962129,1.5087546887950776,-0.0346192954815781,14.285714285714286,-0.851787558191217,-0.851787558191217
base_macro_gru__fold_03__seed42,custom_custom,base_macro_gru,negative_control_gru,True,Baseline technical and macro features plus GRU forecast features as a negative control.,fold_03,42,20,7.051141783614052,0.3199401153924416,checkpoint,checkpoint_robust_score,checkpoint_robust_score,0.658791494685667,102.73206699002375,-0.2621544973911063,2.050797401063201,4.645232234867661,14.313649627188576,-0.0168323713567796,22.387096774193548,1.486196137248249,3.3833713087620065,-0.0496966260969589,27.60655737704918,4.596839524223526,4.596839524223526
base_macro_gru__fold_03__seed123,custom_custom,base_macro_gru,negative_control_gru,True,Baseline technical and macro features plus GRU forecast features as a negative control.,fold_03,123,20,6.247529000339672,0.3846804072649162,checkpoint,checkpoint_robust_score,checkpoint_robust_score,0.6987152116141503,104.78294879032669,-0.2359387866504356,0.457767277023036,4.365243547537875,11.304977237361902,-0.0220177398263252,9.161290322580646,1.679223665677417,3.443129486162211,-0.0461959056158867,8.19672131147541,4.808327489971792,4.808327489971792
base_macro_gru__fold_03__seed999,custom_custom,base_macro_gru,negative_control_gru,True,Baseline technical and macro features plus GRU forecast features as a negative control.,fold_03,999,20,7.74086640421309,0.3942235857818014,best_model,checkpoint_robust_score,checkpoint_robust_score,0.7540931140487005,108.01005592445443,-0.1952574223057603,0.4134672179562906,5.837334052188016,13.024072172003166,-0.0177248904506074,11.290322580645162,2.301214761459773,4.592316200555136,-0.0349180614982098,11.475409836065571,6.201214347236518,6.201214347236518
base_macro_gru__fold_04__seed42,custom_custom,base_macro_gru,negative_control_gru,True,Baseline technical and macro features plus GRU forecast features as a negative control.,fold_04,42,20,4.617711958513771,1.0278466478882229,checkpoint,checkpoint_robust_score,checkpoint_robust_score,1.0956442004246494,193.1621749038873,-0.1631016115425402,0.4799119427627958,5.059369326577163,9.276328458659954,-0.0140829249495357,14.0,5.200255802750832,8.789653298980582,-0.0153447675504624,15.333333333333334,4.58685642540865,4.58685642540865
base_macro_gru__fold_04__seed123,custom_custom,base_macro_gru,negative_control_gru,True,Baseline technical and macro features plus GRU forecast features as a negative control.,fold_04,123,20,3.103082227176005,1.1132155315048315,best_model,checkpoint_robust_score,checkpoint_robust_score,1.0729027383808485,186.53200114958275,-0.1547239766657434,0.4678040726472207,3.329305418958078,5.361469485671244,-0.019416985759775,13.492063492063492,3.706234501507333,6.522722535728498,-0.0176939721169262,13.492063492063492,2.949098387088497,2.949098387088497
base_macro_gru__fold_04__seed999,custom_custom,base_macro_gru,negative_control_gru,True,Baseline technical and macro features plus GRU forecast features as a negative control.,fold_04,999,20,4.515630587240343,0.8364834680717107,best_model,checkpoint_robust_score,checkpoint_robust_score,1.021426731768502,205.38844795708687,-0.1955742695905706,0.8981838194826637,4.6123857925987855,9.443208835602968,-0.0165866366395845,9.936507936507937,3.858184463877718,6.552592777469068,-0.0139544985835051,10.22222222222222,4.437536766352951,4.437536766352951
base_macro_gru__fold_05__seed42,custom_custom,base_macro_gru,negative_control_gru,True,Baseline technical and macro features plus GRU forecast features as a negative control.,fold_05,42,20,6.434339181954806,-0.0745365794808002,best_model,checkpoint_robust_score,checkpoint_robust_score,1.053116434995229,216.03222103444384,-0.1841065001988554,0.4773662551440329,6.776108340850363,10.910576515941871,-0.0062542746407809,15.14516129032258,-0.5050679379183062,-3.32131865125922,-0.1012438626165811,15.666666666666666,6.267196395505042,6.267196395505042
base_macro_gru__fold_05__seed123,custom_custom,base_macro_gru,negative_control_gru,True,Baseline technical and macro features plus GRU forecast features as a negative control.,fold_05,123,20,6.432771254919974,-0.0234302180232111,best_model,checkpoint_robust_score,checkpoint_robust_score,0.9545490771799374,171.78687613728673,-0.1566649090687564,0.5823045267489712,6.140395865093489,11.131936180352596,-0.0112728773627446,14.387096774193548,-0.1438708138679647,-1.52004903043651,-0.0898396675578582,15.683333333333334,5.856337302099784,5.856337302099784
base_macro_gru__fold_05__seed999,custom_custom,base_macro_gru,negative_control_gru,True,Baseline technical and macro features plus GRU forecast features as a negative control.,fold_05,999,20,5.584522756291753,-0.0548706820835548,checkpoint,checkpoint_robust_score,checkpoint_robust_score,1.101328719390262,206.9914013557454,-0.1450984508254594,0.4629629629629629,6.150395295592574,9.459054823567236,-0.0111440642836376,14.516129032258064,-0.3374763849526517,-2.4142432505027456,-0.0936102331085954,15.0,5.610884100582612,5.610884100582612
base_macro_gru__fold_06__seed42,custom_custom,base_macro_gru,negative_control_gru,True,Baseline technical and macro features plus GRU forecast features as a negative control.,fold_06,42,20,1.6745389873742174,2.394955157007927,checkpoint,checkpoint_robust_score,checkpoint_robust_score,1.1390155636854502,225.57850277220652,-0.1279607058388083,0.5345577573707105,1.9073259686173072,5.343852505254532,-0.0329006209808789,15.063492063492063,4.567960164635159,8.447712925247197,-0.0208914043162257,14.968253968253968,1.4680413071994427,1.4680413071994427
base_macro_gru__fold_06__seed123,custom_custom,base_macro_gru,negative_control_gru,True,Baseline technical and macro features plus GRU forecast features as a negative control.,fold_06,123,20,1.2077206917928969,3.2457424653926488,checkpoint,checkpoint_robust_score,checkpoint_robust_score,1.1756074075957486,269.9821110634386,-0.1596446223503125,0.3624939584340261,1.4198053915783913,3.9075942994209134,-0.0380733794576296,11.904761904761903,4.608322652039423,8.343444326425132,-0.0167284144447147,11.904761904761903,1.1579929061281216,1.1579929061281216
base_macro_gru__fold_06__seed999,custom_custom,base_macro_gru,negative_control_gru,True,Baseline technical and macro features plus GRU forecast features as a negative control.,fold_06,999,20,0.7622482553658594,5.712664283150538,checkpoint,checkpoint_robust_score,checkpoint_robust_score,1.0937589733983706,237.00952745075207,-0.1793932134309497,0.4219429676172064,0.8337158692636614,2.707862212036072,-0.055036804870883,11.904761904761903,4.762738868638322,11.420172290368669,-0.0223417261363123,11.904761904761903,0.4087458964693805,0.4087458964693805
base_macro_gru__fold_07__seed42,custom_custom,base_macro_gru,negative_control_gru,True,Baseline technical and macro features plus GRU forecast features as a negative control.,fold_07,42,20,-1.6329133895168308,-2.8489504295573096,best_model,checkpoint_robust_score,checkpoint_robust_score,0.9053700052961712,187.5503965991831,-0.1755206749953637,0.773224043715847,-1.4783908041150418,-8.469365435361887,-0.1361397814871474,14.663934426229508,4.211862116437125,10.507727535506795,-0.0228023020224508,13.344262295081966,-3.631037473200047,-3.631037473200047
base_macro_gru__fold_07__seed123,custom_custom,base_macro_gru,negative_control_gru,True,Baseline technical and macro features plus GRU forecast features as a negative control.,fold_07,123,20,-1.5236445176438442,-1.8631522157796552,last_model,checkpoint_robust_score,checkpoint_robust_score,1.1457970697598296,311.1147713928255,-0.1712789135168613,0.3802367941712204,-1.7457874236719455,-12.062495964230369,-0.1779484244150125,9.01639344262295,3.252667706694641,10.515468885211954,-0.0393765649291952,9.01639344262295,-3.7597320921210615,-3.7597320921210615
base_macro_gru__fold_07__seed999,custom_custom,base_macro_gru,negative_control_gru,True,Baseline technical and macro features plus GRU forecast features as a negative control.,fold_07,999,20,-1.1336356416677298,-2.626999476877468,checkpoint,checkpoint_robust_score,checkpoint_robust_score,1.2350060188845722,300.36700988688176,-0.1359420820172503,0.3283242258652095,-1.4000468406817204,-8.656012036106898,-0.1435982665158357,9.01639344262295,3.67792231807483,10.281141252995308,-0.030982913442571,9.01639344262295,-3.1842673148963594,-3.1842673148963594
base_macro_gru__fold_08__seed42,custom_custom,base_macro_gru,negative_control_gru,True,Baseline technical and macro features plus GRU forecast features as a negative control.,fold_08,42,20,1.369940807900721,-0.3744042573746065,best_model,checkpoint_robust_score,checkpoint_robust_score,1.0696635512269217,271.3089226727627,-0.1689354860337938,0.4432945235015093,1.4653757495497632,3.863838735456216,-0.0508442709128714,15.746031746031743,-0.5486429192849365,-2.0698760711803432,-0.0640688058329688,15.26984126984127,1.0139697485091466,1.0139697485091466
base_macro_gru__fold_08__seed123,custom_custom,base_macro_gru,negative_control_gru,True,Baseline technical and macro features plus GRU forecast features as a negative control.,fold_08,123,20,3.6811712873912894,-0.3046284463857785,best_model,checkpoint_robust_score,checkpoint_robust_score,0.7630224748539789,55.45205961322004,-0.1299939938640896,0.0,2.808816426066709,0.1625714474114303,-0.0006454819320835,0.0,-0.8556453840555566,-0.0810217690262016,-0.0018675080562016,0.0,3.3811339455359963,3.3811339455359963
base_macro_gru__fold_08__seed999,custom_custom,base_macro_gru,negative_control_gru,True,Baseline technical and macro features plus GRU forecast features as a negative control.,fold_08,999,20,1.7646983011175736,-0.6933099828335728,checkpoint,checkpoint_robust_score,checkpoint_robust_score,0.99536886879881,258.02858065250985,-0.1690746405959285,0.2190599396291505,1.7565257517545814,5.447143137054455,-0.0533434240579868,7.142857142857143,-1.2178168387956974,-4.626871231346074,-0.0609648981375783,7.142857142857143,1.7452880485625566,1.7452880485625566
base_macro_gru__fold_09__seed42,custom_custom,base_macro_gru,negative_control_gru,True,Baseline technical and macro features plus GRU forecast features as a negative control.,fold_09,42,20,6.548506009099179,-0.1740199394646233,best_model,checkpoint_robust_score,checkpoint_robust_score,1.0752518981867667,357.7449851209448,-0.1686534319058439,0.4503473641193298,7.04129351657134,15.842441086672988,-0.0147111706765115,12.887096774193548,-1.225325471506389,-19.497102329167937,-0.2923078598640326,12.85483870967742,6.599330097544124,6.599330097544124
base_macro_gru__fold_09__seed123,custom_custom,base_macro_gru,negative_control_gru,True,Baseline technical and macro features plus GRU forecast features as a negative control.,fold_09,123,20,5.220429115349181,-0.2916016868445848,checkpoint,checkpoint_robust_score,checkpoint_robust_score,0.8815548222476819,233.4578259223783,-0.1984337033806229,0.4086636697997548,4.602094460838271,10.880590131681831,-0.0206840947000169,16.129032258064516,-1.3419785077985598,-20.64077456253204,-0.3064520335821745,16.129032258064516,4.31853575533055,4.31853575533055
base_macro_gru__fold_09__seed999,custom_custom,base_macro_gru,negative_control_gru,True,Baseline technical and macro features plus GRU forecast features as a negative control.,fold_09,999,20,6.226179710117691,-0.2177781126801158,checkpoint,checkpoint_robust_score,checkpoint_robust_score,0.9830026450082514,279.5397264931833,-0.1745946972888683,0.3784225582345729,6.120351123342398,14.916761131499513,-0.0195142060533597,12.096774193548388,-1.3328785165811343,-22.210953823732016,-0.3324943488551481,12.096774193548388,5.894651924183881,5.894651924183881
base_macro_gru__fold_10__seed42,custom_custom,base_macro_gru,negative_control_gru,True,Baseline technical and macro features plus GRU forecast features as a negative control.,fold_10,42,20,3.250387674162266,0.6322821128725153,checkpoint,checkpoint_robust_score,checkpoint_robust_score,0.7987153896514446,224.27800615301527,-0.2768508578720154,0.49902761571373,2.596134657686767,16.997696185256217,-0.0558986722334964,14.129032258064516,1.6414895066637534,7.617274661651985,-0.0997822634643316,13.92063492063492,2.3926321197046216,2.3926321197046216
base_macro_gru__fold_10__seed123,custom_custom,base_macro_gru,negative_control_gru,True,Baseline technical and macro features plus GRU forecast features as a negative control.,fold_10,123,20,3.6640769940873135,0.5997915196594751,best_model,checkpoint_robust_score,checkpoint_robust_score,0.7401751176694533,209.59778481576149,-0.3659179650247015,0.4570206145468689,2.712058620248514,22.730549571962765,-0.0755019617339846,18.080645161290324,1.626669761244436,7.00009247696185,-0.0988876380963942,13.26984126984127,2.3927438880384884,2.3927438880384884
base_macro_gru__fold_10__seed999,custom_custom,base_macro_gru,negative_control_gru,True,Baseline technical and macro features plus GRU forecast features as a negative control.,fold_10,999,20,3.149788708673289,0.6830748956932271,checkpoint,checkpoint_robust_score,checkpoint_robust_score,0.8108653916394809,273.40383326261855,-0.3908993123100452,0.3407234539089848,2.554054654839981,19.8849267981972,-0.0797791386845435,11.838709677419354,1.7446106169496212,8.70368852705916,-0.0971319126301315,11.412698412698411,2.446451063016036,2.446451063016036
base_macro_gru__fold_11__seed42,custom_custom,base_macro_gru,negative_control_gru,True,Baseline technical and macro features plus GRU forecast features as a negative control.,fold_11,42,20,3.454064425354193,0.8498214423531816,checkpoint,checkpoint_robust_score,checkpoint_robust_score,0.7550236555029738,287.6791048361232,-0.3849704964186254,0.3388888888888889,2.607900348773701,12.252315085945508,-0.0902084714257736,13.82258064516129,2.216249635908232,7.603843816213196,-0.0389534960652647,13.852459016393444,2.4681661756022724,2.4681661756022724
base_macro_gru__fold_11__seed123,custom_custom,base_macro_gru,negative_control_gru,True,Baseline technical and macro features plus GRU forecast features as a negative control.,fold_11,123,20,4.643944528091811,0.7952360891883244,checkpoint,checkpoint_robust_score,checkpoint_robust_score,0.7291060399384254,285.12944116411416,-0.4067708830250381,0.2777777777777778,3.38592800457074,18.28947104758452,-0.0813647531582156,12.096774193548388,2.692612144628062,10.696555176374757,-0.0476131918579798,12.295081967213116,3.4684457167883216,3.4684457167883216
base_macro_gru__fold_11__seed999,custom_custom,base_macro_gru,negative_control_gru,True,Baseline technical and macro features plus GRU forecast features as a negative control.,fold_11,999,20,5.2286250276627895,0.7613857136447327,checkpoint,checkpoint_robust_score,checkpoint_robust_score,0.5688403004049422,177.8066133569674,-0.4464694557802687,0.187037037037037,2.9742526314405,17.48798698299405,-0.108020800549254,8.064516129032258,2.264553462349049,10.281300517077252,-0.0502568663110689,8.19672131147541,3.548349188753493,3.548349188753493
base_macro_gru__fold_12__seed42,custom_custom,base_macro_gru,negative_control_gru,True,Baseline technical and macro features plus GRU forecast features as a negative control.,fold_12,42,20,2.2106422291974885,0.2872680427646732,best_model,checkpoint_robust_score,checkpoint_robust_score,1.1421591987965825,747.1712697768781,-0.3235214028865018,0.4888416578108395,2.5249053573260944,7.555821491442893,-0.0391054160966285,8.428571428571429,0.7253246201651051,1.9514438863692751,-0.0362199709931331,9.491935483870968,2.389329869021652,2.389329869021652
base_macro_gru__fold_12__seed123,custom_custom,base_macro_gru,negative_control_gru,True,Baseline technical and macro features plus GRU forecast features as a negative control.,fold_12,123,20,2.1085320434281734,0.1015121354936462,checkpoint,checkpoint_robust_score,checkpoint_robust_score,0.7865776870706597,338.13072528221335,-0.3908935811152579,0.1948281969535954,1.6585242578341044,4.788081986124437,-0.0386893228082969,8.746031746031745,0.1683603391807547,0.3367510488677894,-0.0474408969280211,8.870967741935484,1.6501586536843422,1.6501586536843422
base_macro_gru__fold_12__seed999,custom_custom,base_macro_gru,negative_control_gru,True,Baseline technical and macro features plus GRU forecast features as a negative control.,fold_12,999,20,2.817471638425234,-0.1249291635568244,checkpoint,checkpoint_robust_score,checkpoint_robust_score,0.7819621698682642,406.130550281682,-0.4271497017153641,0.3304994686503719,2.2031562359252894,7.481305916819392,-0.0499213464384963,9.69047619047619,-0.2752384657391482,-1.3008800897384545,-0.0523071014705045,9.016129032258064,2.2023374420865034,2.2023374420865034
base_macro_gru__fold_13__seed42,custom_custom,base_macro_gru,negative_control_gru,True,Baseline technical and macro features plus GRU forecast features as a negative control.,fold_13,42,20,2.9007694281788634,-0.5153015378852984,checkpoint,checkpoint_robust_score,checkpoint_robust_score,1.1382761378654425,633.1291986414419,-0.3057508887069019,0.2032520325203252,3.3018766215455844,11.128845557398948,-0.0433972442439994,9.67741935483871,-1.701462100989953,-8.720591464748361,-0.145706468587589,10.704918032786884,3.071675059953801,3.071675059953801
base_macro_gru__fold_13__seed123,custom_custom,base_macro_gru,negative_control_gru,True,Baseline technical and macro features plus GRU forecast features as a negative control.,fold_13,123,20,4.811895036011845,-0.2143306786679745,checkpoint,checkpoint_robust_score,checkpoint_robust_score,0.8936025146848473,344.2033098978625,-0.272048885411377,0.3397696476964769,4.299921504579719,12.244267035180268,-0.0289091197557537,11.008064516129032,-0.9216050942955892,-3.531053257804484,-0.0961830452291754,12.36065573770492,4.238578982938631,4.238578982938631
base_macro_gru__fold_13__seed999,custom_custom,base_macro_gru,negative_control_gru,True,Baseline technical and macro features plus GRU forecast features as a negative control.,fold_13,999,20,4.172558668375947,-0.2609163534794725,checkpoint,checkpoint_robust_score,checkpoint_robust_score,1.0188631566504016,569.0980591644918,-0.3231040757722111,0.2378048780487804,4.251266296170514,14.217309304131698,-0.034512693714376,8.983870967741936,-1.1092248996669938,-4.837034360780324,-0.1224013026799162,9.0327868852459,4.1276759135115215,4.1276759135115215
base_macro_gru__fold_14__seed42,custom_custom,base_macro_gru,negative_control_gru,True,Baseline technical and macro features plus GRU forecast features as a negative control.,fold_14,42,20,-1.4940775308495275,1.337159855659027,best_model,checkpoint_robust_score,checkpoint_robust_score,0.8768340074956993,409.06299500575057,-0.3426309438646112,0.3153446033810143,-1.3100579888840704,-8.61602605200391,-0.1123000247450451,12.516129032258064,-1.7517569513211788,-8.063634101346961,-0.1571881388781568,12.492063492063492,-3.2354337775017323,-3.2354337775017323
base_macro_gru__fold_14__seed123,custom_custom,base_macro_gru,negative_control_gru,True,Baseline technical and macro features plus GRU forecast features as a negative control.,fold_14,123,20,-1.8826026090942765,0.6589928591328515,checkpoint,checkpoint_robust_score,checkpoint_robust_score,0.9140004911211564,489.4864907161016,-0.3775635934198448,0.1950585175552665,-1.720699709298139,-9.269175028631992,-0.1393672010428948,9.67741935483871,-1.1339288211394472,-5.262197082297481,-0.1370025819892484,9.523809523809524,-3.799563380474114,-3.799563380474114
base_macro_gru__fold_14__seed999,custom_custom,base_macro_gru,negative_control_gru,True,Baseline technical and macro features plus GRU forecast features as a negative control.,fold_14,999,20,-2.0326449793253345,0.5314962705282048,checkpoint,checkpoint_robust_score,checkpoint_robust_score,0.9180781050920764,545.2395913858296,-0.3917736071491595,0.2600780234070221,-1.866126850943926,-12.146685291588632,-0.1595304264136585,12.903225806451612,-0.9918394616092396,-5.41930953051909,-0.1623973414741689,12.698412698412698,-4.21313866128434,-4.21313866128434
base_macro_xsec_dispersion_correlation_regime__fold_01__seed42,custom_custom,base_macro_xsec_dispersion_correlation_regime,market_internal_dispersion_correlation,False,Baseline technical and macro features plus causal cross-sectional dispersion/correlation regime context.,fold_01,42,18,2.64571807291558,0.8422341986579822,best_model,checkpoint_robust_score,checkpoint_robust_score,0.9000013965055083,97.484605395118,-0.1417184504194801,0.7827897293546149,2.381149960383884,7.567032357081804,-0.034039024080457,17.225806451612904,2.0054859287684064,7.497108972777355,-0.0597717057280406,17.24590163934426,1.9240550635582137,1.9240550635582137
base_macro_xsec_dispersion_correlation_regime__fold_01__seed123,custom_custom,base_macro_xsec_dispersion_correlation_regime,market_internal_dispersion_correlation,False,Baseline technical and macro features plus causal cross-sectional dispersion/correlation regime context.,fold_01,123,18,3.544184985100614,0.4579684120975859,checkpoint,checkpoint_robust_score,checkpoint_robust_score,0.7657842784987717,86.46888055979196,-0.1721201422953358,1.0062456627342125,2.714081141681454,10.263367315723391,-0.0371218892453178,18.370967741935484,1.2429634307598585,5.259880036962894,-0.0758796921559027,18.21311475409836,2.350381408331424,2.350381408331424
base_macro_xsec_dispersion_correlation_regime__fold_01__seed999,custom_custom,base_macro_xsec_dispersion_correlation_regime,market_internal_dispersion_correlation,False,Baseline technical and macro features plus causal cross-sectional dispersion/correlation regime context.,fold_01,999,18,2.1716810272437934,1.4082711588700063,best_model,checkpoint_robust_score,checkpoint_robust_score,1.0284811811241634,135.9204506382316,-0.196206690083568,0.4531575294934074,2.233533067924633,7.592397068198764,-0.0385935237999394,8.064516129032258,3.145420201940704,11.425839554458616,-0.0454634018988876,8.19672131147541,2.164768108248189,2.164768108248189
base_macro_xsec_dispersion_correlation_regime__fold_02__seed42,custom_custom,base_macro_xsec_dispersion_correlation_regime,market_internal_dispersion_correlation,False,Baseline technical and macro features plus causal cross-sectional dispersion/correlation regime context.,fold_02,42,18,0.8645754219866219,-1.6440284263252962,checkpoint,checkpoint_robust_score,checkpoint_robust_score,1.004909485171844,147.04566509761153,-0.1829336206998401,0.3514376996805112,0.868820042200806,2.25198258068926,-0.0419416306330253,8.59375,-1.4283648467392684,-3.1326773204802816,-0.0475887268708735,8.73015873015873,0.6899084717929578,0.6899084717929578
base_macro_xsec_dispersion_correlation_regime__fold_02__seed123,custom_custom,base_macro_xsec_dispersion_correlation_regime,market_internal_dispersion_correlation,False,Baseline technical and macro features plus causal cross-sectional dispersion/correlation regime context.,fold_02,123,18,-0.0814783980454315,18.246582195821897,checkpoint,checkpoint_robust_score,checkpoint_robust_score,0.863039337692383,133.1933906408136,-0.2249399346016536,0.3015974440894569,-0.0703190626853656,-0.3991564676418369,-0.0463121548537804,6.25,-1.283082557221676,-3.110279140230554,-0.0508798620961322,6.349206349206349,-0.7426431576188566,-0.7426431576188566
base_macro_xsec_dispersion_correlation_regime__fold_02__seed999,custom_custom,base_macro_xsec_dispersion_correlation_regime,market_internal_dispersion_correlation,False,Baseline technical and macro features plus causal cross-sectional dispersion/correlation regime context.,fold_02,999,18,0.1618884688433189,5.679450071885023,checkpoint,checkpoint_robust_score,checkpoint_robust_score,0.933153932025806,126.981285779961,-0.1801997962015766,0.5431309904153354,0.1510668612507802,0.2803496330997967,-0.046701633382983,13.28125,0.8579766959901886,1.7324446139066918,-0.0232052217688611,13.492063492063492,-0.7347353127636154,-0.7347353127636154
base_macro_xsec_dispersion_correlation_regime__fold_03__seed42,custom_custom,base_macro_xsec_dispersion_correlation_regime,market_internal_dispersion_correlation,False,Baseline technical and macro features plus causal cross-sectional dispersion/correlation regime context.,fold_03,42,18,7.525406455571984,0.5066708276696528,checkpoint,checkpoint_robust_score,checkpoint_robust_score,0.7001938882502168,96.68914462944038,-0.2087688287743683,0.3839338452451269,5.26924360679023,12.172750572986056,-0.0136747635908559,10.483870967741936,2.669772019445432,5.080918091017961,-0.035474251676147,10.655737704918034,5.778407440005237,5.778407440005237
base_macro_xsec_dispersion_correlation_regime__fold_03__seed123,custom_custom,base_macro_xsec_dispersion_correlation_regime,market_internal_dispersion_correlation,False,Baseline technical and macro features plus causal cross-sectional dispersion/correlation regime context.,fold_03,123,18,5.943104706365699,0.4047396185230698,checkpoint,checkpoint_robust_score,checkpoint_robust_score,0.7949884856876658,114.96174320334588,-0.1947931835978007,0.6709982279976373,4.724699810796907,11.168829299036464,-0.0248344695738532,16.70967741935484,1.9122731990579604,3.5585012246896808,-0.0380846439294261,16.39344262295082,4.591420176311539,4.591420176311539
base_macro_xsec_dispersion_correlation_regime__fold_03__seed999,custom_custom,base_macro_xsec_dispersion_correlation_regime,market_internal_dispersion_correlation,False,Baseline technical and macro features plus causal cross-sectional dispersion/correlation regime context.,fold_03,999,18,4.703385715916275,0.6287840264599389,checkpoint,checkpoint_robust_score,checkpoint_robust_score,0.8160278965339577,115.47531336773922,-0.1708437528432992,0.4134672179562906,3.83809395234702,9.589289714009295,-0.0372698718835812,11.290322580645162,2.4133321692883003,4.872170469698767,-0.0436768167667852,11.475409836065571,3.858312717162528,3.858312717162528
base_macro_xsec_dispersion_correlation_regime__fold_04__seed42,custom_custom,base_macro_xsec_dispersion_correlation_regime,market_internal_dispersion_correlation,False,Baseline technical and macro features plus causal cross-sectional dispersion/correlation regime context.,fold_04,42,18,3.475786919703822,0.7118535337547536,checkpoint,checkpoint_robust_score,checkpoint_robust_score,1.185010671128923,240.02563368778755,-0.1918386840984364,0.3659878921298844,4.118844590419358,7.582620907984938,-0.0150744200722782,10.317460317460318,2.9320140766766705,4.5123428802025245,-0.0220150054345282,10.317460317460318,3.7911476826838,3.7911476826838
base_macro_xsec_dispersion_correlation_regime__fold_04__seed123,custom_custom,base_macro_xsec_dispersion_correlation_regime,market_internal_dispersion_correlation,False,Baseline technical and macro features plus causal cross-sectional dispersion/correlation regime context.,fold_04,123,18,4.112180469004185,1.0957217813429705,best_model,checkpoint_robust_score,checkpoint_robust_score,1.0768822485707066,190.49287874877967,-0.1573885028585546,1.0291689598238856,4.4283341499897695,8.062462142630022,-0.0150487946891427,16.03174603174603,4.852222183208699,9.132940840395198,-0.0166641374663277,15.92063492063492,3.8914969675883455,3.8914969675883455
base_macro_xsec_dispersion_correlation_regime__fold_04__seed999,custom_custom,base_macro_xsec_dispersion_correlation_regime,market_internal_dispersion_correlation,False,Baseline technical and macro features plus causal cross-sectional dispersion/correlation regime context.,fold_04,999,18,3.684777424385963,1.0003547497402532,checkpoint,checkpoint_robust_score,checkpoint_robust_score,1.1792589534008282,230.6255307035975,-0.1699529032371632,0.5421023665382498,4.34530676899639,7.239058152069089,-0.0157646063827959,12.698412698412698,4.346848265444012,7.225770109859875,-0.0185318698859048,12.698412698412698,3.8903650365141167,3.8903650365141167
base_macro_xsec_dispersion_correlation_regime__fold_05__seed42,custom_custom,base_macro_xsec_dispersion_correlation_regime,market_internal_dispersion_correlation,False,Baseline technical and macro features plus causal cross-sectional dispersion/correlation regime context.,fold_05,42,18,8.188613843138397,-0.0574215174792356,checkpoint,checkpoint_robust_score,checkpoint_robust_score,0.7692102265180356,150.59679669531724,-0.2664070907791679,0.5442386831275721,6.298765509149208,12.347382156614303,-0.0086902179222473,12.225806451612904,-0.3616846737812175,-2.55643842361486,-0.0925924865873678,13.35,6.617276660953866,6.617276660953866
base_macro_xsec_dispersion_correlation_regime__fold_05__seed123,custom_custom,base_macro_xsec_dispersion_correlation_regime,market_internal_dispersion_correlation,False,Baseline technical and macro features plus causal cross-sectional dispersion/correlation regime context.,fold_05,123,18,5.204203116857426,-0.1514917556765418,checkpoint,checkpoint_robust_score,checkpoint_robust_score,1.085595250760384,189.4086773220368,-0.1463596532081534,1.6841563786008231,5.6496581876528085,8.037996904627786,-0.0100265832109663,22.483870967741936,-0.8558766378198736,-4.508938779214633,-0.1074788439964586,20.78333333333333,4.748511043932365,4.748511043932365
base_macro_xsec_dispersion_correlation_regime__fold_05__seed999,custom_custom,base_macro_xsec_dispersion_correlation_regime,market_internal_dispersion_correlation,False,Baseline technical and macro features plus causal cross-sectional dispersion/correlation regime context.,fold_05,999,18,5.304314999659097,-0.0639090887686346,checkpoint,checkpoint_robust_score,checkpoint_robust_score,1.2273114583934048,242.37009341299716,-0.1493302350252641,0.7916666666666666,6.510046578009618,10.751682679333175,-0.0082276677249489,14.35483870967742,-0.4160511446419631,-2.689379081046672,-0.109316042336133,16.275,5.799034833768261,5.799034833768261
base_macro_xsec_dispersion_correlation_regime__fold_06__seed42,custom_custom,base_macro_xsec_dispersion_correlation_regime,market_internal_dispersion_correlation,False,Baseline technical and macro features plus causal cross-sectional dispersion/correlation regime context.,fold_06,42,18,1.0243740555811296,4.587523532099782,checkpoint,checkpoint_robust_score,checkpoint_robust_score,1.006566842988085,225.9751473059522,-0.1677187596347142,0.77670372160464,1.0311009591651987,3.518318062835668,-0.0538494479735951,15.158730158730158,4.730199914141005,10.344179156781784,-0.0189119709782968,14.873015873015872,0.6177234852227367,0.6177234852227367
base_macro_xsec_dispersion_correlation_regime__fold_06__seed123,custom_custom,base_macro_xsec_dispersion_correlation_regime,market_internal_dispersion_correlation,False,Baseline technical and macro features plus causal cross-sectional dispersion/correlation regime context.,fold_06,123,18,1.297165465281118,2.7101833667219744,best_model,checkpoint_robust_score,checkpoint_robust_score,1.2255692717916928,332.69849873971083,-0.1787346383644105,0.2658289028516191,1.5897661346779122,5.434444179467768,-0.0546656318089698,8.73015873015873,4.308557735181964,9.364829290901168,-0.0216935997072745,8.73015873015873,1.4743306458272931,1.4743306458272931
base_macro_xsec_dispersion_correlation_regime__fold_06__seed999,custom_custom,base_macro_xsec_dispersion_correlation_regime,market_internal_dispersion_correlation,False,Baseline technical and macro features plus causal cross-sectional dispersion/correlation regime context.,fold_06,999,18,1.6518812859802716,2.003605574880476,best_model,checkpoint_robust_score,checkpoint_robust_score,1.1293727906316895,284.7011106127745,-0.1903630850790117,1.1232479458675688,1.8655897777398036,5.931936449409481,-0.0391037336730858,20.714285714285715,3.737906079119498,8.471375782987245,-0.0199249810687338,21.1984126984127,1.1464476232634644,1.1464476232634644
base_macro_xsec_dispersion_correlation_regime__fold_07__seed42,custom_custom,base_macro_xsec_dispersion_correlation_regime,market_internal_dispersion_correlation,False,Baseline technical and macro features plus causal cross-sectional dispersion/correlation regime context.,fold_07,42,18,-1.0378554855589954,-2.375833884005644,checkpoint,checkpoint_robust_score,checkpoint_robust_score,1.181707385360297,279.33988554613313,-0.1492410786306797,1.8249089253187611,-1.226441492221762,-7.389531203172495,-0.1478465657804798,22.811475409836067,2.913821253970907,8.751179246140083,-0.0297307284105842,25.34426229508197,-3.5879014463909824,-3.5879014463909824
base_macro_xsec_dispersion_correlation_regime__fold_07__seed123,custom_custom,base_macro_xsec_dispersion_correlation_regime,market_internal_dispersion_correlation,False,Baseline technical and macro features plus causal cross-sectional dispersion/correlation regime context.,fold_07,123,18,-0.8486030345859927,-5.081426080753142,checkpoint,checkpoint_robust_score,checkpoint_robust_score,0.99153181553841,208.72935087824573,-0.1709970676116781,0.9403460837887068,-0.8414169075544534,-4.44577980611327,-0.133575700469529,10.4672131147541,4.275597818833855,9.622676794185823,-0.0210509176291686,9.78688524590164,-2.316678248526711,-2.316678248526711
base_macro_xsec_dispersion_correlation_regime__fold_07__seed999,custom_custom,base_macro_xsec_dispersion_correlation_regime,market_internal_dispersion_correlation,False,Baseline technical and macro features plus causal cross-sectional dispersion/correlation regime context.,fold_07,999,18,-1.153145517368474,-2.6331167251321825,best_model,checkpoint_robust_score,checkpoint_robust_score,1.2065309929675914,324.5947450334209,-0.1517747619139969,0.3670309653916211,-1.3913058061067116,-8.730028159955038,-0.1443863836903859,11.475409836065571,3.663470587833096,9.041028715420518,-0.0238454025011739,11.475409836065571,-3.292358747034001,-3.292358747034001
base_macro_xsec_dispersion_correlation_regime__fold_08__seed42,custom_custom,base_macro_xsec_dispersion_correlation_regime,market_internal_dispersion_correlation,False,Baseline technical and macro features plus causal cross-sectional dispersion/correlation regime context.,fold_08,42,18,1.0715359652873782,-0.3451013320019361,last_model,checkpoint_robust_score,checkpoint_robust_score,0.938650491658302,268.5319127388788,-0.1988088776402254,0.2371711944803794,1.005797760646551,3.210925986730939,-0.0632180567345357,8.73015873015873,-0.3471021469236891,-1.7103919010825974,-0.077307970845983,8.746031746031745,0.914504062169856,0.914504062169856
base_macro_xsec_dispersion_correlation_regime__fold_08__seed123,custom_custom,base_macro_xsec_dispersion_correlation_regime,market_internal_dispersion_correlation,False,Baseline technical and macro features plus causal cross-sectional dispersion/correlation regime context.,fold_08,123,18,2.154425080796444,-0.3200065678132854,checkpoint,checkpoint_robust_score,checkpoint_robust_score,0.9679751010456518,225.08330275301225,-0.1709863575686075,0.8736524363949978,2.0854298352792244,4.923942567088502,-0.0298082048163148,9.46031746031746,-0.6673512440031298,-2.660810030203975,-0.0555817810754449,8.793650793650794,1.9723727630787249,1.9723727630787249
base_macro_xsec_dispersion_correlation_regime__fold_08__seed999,custom_custom,base_macro_xsec_dispersion_correlation_regime,market_internal_dispersion_correlation,False,Baseline technical and macro features plus causal cross-sectional dispersion/correlation regime context.,fold_08,999,18,2.319434099560621,-0.2147478366089418,checkpoint,checkpoint_robust_score,checkpoint_robust_score,0.9140809665192604,227.89013116157807,-0.1827022758664802,0.2591634325140146,2.1201505635041027,5.672691310533162,-0.044046398101732,9.523809523809524,-0.455297746797735,-2.067435739022805,-0.051653427145312,9.523809523809524,2.029233023404976,2.029233023404976
base_macro_xsec_dispersion_correlation_regime__fold_09__seed42,custom_custom,base_macro_xsec_dispersion_correlation_regime,market_internal_dispersion_correlation,False,Baseline technical and macro features plus causal cross-sectional dispersion/correlation regime context.,fold_09,42,18,5.291983146688333,-0.2141330385911948,checkpoint,checkpoint_robust_score,checkpoint_robust_score,1.0610246333246902,281.4477617588075,-0.1559111455835027,0.7008581937065795,5.614924477775428,12.899219919604477,-0.0183575146251153,14.088709677419354,-1.2023408398861304,-19.87148079618152,-0.3271345774434598,12.451612903225806,5.166982398225107,5.166982398225107
base_macro_xsec_dispersion_correlation_regime__fold_09__seed123,custom_custom,base_macro_xsec_dispersion_correlation_regime,market_internal_dispersion_correlation,False,Baseline technical and macro features plus causal cross-sectional dispersion/correlation regime context.,fold_09,123,18,7.633847762989138,-0.2178867780793166,checkpoint,checkpoint_robust_score,checkpoint_robust_score,0.7753892414295073,206.29421934069563,-0.2345477781621743,0.2889252145484266,5.919203426132489,16.025746886159496,-0.019607807830547,8.870967741935484,-1.2897161633160603,-19.63806752020417,-0.2870950101178298,8.870967741935484,6.345206010652816,6.345206010652816
base_macro_xsec_dispersion_correlation_regime__fold_09__seed999,custom_custom,base_macro_xsec_dispersion_correlation_regime,market_internal_dispersion_correlation,False,Baseline technical and macro features plus causal cross-sectional dispersion/correlation regime context.,fold_09,999,18,4.89763251485316,-0.2709692313245447,checkpoint,checkpoint_robust_score,checkpoint_robust_score,0.9628230599462388,258.0907136230341,-0.1939924227184406,0.4160196158561504,4.715553524443112,10.17269377537231,-0.0213848473393465,19.06451612903226,-1.277769913788098,-20.21352390147171,-0.3153282905162005,16.919354838709676,4.160904950882266,4.160904950882266
base_macro_xsec_dispersion_correlation_regime__fold_10__seed42,custom_custom,base_macro_xsec_dispersion_correlation_regime,market_internal_dispersion_correlation,False,Baseline technical and macro features plus causal cross-sectional dispersion/correlation regime context.,fold_10,42,18,3.985891347985467,0.5564309657893812,checkpoint,checkpoint_robust_score,checkpoint_robust_score,0.6412405770137712,167.4293805511039,-0.3238497501015455,0.2528199144301828,2.5559152678963994,19.39459371716461,-0.0677347521003298,10.483870967741936,1.4221904009914186,6.50327450153807,-0.1025402186397699,10.317460317460318,2.7498740742852634,2.7498740742852634
base_macro_xsec_dispersion_correlation_regime__fold_10__seed123,custom_custom,base_macro_xsec_dispersion_correlation_regime,market_internal_dispersion_correlation,False,Baseline technical and macro features plus causal cross-sectional dispersion/correlation regime context.,fold_10,123,18,3.747868670947404,0.6084984850333228,checkpoint,checkpoint_robust_score,checkpoint_robust_score,0.5930672287090549,141.1552143889728,-0.3227109568199975,0.3325554259043173,2.2227380862442656,16.399379112593905,-0.0777561227527244,11.290322580645162,1.3525327581055029,5.875951525836154,-0.0943683954968798,11.11111111111111,2.391815579631003,2.391815579631003
base_macro_xsec_dispersion_correlation_regime__fold_10__seed999,custom_custom,base_macro_xsec_dispersion_correlation_regime,market_internal_dispersion_correlation,False,Baseline technical and macro features plus causal cross-sectional dispersion/correlation regime context.,fold_10,999,18,3.7514387604361232,0.5787947827006473,checkpoint,checkpoint_robust_score,checkpoint_robust_score,0.602099373681887,155.9885525717642,-0.3870842184247036,0.3695060287825749,2.2587389280645445,19.603986949371357,-0.0951746393203119,13.709677419354838,1.3073463070466111,5.744973966514944,-0.0956047610804915,13.507936507936508,2.2969173152834843,2.2969173152834843
base_macro_xsec_dispersion_correlation_regime__fold_11__seed42,custom_custom,base_macro_xsec_dispersion_correlation_regime,market_internal_dispersion_correlation,False,Baseline technical and macro features plus causal cross-sectional dispersion/correlation regime context.,fold_11,42,18,4.096580692579899,0.9695984066482932,checkpoint,checkpoint_robust_score,checkpoint_robust_score,0.6087352722605991,188.6174570197508,-0.4084227105168374,0.2777777777777778,2.493733163235138,13.072169481604012,-0.091081536954474,12.112903225806452,2.417919701678798,9.653938049343823,-0.044971209533784,12.295081967213116,2.6530338288112443,2.6530338288112443
base_macro_xsec_dispersion_correlation_regime__fold_11__seed123,custom_custom,base_macro_xsec_dispersion_correlation_regime,market_internal_dispersion_correlation,False,Baseline technical and macro features plus causal cross-sectional dispersion/correlation regime context.,fold_11,123,18,3.760231347643771,0.7210473748904503,checkpoint,checkpoint_robust_score,checkpoint_robust_score,0.7451517287643556,239.66042011145493,-0.3488018858654739,0.2222222222222222,2.801942889250679,10.939064559343702,-0.0717164303441054,9.693548387096774,2.020333564887166,6.048523544795992,-0.048974163803506,9.836065573770492,2.906297892366536,2.906297892366536
base_macro_xsec_dispersion_correlation_regime__fold_11__seed999,custom_custom,base_macro_xsec_dispersion_correlation_regime,market_internal_dispersion_correlation,False,Baseline technical and macro features plus causal cross-sectional dispersion/correlation regime context.,fold_11,999,18,4.434036954950352,0.7993220771019696,checkpoint,checkpoint_robust_score,checkpoint_robust_score,0.6915628903760304,219.4960715840476,-0.3387588337550538,0.2666666666666666,3.0664154125995973,13.593311207106783,-0.0745802614413596,10.483870967741936,2.451053536856603,8.197711946701048,-0.0478641149995001,10.655737704918034,3.2554783895227386,3.2554783895227386
base_macro_xsec_dispersion_correlation_regime__fold_12__seed42,custom_custom,base_macro_xsec_dispersion_correlation_regime,market_internal_dispersion_correlation,False,Baseline technical and macro features plus causal cross-sectional dispersion/correlation regime context.,fold_12,42,18,2.5064390709390096,-0.125184155989436,checkpoint,checkpoint_robust_score,checkpoint_robust_score,0.7533873384259786,304.3008604416213,-0.3351438103450117,0.2125398512221041,1.888319460581623,5.267536859476496,-0.0556451551869089,9.523809523809524,-0.2363876779113376,-0.9302854589199104,-0.0554992717053741,9.67741935483871,1.8865919009466332,1.8865919009466332
base_macro_xsec_dispersion_correlation_regime__fold_12__seed123,custom_custom,base_macro_xsec_dispersion_correlation_regime,market_internal_dispersion_correlation,False,Baseline technical and macro features plus causal cross-sectional dispersion/correlation regime context.,fold_12,123,18,3.09544280362648,-0.1047569238242246,checkpoint,checkpoint_robust_score,checkpoint_robust_score,0.7894720211700819,313.4345807541226,-0.3253035851379948,0.2153737159050655,2.4437654865953817,7.190952335854361,-0.0379265851161266,9.61904761904762,-0.2560013549235417,-0.959334802553935,-0.0635702381457941,10.830645161290322,2.463422715501801,2.463422715501801
base_macro_xsec_dispersion_correlation_regime__fold_12__seed999,custom_custom,base_macro_xsec_dispersion_correlation_regime,market_internal_dispersion_correlation,False,Baseline technical and macro features plus causal cross-sectional dispersion/correlation regime context.,fold_12,999,18,2.3446167924092927,-0.2213826819855615,last_model,checkpoint_robust_score,checkpoint_robust_score,0.9664749284157256,495.6132663562906,-0.3428072617856871,0.1771165426850867,2.266013346606079,6.344763696827727,-0.0376812635750053,7.936507936507937,-0.5016561120867317,-1.6660551226757137,-0.0503602795654701,8.064516129032258,2.2311972543998104,2.2311972543998104
base_macro_xsec_dispersion_correlation_regime__fold_13__seed42,custom_custom,base_macro_xsec_dispersion_correlation_regime,market_internal_dispersion_correlation,False,Baseline technical and macro features plus causal cross-sectional dispersion/correlation regime context.,fold_13,42,18,3.793530708190403,-0.0845118768951088,checkpoint,checkpoint_robust_score,checkpoint_robust_score,1.0172896991903615,534.6485788919206,-0.2849167422874571,0.2201897018970189,3.859119713004415,12.27429392106554,-0.0392076415254328,10.483870967741936,-0.326141450108917,-1.4934634297241178,-0.0943039621704712,10.655737704918034,3.664100643496497,3.664100643496497
base_macro_xsec_dispersion_correlation_regime__fold_13__seed123,custom_custom,base_macro_xsec_dispersion_correlation_regime,market_internal_dispersion_correlation,False,Baseline technical and macro features plus causal cross-sectional dispersion/correlation regime context.,fold_13,123,18,2.8495465360318657,-0.3793315805638895,checkpoint,checkpoint_robust_score,checkpoint_robust_score,0.9488144562950857,464.3273750242805,-0.3486901248212338,0.3387533875338753,2.7036909472726194,9.014899512112784,-0.0489279999136186,16.129032258064516,-1.0255953603852024,-4.77735937020034,-0.1136124695107191,16.39344262295082,2.275481050147048,2.275481050147048
base_macro_xsec_dispersion_correlation_regime__fold_13__seed999,custom_custom,base_macro_xsec_dispersion_correlation_regime,market_internal_dispersion_correlation,False,Baseline technical and macro features plus causal cross-sectional dispersion/correlation regime context.,fold_13,999,18,3.4324536143419917,-0.3940947910193209,checkpoint,checkpoint_robust_score,checkpoint_robust_score,0.910392304319605,431.6445647832822,-0.3456249160670325,0.3650067750677507,3.1248793554309624,10.692943318767512,-0.0481255099383454,16.93548387096774,-1.2314986765391551,-5.245663877256012,-0.111453524850441,17.21311475409836,2.699580908019463,2.699580908019463
base_macro_xsec_dispersion_correlation_regime__fold_14__seed42,custom_custom,base_macro_xsec_dispersion_correlation_regime,market_internal_dispersion_correlation,False,Baseline technical and macro features plus causal cross-sectional dispersion/correlation regime context.,fold_14,42,18,-1.784952141635736,0.6526727182393521,checkpoint,checkpoint_robust_score,checkpoint_robust_score,0.8144526651751911,359.97055650934226,-0.3404229574653648,1.5749349804941482,-1.4537590289653903,-8.378634936235086,-0.1371517236788917,14.830645161290322,-0.9488288570998424,-4.78112360029751,-0.1305092259703191,12.841269841269842,-3.6276138019195066,-3.6276138019195066
base_macro_xsec_dispersion_correlation_regime__fold_14__seed123,custom_custom,base_macro_xsec_dispersion_correlation_regime,market_internal_dispersion_correlation,False,Baseline technical and macro features plus causal cross-sectional dispersion/correlation regime context.,fold_14,123,18,-2.239797984476462,0.4877671567664726,checkpoint,checkpoint_robust_score,checkpoint_robust_score,0.8192363489456225,348.5459985001122,-0.3002645100102258,0.6264629388816645,-1.8349239231782608,-8.336735653743377,-0.1252700073637349,8.887096774193548,-0.8950156248914415,-3.848834107987564,-0.1324337902575406,8.73015873015873,-4.004691152434432,-4.004691152434432
base_macro_xsec_dispersion_correlation_regime__fold_14__seed999,custom_custom,base_macro_xsec_dispersion_correlation_regime,market_internal_dispersion_correlation,False,Baseline technical and macro features plus causal cross-sectional dispersion/correlation regime context.,fold_14,999,18,-1.3364345698709394,0.894739870299341,last_model,checkpoint_robust_score,checkpoint_robust_score,0.8566102475755439,414.62841785261287,-0.3195071840140028,0.2600780234070221,-1.144803547765661,-6.830213565391563,-0.1346363184535273,9.67741935483871,-1.024301377846073,-4.765348705372596,-0.1382619697173934,9.523809523809524,-2.8103850751772,-2.8103850751772
base_macro_breadth_internal_structure__fold_01__seed42,custom_custom,base_macro_breadth_internal_structure,market_internal_breadth,False,Baseline technical and macro features plus causal internal breadth and participation context.,fold_01,42,20,2.665159582010831,0.6718190594279058,checkpoint,checkpoint_robust_score,checkpoint_robust_score,0.9448743225162768,115.70545343249488,-0.1472825531349294,1.0742539902845247,2.518240854450248,9.300260011396254,-0.047501705336263,9.008064516129032,1.6918022022496912,6.886657078845548,-0.0753983582092865,9.28688524590164,2.4452150256370717,2.4452150256370717
base_macro_breadth_internal_structure__fold_01__seed123,custom_custom,base_macro_breadth_internal_structure,market_internal_breadth,False,Baseline technical and macro features plus causal internal breadth and participation context.,fold_01,123,20,3.1630194452554914,0.6823781959742371,best_model,checkpoint_robust_score,checkpoint_robust_score,0.6577544110744359,70.89721113664824,-0.2080210671637138,0.63705759888966,2.0804899924310147,7.765625794509745,-0.0447991427621305,13.193548387096774,1.41968100777753,5.509756662327825,-0.0668927058560009,13.024590163934429,2.0254320111645825,2.0254320111645825
base_macro_breadth_internal_structure__fold_01__seed999,custom_custom,base_macro_breadth_internal_structure,market_internal_breadth,False,Baseline technical and macro features plus causal internal breadth and participation context.,fold_01,999,20,2.570286014921531,0.5054048640480988,checkpoint,checkpoint_robust_score,checkpoint_robust_score,0.8706518176978155,110.33241440814824,-0.2278861463937318,0.4718945176960444,2.2378241908947056,8.420814311627023,-0.0481750869906518,10.483870967741936,1.1310072309626855,4.590615811614818,-0.07876263528557,10.655737704918034,2.129902908412168,2.129902908412168
base_macro_breadth_internal_structure__fold_02__seed42,custom_custom,base_macro_breadth_internal_structure,market_internal_breadth,False,Baseline technical and macro features plus causal internal breadth and participation context.,fold_02,42,20,0.7760713882794463,-0.6994099181678333,checkpoint,checkpoint_robust_score,checkpoint_robust_score,0.8386253194611869,106.98200162727652,-0.1369012681763094,0.4044728434504792,0.6508331159205375,1.8352651673032796,-0.0491766475042684,7.03125,-0.455199136346899,-1.1597401895233506,-0.0444616004739469,7.142857142857143,0.5002506658286896,0.5002506658286896
base_macro_breadth_internal_structure__fold_02__seed123,custom_custom,base_macro_breadth_internal_structure,market_internal_breadth,False,Baseline technical and macro features plus causal internal breadth and participation context.,fold_02,123,20,0.0197978893392434,-28.93424216142661,last_model,checkpoint_robust_score,checkpoint_robust_score,1.2251616077768333,207.5375523004139,-0.1594377136021322,0.7399361022364217,0.0242556139334553,-0.0956522305240348,-0.037529754932398,14.46875,-0.7018178073246707,-1.6138018837875023,-0.0416398890923935,14.531746031746032,-1.1163226981362315,-1.1163226981362315
base_macro_breadth_internal_structure__fold_02__seed999,custom_custom,base_macro_breadth_internal_structure,market_internal_breadth,False,Baseline technical and macro features plus causal internal breadth and participation context.,fold_02,999,20,0.049916269961605,-9.460858613165836,checkpoint,checkpoint_robust_score,checkpoint_robust_score,1.0639444575265042,182.33946011970465,-0.1976371105581481,0.645367412140575,0.0531081387660464,-0.042547539885307,-0.0630705825647707,8.484375,-0.502448592073957,-1.256329410071544,-0.0368347337762969,8.412698412698413,-0.7137396865700291,-0.7137396865700291
base_macro_breadth_internal_structure__fold_03__seed42,custom_custom,base_macro_breadth_internal_structure,market_internal_breadth,False,Baseline technical and macro features plus causal internal breadth and participation context.,fold_03,42,20,7.139773437554029,0.4308242902046285,best_model,checkpoint_robust_score,checkpoint_robust_score,0.7639875097109112,101.74069122709776,-0.1737197578666499,0.852333136444182,5.454697728457015,12.015939187734093,-0.0135330702366256,16.233870967741936,2.350016277143293,3.900564728476197,-0.024481643477518,16.42622950819672,5.49882299962903,5.49882299962903
base_macro_breadth_internal_structure__fold_03__seed123,custom_custom,base_macro_breadth_internal_structure,market_internal_breadth,False,Baseline technical and macro features plus causal internal breadth and participation context.,fold_03,123,20,7.844032656464168,0.2797412704320261,checkpoint,checkpoint_robust_score,checkpoint_robust_score,0.707306748052833,113.99014909008224,-0.2741464753587396,0.5829887773183697,5.548137229863896,14.743775620457878,-0.0218666200533198,13.048387096774194,1.5520429572133485,3.5455468390518607,-0.0422673170084637,12.950819672131148,5.9446519741484405,5.9446519741484405
base_macro_breadth_internal_structure__fold_03__seed999,custom_custom,base_macro_breadth_internal_structure,market_internal_breadth,False,Baseline technical and macro features plus causal internal breadth and participation context.,fold_03,999,20,5.910248139746555,0.3088979973284534,checkpoint,checkpoint_robust_score,checkpoint_robust_score,0.969805381560852,170.57886876288762,-0.1909972362456466,1.0017720023626695,5.731790452286224,15.394590822258248,-0.0242312561599865,11.67741935483871,1.770538591817565,3.838075409398467,-0.039713887298831,13.254098360655735,5.547388433085703,5.547388433085703
base_macro_breadth_internal_structure__fold_04__seed42,custom_custom,base_macro_breadth_internal_structure,market_internal_breadth,False,Baseline technical and macro features plus causal internal breadth and participation context.,fold_04,42,20,2.980632596842575,0.6878721211994498,best_model,checkpoint_robust_score,checkpoint_robust_score,0.9796170145018308,170.2902893188485,-0.2131869066052388,0.3891029168959823,2.919878405845762,6.113735903332507,-0.0240695465865681,8.73015873015873,2.0085029526735925,3.527358334820585,-0.0259345209505743,8.73015873015873,2.845093436603694,2.845093436603694
base_macro_breadth_internal_structure__fold_04__seed123,custom_custom,base_macro_breadth_internal_structure,market_internal_breadth,False,Baseline technical and macro features plus causal internal breadth and participation context.,fold_04,123,20,3.593331228566975,1.574585226382685,best_model,checkpoint_robust_score,checkpoint_robust_score,0.9330595885769964,170.13065857678845,-0.1973285876933441,0.4953219592735278,3.3527921577475746,7.054999881393442,-0.0182302634846175,14.285714285714286,5.279256998721055,9.65090584436876,-0.0156206408580441,14.285714285714286,3.047442947902138,3.047442947902138
base_macro_breadth_internal_structure__fold_04__seed999,custom_custom,base_macro_breadth_internal_structure,market_internal_breadth,False,Baseline technical and macro features plus causal internal breadth and participation context.,fold_04,999,20,4.028031082535945,0.970963885577964,best_model,checkpoint_robust_score,checkpoint_robust_score,1.191597398499377,207.9365694488945,-0.1546537907441554,0.4402861860209136,4.799791359024462,8.121790753095448,-0.0124413616149727,12.698412698412698,4.660424067921928,7.8192532221015965,-0.0164559709066061,12.698412698412698,4.310569580646131,4.310569580646131
base_macro_breadth_internal_structure__fold_05__seed42,custom_custom,base_macro_breadth_internal_structure,market_internal_breadth,False,Baseline technical and macro features plus causal internal breadth and participation context.,fold_05,42,20,6.498068529318693,-0.2291908073317749,checkpoint,checkpoint_robust_score,checkpoint_robust_score,0.8287412531500934,163.2809315106943,-0.2092831563715994,1.396604938271605,5.385217456042758,9.14136671506942,-0.0076091484925822,13.209677419354838,-1.234242336407607,-6.887146791850862,-0.1143339861250505,18.45833333333333,5.4035299844748685,5.4035299844748685
base_macro_breadth_internal_structure__fold_05__seed123,custom_custom,base_macro_breadth_internal_structure,market_internal_breadth,False,Baseline technical and macro features plus causal internal breadth and participation context.,fold_05,123,20,6.243989865307533,-0.0390480730589392,checkpoint,checkpoint_robust_score,checkpoint_robust_score,0.9877760945738472,178.7561628305128,-0.1584967311326636,0.5015432098765432,6.1676639237121575,10.38304810402586,-0.0063557507646027,14.64516129032258,-0.2408353914960961,-1.8798555215993384,-0.0882050989284511,14.866666666666667,5.807205996778796,5.807205996778796
base_macro_breadth_internal_structure__fold_05__seed999,custom_custom,base_macro_breadth_internal_structure,market_internal_breadth,False,Baseline technical and macro features plus causal internal breadth and participation context.,fold_05,999,20,6.303050275741875,-0.0460993602573268,checkpoint,checkpoint_robust_score,checkpoint_robust_score,1.0105094573400235,212.89496863460295,-0.2305012587025532,0.7554012345679012,6.3692919137268085,11.515810752954517,-0.006944772314366,11.338709677419354,-0.2936202825149711,-2.2845172434425187,-0.0933232177835587,11.941666666666666,6.132155689398687,6.132155689398687
base_macro_breadth_internal_structure__fold_06__seed42,custom_custom,base_macro_breadth_internal_structure,market_internal_breadth,False,Baseline technical and macro features plus causal internal breadth and participation context.,fold_06,42,20,1.0607411272420697,3.8238702167403193,best_model,checkpoint_robust_score,checkpoint_robust_score,1.038598963492785,223.43816098692616,-0.1576402842015779,0.4108264862252296,1.1016846352877818,3.466578388476149,-0.0463867852362492,14.063492063492063,4.212699065117369,8.228828086711527,-0.0210754969631957,13.698412698412698,0.7430507629960289,0.7430507629960289
base_macro_breadth_internal_structure__fold_06__seed123,custom_custom,base_macro_breadth_internal_structure,market_internal_breadth,False,Baseline technical and macro features plus causal internal breadth and participation context.,fold_06,123,20,1.1298944268035649,3.544538028429694,checkpoint,checkpoint_robust_score,checkpoint_robust_score,1.112200477327188,253.86982224232244,-0.1809753815677159,0.4349927501208313,1.2566691208202545,3.745073115716546,-0.0429109097721238,14.285714285714286,4.454311487900701,8.58073001756441,-0.0132219450386108,14.285714285714286,0.8829913397160019,0.8829913397160019
base_macro_breadth_internal_structure__fold_06__seed999,custom_custom,base_macro_breadth_internal_structure,market_internal_breadth,False,Baseline technical and macro features plus causal internal breadth and participation context.,fold_06,999,20,1.85611787377964,1.9010455047176744,checkpoint,checkpoint_robust_score,checkpoint_robust_score,1.154142856291022,296.6723159210149,-0.1733788662628095,0.3141614306428226,2.142225184456852,6.442550713542161,-0.0338440713227329,10.317460317460318,4.072467557004689,8.6222310959442,-0.0215315003573911,10.317460317460318,1.926780202416396,1.926780202416396
base_macro_breadth_internal_structure__fold_07__seed42,custom_custom,base_macro_breadth_internal_structure,market_internal_breadth,False,Baseline technical and macro features plus causal internal breadth and participation context.,fold_07,42,20,-1.13188162992412,-3.97010147445842,checkpoint,checkpoint_robust_score,checkpoint_robust_score,1.0012466450388604,225.72210377788804,-0.1708248593232718,0.1598360655737705,-1.133292684542642,-7.110769460091582,-0.1458357480803579,5.754098360655738,4.499286957895684,12.005580309103369,-0.0236851446334928,5.737704918032787,-2.5788285132104325,-2.5788285132104325
base_macro_breadth_internal_structure__fold_07__seed123,custom_custom,base_macro_breadth_internal_structure,market_internal_breadth,False,Baseline technical and macro features plus causal internal breadth and participation context.,fold_07,123,20,-1.7848251781706193,-2.3812653425157926,checkpoint,checkpoint_robust_score,checkpoint_robust_score,1.0214416196663525,237.52683354117767,-0.1832555685981677,0.3902550091074681,-1.823094720811883,-11.021694337580136,-0.1593647062999956,11.475409836065571,4.341272274792842,11.590307035005145,-0.0229378482614891,11.868852459016392,-4.03307821477226,-4.03307821477226
base_macro_breadth_internal_structure__fold_07__seed999,custom_custom,base_macro_breadth_internal_structure,market_internal_breadth,False,Baseline technical and macro features plus causal internal breadth and participation context.,fold_07,999,20,-0.8511917067472495,-2.111931225784594,best_model,checkpoint_robust_score,checkpoint_robust_score,1.3773093763290971,405.5802149204935,-0.1584861125399854,0.4335154826958106,-1.1723543187565542,-7.305624915330133,-0.1400613579131958,14.688524590163937,2.475931693465392,6.716183509285556,-0.0438442423160583,12.024590163934429,-3.111086074697586,-3.111086074697586
base_macro_breadth_internal_structure__fold_08__seed42,custom_custom,base_macro_breadth_internal_structure,market_internal_breadth,False,Baseline technical and macro features plus causal internal breadth and participation context.,fold_08,42,20,1.903513889393401,-0.9627444451504438,checkpoint,checkpoint_robust_score,checkpoint_robust_score,0.8253814872933251,205.9791867198698,-0.2502633036116678,0.2802932298404484,1.5711251251110272,4.716765885821528,-0.0629146107739537,10.317460317460318,-1.5125919868369375,-6.355859026879863,-0.0832232841343527,10.317460317460318,1.4541802362121103,1.4541802362121103
base_macro_breadth_internal_structure__fold_08__seed123,custom_custom,base_macro_breadth_internal_structure,market_internal_breadth,False,Baseline technical and macro features plus causal internal breadth and participation context.,fold_08,123,20,0.9775616362603188,-0.6432688526905977,best_model,checkpoint_robust_score,checkpoint_robust_score,1.0412849470782437,272.6168548106352,-0.1827112500372432,0.3682621819749892,1.0179202166790473,3.046919217114241,-0.0868205590993451,11.904761904761903,-0.6547963699136954,-2.669067575471884,-0.0716223918569385,11.904761904761903,0.7479689825824102,0.7479689825824102
base_macro_breadth_internal_structure__fold_08__seed999,custom_custom,base_macro_breadth_internal_structure,market_internal_breadth,False,Baseline technical and macro features plus causal internal breadth and participation context.,fold_08,999,20,1.837690250997044,-0.5062242268775543,best_model,checkpoint_robust_score,checkpoint_robust_score,0.8328506085889983,240.8730141966137,-0.2813486531974467,0.3954290642518326,1.5305214439409571,5.3188504345262455,-0.0590768966461435,12.158730158730158,-0.7747870346785292,-3.4100190205291536,-0.0842833865811079,12.412698412698411,1.3156840418156146,1.3156840418156146
base_macro_breadth_internal_structure__fold_09__seed42,custom_custom,base_macro_breadth_internal_structure,market_internal_breadth,False,Baseline technical and macro features plus causal internal breadth and participation context.,fold_09,42,20,5.314369646131748,-0.2120180576791512,best_model,checkpoint_robust_score,checkpoint_robust_score,0.9853881420070438,262.5816395618449,-0.1828395887678067,0.4527993461381283,5.236716831540394,11.204015510201671,-0.0153725869394474,13.35483870967742,-1.1102785312389134,-18.622470562131888,-0.2818485589851557,13.016129032258064,4.9395019721720175,4.9395019721720175
base_macro_breadth_internal_structure__fold_09__seed123,custom_custom,base_macro_breadth_internal_structure,market_internal_breadth,False,Baseline technical and macro features plus causal internal breadth and participation context.,fold_09,123,20,5.697880057043185,-0.3280343910462538,best_model,checkpoint_robust_score,checkpoint_robust_score,0.8568892204570917,250.0263159667257,-0.214619702745486,0.2860645688598283,4.882452000337744,11.798956878531698,-0.0191712870034913,11.290322580645162,-1.6016121687433558,-24.232033392455666,-0.3171250713524561,11.290322580645162,4.901329789612023,4.901329789612023
base_macro_breadth_internal_structure__fold_09__seed999,custom_custom,base_macro_breadth_internal_structure,market_internal_breadth,False,Baseline technical and macro features plus causal internal breadth and participation context.,fold_09,999,20,3.525949918857737,-0.5095748389662862,checkpoint,checkpoint_robust_score,checkpoint_robust_score,1.0327092886729534,357.30456253089767,-0.2114294187037919,0.9317531671434408,3.641281232600031,9.968682468518876,-0.0267113399098365,10.258064516129032,-1.855505297733121,-31.634767633094395,-0.4069517029026961,12.112903225806452,3.446789164028327,3.446789164028327
base_macro_breadth_internal_structure__fold_10__seed42,custom_custom,base_macro_breadth_internal_structure,market_internal_breadth,False,Baseline technical and macro features plus causal internal breadth and participation context.,fold_10,42,20,3.2031884517421294,1.2854061093854594,checkpoint,checkpoint_robust_score,checkpoint_robust_score,0.6207513433406643,152.75299113310172,-0.3135084056828129,0.2504861921431349,1.9883835343922291,13.080459031072266,-0.0675081918474742,9.67741935483871,2.5558803429092243,10.47106706648595,-0.071303782405536,9.53968253968254,2.140206438707244,2.140206438707244
base_macro_breadth_internal_structure__fold_10__seed123,custom_custom,base_macro_breadth_internal_structure,market_internal_breadth,False,Baseline technical and macro features plus causal internal breadth and participation context.,fold_10,123,20,4.012324152956723,0.3273058312063509,checkpoint,checkpoint_robust_score,checkpoint_robust_score,0.5211870627467623,117.98835923633727,-0.3379963173796537,0.2994943601711396,2.0911714400674057,14.305086262501176,-0.0657484333822411,12.53225806451613,0.684452606386244,2.483093649802393,-0.0870535832032851,12.571428571428571,2.312802614976003,2.312802614976003
base_macro_breadth_internal_structure__fold_10__seed999,custom_custom,base_macro_breadth_internal_structure,market_internal_breadth,False,Baseline technical and macro features plus causal internal breadth and participation context.,fold_10,999,20,3.164986926427702,0.5498288377167591,checkpoint,checkpoint_robust_score,checkpoint_robust_score,0.7875703834653842,237.7028970237795,-0.3075327325090201,0.3990665110851809,2.492649967309593,16.622246141992214,-0.0613647593345904,14.225806451612904,1.370530834360551,5.319004774796676,-0.087690347687599,13.476190476190476,2.286190738699712,2.286190738699712
base_macro_breadth_internal_structure__fold_11__seed42,custom_custom,base_macro_breadth_internal_structure,market_internal_breadth,False,Baseline technical and macro features plus causal internal breadth and participation context.,fold_11,42,20,3.849397537005771,0.7928356192569062,checkpoint,checkpoint_robust_score,checkpoint_robust_score,0.7200018635044938,261.9107478155747,-0.3996756536602587,0.2962962962962963,2.771573400013764,13.165567296632364,-0.0881095014133745,12.919354838709678,2.1974021129158814,7.651994708084819,-0.0433641932757761,13.114754098360656,2.746033808110718,2.746033808110718
base_macro_breadth_internal_structure__fold_11__seed123,custom_custom,base_macro_breadth_internal_structure,market_internal_breadth,False,Baseline technical and macro features plus causal internal breadth and participation context.,fold_11,123,20,3.872030722384475,0.7424597481020258,checkpoint,checkpoint_robust_score,checkpoint_robust_score,0.7514021485280998,250.6166204992223,-0.3624474234855313,0.3637037037037037,2.909452203966505,12.790991878621671,-0.0707425856772497,15.07258064516129,2.160151150471855,8.37926415056267,-0.0463417603929851,16.557377049180328,2.7486421465718403,2.7486421465718403
base_macro_breadth_internal_structure__fold_11__seed999,custom_custom,base_macro_breadth_internal_structure,market_internal_breadth,False,Baseline technical and macro features plus causal internal breadth and participation context.,fold_11,999,20,4.250193856422219,0.8033299541624962,checkpoint,checkpoint_robust_score,checkpoint_robust_score,0.7295548710736324,249.1494368766346,-0.325264923028348,0.2222222222222222,3.100749630960056,12.304447852413514,-0.0743926909965414,10.193548387096774,2.490925058908519,7.837983799176773,-0.0458661052776074,10.42622950819672,3.241282626293091,3.241282626293091
base_macro_breadth_internal_structure__fold_12__seed42,custom_custom,base_macro_breadth_internal_structure,market_internal_breadth,False,Baseline technical and macro features plus causal internal breadth and participation context.,fold_12,42,20,2.4006872720652326,0.1228156721051139,checkpoint,checkpoint_robust_score,checkpoint_robust_score,0.9270713295024594,436.0607203375944,-0.3422023313692997,0.2479631597591215,2.225608341033148,6.475450455796072,-0.0435757668765317,11.11111111111111,0.2733395842467337,0.6112774432994739,-0.0503673065944082,11.290322580645162,2.051447799977029,2.051447799977029
base_macro_breadth_internal_structure__fold_12__seed123,custom_custom,base_macro_breadth_internal_structure,market_internal_breadth,False,Baseline technical and macro features plus causal internal breadth and participation context.,fold_12,123,20,3.3570667120501767,0.091935537565511,best_model,checkpoint_robust_score,checkpoint_robust_score,0.8049272942793272,306.73054991589936,-0.315439875395103,0.2833864682961388,2.702194625245746,7.040345345570009,-0.0327195130836642,12.698412698412698,0.2484277154786023,0.5567738331298644,-0.0390743594164082,12.903225806451612,2.57493182239606,2.57493182239606
base_macro_breadth_internal_structure__fold_12__seed999,custom_custom,base_macro_breadth_internal_structure,market_internal_breadth,False,Baseline technical and macro features plus causal internal breadth and participation context.,fold_12,999,20,2.557931920684953,0.0976546388409463,checkpoint,checkpoint_robust_score,checkpoint_robust_score,0.9540950207916064,437.6889546145297,-0.3278059702974126,0.2833864682961388,2.4405101090494243,6.634995602812599,-0.0362846778795897,12.698412698412698,0.2383271332869,0.5017074167861901,-0.0483551757051634,12.903225806451612,2.1769918976903275,2.1769918976903275
base_macro_breadth_internal_structure__fold_13__seed42,custom_custom,base_macro_breadth_internal_structure,market_internal_breadth,False,Baseline technical and macro features plus causal internal breadth and participation context.,fold_13,42,20,3.8269701488585146,0.0269342796142582,checkpoint,checkpoint_robust_score,checkpoint_robust_score,0.9182046742192554,471.60605435951686,-0.3836094651508722,0.4271680216802168,3.513941878779448,12.45377850691909,-0.0613996653371483,14.258064516129032,0.0946454931112976,0.0310998621189328,-0.0807916973855855,13.721311475409836,3.225830216943694,3.225830216943694
base_macro_breadth_internal_structure__fold_13__seed123,custom_custom,base_macro_breadth_internal_structure,market_internal_breadth,False,Baseline technical and macro features plus causal internal breadth and participation context.,fold_13,123,20,4.061975554350979,0.0739214885030097,checkpoint,checkpoint_robust_score,checkpoint_robust_score,0.93595549952757,414.1405305832704,-0.3192111992165786,0.3892276422764227,3.801828359041349,12.592042460208884,-0.0442496690568428,11.290322580645162,0.2810368113332914,0.8476054890182327,-0.0765631445316241,11.475409836065571,3.651523206296426,3.651523206296426
base_macro_breadth_internal_structure__fold_13__seed999,custom_custom,base_macro_breadth_internal_structure,market_internal_breadth,False,Baseline technical and macro features plus causal internal breadth and participation context.,fold_13,999,20,4.66926076042209,-0.1605267017097637,checkpoint,checkpoint_robust_score,checkpoint_robust_score,0.8588871562248243,392.8376337745883,-0.3483494130762734,0.2201897018970189,4.0103680961910895,12.700521983459456,-0.0435677256037192,11.403225806451612,-0.6437711631236199,-2.83179812196499,-0.0867690359948879,11.62295081967213,3.967072970467676,3.967072970467676
base_macro_breadth_internal_structure__fold_14__seed42,custom_custom,base_macro_breadth_internal_structure,market_internal_breadth,False,Baseline technical and macro features plus causal internal breadth and participation context.,fold_14,42,20,-1.7311886444321885,0.6396134990175965,checkpoint,checkpoint_robust_score,checkpoint_robust_score,0.8512230789320798,433.9448622365365,-0.3923516777189185,0.2438231469440832,-1.473627728125821,-8.526009789179623,-0.1337972044447146,12.096774193548388,-0.9425521874359076,-4.609363630758246,-0.1460719873397267,11.904761904761903,-3.511459966269244,-3.511459966269244
base_macro_breadth_internal_structure__fold_14__seed123,custom_custom,base_macro_breadth_internal_structure,market_internal_breadth,False,Baseline technical and macro features plus causal internal breadth and participation context.,fold_14,123,20,-1.7689615932954232,0.5134020993359835,checkpoint,checkpoint_robust_score,checkpoint_robust_score,0.8346671271518904,342.76385786591106,-0.3367404943886257,0.3819895968790637,-1.4764940911179216,-7.588397132926961,-0.1395912328807289,14.241935483870968,-0.7580351660371158,-3.549973860696753,-0.1289891037167739,13.746031746031743,-3.630592972647375,-3.630592972647375
base_macro_breadth_internal_structure__fold_14__seed999,custom_custom,base_macro_breadth_internal_structure,market_internal_breadth,False,Baseline technical and macro features plus causal internal breadth and participation context.,fold_14,999,20,-1.257944365480691,0.4340525881738596,best_model,checkpoint_robust_score,checkpoint_robust_score,0.9218228692830952,436.50754431013866,-0.3456976309022805,0.1950585175552665,-1.1596018843859133,-6.217462275999475,-0.1326431430807768,9.67741935483871,-0.5033281991689904,-2.4233853072854528,-0.1182393573622035,9.53968253968254,-2.825516358138321,-2.825516358138321
base_macro_sector_relative_context__fold_01__seed42,custom_custom,base_macro_sector_relative_context,sector_relative_context,False,Baseline technical and macro features plus causal sector-relative return context.,fold_01,42,20,2.5994948546561,0.8871200452178546,checkpoint,checkpoint_robust_score,checkpoint_robust_score,0.9532448692627912,109.6260817386188,-0.1646120887845846,0.6148507980569049,2.477955132875952,8.375983765395855,-0.0400344007001073,12.419354838709678,2.198243669524729,8.737787641531769,-0.0572962432805428,12.565573770491802,2.2291585577354858,2.2291585577354858
base_macro_sector_relative_context__fold_01__seed123,custom_custom,base_macro_sector_relative_context,sector_relative_context,False,Baseline technical and macro features plus causal sector-relative return context.,fold_01,123,20,3.088208930226164,0.8688245096799652,checkpoint,checkpoint_robust_score,checkpoint_robust_score,0.6819932439668185,76.0584395202726,-0.229098075233915,0.4510756419153365,2.10613762637224,7.846180723697271,-0.048347746894327,10.483870967741936,1.829863990551387,7.924928108304607,-0.0646180885244845,10.655737704918034,2.15953189503297,2.15953189503297
base_macro_sector_relative_context__fold_01__seed999,custom_custom,base_macro_sector_relative_context,sector_relative_context,False,Baseline technical and macro features plus causal sector-relative return context.,fold_01,999,20,3.095312516986876,0.6718064374366466,best_model,checkpoint_robust_score,checkpoint_robust_score,0.8687202723525553,102.34990873199864,-0.1715683160104093,0.6745315752949341,2.688960732773112,9.939131983240411,-0.0394979294709548,12.435483870967742,1.8064611302913391,7.578243944524554,-0.0682542093591559,12.60655737704918,2.5095119660758414,2.5095119660758414
base_macro_sector_relative_context__fold_02__seed42,custom_custom,base_macro_sector_relative_context,sector_relative_context,False,Baseline technical and macro features plus causal sector-relative return context.,fold_02,42,20,0.2762789569723822,1.6391241693629437,checkpoint,checkpoint_robust_score,checkpoint_robust_score,1.043966089575322,146.11071361181106,-0.1572863472210371,1.1476038338658148,0.2884258623424064,0.6655548111789811,-0.0396632510125363,14.4296875,0.4727658020347877,0.9670139987396632,-0.0300834040188731,14.452380952380953,-0.6047662823500339,-0.6047662823500339
base_macro_sector_relative_context__fold_02__seed123,custom_custom,base_macro_sector_relative_context,sector_relative_context,False,Baseline technical and macro features plus causal sector-relative return context.,fold_02,123,20,0.8294363837527359,1.0259227285728043,checkpoint,checkpoint_robust_score,checkpoint_robust_score,1.000622928796168,146.1733652251203,-0.178906277130342,0.8281150159744409,0.8299530635607648,2.2890153292654425,-0.0386701355915122,14.765625,0.851467711555618,1.9045139285047477,-0.0327354064166689,15.841269841269842,0.3183730814826802,0.3183730814826802
base_macro_sector_relative_context__fold_02__seed999,custom_custom,base_macro_sector_relative_context,sector_relative_context,False,Baseline technical and macro features plus causal sector-relative return context.,fold_02,999,20,0.2188923124487412,0.4031237944874646,checkpoint,checkpoint_robust_score,checkpoint_robust_score,1.0342397634151432,152.17502182321908,-0.139369901434236,0.3833865814696485,0.2263871334403797,0.5324430438179206,-0.0590362144625135,9.375,0.0912620402556258,0.104793561013583,-0.0338116689202665,9.523809523809524,-0.4544025991399794,-0.4544025991399794
base_macro_sector_relative_context__fold_03__seed42,custom_custom,base_macro_sector_relative_context,sector_relative_context,False,Baseline technical and macro features plus causal sector-relative return context.,fold_03,42,20,7.149999860501235,0.2741400979187965,best_model,checkpoint_robust_score,checkpoint_robust_score,0.6113486081843642,93.54028244115904,-0.2721087466092836,1.3012404016538688,4.371142463235828,13.470105777038842,-0.0205933351870827,32.04838709677419,1.1983054228884793,2.692199944418583,-0.0474409954615319,32.459016393442624,3.953235876785829,3.953235876785829
base_macro_sector_relative_context__fold_03__seed123,custom_custom,base_macro_sector_relative_context,sector_relative_context,False,Baseline technical and macro features plus causal sector-relative return context.,fold_03,123,20,6.074572215298467,0.4084210667760287,checkpoint,checkpoint_robust_score,checkpoint_robust_score,0.7398682234628676,102.6843250113722,-0.2207353348164834,0.61193148257531,4.494382953229773,11.277994332805852,-0.0253308118257336,11.911290322580646,1.8356006802581024,3.59478154929167,-0.0404372835122203,12.10655737704918,4.708305475854214,4.708305475854214
base_macro_sector_relative_context__fold_03__seed999,custom_custom,base_macro_sector_relative_context,sector_relative_context,False,Baseline technical and macro features plus causal sector-relative return context.,fold_03,999,20,6.514133323734876,0.4140601005710917,checkpoint,checkpoint_robust_score,checkpoint_robust_score,0.7566727237563728,120.55716479583924,-0.2363758499533118,0.7968103957471944,4.929067004982623,12.263703492636546,-0.0231251044298752,19.758064516129032,2.040929979804755,4.444653342207006,-0.0340705197793582,21.24590163934426,4.758459933611203,4.758459933611203
base_macro_sector_relative_context__fold_04__seed42,custom_custom,base_macro_sector_relative_context,sector_relative_context,False,Baseline technical and macro features plus causal sector-relative return context.,fold_04,42,20,3.9195678836639383,1.204059570812082,checkpoint,checkpoint_robust_score,checkpoint_robust_score,1.0126609142098686,169.4058220966529,-0.1613245515480619,0.3852504127682994,3.969193196378764,7.133682321188339,-0.0218210429253303,11.11111111111111,4.779145056502051,8.37338537128296,-0.0141246946425408,11.11111111111111,3.748517997053941,3.748517997053941
base_macro_sector_relative_context__fold_04__seed123,custom_custom,base_macro_sector_relative_context,sector_relative_context,False,Baseline technical and macro features plus causal sector-relative return context.,fold_04,123,20,3.904293650986952,0.8815031353592846,checkpoint,checkpoint_robust_score,checkpoint_robust_score,1.0119239068120771,182.2570117124831,-0.1835774003533586,0.4254265272427077,3.950848084648304,6.870523519503013,-0.0141532690170126,11.904761904761903,3.4826849739457044,6.107250945224751,-0.0145973842682962,11.904761904761903,3.6920739781112615,3.6920739781112615
base_macro_sector_relative_context__fold_04__seed999,custom_custom,base_macro_sector_relative_context,sector_relative_context,False,Baseline technical and macro features plus causal sector-relative return context.,fold_04,999,20,3.796023239418069,0.9053778032768052,checkpoint,checkpoint_robust_score,checkpoint_robust_score,1.0261593490708956,204.8256628211252,-0.196690710880234,1.108970831040176,3.8953247364192376,8.467195734810229,-0.023879559296245,14.761904761904765,3.5267405529090494,7.667965367819796,-0.0276037872718608,17.07936507936508,3.4792417906187785,3.4792417906187785
base_macro_sector_relative_context__fold_05__seed42,custom_custom,base_macro_sector_relative_context,sector_relative_context,False,Baseline technical and macro features plus causal sector-relative return context.,fold_05,42,20,6.273130931302456,-0.1125637094595003,best_model,checkpoint_robust_score,checkpoint_robust_score,0.9070187384183792,173.28560284248394,-0.2022057325922499,0.3858024691358024,5.689847303243265,10.716156534842348,-0.0084589714820312,12.096774193548388,-0.6404703187111963,-4.23456569572066,-0.103512646023799,12.5,5.605768524684791,5.605768524684791
base_macro_sector_relative_context__fold_05__seed123,custom_custom,base_macro_sector_relative_context,sector_relative_context,False,Baseline technical and macro features plus causal sector-relative return context.,fold_05,123,20,5.546064042403475,-0.0577811402150903,checkpoint,checkpoint_robust_score,checkpoint_robust_score,1.022594856563679,202.95436112888265,-0.2221222418341104,0.5159465020576132,5.671376563934561,10.549187957418704,-0.008625964415218,12.419354838709678,-0.3276986044532804,-2.443745387409202,-0.1083548822521459,13.683333333333334,5.363595042818963,5.363595042818963
base_macro_sector_relative_context__fold_05__seed999,custom_custom,base_macro_sector_relative_context,sector_relative_context,False,Baseline technical and macro features plus causal sector-relative return context.,fold_05,999,20,7.320703400777165,-0.1130609291753777,checkpoint,checkpoint_robust_score,checkpoint_robust_score,0.918535515766948,165.62570042480016,-0.1742846343148613,0.4598765432098765,6.724326074009703,10.756289096554015,-0.0099212727239715,13.85483870967742,-0.760258554005757,-4.692173316121839,-0.1059447215053148,14.308333333333334,6.560811506140478,6.560811506140478
base_macro_sector_relative_context__fold_06__seed42,custom_custom,base_macro_sector_relative_context,sector_relative_context,False,Baseline technical and macro features plus causal sector-relative return context.,fold_06,42,20,1.1904893641285883,3.4409890732491526,best_model,checkpoint_robust_score,checkpoint_robust_score,1.099084233393984,249.9984178958436,-0.1770432190265175,0.3141614306428226,1.3084480901369608,4.523763072676101,-0.0541291837761829,10.317460317460318,4.502355581075005,10.011883493470776,-0.0239023213823923,10.317460317460318,1.1305560834712909,1.1305560834712909
base_macro_sector_relative_context__fold_06__seed123,custom_custom,base_macro_sector_relative_context,sector_relative_context,False,Baseline technical and macro features plus causal sector-relative return context.,fold_06,123,20,1.2720053056683098,2.89083864855478,best_model,checkpoint_robust_score,checkpoint_robust_score,1.2218651246436345,350.684051285604,-0.1971857987155292,0.4664088931851136,1.5542189213577735,5.582203940571184,-0.0552277668952967,11.476190476190476,4.492996126176173,10.344392718958307,-0.0199497551121458,11.317460317460318,1.3037646489926795,1.3037646489926795
base_macro_sector_relative_context__fold_06__seed999,custom_custom,base_macro_sector_relative_context,sector_relative_context,False,Baseline technical and macro features plus causal sector-relative return context.,fold_06,999,20,0.9689595345910864,3.554571755554272,best_model,checkpoint_robust_score,checkpoint_robust_score,1.1040871141598276,282.3579452552088,-0.2148264552229188,0.3421942967617206,1.069815736284322,3.6210506458030256,-0.0442174257495535,10.047619047619047,3.802736799843749,8.701741650320827,-0.0197477593943469,10.0,0.8901538961788678,0.8901538961788678
base_macro_sector_relative_context__fold_07__seed42,custom_custom,base_macro_sector_relative_context,sector_relative_context,False,Baseline technical and macro features plus causal sector-relative return context.,fold_07,42,20,-1.9519912406407152,-1.911609038257858,checkpoint,checkpoint_robust_score,checkpoint_robust_score,0.9105894318326264,182.0123504510784,-0.1829997930251439,0.273224043715847,-1.7774625947572922,-9.014723408762393,-0.1402870590816085,9.836065573770492,3.3978135613033045,8.203363495428073,-0.0213793608454107,9.836065573770492,-3.9073097228847,-3.9073097228847
base_macro_sector_relative_context__fold_07__seed123,custom_custom,base_macro_sector_relative_context,sector_relative_context,False,Baseline technical and macro features plus causal sector-relative return context.,fold_07,123,20,-1.8792515633881328,-2.525186147531377,checkpoint,checkpoint_robust_score,checkpoint_robust_score,0.9212112338198772,216.62935456160687,-0.1995194032357548,0.5013661202185792,-1.731187651366715,-10.980505680000508,-0.1652259553926828,13.729508196721312,4.371571076008609,11.804482538003125,-0.0260109474123531,13.950819672131148,-4.020263313743203,-4.020263313743203
base_macro_sector_relative_context__fold_07__seed999,custom_custom,base_macro_sector_relative_context,sector_relative_context,False,Baseline technical and macro features plus causal sector-relative return context.,fold_07,999,20,-1.358086841106082,-2.650958646399121,checkpoint,checkpoint_robust_score,checkpoint_robust_score,1.1745788457243156,289.0092791915574,-0.1507500033768648,0.6703096539162113,-1.5951800742197637,-10.776846280036722,-0.1634115699767899,18.049180327868854,4.228756410316475,12.765811640845271,-0.0335913054782127,19.34426229508197,-3.958726263978442,-3.958726263978442
base_macro_sector_relative_context__fold_08__seed42,custom_custom,base_macro_sector_relative_context,sector_relative_context,False,Baseline technical and macro features plus causal sector-relative return context.,fold_08,42,20,1.0602698942862578,-0.665687291900494,best_model,checkpoint_robust_score,checkpoint_robust_score,0.998207764337248,264.14444549051683,-0.1908348865479808,0.7434238896075894,1.0583696407695755,2.9490300280174075,-0.0521713353999523,11.746031746031743,-0.7045432199935974,-2.824264941336807,-0.0665770096182369,11.873015873015872,0.8158887261768685,0.8158887261768685
base_macro_sector_relative_context__fold_08__seed123,custom_custom,base_macro_sector_relative_context,sector_relative_context,False,Baseline technical and macro features plus causal sector-relative return context.,fold_08,123,20,1.7261746111065506,-0.7701965676391243,checkpoint,checkpoint_robust_score,checkpoint_robust_score,1.202607375729172,354.19591941325905,-0.160729667215178,0.523070288917637,2.0759103191131727,5.628750995231657,-0.0524259542429877,9.523809523809524,-1.5988590025076048,-5.961328894576257,-0.0805155146354389,9.523809523809524,1.8929823312012903,1.8929823312012903
base_macro_sector_relative_context__fold_08__seed999,custom_custom,base_macro_sector_relative_context,sector_relative_context,False,Baseline technical and macro features plus causal sector-relative return context.,fold_08,999,20,1.4593329258092376,-0.356335429167647,checkpoint,checkpoint_robust_score,checkpoint_robust_score,0.9893574830583214,299.5971521238728,-0.2190399833151433,0.3316084519189305,1.4438019504227633,4.792976942998894,-0.0777038399092153,12.0,-0.5144777876369812,-2.4161897719512937,-0.071999647197241,12.0,1.18774252688752,1.18774252688752
base_macro_sector_relative_context__fold_09__seed42,custom_custom,base_macro_sector_relative_context,sector_relative_context,False,Baseline technical and macro features plus causal sector-relative return context.,fold_09,42,20,6.075274654706819,-0.2134166349969904,best_model,checkpoint_robust_score,checkpoint_robust_score,1.092564762935865,324.4238406500079,-0.1736773731135822,0.2390682468328565,6.637631012890025,15.284747198178115,-0.0172934077882797,8.870967741935484,-1.416580875122654,-22.49687747025929,-0.3382940730137185,8.887096774193548,6.377926226677854,6.377926226677854
base_macro_sector_relative_context__fold_09__seed123,custom_custom,base_macro_sector_relative_context,sector_relative_context,False,Baseline technical and macro features plus causal sector-relative return context.,fold_09,123,20,5.479589277793562,-0.3168062505252342,best_model,checkpoint_robust_score,checkpoint_robust_score,0.7998078483334693,184.61518050707485,-0.167507966014393,0.3706579485083776,4.382618510023218,9.479222326817329,-0.0202281233259202,13.620967741935484,-1.3884409376429443,-22.43149942832796,-0.3527864580075222,14.290322580645162,4.363419826230187,4.363419826230187
base_macro_sector_relative_context__fold_09__seed999,custom_custom,base_macro_sector_relative_context,sector_relative_context,False,Baseline technical and macro features plus causal sector-relative return context.,fold_09,999,20,6.076189036574053,-0.2465581367837639,checkpoint,checkpoint_robust_score,checkpoint_robust_score,0.8899843138606076,236.367963362644,-0.1852416855146494,0.3269309358398038,5.407712930602705,13.216197897048932,-0.0234802043929166,12.903225806451612,-1.3333156244308706,-22.84073517069699,-0.3491591025436579,12.903225806451612,5.305664766782018,5.305664766782018
base_macro_sector_relative_context__fold_10__seed42,custom_custom,base_macro_sector_relative_context,sector_relative_context,False,Baseline technical and macro features plus causal sector-relative return context.,fold_10,42,20,3.86841438778938,0.9499861708792052,checkpoint,checkpoint_robust_score,checkpoint_robust_score,0.5624237181292859,146.6093890102563,-0.3580556936639888,1.2446518864255154,2.1756880032453285,18.153331028953936,-0.0844471191484032,18.20967741935484,2.0668735152308533,9.867028866947525,-0.1018563801765802,13.666666666666666,2.046061956298414,2.046061956298414
base_macro_sector_relative_context__fold_10__seed123,custom_custom,base_macro_sector_relative_context,sector_relative_context,False,Baseline technical and macro features plus causal sector-relative return context.,fold_10,123,20,3.0841467787854797,0.5976936016213198,checkpoint,checkpoint_robust_score,checkpoint_robust_score,0.8191135391050821,290.55002073735665,-0.331247426151425,0.3111629716063788,2.5262663830905128,19.31261849983521,-0.0643896123682308,11.306451612903226,1.509933253164233,7.244364230492395,-0.1035143695971366,11.11111111111111,2.436452718388545,2.436452718388545
base_macro_sector_relative_context__fold_10__seed999,custom_custom,base_macro_sector_relative_context,sector_relative_context,False,Baseline technical and macro features plus causal sector-relative return context.,fold_10,999,20,3.642811818055425,0.2408767848203622,checkpoint,checkpoint_robust_score,checkpoint_robust_score,0.5952714821055066,149.36917838193068,-0.3560197068245113,0.2528199144301828,2.168461989965308,16.032927073313918,-0.0859249901903853,10.483870967741936,0.5223321521480081,1.9565846366782715,-0.0956305351810745,10.317460317460318,2.3600434011276405,2.3600434011276405
base_macro_sector_relative_context__fold_11__seed42,custom_custom,base_macro_sector_relative_context,sector_relative_context,False,Baseline technical and macro features plus causal sector-relative return context.,fold_11,42,20,4.952846643044565,0.9933757921046088,checkpoint,checkpoint_robust_score,checkpoint_robust_score,0.6113605510447759,190.3147369505778,-0.3839988524462967,1.2648148148148148,3.027975052931994,15.959127996282009,-0.0796381525174921,34.516129032258064,3.0079171166793146,10.77063142522201,-0.035233769906933,26.40983606557377,2.181886035472413,2.181886035472413
base_macro_sector_relative_context__fold_11__seed123,custom_custom,base_macro_sector_relative_context,sector_relative_context,False,Baseline technical and macro features plus causal sector-relative return context.,fold_11,123,20,4.03603629387109,0.9561004663256978,best_model,checkpoint_robust_score,checkpoint_robust_score,0.7526734035763911,272.5617370942498,-0.3960321626923326,0.4522222222222222,3.037817174265797,14.496639857850212,-0.0787557873431564,14.85483870967742,2.904458416927742,10.01872631218106,-0.0417209581141889,15.385245901639344,2.9000120431612,2.9000120431612
base_macro_sector_relative_context__fold_11__seed999,custom_custom,base_macro_sector_relative_context,sector_relative_context,False,Baseline technical and macro features plus causal sector-relative return context.,fold_11,999,20,4.385507697586752,0.98277747991976,best_model,checkpoint_robust_score,checkpoint_robust_score,0.6720133431616672,254.4217830759005,-0.4232925626100242,0.5462962962962963,2.9471196893164984,16.578267423493177,-0.0832348775106698,13.080645161290322,2.8963628612883743,11.789378780281435,-0.0469364750064733,10.57377049180328,3.0234044165020872,3.0234044165020872
base_macro_sector_relative_context__fold_12__seed42,custom_custom,base_macro_sector_relative_context,sector_relative_context,False,Baseline technical and macro features plus causal sector-relative return context.,fold_12,42,20,2.8492474068440035,0.3919718869350724,checkpoint,checkpoint_robust_score,checkpoint_robust_score,0.7603973992618944,342.5629728944233,-0.3581385647781625,1.271696776478923,2.166560318017877,6.589392856368259,-0.0437350209830227,13.61904761904762,0.8492307360121178,2.7515526750354846,-0.0491197531349419,13.193548387096774,1.986314005798001,1.986314005798001
base_macro_sector_relative_context__fold_12__seed123,custom_custom,base_macro_sector_relative_context,sector_relative_context,False,Baseline technical and macro features plus causal sector-relative return context.,fold_12,123,20,3.131162301100673,0.2089192304306321,checkpoint,checkpoint_robust_score,checkpoint_robust_score,0.8630503840119381,381.7272375035648,-0.3353945938092881,0.3854055968827488,2.70235082636864,7.823491520452919,-0.0407846862357916,11.904761904761903,0.5645730549985191,1.6052848256420171,-0.0349277512712183,12.096774193548388,2.555185913067356,2.555185913067356
base_macro_sector_relative_context__fold_12__seed999,custom_custom,base_macro_sector_relative_context,sector_relative_context,False,Baseline technical and macro features plus causal sector-relative return context.,fold_12,999,20,2.3798280903463858,-0.1309079072724036,checkpoint,checkpoint_robust_score,checkpoint_robust_score,0.9068497144942947,471.0703990493792,-0.3917676511149621,0.1948281969535954,2.158146424276123,6.714568579341917,-0.0463164513128897,8.73015873015873,-0.2825184319894083,-1.1129256783573127,-0.0510254078119448,8.870967741935484,2.111992825834493,2.111992825834493
base_macro_sector_relative_context__fold_13__seed42,custom_custom,base_macro_sector_relative_context,sector_relative_context,False,Baseline technical and macro features plus causal sector-relative return context.,fold_13,42,20,4.942200035521547,0.044183311021349,checkpoint,checkpoint_robust_score,checkpoint_robust_score,0.9764945319389786,443.727029245558,-0.3161054044118985,0.3573848238482385,4.826031310435416,15.234345478540035,-0.0328626035917026,13.709677419354838,0.2132300423877366,0.5074329351810514,-0.071217888368221,15.78688524590164,4.519693319067293,4.519693319067293
base_macro_sector_relative_context__fold_13__seed123,custom_custom,base_macro_sector_relative_context,sector_relative_context,False,Baseline technical and macro features plus causal sector-relative return context.,fold_13,123,20,4.225824326390724,-0.3771996611697583,best_model,checkpoint_robust_score,checkpoint_robust_score,0.835000686400051,383.85913098359305,-0.3212104138324368,0.2747289972899729,3.528566213142287,10.982973849491874,-0.0385672980769348,13.693548387096774,-1.330973980012328,-5.341039532795344,-0.0997543865716514,13.885245901639344,3.376322643856726,3.376322643856726
base_macro_sector_relative_context__fold_13__seed999,custom_custom,base_macro_sector_relative_context,sector_relative_context,False,Baseline technical and macro features plus causal sector-relative return context.,fold_13,999,20,2.741812135229553,0.0375494848772038,checkpoint,checkpoint_robust_score,checkpoint_robust_score,1.075082877803292,680.9013875132517,-0.3356900917688613,0.4268292682926829,2.9476752807385767,10.045156800921262,-0.0575863761213111,14.580645161290322,0.1106836883770007,0.0703371934200669,-0.0971621138776593,14.754098360655735,2.5171112913649227,2.5171112913649227
base_macro_sector_relative_context__fold_14__seed42,custom_custom,base_macro_sector_relative_context,sector_relative_context,False,Baseline technical and macro features plus causal sector-relative return context.,fold_14,42,20,-1.4216941317428573,0.617917927675254,best_model,checkpoint_robust_score,checkpoint_robust_score,0.8372415821689254,389.62986764016216,-0.3777359449315276,0.3155071521456437,-1.1903014442206663,-7.1190818291751885,-0.1132404357988148,15.088709677419354,-0.7355086017216962,-3.8015635841957,-0.1544017031812051,18.53968253968254,-3.1632939770178727,-3.1632939770178727
base_macro_sector_relative_context__fold_14__seed123,custom_custom,base_macro_sector_relative_context,sector_relative_context,False,Baseline technical and macro features plus causal sector-relative return context.,fold_14,123,20,-1.2641065268053828,1.0771339746338655,checkpoint,checkpoint_robust_score,checkpoint_robust_score,0.927541856289222,487.1985702908386,-0.279490568528574,0.1628738621586476,-1.172511714420386,-6.673109803262367,-0.1293121190664945,8.064516129032258,-1.2629522032583986,-5.843977649278209,-0.125585007107447,7.936507936507937,-2.7661247669088955,-2.7661247669088955
base_macro_sector_relative_context__fold_14__seed999,custom_custom,base_macro_sector_relative_context,sector_relative_context,False,Baseline technical and macro features plus causal sector-relative return context.,fold_14,999,20,-1.5176575057541957,0.6894481150358319,best_model,checkpoint_robust_score,checkpoint_robust_score,0.8166993461099875,383.3110430663514,-0.3384544825420631,0.2077373211963589,-1.2394698925683665,-7.422095646410797,-0.1451823501940987,9.201612903225806,-0.8545501810749252,-4.143502338485328,-0.1259591277403584,8.912698412698413,-2.9649081333004585,-2.9649081333004585
base_macro_xsec_sector_gated_context__fold_01__seed42,custom_custom,base_macro_xsec_sector_gated_context,xsec_sector_gated_context,False,Baseline technical and macro features plus causal xsec-sector gated interaction context.,fold_01,42,32,2.760123214851591,0.6194110368951268,best_model,checkpoint_robust_score,checkpoint_robust_score,1.0864908972718486,126.9305078353924,-0.1449795528022153,0.6835530881332408,2.9988487482849644,10.593571121880885,-0.0340378638115019,14.935483870967742,1.8575200126668427,7.086752605414559,-0.0590725198921305,15.147540983606556,2.545388645698893,2.545388645698893
base_macro_xsec_sector_gated_context__fold_01__seed123,custom_custom,base_macro_xsec_sector_gated_context,xsec_sector_gated_context,False,Baseline technical and macro features plus causal xsec-sector gated interaction context.,fold_01,123,32,3.1728517611224176,0.7846585058615992,checkpoint,checkpoint_robust_score,checkpoint_robust_score,0.6879519442437689,73.72853745089529,-0.2063293083919913,0.7647467036780013,2.1827695378614336,8.09248064188537,-0.0368490036497993,13.53225806451613,1.712728684218566,7.131841259580973,-0.0606754695250423,13.92622950819672,2.08978369289731,2.08978369289731
base_macro_xsec_sector_gated_context__fold_01__seed999,custom_custom,base_macro_xsec_sector_gated_context,xsec_sector_gated_context,False,Baseline technical and macro features plus causal xsec-sector gated interaction context.,fold_01,999,32,2.95146116001538,0.5942361532699199,checkpoint,checkpoint_robust_score,checkpoint_robust_score,0.7815073272735895,101.30855041634656,-0.2554637313307075,0.520471894517696,2.306588522715428,8.731691106326277,-0.0475842280955487,12.096774193548388,1.370658290914963,6.169352364938407,-0.0772620849188073,12.295081967213116,2.1962243778291937,2.1962243778291937
base_macro_xsec_sector_gated_context__fold_02__seed42,custom_custom,base_macro_xsec_sector_gated_context,xsec_sector_gated_context,False,Baseline technical and macro features plus causal xsec-sector gated interaction context.,fold_02,42,32,0.1012550977195054,0.048987054017332,checkpoint,checkpoint_robust_score,checkpoint_robust_score,0.9760118535324064,142.77527436521905,-0.1973752170604605,0.4792332268370607,0.0988261756048194,0.1203769741783045,-0.0473411215590769,11.71875,0.0048412032026796,-0.0876477144370779,-0.0354246522957882,11.904761904761903,-0.7634211396239168,-0.7634211396239168
base_macro_xsec_sector_gated_context__fold_02__seed123,custom_custom,base_macro_xsec_sector_gated_context,xsec_sector_gated_context,False,Baseline technical and macro features plus causal xsec-sector gated interaction context.,fold_02,123,32,0.6776846101803954,0.3662903661047444,last_model,checkpoint_robust_score,checkpoint_robust_score,0.9845514970957072,130.8525158509679,-0.1799813530368522,0.6587859424920128,0.6672153975118291,1.8268345496570413,-0.0399483968087022,12.921875,0.2443945722253304,0.4571555912527669,-0.03307534533594,13.206349206349206,0.1432487865397399,0.1432487865397399
base_macro_xsec_sector_gated_context__fold_02__seed999,custom_custom,base_macro_xsec_sector_gated_context,xsec_sector_gated_context,False,Baseline technical and macro features plus causal xsec-sector gated interaction context.,fold_02,999,32,0.7699914897513394,-1.5045625073215207,checkpoint,checkpoint_robust_score,checkpoint_robust_score,1.0820384983217306,150.70724303197585,-0.1598543738248528,0.3514376996805112,0.8331604352910514,2.033533162124668,-0.0359328432745736,8.59375,-1.253541953522594,-2.7704820750770187,-0.0398295179449293,8.73015873015873,0.5822693503158252,0.5822693503158252
base_macro_xsec_sector_gated_context__fold_03__seed42,custom_custom,base_macro_xsec_sector_gated_context,xsec_sector_gated_context,False,Baseline technical and macro features plus causal xsec-sector gated interaction context.,fold_03,42,32,6.261026693117849,0.2936836739635796,checkpoint,checkpoint_robust_score,checkpoint_robust_score,0.7486343512309064,100.89045893466216,-0.1774471870171177,0.4725339633786178,4.687219656441668,10.768933452480534,-0.0332642571912126,12.903225806451612,1.3765598893780964,2.519023698197609,-0.0385085086645643,13.114754098360656,4.8515864261674455,4.8515864261674455
base_macro_xsec_sector_gated_context__fold_03__seed123,custom_custom,base_macro_xsec_sector_gated_context,xsec_sector_gated_context,False,Baseline technical and macro features plus causal xsec-sector gated interaction context.,fold_03,123,32,7.628934531894802,0.1517853828060555,best_model,checkpoint_robust_score,checkpoint_robust_score,0.7557788730661053,120.52149675494226,-0.2407467178079193,0.4796219728292971,5.765787543210549,14.83498388700566,-0.0217317113004656,9.67741935483871,0.8751622694245995,1.681285786800446,-0.0420113862948186,9.852459016393444,6.196367455951192,6.196367455951192
base_macro_xsec_sector_gated_context__fold_03__seed999,custom_custom,base_macro_xsec_sector_gated_context,xsec_sector_gated_context,False,Baseline technical and macro features plus causal xsec-sector gated interaction context.,fold_03,999,32,4.0969281483552775,0.9471768720658732,checkpoint,checkpoint_robust_score,checkpoint_robust_score,1.011669746696634,154.72256230138956,-0.1527105472740926,0.4430005906674542,4.144738262080893,7.961041298687022,-0.0234868174550757,12.096774193548388,3.925800222609524,5.82625154996419,-0.0195122164939323,12.295081967213116,3.874901742197823,3.874901742197823
base_macro_xsec_sector_gated_context__fold_04__seed42,custom_custom,base_macro_xsec_sector_gated_context,xsec_sector_gated_context,False,Baseline technical and macro features plus causal xsec-sector gated interaction context.,fold_04,42,32,3.900212416488048,0.8587498504390455,best_model,checkpoint_robust_score,checkpoint_robust_score,1.1291808233978264,194.73802280833047,-0.1728911136981299,0.3577325261419923,4.4040450678764,6.484624079680601,-0.0165329589961737,10.317460317460318,3.781973043365674,7.052285100749978,-0.0175251279896249,10.317460317460318,4.105390616307082,4.105390616307082
base_macro_xsec_sector_gated_context__fold_04__seed123,custom_custom,base_macro_xsec_sector_gated_context,xsec_sector_gated_context,False,Baseline technical and macro features plus causal xsec-sector gated interaction context.,fold_04,123,32,3.881420503129015,0.8702144496342297,best_model,checkpoint_robust_score,checkpoint_robust_score,1.0731888285589664,178.6495290556119,-0.1368356175983196,0.4942212438084755,4.165497122897781,6.66242958782961,-0.0119407265006434,11.904761904761903,3.62487578625546,6.268269104965385,-0.013985215812526,12.015873015873016,3.845254228086191,3.845254228086191
base_macro_xsec_sector_gated_context__fold_04__seed999,custom_custom,base_macro_xsec_sector_gated_context,xsec_sector_gated_context,False,Baseline technical and macro features plus causal xsec-sector gated interaction context.,fold_04,999,32,4.085023506387518,0.8053668229331706,checkpoint,checkpoint_robust_score,checkpoint_robust_score,1.175844186436616,219.52559179409903,-0.1501716676167281,0.5861309851403412,4.803351141442684,8.21580291654298,-0.0157497996620461,14.198412698412698,3.868459648216113,6.807075597758328,-0.0158610097682668,13.761904761904765,4.251986319539352,4.251986319539352
base_macro_xsec_sector_gated_context__fold_05__seed42,custom_custom,base_macro_xsec_sector_gated_context,xsec_sector_gated_context,False,Baseline technical and macro features plus causal xsec-sector gated interaction context.,fold_05,42,32,5.585418725527903,-0.026424424992283,checkpoint,checkpoint_robust_score,checkpoint_robust_score,1.1010188560409349,236.56475698070105,-0.1903264855919296,0.3086419753086419,6.149651335690348,10.919209216443647,-0.0111532689636614,9.67741935483871,-0.1625010004486425,-1.5656899550445469,-0.0969103761441882,10.0,5.852540227109516,5.852540227109516
base_macro_xsec_sector_gated_context__fold_05__seed123,custom_custom,base_macro_xsec_sector_gated_context,xsec_sector_gated_context,False,Baseline technical and macro features plus causal xsec-sector gated interaction context.,fold_05,123,32,6.239496613161313,-0.0685696648999649,best_model,checkpoint_robust_score,checkpoint_robust_score,1.1339092925831846,219.912824947482,-0.1619596238541,0.411522633744856,7.075023190704921,12.18791597099078,-0.0065531090392532,12.903225806451612,-0.4851319693461169,-3.217415309443239,-0.1026519903457395,13.333333333333334,6.533640539742268,6.533640539742268
base_macro_xsec_sector_gated_context__fold_05__seed999,custom_custom,base_macro_xsec_sector_gated_context,xsec_sector_gated_context,False,Baseline technical and macro features plus causal xsec-sector gated interaction context.,fold_05,999,32,6.485148106047093,-0.0799142276941042,checkpoint,checkpoint_robust_score,checkpoint_robust_score,0.9815582289118676,191.0107453839675,-0.185099773888431,0.3858024691358024,6.365550489202736,11.318423813937418,-0.0069998050023061,12.096774193548388,-0.5086980511924639,-3.380765928004248,-0.0954492860964019,12.516666666666667,6.145416345039765,6.145416345039765
base_macro_xsec_sector_gated_context__fold_06__seed42,custom_custom,base_macro_xsec_sector_gated_context,xsec_sector_gated_context,False,Baseline technical and macro features plus causal xsec-sector gated interaction context.,fold_06,42,32,2.522415899275136,1.295840866658627,checkpoint,checkpoint_robust_score,checkpoint_robust_score,1.1784703247177428,281.5171679174362,-0.1426863599285043,0.2663122281295311,2.972592283891967,8.979795498825084,-0.0292241477928121,8.73015873015873,3.8520065613813137,7.651781612525155,-0.0237890764344183,8.73015873015873,2.7880648116400684,2.7880648116400684
base_macro_xsec_sector_gated_context__fold_06__seed123,custom_custom,base_macro_xsec_sector_gated_context,xsec_sector_gated_context,False,Baseline technical and macro features plus causal xsec-sector gated interaction context.,fold_06,123,32,1.17444757560265,3.1976918740855558,best_model,checkpoint_robust_score,checkpoint_robust_score,1.1110650394370338,262.7863160993499,-0.1590831507029926,1.013533107781537,1.304887641903687,3.8233577620576886,-0.046493790625065,10.412698412698411,4.172628609110082,7.7380777234256515,-0.0108101443141862,10.523809523809524,1.1228220828038586,1.1228220828038586
base_macro_xsec_sector_gated_context__fold_06__seed999,custom_custom,base_macro_xsec_sector_gated_context,xsec_sector_gated_context,False,Baseline technical and macro features plus causal xsec-sector gated interaction context.,fold_06,999,32,1.5613457602120888,2.378612681445277,checkpoint,checkpoint_robust_score,checkpoint_robust_score,1.1578509501313077,240.54113763501684,-0.1306136336199465,0.2841952634122764,1.8078056719450557,5.051918470994621,-0.0403552236004663,7.936507936507937,4.30006949687721,7.896381538331587,-0.0166795707939437,7.936507936507937,1.725931616199031,1.725931616199031
base_macro_xsec_sector_gated_context__fold_07__seed42,custom_custom,base_macro_xsec_sector_gated_context,xsec_sector_gated_context,False,Baseline technical and macro features plus causal xsec-sector gated interaction context.,fold_07,42,32,-0.8796227840686106,-3.476777666453292,checkpoint,checkpoint_robust_score,checkpoint_robust_score,1.1886920484934154,279.4008552063987,-0.135423080002605,0.3642987249544626,-1.045600609095998,-7.028078760141376,-0.1399616080995824,13.114754098360656,3.635320845734925,9.077731930957,-0.0234544738257549,13.114754098360656,-2.8052048794042976,-2.8052048794042976
base_macro_xsec_sector_gated_context__fold_07__seed123,custom_custom,base_macro_xsec_sector_gated_context,xsec_sector_gated_context,False,Baseline technical and macro features plus causal xsec-sector gated interaction context.,fold_07,123,32,-1.0043213038446364,-2.9170949549066734,checkpoint,checkpoint_robust_score,checkpoint_robust_score,1.1908603400132431,272.8675514897675,-0.1464818219903436,0.5701275045537341,-1.1960064093789673,-6.57386599190869,-0.1389228262616899,15.59016393442623,3.4888642628354307,8.586085907744788,-0.0243687011682526,16.147540983606557,-3.176322707359344,-3.176322707359344
base_macro_xsec_sector_gated_context__fold_07__seed999,custom_custom,base_macro_xsec_sector_gated_context,xsec_sector_gated_context,False,Baseline technical and macro features plus causal xsec-sector gated interaction context.,fold_07,999,32,-1.0437881092801091,-2.302790808863084,checkpoint,checkpoint_robust_score,checkpoint_robust_score,1.4178218470690478,457.5287512582725,-0.1471081002381087,0.4367030965391621,-1.4799055850482337,-10.44631878482435,-0.1612577810051543,10.78688524590164,3.4079129792342173,10.481223327805278,-0.0438062576580539,10.5,-3.414906064932917,-3.414906064932917
base_macro_xsec_sector_gated_context__fold_08__seed42,custom_custom,base_macro_xsec_sector_gated_context,xsec_sector_gated_context,False,Baseline technical and macro features plus causal xsec-sector gated interaction context.,fold_08,42,32,2.3442895583347285,-0.3420281385497019,best_model,checkpoint_robust_score,checkpoint_robust_score,1.0362437450389652,251.9026554919496,-0.1567012309258411,0.2841742130228546,2.4292553913845207,6.599641584572624,-0.0362378576744278,9.015873015873016,-0.8308736995770751,-3.408606626179877,-0.0534411610682298,8.936507936507937,2.307785224019637,2.307785224019637
base_macro_xsec_sector_gated_context__fold_08__seed123,custom_custom,base_macro_xsec_sector_gated_context,xsec_sector_gated_context,False,Baseline technical and macro features plus causal xsec-sector gated interaction context.,fold_08,123,32,1.7321391235687102,-0.862560928276473,checkpoint,checkpoint_robust_score,checkpoint_robust_score,0.9482431728752078,232.83246495512375,-0.1940822642394873,0.4769297110823631,1.6424890983940754,4.076720738145045,-0.0467252816825308,15.238095238095235,-1.416746921394781,-5.1541969504890535,-0.0673687681282459,17.396825396825395,1.2391744276385053,1.2391744276385053
base_macro_xsec_sector_gated_context__fold_08__seed999,custom_custom,base_macro_xsec_sector_gated_context,xsec_sector_gated_context,False,Baseline technical and macro features plus causal xsec-sector gated interaction context.,fold_08,999,32,4.415978923078439,-0.8791714068945558,checkpoint,checkpoint_robust_score,checkpoint_robust_score,0.5763329583351373,53.92429007199018,-0.1676165758572262,0.1552393272962483,2.5450741966834105,0.186747986715674,-0.0013994290717621,0.0,-2.237556462149185,-0.2345138816528535,-0.0026677647541246,0.0,3.4014674434317924,3.4014674434317924
base_macro_xsec_sector_gated_context__fold_09__seed42,custom_custom,base_macro_xsec_sector_gated_context,xsec_sector_gated_context,False,Baseline technical and macro features plus causal xsec-sector gated interaction context.,fold_09,42,32,5.661331754714553,-0.1888002033745386,checkpoint,checkpoint_robust_score,checkpoint_robust_score,1.0550044495696669,321.2566462969903,-0.1904631620625738,0.2451982018798529,5.972730191713902,14.130740933629603,-0.0210227915704932,9.67741935483871,-1.1276526748968316,-18.91985685298005,-0.3209529646037623,9.67741935483871,5.747019049214527,5.747019049214527
base_macro_xsec_sector_gated_context__fold_09__seed123,custom_custom,base_macro_xsec_sector_gated_context,xsec_sector_gated_context,False,Baseline technical and macro features plus causal xsec-sector gated interaction context.,fold_09,123,32,5.136004990255773,-0.2123150233986065,best_model,checkpoint_robust_score,checkpoint_robust_score,1.182526270380998,320.4524430119453,-0.1463942517241673,0.5259501430322844,6.073460825785354,12.557766614540489,-0.0137081453805721,14.709677419354838,-1.2894869773371376,-20.9630786702799,-0.3235803432514126,15.838709677419354,5.422380792477551,5.422380792477551
base_macro_xsec_sector_gated_context__fold_09__seed999,custom_custom,base_macro_xsec_sector_gated_context,xsec_sector_gated_context,False,Baseline technical and macro features plus causal xsec-sector gated interaction context.,fold_09,999,32,6.859463066566692,-0.241100456228917,checkpoint,checkpoint_robust_score,checkpoint_robust_score,0.8837184150782105,238.3751657520204,-0.1897423750995998,0.503473641193298,6.061833829473838,14.697572586059929,-0.0213742979567631,9.919354838709678,-1.4615109018700256,-25.30369176879464,-0.3754053999066754,9.983870967741936,6.152200336002551,6.152200336002551
base_macro_xsec_sector_gated_context__fold_10__seed42,custom_custom,base_macro_xsec_sector_gated_context,xsec_sector_gated_context,False,Baseline technical and macro features plus causal xsec-sector gated interaction context.,fold_10,42,32,3.3861573863031205,0.3325848732004764,best_model,checkpoint_robust_score,checkpoint_robust_score,0.8278483212517861,256.10987541322675,-0.3011354198293474,0.5884869700505639,2.803224707745374,17.074875157221612,-0.050973266222055,18.532258064516128,0.9323101339779376,4.106736254548249,-0.1045192878869734,13.53968253968254,2.3652878278306986,2.3652878278306986
base_macro_xsec_sector_gated_context__fold_10__seed123,custom_custom,base_macro_xsec_sector_gated_context,xsec_sector_gated_context,False,Baseline technical and macro features plus causal xsec-sector gated interaction context.,fold_10,123,32,2.571284693465948,0.6633295799645492,best_model,checkpoint_robust_score,checkpoint_robust_score,0.8060558670050056,247.58765548017183,-0.37925115359681,0.3061065733177752,2.0725991129083945,14.801163850013,-0.0921728893636342,9.67741935483871,1.374816299000423,5.140225009855626,-0.077251450298712,9.523809523809524,2.0361703628769914,2.0361703628769914
base_macro_xsec_sector_gated_context__fold_10__seed999,custom_custom,base_macro_xsec_sector_gated_context,xsec_sector_gated_context,False,Baseline technical and macro features plus causal xsec-sector gated interaction context.,fold_10,999,32,2.867572823255903,0.4658177704335244,checkpoint,checkpoint_robust_score,checkpoint_robust_score,0.8209538489645012,256.65431044004333,-0.3213525394474903,0.2333722287047841,2.354144946437935,15.815655944670867,-0.0648548229039494,9.67741935483871,1.0966025502270678,4.413280081478099,-0.0898296953648896,9.523809523809524,2.330822100429469,2.330822100429469
base_macro_xsec_sector_gated_context__fold_11__seed42,custom_custom,base_macro_xsec_sector_gated_context,xsec_sector_gated_context,False,Baseline technical and macro features plus causal xsec-sector gated interaction context.,fold_11,42,32,4.006452960615474,0.7716465821217664,best_model,checkpoint_robust_score,checkpoint_robust_score,0.7243839242517502,254.2408762214095,-0.3895146287806242,0.3148148148148148,2.90221011794068,13.402430685410271,-0.0895303483175874,13.709677419354838,2.239480518108134,8.26687953311609,-0.0471211480407038,15.0,2.8477925805654696,2.8477925805654696
base_macro_xsec_sector_gated_context__fold_11__seed123,custom_custom,base_macro_xsec_sector_gated_context,xsec_sector_gated_context,False,Baseline technical and macro features plus causal xsec-sector gated interaction context.,fold_11,123,32,3.896561428936196,0.6162513591301182,best_model,checkpoint_robust_score,checkpoint_robust_score,0.8662996880567065,345.4442296964624,-0.3326098166133328,0.2592592592592592,3.375589950381221,15.462865137168835,-0.064392722515738,11.290322580645162,2.080211894788396,6.722560764436336,-0.0454242816128851,11.475409836065571,3.2901794574114787,3.2901794574114787
base_macro_xsec_sector_gated_context__fold_11__seed999,custom_custom,base_macro_xsec_sector_gated_context,xsec_sector_gated_context,False,Baseline technical and macro features plus causal xsec-sector gated interaction context.,fold_11,999,32,4.4866793232466105,0.7150087383384232,checkpoint,checkpoint_robust_score,checkpoint_robust_score,0.6697090391022603,220.25463335679996,-0.4002896120509767,0.2407407407407407,3.004769698331467,14.741026269267232,-0.0865167007732687,10.483870967741936,2.148436591001506,7.869988821410367,-0.0406621772005834,10.655737704918034,3.2249910122731342,3.2249910122731342
base_macro_xsec_sector_gated_context__fold_12__seed42,custom_custom,base_macro_xsec_sector_gated_context,xsec_sector_gated_context,False,Baseline technical and macro features plus causal xsec-sector gated interaction context.,fold_12,42,32,1.815208846212309,-0.3265268720176594,checkpoint,checkpoint_robust_score,checkpoint_robust_score,0.943496675675868,501.9768554093768,-0.3910591861139589,0.3188097768331562,1.7126435120587415,4.653622671621727,-0.0367605009702098,14.285714285714286,-0.5592241288738795,-1.935550215148174,-0.0545532378860985,14.516129032258064,1.3608034511163083,1.3608034511163083
base_macro_xsec_sector_gated_context__fold_12__seed123,custom_custom,base_macro_xsec_sector_gated_context,xsec_sector_gated_context,False,Baseline technical and macro features plus causal xsec-sector gated interaction context.,fold_12,123,32,2.0253057264425705,-0.1310002167134485,checkpoint,checkpoint_robust_score,checkpoint_robust_score,0.9596067622134358,475.3825092068491,-0.3058022874951855,0.3584838823946156,1.9434970706438852,4.747157325605422,-0.0386548392263768,12.698412698412698,-0.2545985374363013,-0.8454614512542702,-0.0471972700562953,12.903225806451612,1.669206348104855,1.669206348104855
base_macro_xsec_sector_gated_context__fold_12__seed999,custom_custom,base_macro_xsec_sector_gated_context,xsec_sector_gated_context,False,Baseline technical and macro features plus causal xsec-sector gated interaction context.,fold_12,999,32,2.843816548392426,0.0575967259006024,checkpoint,checkpoint_robust_score,checkpoint_robust_score,0.8185641063584812,391.2972805594805,-0.4007864147322599,0.2479631597591215,2.327846151582307,7.199838151190563,-0.0426003977161683,11.11111111111111,0.1340763167314584,0.2248036354247862,-0.0482158352355337,11.290322580645162,2.235117632364144,2.235117632364144
base_macro_xsec_sector_gated_context__fold_13__seed42,custom_custom,base_macro_xsec_sector_gated_context,xsec_sector_gated_context,False,Baseline technical and macro features plus causal xsec-sector gated interaction context.,fold_13,42,32,4.3014297152361785,-0.0906137336116137,best_model,checkpoint_robust_score,checkpoint_robust_score,0.9308863951265344,463.26175171627335,-0.3564768415157041,0.2201897018970189,4.004142401506361,13.656363648431393,-0.0392490155586258,10.483870967741936,-0.3628302929130647,-1.877395111019109,-0.082879737387962,10.655737704918034,3.9058847496631257,3.9058847496631257
base_macro_xsec_sector_gated_context__fold_13__seed123,custom_custom,base_macro_xsec_sector_gated_context,xsec_sector_gated_context,False,Baseline technical and macro features plus causal xsec-sector gated interaction context.,fold_13,123,32,3.6812865797825896,0.1077236501952009,best_model,checkpoint_robust_score,checkpoint_robust_score,0.9916368015510204,475.6076902548956,-0.3221719899185972,0.6504065040650406,3.6504992495683024,12.696160339025877,-0.0565921623504611,20.0,0.3932451041983392,1.245735028247097,-0.0724884045982474,20.704918032786885,3.002688479451113,3.002688479451113
base_macro_xsec_sector_gated_context__fold_13__seed999,custom_custom,base_macro_xsec_sector_gated_context,xsec_sector_gated_context,False,Baseline technical and macro features plus causal xsec-sector gated interaction context.,fold_13,999,32,3.759533151868126,-0.244102878437452,checkpoint,checkpoint_robust_score,checkpoint_robust_score,1.0051458598666494,569.0874542862363,-0.3297817688028905,0.2462737127371273,3.778879182631662,13.105839588581867,-0.0383737605603957,11.951612903225806,-0.9224352857477548,-4.573571240290053,-0.1115420490690077,11.557377049180328,3.522491101600422,3.522491101600422
base_macro_xsec_sector_gated_context__fold_14__seed42,custom_custom,base_macro_xsec_sector_gated_context,xsec_sector_gated_context,False,Baseline technical and macro features plus causal xsec-sector gated interaction context.,fold_14,42,32,-2.6519902138431166,0.3914902197538858,best_model,checkpoint_robust_score,checkpoint_robust_score,0.7237402955969784,300.66966489516875,-0.4122765443613834,0.2994148244473342,-1.9193521812871115,-10.705687928930296,-0.1352360833702632,12.92741935483871,-0.7514076072371912,-3.9253935696288544,-0.1519110014600911,14.476190476190476,-4.432525699120595,-4.432525699120595
base_macro_xsec_sector_gated_context__fold_14__seed123,custom_custom,base_macro_xsec_sector_gated_context,xsec_sector_gated_context,False,Baseline technical and macro features plus causal xsec-sector gated interaction context.,fold_14,123,32,-1.9745706677369328,0.5606833648635225,checkpoint,checkpoint_robust_score,checkpoint_robust_score,0.8205983878551525,404.68278483537847,-0.3563900683025062,0.2600780234070221,-1.6203295066509988,-9.533354154276674,-0.1420187695232577,12.903225806451612,-0.9084917999767336,-4.672354415489178,-0.1497486647106626,12.698412698412698,-3.825117170710984,-3.825117170710984
base_macro_xsec_sector_gated_context__fold_14__seed999,custom_custom,base_macro_xsec_sector_gated_context,xsec_sector_gated_context,False,Baseline technical and macro features plus causal xsec-sector gated interaction context.,fold_14,999,32,-2.148966491511238,0.3086181339360285,checkpoint,checkpoint_robust_score,checkpoint_robust_score,0.8548272298293255,418.281357700718,-0.376207749430379,0.2600780234070221,-1.8369950729345963,-9.939700303970344,-0.1564166398892561,12.903225806451612,-0.5669299914587538,-2.9625855897185804,-0.1339496972856766,12.698412698412698,-4.192074105242408,-4.192074105242408
base_macro_credit_stress_proxies__fold_01__seed42,custom_custom,base_macro_credit_stress_proxies,credit_stress_proxies,False,Baseline technical and macro features plus lag-clean credit and financial-stress proxy context.,fold_01,42,23,1.9968386284164517,0.8746570465215989,last_model,checkpoint_robust_score,checkpoint_robust_score,1.1733940144845427,153.177305516708,-0.1724500915485454,0.5045107564191533,2.343078494475388,7.810341753735939,-0.0380278267411697,11.451612903225806,2.0493901157461174,7.980932715566835,-0.0510946879759479,11.80327868852459,2.0561990185889427,2.0561990185889427
base_macro_credit_stress_proxies__fold_01__seed123,custom_custom,base_macro_credit_stress_proxies,credit_stress_proxies,False,Baseline technical and macro features plus lag-clean credit and financial-stress proxy context.,fold_01,123,23,2.323932245496596,1.24939360733334,best_model,checkpoint_robust_score,checkpoint_robust_score,1.0530265560468537,117.85939968820354,-0.1516895421455186,0.5947258848022207,2.4471623689615107,7.600651877481801,-0.0289362430911636,13.064516129032258,3.057469019887224,9.621398400349037,-0.0349806883546128,13.36065573770492,2.11647168960446,2.11647168960446
base_macro_credit_stress_proxies__fold_01__seed999,custom_custom,base_macro_credit_stress_proxies,credit_stress_proxies,False,Baseline technical and macro features plus lag-clean credit and financial-stress proxy context.,fold_01,999,23,3.0081646647018894,0.8450370423689733,best_model,checkpoint_robust_score,checkpoint_robust_score,1.006802257110339,115.729500522818,-0.1430479848655738,0.4510756419153365,3.0286269741814285,10.683779588821784,-0.0335430151446914,10.483870967741936,2.559301980701167,9.922175532398224,-0.0578910352622573,10.655737704918034,2.846298105950642,2.846298105950642
base_macro_credit_stress_proxies__fold_02__seed42,custom_custom,base_macro_credit_stress_proxies,credit_stress_proxies,False,Baseline technical and macro features plus lag-clean credit and financial-stress proxy context.,fold_02,42,23,0.8276103311026068,0.8183435534849223,checkpoint,checkpoint_robust_score,checkpoint_robust_score,1.1553065023793203,164.87073110858765,-0.1493733090651525,0.8492012779552716,0.956143596959144,2.553157976610798,-0.0380082575528203,13.921875,0.7824539487774013,1.6261455136949765,-0.0283253124382546,14.142857142857142,0.4762056201927126,0.4762056201927126
base_macro_credit_stress_proxies__fold_02__seed123,custom_custom,base_macro_credit_stress_proxies,credit_stress_proxies,False,Baseline technical and macro features plus lag-clean credit and financial-stress proxy context.,fold_02,123,23,1.1956350616218838,0.0403733574775428,checkpoint,checkpoint_robust_score,checkpoint_robust_score,1.0135206155180034,137.651192935003,-0.1548597726819415,1.1444089456869009,1.2118007835899176,3.345123782920134,-0.039081629147732,18.0625,0.0489244662274423,0.012817984354374,-0.0421348400395656,17.88888888888889,0.6538418334176338,0.6538418334176338
base_macro_credit_stress_proxies__fold_02__seed999,custom_custom,base_macro_credit_stress_proxies,credit_stress_proxies,False,Baseline technical and macro features plus lag-clean credit and financial-stress proxy context.,fold_02,999,23,0.6653892317855906,0.4854603715131635,best_model,checkpoint_robust_score,checkpoint_robust_score,0.8435252004008048,104.33281607268188,-0.1821160344837432,0.5348242811501598,0.5612725850864779,1.5000555850059882,-0.0383093404643203,10.546875,0.2724755976762352,0.5104009368394946,-0.0254768790003048,10.88888888888889,0.1641957168049881,0.1641957168049881
base_macro_credit_stress_proxies__fold_03__seed42,custom_custom,base_macro_credit_stress_proxies,credit_stress_proxies,False,Baseline technical and macro features plus lag-clean credit and financial-stress proxy context.,fold_03,42,23,8.0585471129214,0.231338156718186,best_model,checkpoint_robust_score,checkpoint_robust_score,0.7866099013008555,113.80029769722948,-0.1984413430496276,0.3839338452451269,6.338932949123396,15.902007365357962,-0.0214397977522006,10.483870967741936,1.4664370640103817,2.7309971570809166,-0.0389308783865092,10.655737704918034,6.689773843745679,6.689773843745679
base_macro_credit_stress_proxies__fold_03__seed123,custom_custom,base_macro_credit_stress_proxies,credit_stress_proxies,False,Baseline technical and macro features plus lag-clean credit and financial-stress proxy context.,fold_03,123,23,4.7492176176223,0.8416107136620716,best_model,checkpoint_robust_score,checkpoint_robust_score,0.925434564094938,128.65266439170108,-0.1651612493868081,0.4542232722976964,4.395090135756293,9.439048059974107,-0.0196786955527842,10.951612903225806,3.698954945762985,6.462953119418358,-0.0225736802388656,11.245901639344265,4.293388337126055,4.293388337126055
base_macro_credit_stress_proxies__fold_03__seed999,custom_custom,base_macro_credit_stress_proxies,credit_stress_proxies,False,Baseline technical and macro features plus lag-clean credit and financial-stress proxy context.,fold_03,999,23,5.307121245411937,0.5232135355549097,best_model,checkpoint_robust_score,checkpoint_robust_score,0.8744890095280637,139.8170208858842,-0.2075861897235467,0.609568812758417,4.641019201345629,10.698093967543045,-0.0219532761253034,12.758064516129032,2.42824406491427,4.6590073271168375,-0.0316813423341357,12.885245901639344,4.540127516684677,4.540127516684677
base_macro_credit_stress_proxies__fold_04__seed42,custom_custom,base_macro_credit_stress_proxies,credit_stress_proxies,False,Baseline technical and macro features plus lag-clean credit and financial-stress proxy context.,fold_04,42,23,10.642831768865452,1.7555774626273812,checkpoint,checkpoint_robust_score,checkpoint_robust_score,0.2724597071729017,4.75856927664613,-0.0911137571323116,0.0,2.899742827235537,0.0573268055557463,-0.000189332338043,0.0,5.090723154910113,0.0826133240325877,-9.12403882079582e-05,0.0,5.705165921082719,5.705165921082719
base_macro_credit_stress_proxies__fold_04__seed123,custom_custom,base_macro_credit_stress_proxies,credit_stress_proxies,False,Baseline technical and macro features plus lag-clean credit and financial-stress proxy context.,fold_04,123,23,4.041997553676112,0.9543285612351872,best_model,checkpoint_robust_score,checkpoint_robust_score,1.194952914013974,224.02909415664308,-0.1865727806318184,0.6851953769950467,4.829996755202624,8.596104607792876,-0.0125037991036014,13.46031746031746,4.6094038541631415,7.567540464721323,-0.0135716095571505,13.285714285714286,4.298164301647002,4.298164301647002
base_macro_credit_stress_proxies__fold_04__seed999,custom_custom,base_macro_credit_stress_proxies,credit_stress_proxies,False,Baseline technical and macro features plus lag-clean credit and financial-stress proxy context.,fold_04,999,23,3.4392615635321624,1.0877437425332814,checkpoint,checkpoint_robust_score,checkpoint_robust_score,1.169279785288541,234.41454844410023,-0.1779037415262387,0.4292790313703907,4.021459022558019,8.112991892063492,-0.0179242614577125,9.738095238095235,4.374316887641491,9.184691169939253,-0.0172809189098958,9.73015873015873,3.7382406486994246,3.7382406486994246
base_macro_credit_stress_proxies__fold_05__seed42,custom_custom,base_macro_credit_stress_proxies,credit_stress_proxies,False,Baseline technical and macro features plus lag-clean credit and financial-stress proxy context.,fold_05,42,23,6.37035803176847,-0.068792143783902,checkpoint,checkpoint_robust_score,checkpoint_robust_score,0.9190466650545076,157.005414397186,-0.1466875435118798,2.419238683127572,5.854656304300009,10.556648132394807,-0.0103178117415442,11.524193548387096,-0.4027543582907346,-2.7844054487226155,-0.0876764992924383,11.958333333333334,5.77957678308954,5.77957678308954
base_macro_credit_stress_proxies__fold_05__seed123,custom_custom,base_macro_credit_stress_proxies,credit_stress_proxies,False,Baseline technical and macro features plus lag-clean credit and financial-stress proxy context.,fold_05,123,23,6.695066329234031,-0.0220352889750518,last_model,checkpoint_robust_score,checkpoint_robust_score,0.9980572281388448,207.92427467070056,-0.2143910415167473,0.411522633744856,6.682059342761026,11.503757191565334,-0.0056997615253924,12.903225806451612,-0.1472411085661845,-1.432623101297159,-0.0866123304960959,13.333333333333334,6.390200551400053,6.390200551400053
base_macro_credit_stress_proxies__fold_05__seed999,custom_custom,base_macro_credit_stress_proxies,credit_stress_proxies,False,Baseline technical and macro features plus lag-clean credit and financial-stress proxy context.,fold_05,999,23,5.375968326077881,-0.0980772192192786,checkpoint,checkpoint_robust_score,checkpoint_robust_score,0.9499661429806686,163.32389586637566,-0.1587931289939933,0.5462962962962963,5.106987895510446,9.075697342617309,-0.0132696694430745,15.048387096774194,-0.5008791713781806,-3.0398868605094886,-0.1071011137144655,15.308333333333334,4.779872874469266,4.779872874469266
base_macro_credit_stress_proxies__fold_06__seed42,custom_custom,base_macro_credit_stress_proxies,credit_stress_proxies,False,Baseline technical and macro features plus lag-clean credit and financial-stress proxy context.,fold_06,42,23,0.8715039789444406,4.312051840429216,best_model,checkpoint_robust_score,checkpoint_robust_score,1.1779149044625126,262.873257321885,-0.172482946107872,0.2904784920251329,1.0265575260970403,2.78434015265292,-0.03448451547254,9.523809523809524,4.426569269713206,7.996209925399023,-0.0149018798714724,9.523809523809524,0.798969908561949,0.798969908561949
base_macro_credit_stress_proxies__fold_06__seed123,custom_custom,base_macro_credit_stress_proxies,credit_stress_proxies,False,Baseline technical and macro features plus lag-clean credit and financial-stress proxy context.,fold_06,123,23,2.0625070257946736,2.2369812568451466,checkpoint,checkpoint_robust_score,checkpoint_robust_score,1.1671539894768233,259.45823602518846,-0.1640133597378976,0.6307394876752054,2.4072633034802307,6.656070419802096,-0.030421252689752,11.904761904761903,5.385002890176406,8.18821468505857,-0.0110386723852635,11.904761904761903,2.096822282100103,2.096822282100103
base_macro_credit_stress_proxies__fold_06__seed999,custom_custom,base_macro_credit_stress_proxies,credit_stress_proxies,False,Baseline technical and macro features plus lag-clean credit and financial-stress proxy context.,fold_06,999,23,1.9349068721053184,1.7750020698323925,best_model,checkpoint_robust_score,checkpoint_robust_score,1.2012893906701876,288.8069666269059,-0.1586867902410176,0.4035766070565491,2.3243830973949566,6.958537948087273,-0.0305266323945063,8.73015873015873,4.125784808959476,7.21046405866661,-0.0175847023335269,9.42063492063492,2.1689571055307617,2.1689571055307617
base_macro_credit_stress_proxies__fold_07__seed42,custom_custom,base_macro_credit_stress_proxies,credit_stress_proxies,False,Baseline technical and macro features plus lag-clean credit and financial-stress proxy context.,fold_07,42,23,-0.6512277223270604,-4.384764861239537,best_model,checkpoint_robust_score,checkpoint_robust_score,1.2083040712377324,297.7458764129101,-0.1326258342241039,0.3706739526411657,-0.7868811081906626,-5.465447393925881,-0.1331268420190814,9.836065573770492,3.450288633167644,9.479188412606751,-0.0304516084261357,9.836065573770492,-2.2182415866955045,-2.2182415866955045
base_macro_credit_stress_proxies__fold_07__seed123,custom_custom,base_macro_credit_stress_proxies,credit_stress_proxies,False,Baseline technical and macro features plus lag-clean credit and financial-stress proxy context.,fold_07,123,23,-1.0887759080746566,-1.842910165717144,best_model,checkpoint_robust_score,checkpoint_robust_score,1.4387659944145303,463.69229321008686,-0.163361626552182,0.4692622950819672,-1.5664937520756166,-9.76701602091944,-0.1523476487753026,13.508196721311476,2.8869072602325447,8.624791298614864,-0.0551672705684321,15.729508196721312,-3.690050832116402,-3.690050832116402
base_macro_credit_stress_proxies__fold_07__seed999,custom_custom,base_macro_credit_stress_proxies,credit_stress_proxies,False,Baseline technical and macro features plus lag-clean credit and financial-stress proxy context.,fold_07,999,23,-1.2959283242695574,-2.9653183203600237,best_model,checkpoint_robust_score,checkpoint_robust_score,1.2153263339512657,295.7457468829869,-0.1371031367677458,0.5997267759562842,-1.5749758193981285,-10.359792045360583,-0.1565101735091782,21.098360655737704,4.670304651385309,13.201759649603662,-0.0270871939606567,22.049180327868854,-4.075725536702564,-4.075725536702564
base_macro_credit_stress_proxies__fold_08__seed42,custom_custom,base_macro_credit_stress_proxies,credit_stress_proxies,False,Baseline technical and macro features plus lag-clean credit and financial-stress proxy context.,fold_08,42,23,2.2688825253141736,-0.1173763251195331,checkpoint,checkpoint_robust_score,checkpoint_robust_score,1.1006996174369796,232.3938054040157,-0.1279957519989942,0.2156101768003449,2.497358127622759,6.388158910055952,-0.0404077347885433,7.936507936507937,-0.2931307195277576,-1.229667973922299,-0.0476382321845154,7.936507936507937,2.4017703626134463,2.4017703626134463
base_macro_credit_stress_proxies__fold_08__seed123,custom_custom,base_macro_credit_stress_proxies,credit_stress_proxies,False,Baseline technical and macro features plus lag-clean credit and financial-stress proxy context.,fold_08,123,23,1.458938404039526,-0.9526763523763312,best_model,checkpoint_robust_score,checkpoint_robust_score,0.9829872447882626,292.63169007608343,-0.2505860082829142,0.5830099180681328,1.4341178421025986,4.013281956608572,-0.0640926906360692,14.38095238095238,-1.3662501546921189,-5.622657878103265,-0.0818193308916592,14.333333333333334,1.0613936863451892,1.0613936863451892
base_macro_credit_stress_proxies__fold_08__seed999,custom_custom,base_macro_credit_stress_proxies,credit_stress_proxies,False,Baseline technical and macro features plus lag-clean credit and financial-stress proxy context.,fold_08,999,23,1.259471186861579,-0.3120616970353429,checkpoint,checkpoint_robust_score,checkpoint_robust_score,1.2271911972463396,342.13912018941306,-0.1460618703080469,0.3570504527813712,1.5456119537019295,3.891755403726571,-0.0352153667789331,11.26984126984127,-0.4823262892303361,-1.898917264802913,-0.0434135210704301,11.317460317460318,1.307966004174069,1.307966004174069
base_macro_credit_stress_proxies__fold_09__seed42,custom_custom,base_macro_credit_stress_proxies,credit_stress_proxies,False,Baseline technical and macro features plus lag-clean credit and financial-stress proxy context.,fold_09,42,23,7.294256359337678,-0.1643645852569757,last_model,checkpoint_robust_score,checkpoint_robust_score,0.9681651343379222,233.14375361335075,-0.1716307272770603,0.2979158152840212,7.062044688033406,16.699423364151734,-0.0143891942353526,8.064516129032258,-1.1607500462148397,-19.717085754141262,-0.3261707361168224,8.064516129032258,7.077511844133025,7.077511844133025
base_macro_credit_stress_proxies__fold_09__seed123,custom_custom,base_macro_credit_stress_proxies,credit_stress_proxies,False,Baseline technical and macro features plus lag-clean credit and financial-stress proxy context.,fold_09,123,23,4.476270969978399,-0.3198861290469413,best_model,checkpoint_robust_score,checkpoint_robust_score,1.1356030622383049,342.31488419323523,-0.1711610571420986,0.8353085410706989,5.083267020915898,13.79121620849,-0.0214556671047295,18.016129032258064,-1.626066610232764,-26.175137070607175,-0.3676633024861868,17.677419354838708,4.365327456547805,4.365327456547805
base_macro_credit_stress_proxies__fold_09__seed999,custom_custom,base_macro_credit_stress_proxies,credit_stress_proxies,False,Baseline technical and macro features plus lag-clean credit and financial-stress proxy context.,fold_09,999,23,6.518203738512758,-0.2482404997107591,checkpoint,checkpoint_robust_score,checkpoint_robust_score,0.8658624966865881,213.78006242848707,-0.1800995511804525,0.3273395995096036,5.643868162940509,13.124415327120984,-0.0190741164322078,12.903225806451612,-1.4010366530699965,-22.51248809286157,-0.3342329250884396,12.903225806451612,5.6058687862653,5.6058687862653
base_macro_credit_stress_proxies__fold_10__seed42,custom_custom,base_macro_credit_stress_proxies,credit_stress_proxies,False,Baseline technical and macro features plus lag-clean credit and financial-stress proxy context.,fold_10,42,23,3.5022427809786043,0.8415106114837302,checkpoint,checkpoint_robust_score,checkpoint_robust_score,0.5341991930077149,129.17445145683283,-0.4019109928267771,0.2333722287047841,1.8708952673158656,16.235112374436955,-0.1033980431076082,9.67741935483871,1.5743782204209908,7.080996663700834,-0.0921364423276563,9.523809523809524,2.134625842597828,2.134625842597828
base_macro_credit_stress_proxies__fold_10__seed123,custom_custom,base_macro_credit_stress_proxies,credit_stress_proxies,False,Baseline technical and macro features plus lag-clean credit and financial-stress proxy context.,fold_10,123,23,3.6442852153982126,0.6361393251207481,best_model,checkpoint_robust_score,checkpoint_robust_score,0.7124501706201117,213.03925787525628,-0.3270936947380528,0.2917152858809801,2.5963716234988072,19.701312696409623,-0.069592260268058,12.096774193548388,1.6516540923351923,7.335133388547876,-0.1030446444637206,11.904761904761903,2.6007010046764125,2.6007010046764125
base_macro_credit_stress_proxies__fold_10__seed999,custom_custom,base_macro_credit_stress_proxies,credit_stress_proxies,False,Baseline technical and macro features plus lag-clean credit and financial-stress proxy context.,fold_10,999,23,4.053920196823308,0.5499228249243733,best_model,checkpoint_robust_score,checkpoint_robust_score,0.6097260725042213,174.82680419130284,-0.3856750749081167,0.220147802411513,2.471780839854615,21.040452019850964,-0.0954698839559239,8.870967741935484,1.35928870204679,6.426507507919288,-0.1036965270507831,8.73015873015873,2.785838364677769,2.785838364677769
base_macro_credit_stress_proxies__fold_11__seed42,custom_custom,base_macro_credit_stress_proxies,credit_stress_proxies,False,Baseline technical and macro features plus lag-clean credit and financial-stress proxy context.,fold_11,42,23,5.60552634842996,0.5920325991701594,checkpoint,checkpoint_robust_score,checkpoint_robust_score,0.5400670243578733,149.98150942728557,-0.384783493839189,0.2588888888888889,3.027359934956224,14.49760322607725,-0.0742997221845395,8.790322580645162,1.792295770915738,5.8962653672390175,-0.0657666743210273,8.745901639344263,3.671795536946575,3.671795536946575
base_macro_credit_stress_proxies__fold_11__seed123,custom_custom,base_macro_credit_stress_proxies,credit_stress_proxies,False,Baseline technical and macro features plus lag-clean credit and financial-stress proxy context.,fold_11,123,23,3.2465243194098683,1.199920430067439,checkpoint,checkpoint_robust_score,checkpoint_robust_score,0.7428128937281652,280.96372923653115,-0.3614307257265013,0.1666666666666666,2.4115601242597062,10.877191438454826,-0.0872169820222658,7.354838709677419,2.8936802614351937,9.082606190401066,-0.0431939769793913,7.737704918032787,2.587318471681023,2.587318471681023
base_macro_credit_stress_proxies__fold_11__seed999,custom_custom,base_macro_credit_stress_proxies,credit_stress_proxies,False,Baseline technical and macro features plus lag-clean credit and financial-stress proxy context.,fold_11,999,23,3.69403915952454,1.1006840765178898,checkpoint,checkpoint_robust_score,checkpoint_robust_score,0.7194786676134727,250.0201395719196,-0.3994874887764792,0.2777777777777778,2.6577823726067087,11.635673959419249,-0.0744010006837125,12.112903225806452,2.9253787363781414,10.531400644559486,-0.0428386580842806,12.295081967213116,2.659204520333972,2.659204520333972
base_macro_credit_stress_proxies__fold_12__seed42,custom_custom,base_macro_credit_stress_proxies,credit_stress_proxies,False,Baseline technical and macro features plus lag-clean credit and financial-stress proxy context.,fold_12,42,23,2.2272955696972034,-0.0963926661005331,checkpoint,checkpoint_robust_score,checkpoint_robust_score,0.9387860303612424,453.6294303178572,-0.3722408524048891,0.4930924548352816,2.09095396631722,6.149247468113339,-0.0479729809141082,11.682539682539682,-0.2015526275068012,-0.7889127692958908,-0.0419278498078203,11.806451612903226,1.8783243559082536,1.8783243559082536
base_macro_credit_stress_proxies__fold_12__seed123,custom_custom,base_macro_credit_stress_proxies,credit_stress_proxies,False,Baseline technical and macro features plus lag-clean credit and financial-stress proxy context.,fold_12,123,23,2.0015165610758747,-0.0154986045894729,best_model,checkpoint_robust_score,checkpoint_robust_score,1.0011024473759953,453.6117116360298,-0.2956361117098743,0.5848388239461566,2.003723127756644,5.1705069788613,-0.033103867884899,15.333333333333334,-0.0310549124638822,-0.2164549309337626,-0.0360051187337545,15.14516129032258,1.5833596325448165,1.5833596325448165
base_macro_credit_stress_proxies__fold_12__seed999,custom_custom,base_macro_credit_stress_proxies,credit_stress_proxies,False,Baseline technical and macro features plus lag-clean credit and financial-stress proxy context.,fold_12,999,23,2.2738067459896123,0.020300807093028,checkpoint,checkpoint_robust_score,checkpoint_robust_score,0.8865483060067478,422.6451633164405,-0.386640969156894,0.3365214311016649,2.0158395188438063,5.597295814590075,-0.0377996267293505,15.07936507936508,0.0409231692025506,-0.0660628849407429,-0.0392419919557049,15.32258064516129,1.658671738806011,1.658671738806011
base_macro_credit_stress_proxies__fold_13__seed42,custom_custom,base_macro_credit_stress_proxies,credit_stress_proxies,False,Baseline technical and macro features plus lag-clean credit and financial-stress proxy context.,fold_13,42,23,2.884971813752445,-0.0943392072718236,best_model,checkpoint_robust_score,checkpoint_robust_score,0.9785438869763526,512.5054905130502,-0.3563729006273946,0.2710027100271002,2.823071532446536,9.515855497035218,-0.0526726180259399,12.903225806451612,-0.2663263304426585,-1.3902945927337762,-0.0861793860594788,13.114754098360656,2.5367984392201524,2.5367984392201524
base_macro_credit_stress_proxies__fold_13__seed123,custom_custom,base_macro_credit_stress_proxies,credit_stress_proxies,False,Baseline technical and macro features plus lag-clean credit and financial-stress proxy context.,fold_13,123,23,3.685231555381165,-0.404652286316173,checkpoint,checkpoint_robust_score,checkpoint_robust_score,0.8261465244230167,363.3526594215738,-0.3759627145876466,0.2710027100271002,3.044541241172177,9.748136578811618,-0.0443758929134737,12.903225806451612,-1.2319805740242007,-4.966258010374447,-0.1039749782284393,13.114754098360656,2.9083352550794506,2.9083352550794506
base_macro_credit_stress_proxies__fold_13__seed999,custom_custom,base_macro_credit_stress_proxies,credit_stress_proxies,False,Baseline technical and macro features plus lag-clean credit and financial-stress proxy context.,fold_13,999,23,4.381063873657731,-0.2682449587460797,checkpoint,checkpoint_robust_score,checkpoint_robust_score,0.8837903611238391,392.31169692768384,-0.3709918178106154,0.4590108401084011,3.871942023006572,12.328363469409553,-0.0394073916348167,19.83870967741936,-1.03862892822861,-4.601874243170134,-0.1143873816376339,15.491803278688524,3.363585074093372,3.363585074093372
base_macro_credit_stress_proxies__fold_14__seed42,custom_custom,base_macro_credit_stress_proxies,credit_stress_proxies,False,Baseline technical and macro features plus lag-clean credit and financial-stress proxy context.,fold_14,42,23,-1.875875078084053,0.408107232183815,checkpoint,checkpoint_robust_score,checkpoint_robust_score,1.0334441022578396,752.7097488799112,-0.3920395459844324,0.4538361508452536,-1.938612036018429,-11.972807388022256,-0.1609408380895516,13.60483870967742,-0.7911615922977113,-4.248000310425526,-0.1515304906277649,14.92063492063492,-4.331723981037368,-4.331723981037368
base_macro_credit_stress_proxies__fold_14__seed123,custom_custom,base_macro_credit_stress_proxies,credit_stress_proxies,False,Baseline technical and macro features plus lag-clean credit and financial-stress proxy context.,fold_14,123,23,-1.9718049020306645,0.748357283411925,checkpoint,checkpoint_robust_score,checkpoint_robust_score,0.9174095772627048,498.8363189811912,-0.3891705121705033,0.3124187256176853,-1.8089527016164808,-10.655006046573268,-0.1484925296925698,14.53225806451613,-1.353742929602372,-6.373609922496004,-0.1527508172774799,14.095238095238097,-4.194773371129991,-4.194773371129991
base_macro_credit_stress_proxies__fold_14__seed999,custom_custom,base_macro_credit_stress_proxies,credit_stress_proxies,False,Baseline technical and macro features plus lag-clean credit and financial-stress proxy context.,fold_14,999,23,-1.9545322613197007,0.5101800717587077,checkpoint,checkpoint_robust_score,checkpoint_robust_score,0.9136397296182855,489.9336106769569,-0.3605807348571752,0.3195708712613784,-1.785738326762348,-10.283835571415734,-0.1419904385693819,15.32258064516129,-0.9110481076898892,-4.530366546706155,-0.1441142733705888,15.095238095238097,-4.194935014072468,-4.194935014072468
base_macro_rates_term_structure_lsc__fold_01__seed42,custom_custom,base_macro_rates_term_structure_lsc,rates_term_structure_lsc,False,"Baseline technical and macro features plus lag-clean Treasury level, slope, and curvature context.",fold_01,42,25,2.298792040782053,0.8263830185615232,best_model,checkpoint_robust_score,checkpoint_robust_score,0.99040315167615,126.9736489447447,-0.1776736581625195,0.4739764052741152,2.2767308822385948,7.63177712463492,-0.0356729627591094,9.693548387096774,1.8814517389165697,7.206114332501978,-0.0651336566079525,10.262295081967212,2.1428486751847085,2.1428486751847085
base_macro_rates_term_structure_lsc__fold_01__seed123,custom_custom,base_macro_rates_term_structure_lsc,rates_term_structure_lsc,False,"Baseline technical and macro features plus lag-clean Treasury level, slope, and curvature context.",fold_01,123,25,2.292927790411438,0.7704364279889822,checkpoint,checkpoint_robust_score,checkpoint_robust_score,1.0384170113236473,125.21311935259148,-0.1470889080996097,0.5121443442054129,2.3810152232999795,8.312897873753645,-0.0375607182482641,11.290322580645162,1.834420863626625,7.182479023495336,-0.0574862716117466,11.672131147540984,2.145358374895182,2.145358374895182
base_macro_rates_term_structure_lsc__fold_01__seed999,custom_custom,base_macro_rates_term_structure_lsc,rates_term_structure_lsc,False,"Baseline technical and macro features plus lag-clean Treasury level, slope, and curvature context.",fold_01,999,25,2.3671958153353136,0.7552970228906475,checkpoint,checkpoint_robust_score,checkpoint_robust_score,0.8945919413401624,112.47876481494325,-0.1635383952265007,0.7251908396946565,2.117674299973127,8.176181798239135,-0.0385152698006004,10.129032258064516,1.5994730942217386,6.911968790259104,-0.0628473895198248,10.614754098360656,2.007810869935663,2.007810869935663
base_macro_rates_term_structure_lsc__fold_02__seed42,custom_custom,base_macro_rates_term_structure_lsc,rates_term_structure_lsc,False,"Baseline technical and macro features plus lag-clean Treasury level, slope, and curvature context.",fold_02,42,25,0.1421721059432852,3.549183976734068,best_model,checkpoint_robust_score,checkpoint_robust_score,0.9344253186656212,129.31947980473365,-0.1729781027303808,0.5431309904153354,0.1328492154014167,0.2249963906734375,-0.0504238543141368,13.28125,0.4715063066244008,0.9383698346138392,-0.0304041172652809,13.492063492063492,-0.7670470690923187,-0.7670470690923187
base_macro_rates_term_structure_lsc__fold_02__seed123,custom_custom,base_macro_rates_term_structure_lsc,rates_term_structure_lsc,False,"Baseline technical and macro features plus lag-clean Treasury level, slope, and curvature context.",fold_02,123,25,0.422389699456266,0.533358029304464,checkpoint,checkpoint_robust_score,checkpoint_robust_score,1.140462596081321,171.84680915504043,-0.1373850512275352,0.5757188498402556,0.4817196531999021,1.2569109205073037,-0.0374958883582448,9.0,0.2569290449079296,0.4865913764114715,-0.035507078918657,9.055555555555555,-0.0547535708347258,-0.0547535708347258
base_macro_rates_term_structure_lsc__fold_02__seed999,custom_custom,base_macro_rates_term_structure_lsc,rates_term_structure_lsc,False,"Baseline technical and macro features plus lag-clean Treasury level, slope, and curvature context.",fold_02,999,25,-0.0280972293387566,-25.356216783497644,checkpoint,checkpoint_robust_score,checkpoint_robust_score,0.9010840212875956,125.53634516093398,-0.1639053297309646,0.7079872204472843,-0.0253179643996066,-0.2692544360448412,-0.0572483211532756,13.1875,0.6419677938333022,1.2897441185890646,-0.0296117371734466,14.142857142857142,-1.02449252177402,-1.02449252177402
base_macro_rates_term_structure_lsc__fold_03__seed42,custom_custom,base_macro_rates_term_structure_lsc,rates_term_structure_lsc,False,"Baseline technical and macro features plus lag-clean Treasury level, slope, and curvature context.",fold_03,42,25,8.679477438577473,0.2852377194315869,best_model,checkpoint_robust_score,checkpoint_robust_score,0.6941035675117841,93.17957170713058,-0.1755840107931506,0.4725339633786178,6.024456254254666,13.805140716921471,-0.0146489095070626,12.903225806451612,1.7184021627789614,3.333590059803071,-0.0396035748849743,13.114754098360656,6.550023736123486,6.550023736123486
base_macro_rates_term_structure_lsc__fold_03__seed123,custom_custom,base_macro_rates_term_structure_lsc,rates_term_structure_lsc,False,"Baseline technical and macro features plus lag-clean Treasury level, slope, and curvature context.",fold_03,123,25,6.65930837797541,0.3540316968271078,checkpoint,checkpoint_robust_score,checkpoint_robust_score,0.803441095566165,130.58782175028702,-0.2475231515469159,0.3544004725339634,5.350362018913505,14.914241206557488,-0.0216908345825701,9.67741935483871,1.8941977441952584,3.816861237373392,-0.0384718977823321,9.836065573770492,5.603657576833138,5.603657576833138
base_macro_rates_term_structure_lsc__fold_03__seed999,custom_custom,base_macro_rates_term_structure_lsc,rates_term_structure_lsc,False,"Baseline technical and macro features plus lag-clean Treasury level, slope, and curvature context.",fold_03,999,25,9.384627687395096,0.2932183473749964,best_model,checkpoint_robust_score,checkpoint_robust_score,0.7288869222105407,98.35980473047054,-0.1714407089309225,0.6266981689308919,6.840332391157237,15.58895823682236,-0.0160895903937804,14.193548387096774,2.005710959230783,3.768520790635144,-0.0375208818491938,13.885245901639344,7.27465978921996,7.27465978921996
base_macro_rates_term_structure_lsc__fold_04__seed42,custom_custom,base_macro_rates_term_structure_lsc,rates_term_structure_lsc,False,"Baseline technical and macro features plus lag-clean Treasury level, slope, and curvature context.",fold_04,42,25,3.921310662616577,0.7138439602240605,best_model,checkpoint_robust_score,checkpoint_robust_score,1.0639237666786674,220.34498556746112,-0.2005088761587988,0.4160704457897633,4.17197561048825,7.855065786639925,-0.0149626837734347,10.507936507936508,2.978139591749125,5.506817230381023,-0.0177053125935064,11.365079365079366,3.9297231032965287,3.9297231032965287
base_macro_rates_term_structure_lsc__fold_04__seed123,custom_custom,base_macro_rates_term_structure_lsc,rates_term_structure_lsc,False,"Baseline technical and macro features plus lag-clean Treasury level, slope, and curvature context.",fold_04,123,25,3.989032372941944,1.1552621454946688,best_model,checkpoint_robust_score,checkpoint_robust_score,1.190708130130701,246.016436411104,-0.1684482433807398,0.565767749036874,4.749773277816535,9.0296308387821,-0.013163249351051,14.34920634920635,5.487233267543576,10.237727139999198,-0.0145172762707638,14.07936507936508,4.181485164260751,4.181485164260751
base_macro_rates_term_structure_lsc__fold_04__seed999,custom_custom,base_macro_rates_term_structure_lsc,rates_term_structure_lsc,False,"Baseline technical and macro features plus lag-clean Treasury level, slope, and curvature context.",fold_04,999,25,4.32685737102634,1.121823063268755,checkpoint,checkpoint_robust_score,checkpoint_robust_score,1.067467421951742,193.12108800025936,-0.1577567698018921,0.4953219592735278,4.618779283002379,7.790186355518736,-0.0141923924177443,12.698412698412698,5.181453123819992,9.14716594346201,-0.0136809452330469,12.698412698412698,4.253880337331466,4.253880337331466
base_macro_rates_term_structure_lsc__fold_05__seed42,custom_custom,base_macro_rates_term_structure_lsc,rates_term_structure_lsc,False,"Baseline technical and macro features plus lag-clean Treasury level, slope, and curvature context.",fold_05,42,25,6.171315141764471,-0.0975260248543285,checkpoint,checkpoint_robust_score,checkpoint_robust_score,1.1364120316313966,247.23881241814743,-0.1894016871723253,0.6399176954732511,7.013156778090163,11.299819443911964,-0.0056818557438412,11.709677419354838,-0.6839653022473242,-4.269955124879987,-0.0976812859523742,12.366666666666667,6.530204359905033,6.530204359905033
base_macro_rates_term_structure_lsc__fold_05__seed123,custom_custom,base_macro_rates_term_structure_lsc,rates_term_structure_lsc,False,"Baseline technical and macro features plus lag-clean Treasury level, slope, and curvature context.",fold_05,123,25,5.575085102094208,0.0139667500566911,best_model,checkpoint_robust_score,checkpoint_robust_score,1.121327196583218,256.8937003077529,-0.1771954418554245,0.4125514403292181,6.251494548244161,12.454119609595503,-0.0119242234207178,12.096774193548388,0.0873130618360937,-0.1798685482730544,-0.0925429134965346,12.5,5.801184628876312,5.801184628876312
base_macro_rates_term_structure_lsc__fold_05__seed999,custom_custom,base_macro_rates_term_structure_lsc,rates_term_structure_lsc,False,"Baseline technical and macro features plus lag-clean Treasury level, slope, and curvature context.",fold_05,999,25,7.244248825903614,-0.0845519860931479,best_model,checkpoint_robust_score,checkpoint_robust_score,1.0480584511874325,235.3139896645469,-0.2250702356553467,0.4830246913580246,7.592396204492918,12.300685108414488,-0.0093743953537337,10.483870967741936,-0.6419521782959545,-4.169701413387639,-0.107481923147179,10.833333333333334,7.312234091979793,7.312234091979793
base_macro_rates_term_structure_lsc__fold_06__seed42,custom_custom,base_macro_rates_term_structure_lsc,rates_term_structure_lsc,False,"Baseline technical and macro features plus lag-clean Treasury level, slope, and curvature context.",fold_06,42,25,1.7613206501480991,2.094785734817042,best_model,checkpoint_robust_score,checkpoint_robust_score,1.237432782723984,316.23833611186456,-0.1841075453807509,0.3624939584340261,2.179515913381979,6.424285880984515,-0.0366847109342457,10.317460317460318,4.565618844159306,8.174577752301037,-0.0182830906043971,10.317460317460318,1.9467075582370748,1.9467075582370748
base_macro_rates_term_structure_lsc__fold_06__seed123,custom_custom,base_macro_rates_term_structure_lsc,rates_term_structure_lsc,False,"Baseline technical and macro features plus lag-clean Treasury level, slope, and curvature context.",fold_06,123,25,1.5791340022123972,2.2165761695742714,best_model,checkpoint_robust_score,checkpoint_robust_score,1.3024003653529936,368.1800712179309,-0.1843158464601509,0.513291445142581,2.0566647014227613,7.012405043341063,-0.0430854164001955,9.523809523809524,4.558753965978276,10.004943120970957,-0.0231377408071409,9.523809523809524,1.8648700667421851,1.8648700667421851
base_macro_rates_term_structure_lsc__fold_06__seed999,custom_custom,base_macro_rates_term_structure_lsc,rates_term_structure_lsc,False,"Baseline technical and macro features plus lag-clean Treasury level, slope, and curvature context.",fold_06,999,25,1.4407464564267447,2.7602037658851644,checkpoint,checkpoint_robust_score,checkpoint_robust_score,1.0754182467086346,243.68541003027696,-0.1750380856834983,0.6244562590623489,1.549405028122128,4.928180159213791,-0.0432200222208123,13.206349206349206,4.276673593504107,8.860782469116192,-0.0153161968605443,13.873015873015872,1.2231314518372245,1.2231314518372245
base_macro_rates_term_structure_lsc__fold_07__seed42,custom_custom,base_macro_rates_term_structure_lsc,rates_term_structure_lsc,False,"Baseline technical and macro features plus lag-clean Treasury level, slope, and curvature context.",fold_07,42,25,-1.071825841213376,-4.379385665175952,checkpoint,checkpoint_robust_score,checkpoint_robust_score,1.0980587836928577,242.2344046295881,-0.1468540733225033,0.3192167577413479,-1.1769277795333333,-6.697232281650178,-0.1387483013430074,11.475409836065571,5.154220646635642,12.23002147365264,-0.0178024738268316,11.475409836065571,-2.935957443024761,-2.935957443024761
base_macro_rates_term_structure_lsc__fold_07__seed123,custom_custom,base_macro_rates_term_structure_lsc,rates_term_structure_lsc,False,"Baseline technical and macro features plus lag-clean Treasury level, slope, and curvature context.",fold_07,123,25,-0.997586538227426,-2.769664955157413,best_model,checkpoint_robust_score,checkpoint_robust_score,1.3306133033116463,430.2457213234577,-0.1751361734201753,0.7249544626593807,-1.3274019189700252,-9.39217204301298,-0.1505247904788711,16.39344262295082,3.676458576379978,12.256519347666162,-0.0323862910837967,17.87704918032787,-3.4415871453436373,-3.4415871453436373
base_macro_rates_term_structure_lsc__fold_07__seed999,custom_custom,base_macro_rates_term_structure_lsc,rates_term_structure_lsc,False,"Baseline technical and macro features plus lag-clean Treasury level, slope, and curvature context.",fold_07,999,25,-1.4173741967339544,-2.378311600732509,checkpoint,checkpoint_robust_score,checkpoint_robust_score,1.1608275247059847,279.4133697256673,-0.1400047163396017,0.5145719489981785,-1.6453269803768096,-10.17518530975382,-0.1550329237007008,14.524590163934429,3.913100244428356,11.02376095179325,-0.0362373076422318,14.21311475409836,-3.865294826579463,-3.865294826579463
base_macro_rates_term_structure_lsc__fold_08__seed42,custom_custom,base_macro_rates_term_structure_lsc,rates_term_structure_lsc,False,"Baseline technical and macro features plus lag-clean Treasury level, slope, and curvature context.",fold_08,42,25,2.7811056600260207,-0.2483801373800921,checkpoint,checkpoint_robust_score,checkpoint_robust_score,0.8647364833385308,183.42384566991396,-0.1702807266534483,0.3708495040965933,2.404923528243785,6.614573154529224,-0.0425077141330678,10.317460317460318,-0.5973352363338073,-2.6415496223700763,-0.0568859604412747,10.317460317460318,2.3191212562497308,2.3191212562497308
base_macro_rates_term_structure_lsc__fold_08__seed123,custom_custom,base_macro_rates_term_structure_lsc,rates_term_structure_lsc,False,"Baseline technical and macro features plus lag-clean Treasury level, slope, and curvature context.",fold_08,123,25,1.849482087109,-0.163286960626097,best_model,checkpoint_robust_score,checkpoint_robust_score,0.990089443681664,276.2738863948721,-0.1932242773216191,0.3022854678740836,1.831152690724953,5.165514231745139,-0.0559386222614256,11.11111111111111,-0.299003357310777,-1.4361180212341118,-0.0556018507994331,11.11111111111111,1.6229498669662534,1.6229498669662534
base_macro_rates_term_structure_lsc__fold_08__seed999,custom_custom,base_macro_rates_term_structure_lsc,rates_term_structure_lsc,False,"Baseline technical and macro features plus lag-clean Treasury level, slope, and curvature context.",fold_08,999,25,2.067099783293721,0.0242810468818951,checkpoint,checkpoint_robust_score,checkpoint_robust_score,0.994296433588096,196.3241423134998,-0.13852515039569,0.2884864165588616,2.055309942399673,5.584675994286714,-0.051806914615943,10.238095238095235,0.0499050770682316,-0.0876029556556856,-0.056697272382814,10.158730158730158,1.890354685102067,1.890354685102067
base_macro_rates_term_structure_lsc__fold_09__seed42,custom_custom,base_macro_rates_term_structure_lsc,rates_term_structure_lsc,False,"Baseline technical and macro features plus lag-clean Treasury level, slope, and curvature context.",fold_09,42,25,4.03511809249367,-0.3835533157886842,checkpoint,checkpoint_robust_score,checkpoint_robust_score,1.087174023627354,321.80222509745937,-0.1708148307336026,0.2451982018798529,4.3868755724278765,10.514556202338431,-0.0250271487423209,9.67741935483871,-1.6826006717570945,-26.714396118595907,-0.3705036633608453,9.67741935483871,4.157897680104309,4.157897680104309
base_macro_rates_term_structure_lsc__fold_09__seed123,custom_custom,base_macro_rates_term_structure_lsc,rates_term_structure_lsc,False,"Baseline technical and macro features plus lag-clean Treasury level, slope, and curvature context.",fold_09,123,25,6.824696124428735,-0.1832328193869673,checkpoint,checkpoint_robust_score,checkpoint_robust_score,0.9380009855446728,271.6141400107309,-0.202033374447957,0.3179403351042092,6.401571690757062,15.69791092858621,-0.0152677843054728,8.064516129032258,-1.172978029405212,-17.64734639976654,-0.2693583997405195,8.064516129032258,6.473213002600622,6.473213002600622
base_macro_rates_term_structure_lsc__fold_09__seed999,custom_custom,base_macro_rates_term_structure_lsc,rates_term_structure_lsc,False,"Baseline technical and macro features plus lag-clean Treasury level, slope, and curvature context.",fold_09,999,25,5.390613293291635,-0.3623878169993041,checkpoint,checkpoint_robust_score,checkpoint_robust_score,0.8394082410444051,206.73450891123892,-0.1810487592890989,0.2456068655496526,4.524925222672519,9.60820785351988,-0.0193853097657464,9.67741935483871,-1.6397777735293844,-25.29741351482965,-0.3617252024285552,9.693548387096774,4.63589943303624,4.63589943303624
base_macro_rates_term_structure_lsc__fold_10__seed42,custom_custom,base_macro_rates_term_structure_lsc,rates_term_structure_lsc,False,"Baseline technical and macro features plus lag-clean Treasury level, slope, and curvature context.",fold_10,42,25,2.937266330570586,0.9014502173571766,checkpoint,checkpoint_robust_score,checkpoint_robust_score,0.7849747684106365,217.66111297045936,-0.3194278198740778,0.2722676001555815,2.305679957600006,16.294135404634112,-0.0583056333843209,11.290322580645162,2.078455698934611,9.619481723546963,-0.0890241851704216,11.126984126984128,2.231129664712742,2.231129664712742
base_macro_rates_term_structure_lsc__fold_10__seed123,custom_custom,base_macro_rates_term_structure_lsc,rates_term_structure_lsc,False,"Baseline technical and macro features plus lag-clean Treasury level, slope, and curvature context.",fold_10,123,25,3.660048111063954,0.723319766832401,checkpoint,checkpoint_robust_score,checkpoint_robust_score,0.7706415080221931,223.9669762500346,-0.2880309008143269,0.3582263710618436,2.8205849957441047,19.201825035174224,-0.0538923108336523,11.96774193548387,2.0401848814525945,9.26531301249771,-0.0856339892346855,12.404761904761903,2.78034528605626,2.78034528605626
base_macro_rates_term_structure_lsc__fold_10__seed999,custom_custom,base_macro_rates_term_structure_lsc,rates_term_structure_lsc,False,"Baseline technical and macro features plus lag-clean Treasury level, slope, and curvature context.",fold_10,999,25,3.371113480122604,0.6524941085717628,checkpoint,checkpoint_robust_score,checkpoint_robust_score,0.7059568506245638,197.1068845929213,-0.3807185333117225,0.5029171528588098,2.3798606555253663,19.3479706299168,-0.0896286522126422,15.274193548387096,1.552845056952035,5.804608619069263,-0.080108989019075,13.952380952380953,2.201211499212378,2.201211499212378
base_macro_rates_term_structure_lsc__fold_11__seed42,custom_custom,base_macro_rates_term_structure_lsc,rates_term_structure_lsc,False,"Baseline technical and macro features plus lag-clean Treasury level, slope, and curvature context.",fold_11,42,25,3.517425227497326,0.7634815083411403,best_model,checkpoint_robust_score,checkpoint_robust_score,0.74774192235702,279.3645321280832,-0.4021877282105497,0.2592592592592592,2.630126301355929,13.297449569242836,-0.089478420144428,11.290322580645162,2.008052795686929,7.941390252169778,-0.0537015381275937,11.475409836065571,2.6289266272836747,2.6289266272836747
base_macro_rates_term_structure_lsc__fold_11__seed123,custom_custom,base_macro_rates_term_structure_lsc,rates_term_structure_lsc,False,"Baseline technical and macro features plus lag-clean Treasury level, slope, and curvature context.",fold_11,123,25,4.496230678366371,1.039703967856945,checkpoint,checkpoint_robust_score,checkpoint_robust_score,0.7165625117208722,260.47828390174294,-0.3659835196682895,0.2777777777777778,3.221830348166648,14.828918011716086,-0.0792600626358532,10.5,3.3497497967507868,10.624348161698904,-0.0376117560527583,10.655737704918034,3.3857413365752707,3.3857413365752707
base_macro_rates_term_structure_lsc__fold_11__seed999,custom_custom,base_macro_rates_term_structure_lsc,rates_term_structure_lsc,False,"Baseline technical and macro features plus lag-clean Treasury level, slope, and curvature context.",fold_11,999,25,3.1651401722898447,1.0972036336981523,checkpoint,checkpoint_robust_score,checkpoint_robust_score,0.7378620254544941,272.7985016104787,-0.3735752227040755,0.2777777777777778,2.335436738373171,11.053653578144829,-0.0909036951006846,12.096774193548388,2.5624496756152046,9.59835602526624,-0.0414833784678753,12.295081967213116,2.270155569965592,2.270155569965592
base_macro_rates_term_structure_lsc__fold_12__seed42,custom_custom,base_macro_rates_term_structure_lsc,rates_term_structure_lsc,False,"Baseline technical and macro features plus lag-clean Treasury level, slope, and curvature context.",fold_12,42,25,2.5329802027085537,0.0335138799121748,best_model,checkpoint_robust_score,checkpoint_robust_score,0.7833630376392526,349.40549079660866,-0.4194712566287373,0.3127878143818632,1.9842430658738623,6.716017691233467,-0.0480878133991257,10.317460317460318,0.0664996838262622,-0.0362125349784636,-0.0625867354330137,10.290322580645162,1.9297963297268144,1.9297963297268144
base_macro_rates_term_structure_lsc__fold_12__seed123,custom_custom,base_macro_rates_term_structure_lsc,rates_term_structure_lsc,False,"Baseline technical and macro features plus lag-clean Treasury level, slope, and curvature context.",fold_12,123,25,2.815068674643892,-0.1913071387632036,checkpoint,checkpoint_robust_score,checkpoint_robust_score,0.89045876923894,441.26729744606433,-0.3685651703886443,0.3556500177116543,2.506702587346494,6.857769364932276,-0.0358458104940647,13.492063492063492,-0.4795500997155771,-1.6778946042434797,-0.0460106938047886,13.709677419354838,2.248103531481632,2.248103531481632
base_macro_rates_term_structure_lsc__fold_12__seed999,custom_custom,base_macro_rates_term_structure_lsc,rates_term_structure_lsc,False,"Baseline technical and macro features plus lag-clean Treasury level, slope, and curvature context.",fold_12,999,25,2.891389721168618,-0.0312988007887845,checkpoint,checkpoint_robust_score,checkpoint_robust_score,0.8352105414733552,335.655939599012,-0.3436881968967319,0.2908253630889125,2.4149191746277348,6.648112410644558,-0.0336463822432234,11.11111111111111,-0.0755840741676893,-0.3966693465393023,-0.0462091394769281,11.290322580645162,2.31508736165284,2.31508736165284
base_macro_rates_term_structure_lsc__fold_13__seed42,custom_custom,base_macro_rates_term_structure_lsc,rates_term_structure_lsc,False,"Baseline technical and macro features plus lag-clean Treasury level, slope, and curvature context.",fold_13,42,25,3.777655372973857,-0.3023111119568851,best_model,checkpoint_robust_score,checkpoint_robust_score,0.8815518827823401,443.3580815876434,-0.2992399868212193,0.2672764227642276,3.3301992065479267,11.154145614571377,-0.0322354315743813,9.596774193548388,-1.0067562251694402,-5.160715454086695,-0.1289273954839439,10.975409836065571,3.3122897709359638,3.3122897709359638
base_macro_rates_term_structure_lsc__fold_13__seed123,custom_custom,base_macro_rates_term_structure_lsc,rates_term_structure_lsc,False,"Baseline technical and macro features plus lag-clean Treasury level, slope, and curvature context.",fold_13,123,25,4.4366266278826005,-0.1873998248283144,best_model,checkpoint_robust_score,checkpoint_robust_score,0.9475886435302422,487.2207730628599,-0.3208282597698988,0.2035907859078591,4.204097008165426,14.300800390579194,-0.0350965004399669,9.67741935483871,-0.7878470428914416,-3.539106523370361,-0.1081751740670166,9.836065573770492,4.129757782516089,4.129757782516089
base_macro_rates_term_structure_lsc__fold_13__seed999,custom_custom,base_macro_rates_term_structure_lsc,rates_term_structure_lsc,False,"Baseline technical and macro features plus lag-clean Treasury level, slope, and curvature context.",fold_13,999,25,4.15345643981997,-0.3358632844097486,checkpoint,checkpoint_robust_score,checkpoint_robust_score,0.8630518627294271,380.8094537061455,-0.3428701949565362,0.2540650406504065,3.58464831715216,11.770540521603024,-0.0390688887384788,12.096774193548388,-1.2039517572526026,-4.609892938905302,-0.1008664490728908,12.295081967213116,3.477053713489925,3.477053713489925
base_macro_rates_term_structure_lsc__fold_14__seed42,custom_custom,base_macro_rates_term_structure_lsc,rates_term_structure_lsc,False,"Baseline technical and macro features plus lag-clean Treasury level, slope, and curvature context.",fold_14,42,25,-1.5135135934089057,0.4758770117469704,checkpoint,checkpoint_robust_score,checkpoint_robust_score,0.961694903577618,535.2810751466812,-0.3805340441554832,0.1950585175552665,-1.4555383092767915,-8.205039902269762,-0.1405460830540973,9.67741935483871,-0.6926572211018772,-3.4474263521239723,-0.1317904142077774,9.523809523809524,-3.3292252675162968,-3.3292252675162968
base_macro_rates_term_structure_lsc__fold_14__seed123,custom_custom,base_macro_rates_term_structure_lsc,rates_term_structure_lsc,False,"Baseline technical and macro features plus lag-clean Treasury level, slope, and curvature context.",fold_14,123,25,-2.103710281427318,0.7447951253807741,checkpoint,checkpoint_robust_score,checkpoint_robust_score,0.7585147054214534,315.0005413763479,-0.3224174660584273,0.2584525357607282,-1.5956951844089249,-8.919851067406126,-0.1306871235483638,8.064516129032258,-1.1884659949413423,-6.225954328294369,-0.1600282144133294,7.936507936507937,-3.572261763155568,-3.572261763155568
base_macro_rates_term_structure_lsc__fold_14__seed999,custom_custom,base_macro_rates_term_structure_lsc,rates_term_structure_lsc,False,"Baseline technical and macro features plus lag-clean Treasury level, slope, and curvature context.",fold_14,999,25,-1.6669173126386272,0.4186505830985171,checkpoint,checkpoint_robust_score,checkpoint_robust_score,0.8902038020942691,482.6420236882437,-0.3460172115481953,0.1625487646293888,-1.4838961294876674,-9.228643084722943,-0.1500295611484084,8.064516129032258,-0.6212339798676446,-3.4411477652236733,-0.1391392523297228,7.952380952380952,-3.3164809275313183,-3.3164809275313183
base_macro_analyst_or_fund_revision_features__fold_01__seed42,custom_custom,base_macro_analyst_or_fund_revision_features,analyst_or_fund_revision_features,False,Baseline technical and macro features plus lagged point-in-time fundamental revision proxy features.,fold_01,42,25,2.111611054551427,1.852057964646701,checkpoint,checkpoint_robust_score,checkpoint_robust_score,0.7973386615301232,78.82594594554533,-0.1433944025191125,1.297709923664122,1.6836691319082466,5.798607993281357,-0.0519828266677133,11.661290322580646,3.1182528255804653,10.719767977297543,-0.050726060284977,12.098360655737704,1.5242545375730994,1.5242545375730994
base_macro_analyst_or_fund_revision_features__fold_01__seed123,custom_custom,base_macro_analyst_or_fund_revision_features,analyst_or_fund_revision_features,False,Baseline technical and macro features plus lagged point-in-time fundamental revision proxy features.,fold_01,123,25,2.692449401122321,0.4815944119738575,checkpoint,checkpoint_robust_score,checkpoint_robust_score,0.968040630553641,119.56313854044892,-0.1509646012895099,0.4510756419153365,2.6064004159962253,9.674568504732717,-0.0351354621004689,10.483870967741936,1.2552278757101196,4.773020623131208,-0.0671896714723352,10.655737704918034,2.4476246868869893,2.4476246868869893
base_macro_analyst_or_fund_revision_features__fold_01__seed999,custom_custom,base_macro_analyst_or_fund_revision_features,analyst_or_fund_revision_features,False,Baseline technical and macro features plus lagged point-in-time fundamental revision proxy features.,fold_01,999,25,3.611132375013376,0.5424100809513044,checkpoint,checkpoint_robust_score,checkpoint_robust_score,0.7511221645454244,80.84086819523348,-0.1814921389901507,0.5294934073560028,2.712401565980106,10.041749948301382,-0.036186416984001,11.709677419354838,1.471233952975714,5.913572662520594,-0.072941349855589,11.655737704918034,2.700747594066507,2.700747594066507
base_macro_analyst_or_fund_revision_features__fold_02__seed42,custom_custom,base_macro_analyst_or_fund_revision_features,analyst_or_fund_revision_features,False,Baseline technical and macro features plus lagged point-in-time fundamental revision proxy features.,fold_02,42,25,0.1091072862033037,10.958716165773843,checkpoint,checkpoint_robust_score,checkpoint_robust_score,0.8252407878689034,110.14909768537638,-0.1727896818466141,0.4472843450479233,0.0900397828286522,0.0802284496322691,-0.0512642276212096,10.9375,0.986720423647118,2.2620745585288926,-0.0237689407285178,11.11111111111111,-0.6810944415264002,-0.6810944415264002
base_macro_analyst_or_fund_revision_features__fold_02__seed123,custom_custom,base_macro_analyst_or_fund_revision_features,analyst_or_fund_revision_features,False,Baseline technical and macro features plus lagged point-in-time fundamental revision proxy features.,fold_02,123,25,0.1129318002434952,8.01504860183161,checkpoint,checkpoint_robust_score,checkpoint_robust_score,0.8622639324135287,118.89911475798816,-0.2033183331613615,0.3833865814696485,0.0973770181724953,0.1124934868318217,-0.052523041334214,6.25,0.7804815333539902,1.698859910442363,-0.0298493893561364,6.349206349206349,-0.4485595758600643,-0.4485595758600643
base_macro_analyst_or_fund_revision_features__fold_02__seed999,custom_custom,base_macro_analyst_or_fund_revision_features,analyst_or_fund_revision_features,False,Baseline technical and macro features plus lagged point-in-time fundamental revision proxy features.,fold_02,999,25,0.8995817015370765,-0.5119161610906892,checkpoint,checkpoint_robust_score,checkpoint_robust_score,1.0852019645526068,148.2428016736807,-0.1354462673232067,1.129073482428115,0.9762278297836122,2.6605966200041298,-0.0369447670620931,13.1328125,-0.4997468029727215,-1.2237891450963434,-0.0370193955129547,14.293650793650794,0.5926053764462316,0.5926053764462316
base_macro_analyst_or_fund_revision_features__fold_03__seed42,custom_custom,base_macro_analyst_or_fund_revision_features,analyst_or_fund_revision_features,False,Baseline technical and macro features plus lagged point-in-time fundamental revision proxy features.,fold_03,42,25,8.685196991207293,0.1223389829718303,best_model,checkpoint_robust_score,checkpoint_robust_score,0.7368135495585162,108.98159784370668,-0.2177941145649728,0.3544004725339634,6.399370823706391,16.472526096328586,-0.0195930535981413,9.67741935483871,0.782892518231844,1.4865944647850735,-0.0412625454836801,9.836065573770492,6.971464451575439,6.971464451575439
base_macro_analyst_or_fund_revision_features__fold_03__seed123,custom_custom,base_macro_analyst_or_fund_revision_features,analyst_or_fund_revision_features,False,Baseline technical and macro features plus lagged point-in-time fundamental revision proxy features.,fold_03,123,25,6.6197030539097295,0.2665884857081679,best_model,checkpoint_robust_score,checkpoint_robust_score,0.8725558117243779,137.60175144485746,-0.1915235809021368,0.4081512108682811,5.776060371578548,13.957153807110068,-0.0174779078243252,9.46774193548387,1.5398311878180826,2.9906476370869184,-0.0349828598551674,9.131147540983608,5.901594956941367,5.901594956941367
base_macro_analyst_or_fund_revision_features__fold_03__seed999,custom_custom,base_macro_analyst_or_fund_revision_features,analyst_or_fund_revision_features,False,Baseline technical and macro features plus lagged point-in-time fundamental revision proxy features.,fold_03,999,25,6.927960830878574,0.3627437199831613,checkpoint,checkpoint_robust_score,checkpoint_robust_score,0.7650018518462199,114.83946629905395,-0.2283743083856297,0.3544004725339634,5.299902865140186,13.848688236391492,-0.0216399023663089,9.67741935483871,1.9225064808503656,3.850173560758252,-0.0400472088288349,9.836065573770492,5.651438843316232,5.651438843316232
base_macro_analyst_or_fund_revision_features__fold_04__seed42,custom_custom,base_macro_analyst_or_fund_revision_features,analyst_or_fund_revision_features,False,Baseline technical and macro features plus lagged point-in-time fundamental revision proxy features.,fold_04,42,25,3.252750986598918,1.5891479071133543,checkpoint,checkpoint_robust_score,checkpoint_robust_score,1.0742326256036197,193.99337144345364,-0.1972672098015708,1.1805173362685746,3.49421123276892,6.226030261883153,-0.0213807013643122,16.714285714285715,5.552818467566703,11.248732280407946,-0.023336058766379,19.13492063492064,2.9478292097199685,2.9478292097199685
base_macro_analyst_or_fund_revision_features__fold_04__seed123,custom_custom,base_macro_analyst_or_fund_revision_features,analyst_or_fund_revision_features,False,Baseline technical and macro features plus lagged point-in-time fundamental revision proxy features.,fold_04,123,25,3.748379561063565,1.473425119447915,checkpoint,checkpoint_robust_score,checkpoint_robust_score,1.0384066779985188,207.5375083785728,-0.2034437630786801,0.5910842047330765,3.892342367881562,7.271002375089286,-0.0188377908126222,13.492063492063492,5.735075018328072,9.938223481943709,-0.0217196577465318,14.57936507936508,3.528910769110308,3.528910769110308
base_macro_analyst_or_fund_revision_features__fold_04__seed999,custom_custom,base_macro_analyst_or_fund_revision_features,analyst_or_fund_revision_features,False,Baseline technical and macro features plus lagged point-in-time fundamental revision proxy features.,fold_04,999,25,3.366466797843689,1.3981117609675215,checkpoint,checkpoint_robust_score,checkpoint_robust_score,0.9915558025748944,175.37438060984786,-0.1750189656166029,0.717116125481563,3.3380396875776333,6.8892539209723935,-0.0204121980908098,16.746031746031747,4.66695254577864,8.74504821269304,-0.0211413469775306,16.182539682539684,2.855690899961298,2.855690899961298
base_macro_analyst_or_fund_revision_features__fold_05__seed42,custom_custom,base_macro_analyst_or_fund_revision_features,analyst_or_fund_revision_features,False,Baseline technical and macro features plus lagged point-in-time fundamental revision proxy features.,fold_05,42,25,6.695659510643833,-0.0999900834523935,checkpoint,checkpoint_robust_score,checkpoint_robust_score,1.057490109424457,220.57909099825284,-0.2049855435891737,0.3950617283950617,7.080593708579655,10.247554833217263,-0.0074922928474452,10.483870967741936,-0.7079891558133726,-4.364329149822199,-0.1089157719498521,10.833333333333334,6.791045499928836,6.791045499928836
base_macro_analyst_or_fund_revision_features__fold_05__seed123,custom_custom,base_macro_analyst_or_fund_revision_features,analyst_or_fund_revision_features,False,Baseline technical and macro features plus lagged point-in-time fundamental revision proxy features.,fold_05,123,25,6.3594849096929496,-0.1218559153442403,checkpoint,checkpoint_robust_score,checkpoint_robust_score,0.8743637916699452,155.9666305840326,-0.1822356183490953,0.5010288065843621,5.560503338706926,9.943728244990368,-0.008107465058784,14.806451612903226,-0.677580224112837,-4.090927914439179,-0.1023830920225504,15.133333333333333,5.405040888485476,5.405040888485476
base_macro_analyst_or_fund_revision_features__fold_05__seed999,custom_custom,base_macro_analyst_or_fund_revision_features,analyst_or_fund_revision_features,False,Baseline technical and macro features plus lagged point-in-time fundamental revision proxy features.,fold_05,999,25,6.194084889117825,-0.1810540112825654,checkpoint,checkpoint_robust_score,checkpoint_robust_score,1.1209937120626234,264.8796433344172,-0.2235670729416476,0.2314814814814814,6.943530212683194,13.456188439390404,-0.01223196497232,7.258064516129032,-1.2571539974679773,-7.1987375694097295,-0.1199736096588884,7.5,6.709445726353548,6.709445726353548
base_macro_analyst_or_fund_revision_features__fold_06__seed42,custom_custom,base_macro_analyst_or_fund_revision_features,analyst_or_fund_revision_features,False,Baseline technical and macro features plus lagged point-in-time fundamental revision proxy features.,fold_06,42,25,2.4783861739965416,1.587239980538766,checkpoint,checkpoint_robust_score,checkpoint_robust_score,1.2544605591371492,300.0332742643519,-0.1531376420147171,1.1174480425326243,3.1090377055894813,9.433935315012754,-0.0236423482809755,23.05555555555556,4.934788947314138,7.704472738988866,-0.0150652927426685,26.99206349206349,2.1722288526240794,2.1722288526240794
base_macro_analyst_or_fund_revision_features__fold_06__seed123,custom_custom,base_macro_analyst_or_fund_revision_features,analyst_or_fund_revision_features,False,Baseline technical and macro features plus lagged point-in-time fundamental revision proxy features.,fold_06,123,25,1.5411477304277783,2.441077653914809,checkpoint,checkpoint_robust_score,checkpoint_robust_score,1.258418540331237,337.9874136871801,-0.1913545631357021,1.0130497825036249,1.9394088773597236,6.586118193658241,-0.0403270805526214,11.492063492063492,4.734247672326827,9.795061849003206,-0.0159772294387392,11.555555555555555,1.6618280823910387,1.6618280823910387
base_macro_analyst_or_fund_revision_features__fold_06__seed999,custom_custom,base_macro_analyst_or_fund_revision_features,analyst_or_fund_revision_features,False,Baseline technical and macro features plus lagged point-in-time fundamental revision proxy features.,fold_06,999,25,1.517076709216338,2.402273068741213,checkpoint,checkpoint_robust_score,checkpoint_robust_score,1.1613822446291289,250.81743757946725,-0.1394526390214859,0.5717738037699371,1.7619059538242428,5.285567326453022,-0.0351608413818256,12.904761904761903,4.232579222526777,8.887770363146586,-0.0188615789820781,12.80952380952381,1.4339453244553937,1.4339453244553937
base_macro_analyst_or_fund_revision_features__fold_07__seed42,custom_custom,base_macro_analyst_or_fund_revision_features,analyst_or_fund_revision_features,False,Baseline technical and macro features plus lagged point-in-time fundamental revision proxy features.,fold_07,42,25,-1.18886806142495,-2.408010847808127,best_model,checkpoint_robust_score,checkpoint_robust_score,1.1603182266980954,329.8699316259841,-0.2020831842787308,0.2736794171220401,-1.3794652808106005,-9.391336920436078,-0.1551183516861002,9.836065573770492,3.3217673603666094,10.51755483465424,-0.0348218831105465,9.836065573770492,-3.1918084437945105,-3.1918084437945105
base_macro_analyst_or_fund_revision_features__fold_07__seed123,custom_custom,base_macro_analyst_or_fund_revision_features,analyst_or_fund_revision_features,False,Baseline technical and macro features plus lagged point-in-time fundamental revision proxy features.,fold_07,123,25,-0.950630554222786,-2.9684699517317084,best_model,checkpoint_robust_score,checkpoint_robust_score,1.286848516707273,342.269550429684,-0.1548692930508326,0.3642987249544626,-1.2233175186382048,-7.877175150549299,-0.1412650522652035,13.114754098360656,3.631381295504505,9.41820117930221,-0.0295148503268836,13.114754098360656,-3.1044605351316497,-3.1044605351316497
base_macro_analyst_or_fund_revision_features__fold_07__seed999,custom_custom,base_macro_analyst_or_fund_revision_features,analyst_or_fund_revision_features,False,Baseline technical and macro features plus lagged point-in-time fundamental revision proxy features.,fold_07,999,25,-0.8575064518819517,-2.458568737162325,checkpoint,checkpoint_robust_score,checkpoint_robust_score,1.253348476943923,267.40115033395386,-0.1453232748321595,0.5091074681238615,-1.0747544054358316,-6.119843816344872,-0.1322780483253886,8.344262295081966,2.6423575813320186,5.924462376200479,-0.0214453790764493,8.032786885245901,-2.620158592014066,-2.620158592014066
base_macro_analyst_or_fund_revision_features__fold_08__seed42,custom_custom,base_macro_analyst_or_fund_revision_features,analyst_or_fund_revision_features,False,Baseline technical and macro features plus lagged point-in-time fundamental revision proxy features.,fold_08,42,25,2.806408964336826,-0.4285389838424019,checkpoint,checkpoint_robust_score,checkpoint_robust_score,0.8309759987747019,207.3337632772922,-0.2564941816360229,0.344976282880552,2.332058492110071,7.11172210626827,-0.0622680510966486,11.11111111111111,-0.9993779764698938,-4.392557928785712,-0.0761791541818333,11.11111111111111,2.2271403962953604,2.2271403962953604
base_macro_analyst_or_fund_revision_features__fold_08__seed123,custom_custom,base_macro_analyst_or_fund_revision_features,analyst_or_fund_revision_features,False,Baseline technical and macro features plus lagged point-in-time fundamental revision proxy features.,fold_08,123,25,1.6297498255796572,-0.5521681157549851,checkpoint,checkpoint_robust_score,checkpoint_robust_score,0.949462674038014,248.0533705780396,-0.1775698909230931,0.3678309616213885,1.5473866274078485,4.645392667728232,-0.0610700788555953,14.65079365079365,-0.8544175584002529,-3.4982751875713203,-0.0642903034643852,14.444444444444445,1.169878992256044,1.169878992256044
base_macro_analyst_or_fund_revision_features__fold_08__seed999,custom_custom,base_macro_analyst_or_fund_revision_features,analyst_or_fund_revision_features,False,Baseline technical and macro features plus lagged point-in-time fundamental revision proxy features.,fold_08,999,25,2.3964147849661086,-0.2012127999353734,checkpoint,checkpoint_robust_score,checkpoint_robust_score,0.9471661479223922,220.00927436292176,-0.167561645040411,0.9223803363518758,2.2698029607006167,6.107036653429776,-0.042344418242796,17.46031746031746,-0.4567134090241713,-1.9507330120849156,-0.053399644808851,17.50793650793651,1.7683749361262238,1.7683749361262238
base_macro_analyst_or_fund_revision_features__fold_09__seed42,custom_custom,base_macro_analyst_or_fund_revision_features,analyst_or_fund_revision_features,False,Baseline technical and macro features plus lagged point-in-time fundamental revision proxy features.,fold_09,42,25,3.754866355795396,-0.3047096342807261,checkpoint,checkpoint_robust_score,checkpoint_robust_score,1.224230715834466,441.0630852148946,-0.1747532009141094,0.3669799754801798,4.59682272661815,9.810615737194862,-0.0176044656887804,10.548387096774194,-1.400696171881147,-23.16407723929825,-0.3387116223846023,10.637096774193548,4.201438945964661,4.201438945964661
base_macro_analyst_or_fund_revision_features__fold_09__seed123,custom_custom,base_macro_analyst_or_fund_revision_features,analyst_or_fund_revision_features,False,Baseline technical and macro features plus lagged point-in-time fundamental revision proxy features.,fold_09,123,25,4.867209246112759,-0.1963219892482385,checkpoint,checkpoint_robust_score,checkpoint_robust_score,1.174003139793122,408.80487372225895,-0.1860795952774345,0.6681651001225991,5.714118936966493,13.936356565797835,-0.0208419660950457,13.370967741935484,-1.121807196506292,-19.79881584027593,-0.3206076307040476,13.701612903225806,5.157969060389,5.157969060389
base_macro_analyst_or_fund_revision_features__fold_09__seed999,custom_custom,base_macro_analyst_or_fund_revision_features,analyst_or_fund_revision_features,False,Baseline technical and macro features plus lagged point-in-time fundamental revision proxy features.,fold_09,999,25,4.205002448503912,-0.409658485253427,checkpoint,checkpoint_robust_score,checkpoint_robust_score,1.002513721245765,287.95818227750414,-0.1700500975696367,0.4495300367797303,4.21557265249721,8.742897361629854,-0.0217405826111466,18.693548387096776,-1.7269451072977784,-28.261667089075114,-0.3947298941190263,16.822580645161292,3.625901405919621,3.625901405919621
base_macro_analyst_or_fund_revision_features__fold_10__seed42,custom_custom,base_macro_analyst_or_fund_revision_features,analyst_or_fund_revision_features,False,Baseline technical and macro features plus lagged point-in-time fundamental revision proxy features.,fold_10,42,25,3.3302701613471046,0.892075482171721,best_model,checkpoint_robust_score,checkpoint_robust_score,0.7351534601377633,222.80275965672672,-0.3911828393731423,0.2333722287047841,2.448259632307871,19.61028512288669,-0.0875173266503924,9.67741935483871,2.1840323919726043,9.97363353651275,-0.0903012775623399,9.523809523809524,2.521644328112845,2.521644328112845
base_macro_analyst_or_fund_revision_features__fold_10__seed123,custom_custom,base_macro_analyst_or_fund_revision_features,analyst_or_fund_revision_features,False,Baseline technical and macro features plus lagged point-in-time fundamental revision proxy features.,fold_10,123,25,3.6294369417211256,0.5188104240638383,checkpoint,checkpoint_robust_score,checkpoint_robust_score,0.6562729476771993,170.9707298984465,-0.331286584384812,0.3306106573317775,2.3819012801518427,16.37945982136082,-0.0665255144927277,10.741935483870968,1.2357552132337768,4.821340579849198,-0.0925833197206237,10.80952380952381,2.5044849677452903,2.5044849677452903
base_macro_analyst_or_fund_revision_features__fold_10__seed999,custom_custom,base_macro_analyst_or_fund_revision_features,analyst_or_fund_revision_features,False,Baseline technical and macro features plus lagged point-in-time fundamental revision proxy features.,fold_10,999,25,3.722419465309565,0.7293476532496381,best_model,checkpoint_robust_score,checkpoint_robust_score,0.6405703035028016,159.87244472976073,-0.3738676410032889,0.692337611824193,2.384471366658085,19.39777561677247,-0.0912161546938282,13.161290322580646,1.7391085955130317,6.791435879524221,-0.0753486574928641,14.80952380952381,2.409766675813668,2.409766675813668
base_macro_analyst_or_fund_revision_features__fold_11__seed42,custom_custom,base_macro_analyst_or_fund_revision_features,analyst_or_fund_revision_features,False,Baseline technical and macro features plus lagged point-in-time fundamental revision proxy features.,fold_11,42,25,3.805173341914751,0.8575634958262484,checkpoint,checkpoint_robust_score,checkpoint_robust_score,0.6859614184623676,240.14755001709372,-0.4000703409965931,0.6396296296296297,2.6102021031150304,13.145641291621391,-0.0866295454264746,12.943548387096774,2.238414040360351,8.664560493052642,-0.0495223151188213,13.221311475409836,2.6126881592592754,2.6126881592592754
base_macro_analyst_or_fund_revision_features__fold_11__seed123,custom_custom,base_macro_analyst_or_fund_revision_features,analyst_or_fund_revision_features,False,Baseline technical and macro features plus lagged point-in-time fundamental revision proxy features.,fold_11,123,25,3.3609285217135727,0.8221450035243467,checkpoint,checkpoint_robust_score,checkpoint_robust_score,0.7698163583489829,312.03304944617844,-0.418226533317217,0.2622222222222222,2.587297755256773,13.95802683448064,-0.0789824096247059,10.080645161290322,2.127133922114114,8.573773654787464,-0.044745993516167,10.065573770491802,2.6155737499118104,2.6155737499118104
base_macro_analyst_or_fund_revision_features__fold_11__seed999,custom_custom,base_macro_analyst_or_fund_revision_features,analyst_or_fund_revision_features,False,Baseline technical and macro features plus lagged point-in-time fundamental revision proxy features.,fold_11,999,25,3.5634673317942624,0.9508768465897618,best_model,checkpoint_robust_score,checkpoint_robust_score,0.7322560757865733,286.9211553403365,-0.4242059486057692,0.2962962962962963,2.6093706045733174,13.694686407617173,-0.0891898302786482,11.935483870967742,2.481190092060696,9.681684169314542,-0.0632697629709106,11.81967213114754,2.5939009090496965,2.5939009090496965
base_macro_analyst_or_fund_revision_features__fold_12__seed42,custom_custom,base_macro_analyst_or_fund_revision_features,analyst_or_fund_revision_features,False,Baseline technical and macro features plus lagged point-in-time fundamental revision proxy features.,fold_12,42,25,3.674323103952795,0.0151471618142711,checkpoint,checkpoint_robust_score,checkpoint_robust_score,0.8736956902832472,432.3206890467044,-0.3241391715048389,0.2766560396741055,3.210240260631721,9.452781296477507,-0.0368194656734219,10.317460317460318,0.0486260286904765,-0.0312018905781252,-0.051575196340925,11.5,3.1589077849528757,3.1589077849528757
base_macro_analyst_or_fund_revision_features__fold_12__seed123,custom_custom,base_macro_analyst_or_fund_revision_features,analyst_or_fund_revision_features,False,Baseline technical and macro features plus lagged point-in-time fundamental revision proxy features.,fold_12,123,25,2.0810742388895505,-0.4346405028016147,checkpoint,checkpoint_robust_score,checkpoint_robust_score,1.0068557626293368,587.0479621620218,-0.408407170578394,0.3698193411264612,2.095341589885405,6.759347558713924,-0.0372232719342139,8.428571428571429,-0.9107203221689272,-2.8329373409923475,-0.0643275291095319,9.5,2.0175966353351305,2.0175966353351305
base_macro_analyst_or_fund_revision_features__fold_12__seed999,custom_custom,base_macro_analyst_or_fund_revision_features,analyst_or_fund_revision_features,False,Baseline technical and macro features plus lagged point-in-time fundamental revision proxy features.,fold_12,999,25,3.021397135058724,-0.20175482704309,checkpoint,checkpoint_robust_score,checkpoint_robust_score,0.822568343078014,343.9004343872726,-0.3686505629404085,0.4594403117251151,2.4853056351659126,7.643888159975831,-0.038050353667415,13.26984126984127,-0.5014224085721157,-1.898209461038613,-0.0612752319781257,12.951612903225806,2.293539481346897,2.293539481346897
base_macro_analyst_or_fund_revision_features__fold_13__seed42,custom_custom,base_macro_analyst_or_fund_revision_features,analyst_or_fund_revision_features,False,Baseline technical and macro features plus lagged point-in-time fundamental revision proxy features.,fold_13,42,25,3.399379908771464,-0.1932209081985462,checkpoint,checkpoint_robust_score,checkpoint_robust_score,1.0067280313203848,541.4553844159343,-0.3296851839780446,0.287940379403794,3.422251043267565,11.76092299864422,-0.055694232399346,14.790322580645162,-0.6612504546635813,-3.198279641584756,-0.1048294878896597,15.229508196721312,3.0215154048838717,3.0215154048838717
base_macro_analyst_or_fund_revision_features__fold_13__seed123,custom_custom,base_macro_analyst_or_fund_revision_features,analyst_or_fund_revision_features,False,Baseline technical and macro features plus lagged point-in-time fundamental revision proxy features.,fold_13,123,25,4.384502059342834,-0.1601124725721081,checkpoint,checkpoint_robust_score,checkpoint_robust_score,1.0511205439127336,652.1254206311164,-0.3781205332103864,0.4820460704607046,4.60864018940294,15.336830059122452,-0.0301061725460383,10.629032258064516,-0.7379007759204933,-3.191386013992281,-0.0900346375171887,9.852459016393444,4.363621804093531,4.363621804093531
base_macro_analyst_or_fund_revision_features__fold_13__seed999,custom_custom,base_macro_analyst_or_fund_revision_features,analyst_or_fund_revision_features,False,Baseline technical and macro features plus lagged point-in-time fundamental revision proxy features.,fold_13,999,25,3.717312783350263,-0.4820782028739054,best_model,checkpoint_robust_score,checkpoint_robust_score,0.8959490346516004,374.0602108741445,-0.2775399152569684,0.1991869918699187,3.330522799740722,10.35029228115918,-0.0384987054278546,7.258064516129032,-1.605572445929575,-6.894488234502038,-0.1049601908243295,7.377049180327869,3.412728359782885,3.412728359782885
base_macro_analyst_or_fund_revision_features__fold_14__seed42,custom_custom,base_macro_analyst_or_fund_revision_features,analyst_or_fund_revision_features,False,Baseline technical and macro features plus lagged point-in-time fundamental revision proxy features.,fold_14,42,25,-1.304587636863208,0.5639794682682613,best_model,checkpoint_robust_score,checkpoint_robust_score,0.8288033779793732,332.3983066330255,-0.2901619162776524,0.5572171651495449,-1.0812466403023546,-6.833399819632002,-0.1155350876050704,28.225806451612904,-0.609800905264566,-3.7602977300731135,-0.153119114464228,24.746031746031747,-3.6292136509442345,-3.6292136509442345
base_macro_analyst_or_fund_revision_features__fold_14__seed123,custom_custom,base_macro_analyst_or_fund_revision_features,analyst_or_fund_revision_features,False,Baseline technical and macro features plus lagged point-in-time fundamental revision proxy features.,fold_14,123,25,-1.5544544499305193,0.8508395992208724,checkpoint,checkpoint_robust_score,checkpoint_robust_score,1.1108209360506056,757.8640378771871,-0.3078592751819543,0.5949284785435631,-1.7267205471198488,-10.392300470999915,-0.1520365585342102,10.701612903225806,-1.4691622182778976,-7.224901864548294,-0.1613774665163594,11.174603174603174,-3.814203424719901,-3.814203424719901
base_macro_analyst_or_fund_revision_features__fold_14__seed999,custom_custom,base_macro_analyst_or_fund_revision_features,analyst_or_fund_revision_features,False,Baseline technical and macro features plus lagged point-in-time fundamental revision proxy features.,fold_14,999,25,-1.8265869803496224,0.3279142007560627,best_model,checkpoint_robust_score,checkpoint_robust_score,0.8674901735777252,410.263857203387,-0.3447630543093979,0.2113133940182054,-1.584546256638307,-8.871438040457157,-0.1494270359883462,10.483870967741936,-0.5195952193065615,-2.7156561077998687,-0.1351977595064531,10.333333333333334,-3.621200702322218,-3.621200702322218
base_macro_vol_term_or_implied_vol_proxy__fold_01__seed42,custom_custom,base_macro_vol_term_or_implied_vol_proxy,vol_term_or_implied_vol_proxy,False,Baseline technical and macro features plus lag-clean implied-volatility term-structure context.,fold_01,42,22,2.804935634163386,0.5492001803226001,checkpoint,checkpoint_robust_score,checkpoint_robust_score,1.064550198345134,135.05218273242275,-0.1612513323073451,0.3948646773074254,2.9859947856939675,10.187041196713633,-0.0354061764250819,8.870967741935484,1.6399088747454704,6.0199034419891495,-0.0700011368007889,9.01639344262295,2.848127647339778,2.848127647339778
base_macro_vol_term_or_implied_vol_proxy__fold_01__seed123,custom_custom,base_macro_vol_term_or_implied_vol_proxy,vol_term_or_implied_vol_proxy,False,Baseline technical and macro features plus lag-clean implied-volatility term-structure context.,fold_01,123,22,2.5641872301240305,0.8913066533646082,best_model,checkpoint_robust_score,checkpoint_robust_score,0.9075395136212212,112.13794433091095,-0.1670019708511293,0.4857737682165163,2.327101231660509,8.22330130465605,-0.043233038010652,11.290322580645162,2.074160810831986,9.244095282457376,-0.0670928900602956,11.475409836065571,2.158880728056846,2.158880728056846
base_macro_vol_term_or_implied_vol_proxy__fold_01__seed999,custom_custom,base_macro_vol_term_or_implied_vol_proxy,vol_term_or_implied_vol_proxy,False,Baseline technical and macro features plus lag-clean implied-volatility term-structure context.,fold_01,999,22,2.4616996466381957,0.5335729680750871,checkpoint,checkpoint_robust_score,checkpoint_robust_score,1.098074575342323,146.99087819668188,-0.1599641623220113,0.7675225537820958,2.7031297941025825,10.09109925852776,-0.0419221977566761,14.53225806451613,1.442316987331514,6.009727279617305,-0.0738975322708892,15.39344262295082,2.2721502208583857,2.2721502208583857
base_macro_vol_term_or_implied_vol_proxy__fold_02__seed42,custom_custom,base_macro_vol_term_or_implied_vol_proxy,vol_term_or_implied_vol_proxy,False,Baseline technical and macro features plus lag-clean implied-volatility term-structure context.,fold_02,42,22,0.3831000652037954,-2.558964840658557,checkpoint,checkpoint_robust_score,checkpoint_robust_score,1.0152343519883429,141.03527088169287,-0.1425724096137076,0.445367412140575,0.3889363464438671,0.9630901849283946,-0.0423587120129355,8.109375,-0.9952744358040518,-2.26012205003735,-0.0462757666107492,8.666666666666666,-0.1058875538766646,-0.1058875538766646
base_macro_vol_term_or_implied_vol_proxy__fold_02__seed123,custom_custom,base_macro_vol_term_or_implied_vol_proxy,vol_term_or_implied_vol_proxy,False,Baseline technical and macro features plus lag-clean implied-volatility term-structure context.,fold_02,123,22,0.2367272947942835,6.097032081065248,checkpoint,checkpoint_robust_score,checkpoint_robust_score,0.9063856301106956,136.8508948275119,-0.1730609024047992,0.5654952076677316,0.214566218256517,0.516851143721242,-0.0628086925041305,13.046875,1.3082171162228324,2.9654429261329662,-0.0283888976561565,13.333333333333334,-0.6033406419648593,-0.6033406419648593
base_macro_vol_term_or_implied_vol_proxy__fold_02__seed999,custom_custom,base_macro_vol_term_or_implied_vol_proxy,vol_term_or_implied_vol_proxy,False,Baseline technical and macro features plus lag-clean implied-volatility term-structure context.,fold_02,999,22,0.6980282388518678,1.0878886951318365,best_model,checkpoint_robust_score,checkpoint_robust_score,0.9215492936398086,128.3086646139509,-0.1689356074848877,0.5035143769968051,0.6432674304545785,1.790087170697774,-0.0480503013727915,10.6328125,0.6998033655380408,1.4963068951328484,-0.0313387589314576,10.626984126984128,0.2537330068006225,0.2537330068006225
base_macro_vol_term_or_implied_vol_proxy__fold_03__seed42,custom_custom,base_macro_vol_term_or_implied_vol_proxy,vol_term_or_implied_vol_proxy,False,Baseline technical and macro features plus lag-clean implied-volatility term-structure context.,fold_03,42,22,5.597426711189545,0.5073193034897121,checkpoint,checkpoint_robust_score,checkpoint_robust_score,0.8578374677076827,121.64276469206696,-0.1558234888410573,0.370939161252215,4.801682355606181,10.882471982198716,-0.0218283227134739,8.064516129032258,2.435986148224968,4.245412493367784,-0.0325002475267238,8.19672131147541,4.975027355035087,4.975027355035087
base_macro_vol_term_or_implied_vol_proxy__fold_03__seed123,custom_custom,base_macro_vol_term_or_implied_vol_proxy,vol_term_or_implied_vol_proxy,False,Baseline technical and macro features plus lag-clean implied-volatility term-structure context.,fold_03,123,22,6.880472277489963,0.3447235046326405,checkpoint,checkpoint_robust_score,checkpoint_robust_score,0.7915759441651732,117.19985032843329,-0.1985271474851796,0.622563496751329,5.446416339356417,13.60474885867693,-0.0223363041083235,15.790322580645162,1.877507728191421,3.3971113354421822,-0.0344332191559479,15.295081967213116,5.433637738717879,5.433637738717879
base_macro_vol_term_or_implied_vol_proxy__fold_03__seed999,custom_custom,base_macro_vol_term_or_implied_vol_proxy,vol_term_or_implied_vol_proxy,False,Baseline technical and macro features plus lag-clean implied-volatility term-structure context.,fold_03,999,22,6.613553056874897,0.2537249743014368,checkpoint,checkpoint_robust_score,checkpoint_robust_score,0.8574853788223954,126.74164566265952,-0.1692251341701766,1.0070880094506791,5.671025048336382,13.78344162932381,-0.0149952859074464,16.225806451612904,1.4388806846519533,2.4631623015358484,-0.0311182700736128,16.352459016393443,5.488239882741311,5.488239882741311
base_macro_vol_term_or_implied_vol_proxy__fold_04__seed42,custom_custom,base_macro_vol_term_or_implied_vol_proxy,vol_term_or_implied_vol_proxy,False,Baseline technical and macro features plus lag-clean implied-volatility term-structure context.,fold_04,42,22,3.625842208441095,1.115382532058221,best_model,checkpoint_robust_score,checkpoint_robust_score,1.260330486148833,219.55217241544128,-0.1404464885104366,0.3863511282333516,4.569759473263523,7.431349440680335,-0.0158658733633055,11.11111111111111,5.097029892185709,8.412679900985353,-0.0142358566481181,11.11111111111111,4.123361957835879,4.123361957835879
base_macro_vol_term_or_implied_vol_proxy__fold_04__seed123,custom_custom,base_macro_vol_term_or_implied_vol_proxy,vol_term_or_implied_vol_proxy,False,Baseline technical and macro features plus lag-clean implied-volatility term-structure context.,fold_04,123,22,3.987145638118855,0.6148144610891922,best_model,checkpoint_robust_score,checkpoint_robust_score,1.1795805869315792,224.0081624200407,-0.1663687100003433,0.3725921849201981,4.703159591993924,7.334813210479707,-0.0153861155678916,10.365079365079366,2.89157052996821,5.003904075502397,-0.0220611388604921,10.238095238095235,4.345615333752945,4.345615333752945
base_macro_vol_term_or_implied_vol_proxy__fold_04__seed999,custom_custom,base_macro_vol_term_or_implied_vol_proxy,vol_term_or_implied_vol_proxy,False,Baseline technical and macro features plus lag-clean implied-volatility term-structure context.,fold_04,999,22,3.688905431014207,1.0859573137637497,best_model,checkpoint_robust_score,checkpoint_robust_score,0.9601393681012562,151.55911616643576,-0.1476078015230425,0.8354430379746836,3.541863329519273,6.90019613635442,-0.0178648046674677,16.761904761904763,3.84631238704308,7.067500341878152,-0.0160992567184563,17.134920634920636,3.0894951253159544,3.0894951253159544
base_macro_vol_term_or_implied_vol_proxy__fold_05__seed42,custom_custom,base_macro_vol_term_or_implied_vol_proxy,vol_term_or_implied_vol_proxy,False,Baseline technical and macro features plus lag-clean implied-volatility term-structure context.,fold_05,42,22,5.886272654576445,-0.081929419314617,checkpoint,checkpoint_robust_score,checkpoint_robust_score,1.086987633011527,218.20137028740209,-0.1643664394889777,0.3858024691358024,6.398305580058526,10.842296424086229,-0.0059296708021101,12.096774193548388,-0.5242094607716693,-3.588218547720712,-0.1019210643623781,12.5,5.994108050936202,5.994108050936202
base_macro_vol_term_or_implied_vol_proxy__fold_05__seed123,custom_custom,base_macro_vol_term_or_implied_vol_proxy,vol_term_or_implied_vol_proxy,False,Baseline technical and macro features plus lag-clean implied-volatility term-structure context.,fold_05,123,22,5.662929637428241,0.0163290831219825,checkpoint,checkpoint_robust_score,checkpoint_robust_score,0.992860516331752,215.7153337745654,-0.1974371916992728,0.411522633744856,5.622499243767385,10.770581120919063,-0.007416428490542,12.903225806451612,0.0918102575047615,-0.1498377416784158,-0.0905214050130136,13.333333333333334,5.338248129093163,5.338248129093163
base_macro_vol_term_or_implied_vol_proxy__fold_05__seed999,custom_custom,base_macro_vol_term_or_implied_vol_proxy,vol_term_or_implied_vol_proxy,False,Baseline technical and macro features plus lag-clean implied-volatility term-structure context.,fold_05,999,22,4.66780874039274,-0.0706063346794227,checkpoint,checkpoint_robust_score,checkpoint_robust_score,1.2806648598542378,309.3832343832075,-0.1724363351359416,0.257201646090535,5.977898626341455,10.216112131234723,-0.0067792582319419,8.080645161290322,-0.4220775110911262,-2.8717894668186195,-0.0889502652307148,8.333333333333334,5.562889683320677,5.562889683320677
base_macro_vol_term_or_implied_vol_proxy__fold_06__seed42,custom_custom,base_macro_vol_term_or_implied_vol_proxy,vol_term_or_implied_vol_proxy,False,Baseline technical and macro features plus lag-clean implied-volatility term-structure context.,fold_06,42,22,0.86245587306379,5.080642425366796,checkpoint,checkpoint_robust_score,checkpoint_robust_score,1.0578618247681926,220.5275058699711,-0.1804608378689478,0.3866602223296278,0.9123591436613055,2.5238036419250154,-0.0426104464048949,11.11111111111111,4.6353705724569485,8.473771501460071,-0.016765281758479,11.11111111111111,0.6034761606501764,0.6034761606501764
base_macro_vol_term_or_implied_vol_proxy__fold_06__seed123,custom_custom,base_macro_vol_term_or_implied_vol_proxy,vol_term_or_implied_vol_proxy,False,Baseline technical and macro features plus lag-clean implied-volatility term-structure context.,fold_06,123,22,1.4651120445254562,2.9229069962031087,best_model,checkpoint_robust_score,checkpoint_robust_score,1.103222247868189,221.85580615391723,-0.141786615522933,0.2899951667472208,1.616344203140132,4.548988625717909,-0.0375812395236831,9.523809523809524,4.724423779630631,8.17888366179389,-0.0126538382369032,9.523809523809524,1.469592134236017,1.469592134236017
base_macro_vol_term_or_implied_vol_proxy__fold_06__seed999,custom_custom,base_macro_vol_term_or_implied_vol_proxy,vol_term_or_implied_vol_proxy,False,Baseline technical and macro features plus lag-clean implied-volatility term-structure context.,fold_06,999,22,1.8469700397162423,2.0759574540927748,checkpoint,checkpoint_robust_score,checkpoint_robust_score,1.123595510968921,283.745687897566,-0.1651289117338829,0.3141614306428226,2.07524724551926,6.341923478848455,-0.0297646818682314,10.317460317460318,4.308124988421206,9.116043972956822,-0.0213000004471392,10.317460317460318,1.8697591682674872,1.8697591682674872
base_macro_vol_term_or_implied_vol_proxy__fold_07__seed42,custom_custom,base_macro_vol_term_or_implied_vol_proxy,vol_term_or_implied_vol_proxy,False,Baseline technical and macro features plus lag-clean implied-volatility term-structure context.,fold_07,42,22,-1.3808789214032298,-2.058932376158533,last_model,checkpoint_robust_score,checkpoint_robust_score,0.945853005363586,50.58466273516622,-0.0833860042740384,0.0,-1.306108477852472,-0.1485611808807241,-0.0034575073157305,0.0,2.689189031825595,0.1515148395356602,-0.0006613200661286,0.0,-2.5779483702007955,-2.5779483702007955
base_macro_vol_term_or_implied_vol_proxy__fold_07__seed123,custom_custom,base_macro_vol_term_or_implied_vol_proxy,vol_term_or_implied_vol_proxy,False,Baseline technical and macro features plus lag-clean implied-volatility term-structure context.,fold_07,123,22,-1.375701630302519,-2.835601780637572,best_model,checkpoint_robust_score,checkpoint_robust_score,1.171378878900529,281.3846052710734,-0.1284909124417218,0.6220400728597449,-1.6114678334053945,-9.722091913549455,-0.1503863586701931,9.663934426229508,4.569481057844507,11.53675319418146,-0.0238885609979578,9.13934426229508,-3.565195110496844,-3.565195110496844
base_macro_vol_term_or_implied_vol_proxy__fold_07__seed999,custom_custom,base_macro_vol_term_or_implied_vol_proxy,vol_term_or_implied_vol_proxy,False,Baseline technical and macro features plus lag-clean implied-volatility term-structure context.,fold_07,999,22,-1.3711895154328195,-2.028050359164405,checkpoint,checkpoint_robust_score,checkpoint_robust_score,1.1111585901278855,270.04032358079144,-0.1946038693201969,0.250455373406193,-1.5236090087664702,-8.970962183632281,-0.158277354094796,9.01639344262295,3.089955797454963,9.342249697688487,-0.0373641318203304,9.01639344262295,-3.392341406321609,-3.392341406321609
base_macro_vol_term_or_implied_vol_proxy__fold_08__seed42,custom_custom,base_macro_vol_term_or_implied_vol_proxy,vol_term_or_implied_vol_proxy,False,Baseline technical and macro features plus lag-clean implied-volatility term-structure context.,fold_08,42,22,1.4122766494422088,-0.363136216479792,checkpoint,checkpoint_robust_score,checkpoint_robust_score,1.1190648530345504,297.07793796442485,-0.1537271205697922,0.4066407934454506,1.5804291611521726,4.022786616790763,-0.057556505206613,12.936507936507937,-0.5739110659951314,-2.285415901792154,-0.0502463473072947,12.682539682539682,1.2606674332697194,1.2606674332697194
base_macro_vol_term_or_implied_vol_proxy__fold_08__seed123,custom_custom,base_macro_vol_term_or_implied_vol_proxy,vol_term_or_implied_vol_proxy,False,Baseline technical and macro features plus lag-clean implied-volatility term-structure context.,fold_08,123,22,2.0613817549021105,-0.0435160373668942,best_model,checkpoint_robust_score,checkpoint_robust_score,1.0017609060794257,241.5231538187812,-0.1504691681445068,0.3928417421302285,2.065011654566334,5.013308372033487,-0.0478378066263518,11.53968253968254,-0.0898611243231806,-0.5994685865420846,-0.0549264215744864,11.158730158730158,1.8325895991648924,1.8325895991648924
base_macro_vol_term_or_implied_vol_proxy__fold_08__seed999,custom_custom,base_macro_vol_term_or_implied_vol_proxy,vol_term_or_implied_vol_proxy,False,Baseline technical and macro features plus lag-clean implied-volatility term-structure context.,fold_08,999,22,2.336698312880832,-0.7841288365261403,checkpoint,checkpoint_robust_score,checkpoint_robust_score,1.001920116438812,261.9867596461376,-0.1690765372706346,0.7830961621388529,2.341185045723939,6.200702329261754,-0.040880159078639,17.603174603174605,-1.8357907059959109,-6.935780996625485,-0.0859465142971224,15.857142857142858,1.8060399839158416,1.8060399839158416
base_macro_vol_term_or_implied_vol_proxy__fold_09__seed42,custom_custom,base_macro_vol_term_or_implied_vol_proxy,vol_term_or_implied_vol_proxy,False,Baseline technical and macro features plus lag-clean implied-volatility term-structure context.,fold_09,42,22,5.857041273868836,-0.153087002017779,checkpoint,checkpoint_robust_score,checkpoint_robust_score,1.068559612593969,302.1196920986802,-0.1612714815433122,0.3064977523498161,6.258597754552169,13.550587689866632,-0.014967592544951,12.096774193548388,-0.9581099670795952,-15.82086772406006,-0.2853555321567562,12.096774193548388,5.885713381788976,5.885713381788976
base_macro_vol_term_or_implied_vol_proxy__fold_09__seed123,custom_custom,base_macro_vol_term_or_implied_vol_proxy,vol_term_or_implied_vol_proxy,False,Baseline technical and macro features plus lag-clean implied-volatility term-structure context.,fold_09,123,22,6.724426223392964,-0.1406586425506304,best_model,checkpoint_robust_score,checkpoint_robust_score,1.0437459090814407,304.19597430669285,-0.158879371748155,0.3481814466693911,7.018592361586368,13.240559947361753,-0.0149656955826502,9.07258064516129,-0.9872256741969616,-14.97141070285528,-0.2551535995769486,10.233870967741936,6.825819679580851,6.825819679580851
base_macro_vol_term_or_implied_vol_proxy__fold_09__seed999,custom_custom,base_macro_vol_term_or_implied_vol_proxy,vol_term_or_implied_vol_proxy,False,Baseline technical and macro features plus lag-clean implied-volatility term-structure context.,fold_09,999,22,6.24536369840089,-0.1454526746338239,checkpoint,checkpoint_robust_score,checkpoint_robust_score,1.1715834651145696,420.0552276460117,-0.1592418279578841,1.136902329382918,7.316964842673259,18.537758336154564,-0.0147177160866639,13.185483870967742,-1.0642721065684826,-18.42741790005476,-0.2982647411802327,13.733870967741936,6.691212689810976,6.691212689810976
base_macro_vol_term_or_implied_vol_proxy__fold_10__seed42,custom_custom,base_macro_vol_term_or_implied_vol_proxy,vol_term_or_implied_vol_proxy,False,Baseline technical and macro features plus lag-clean implied-volatility term-structure context.,fold_10,42,22,3.2297064662891555,0.6604993545871887,checkpoint,checkpoint_robust_score,checkpoint_robust_score,0.6258041080301359,174.42691304801917,-0.3989530565734778,0.3111629716063788,2.021163574335247,17.908173695687914,-0.0994319658915557,12.903225806451612,1.334977236363566,5.924106404255647,-0.0909623483466558,12.698412698412698,2.0080805374179262,2.0080805374179262
base_macro_vol_term_or_implied_vol_proxy__fold_10__seed123,custom_custom,base_macro_vol_term_or_implied_vol_proxy,vol_term_or_implied_vol_proxy,False,Baseline technical and macro features plus lag-clean implied-volatility term-structure context.,fold_10,123,22,3.743222081167025,0.3759490894198281,best_model,checkpoint_robust_score,checkpoint_robust_score,0.7149701676284727,205.4407841578417,-0.3566073034353473,0.2726565538700894,2.676292118842588,20.692937435401948,-0.078965606636331,11.290322580645162,1.0061495851003333,4.39091063037107,-0.1039080897649373,11.11111111111111,2.727544474630215,2.727544474630215
base_macro_vol_term_or_implied_vol_proxy__fold_10__seed999,custom_custom,base_macro_vol_term_or_implied_vol_proxy,vol_term_or_implied_vol_proxy,False,Baseline technical and macro features plus lag-clean implied-volatility term-structure context.,fold_10,999,22,3.5994977594087647,0.5337948270832547,checkpoint,checkpoint_robust_score,checkpoint_robust_score,0.6634731864708558,165.35858454668292,-0.304880085145582,0.2528199144301828,2.388170248129639,15.578855078201691,-0.0631928662779715,10.483870967741936,1.274792924645734,4.968574659411607,-0.0890001584116519,10.333333333333334,2.5138376573272385,2.5138376573272385
base_macro_vol_term_or_implied_vol_proxy__fold_11__seed42,custom_custom,base_macro_vol_term_or_implied_vol_proxy,vol_term_or_implied_vol_proxy,False,Baseline technical and macro features plus lag-clean implied-volatility term-structure context.,fold_11,42,22,3.92320585657472,1.062697775306169,checkpoint,checkpoint_robust_score,checkpoint_robust_score,0.7270801164243071,259.0055172418591,-0.3916308110400576,0.3844444444444444,2.852484970954871,14.412257501879132,-0.0792379306807401,11.290322580645162,3.031329432728024,11.29688202791137,-0.0357961686832823,11.475409836065571,2.909275399569993,2.909275399569993
base_macro_vol_term_or_implied_vol_proxy__fold_11__seed123,custom_custom,base_macro_vol_term_or_implied_vol_proxy,vol_term_or_implied_vol_proxy,False,Baseline technical and macro features plus lag-clean implied-volatility term-structure context.,fold_11,123,22,5.459629872609164,0.6153672615550962,checkpoint,checkpoint_robust_score,checkpoint_robust_score,0.6395782823564727,215.8617869945666,-0.4188489127708633,0.3959259259259259,3.4918606962254573,19.648226116729692,-0.0841122686496267,11.290322580645162,2.1487767543681318,8.791855994611343,-0.0518719678393296,11.475409836065571,3.8315049508872985,3.8315049508872985
base_macro_vol_term_or_implied_vol_proxy__fold_11__seed999,custom_custom,base_macro_vol_term_or_implied_vol_proxy,vol_term_or_implied_vol_proxy,False,Baseline technical and macro features plus lag-clean implied-volatility term-structure context.,fold_11,999,22,3.984351771547441,0.9168490916971656,checkpoint,checkpoint_robust_score,checkpoint_robust_score,0.749617780260922,301.6034911350226,-0.4217658599687174,0.3818518518518518,2.986740930766065,14.704263258209194,-0.0842034277038743,10.483870967741936,2.738390709507613,9.6807031355987,-0.0471991101052219,10.655737704918034,3.065657056973385,3.065657056973385
base_macro_vol_term_or_implied_vol_proxy__fold_12__seed42,custom_custom,base_macro_vol_term_or_implied_vol_proxy,vol_term_or_implied_vol_proxy,False,Baseline technical and macro features plus lag-clean implied-volatility term-structure context.,fold_12,42,22,2.588089535061089,0.0020812208102012,checkpoint,checkpoint_robust_score,checkpoint_robust_score,0.7007090932158742,235.039634281044,-0.3571517529120738,0.2125398512221041,1.813497871274149,5.452816561085894,-0.0513016382151629,9.523809523809524,0.0037742895089515,-0.1773331492511798,-0.0567190207021498,9.85483870967742,1.8485324962131413,1.8485324962131413
base_macro_vol_term_or_implied_vol_proxy__fold_12__seed123,custom_custom,base_macro_vol_term_or_implied_vol_proxy,vol_term_or_implied_vol_proxy,False,Baseline technical and macro features plus lag-clean implied-volatility term-structure context.,fold_12,123,22,1.851486962648566,-0.0678648295054135,checkpoint,checkpoint_robust_score,checkpoint_robust_score,0.91283970614294,417.33697054238735,-0.30600765303411,0.3283740701381509,1.690110814911601,4.538438417735291,-0.038077259384934,10.206349206349206,-0.1146990822992313,-0.5745738834060821,-0.0383054381220694,8.85483870967742,1.551961177513614,1.551961177513614
base_macro_vol_term_or_implied_vol_proxy__fold_12__seed999,custom_custom,base_macro_vol_term_or_implied_vol_proxy,vol_term_or_implied_vol_proxy,False,Baseline technical and macro features plus lag-clean implied-volatility term-structure context.,fold_12,999,22,3.2037689126578823,-0.2103739325598133,best_model,checkpoint_robust_score,checkpoint_robust_score,0.8777698296684502,408.4315256028259,-0.354214458957514,0.7127169677647892,2.8121716927607854,8.310552763362477,-0.0418778447920413,15.174603174603174,-0.5916076180394735,-1.925250333447648,-0.0658931092332768,15.629032258064516,2.493532216899364,2.493532216899364
base_macro_vol_term_or_implied_vol_proxy__fold_13__seed42,custom_custom,base_macro_vol_term_or_implied_vol_proxy,vol_term_or_implied_vol_proxy,False,Baseline technical and macro features plus lag-clean implied-volatility term-structure context.,fold_13,42,22,3.5476061860060653,-0.065234842597936,checkpoint,checkpoint_robust_score,checkpoint_robust_score,1.132918687636958,636.0250593277914,-0.3086519488047448,0.287940379403794,4.019149344502746,13.348273669640708,-0.0402806392324106,13.709677419354838,-0.2621885748662343,-1.5325469737849984,-0.0940228661306722,13.934426229508198,3.561118844810861,3.561118844810861
base_macro_vol_term_or_implied_vol_proxy__fold_13__seed123,custom_custom,base_macro_vol_term_or_implied_vol_proxy,vol_term_or_implied_vol_proxy,False,Baseline technical and macro features plus lag-clean implied-volatility term-structure context.,fold_13,123,22,4.237750602325398,-0.1441504362993562,checkpoint,checkpoint_robust_score,checkpoint_robust_score,0.948247940377832,473.97804712170506,-0.3480766478899867,0.2567750677506775,4.018438280489976,13.332527062323752,-0.0366419255798234,12.096774193548388,-0.5792596313746647,-2.559957632225407,-0.0870225944344366,12.295081967213116,3.818581470029213,3.818581470029213
base_macro_vol_term_or_implied_vol_proxy__fold_13__seed999,custom_custom,base_macro_vol_term_or_implied_vol_proxy,vol_term_or_implied_vol_proxy,False,Baseline technical and macro features plus lag-clean implied-volatility term-structure context.,fold_13,999,22,4.375669239016787,-0.019005098548595,best_model,checkpoint_robust_score,checkpoint_robust_score,0.9277736503438128,451.890449730133,-0.321761049380914,0.4376693766937669,4.059630622579737,14.215809795997592,-0.0557801133281141,15.419354838709678,-0.077153680053022,-0.7175396885120588,-0.0819664698870356,16.040983606557376,3.718419162684744,3.718419162684744
base_macro_vol_term_or_implied_vol_proxy__fold_14__seed42,custom_custom,base_macro_vol_term_or_implied_vol_proxy,vol_term_or_implied_vol_proxy,False,Baseline technical and macro features plus lag-clean implied-volatility term-structure context.,fold_14,42,22,-2.2085627568144823,0.8241661233278386,checkpoint,checkpoint_robust_score,checkpoint_robust_score,0.8744319512132429,423.624752664362,-0.3468478627264086,0.27925877763329,-1.9312378408181865,-11.49975149453699,-0.1499858993095155,12.580645161290322,-1.5916608044911502,-7.721932435041601,-0.1681249524017902,12.07936507936508,-4.330250080909723,-4.330250080909723
base_macro_vol_term_or_implied_vol_proxy__fold_14__seed123,custom_custom,base_macro_vol_term_or_implied_vol_proxy,vol_term_or_implied_vol_proxy,False,Baseline technical and macro features plus lag-clean implied-volatility term-structure context.,fold_14,123,22,-0.9867362419357824,0.490961853314302,best_model,checkpoint_robust_score,checkpoint_robust_score,0.9014939083122852,438.9613130991388,-0.3435632608808401,1.6430429128738622,-0.8895367112160651,-5.167933618753096,-0.1315288263967635,23.5,-0.4367285923297484,-2.1571887664245115,-0.1054800158242963,19.73809523809524,-3.049907995368188,-3.049907995368188
base_macro_vol_term_or_implied_vol_proxy__fold_14__seed999,custom_custom,base_macro_vol_term_or_implied_vol_proxy,vol_term_or_implied_vol_proxy,False,Baseline technical and macro features plus lag-clean implied-volatility term-structure context.,fold_14,999,22,-1.7518192661919092,0.5197394090392499,last_model,checkpoint_robust_score,checkpoint_robust_score,0.8747310118533483,385.2044283778683,-0.2841810944433597,0.2584525357607282,-1.532370639300239,-8.921555164578287,-0.1437939770402784,9.67741935483871,-0.7964334104990037,-3.84656382537838,-0.1281214752867181,9.523809523809524,-3.486243325817126,-3.486243325817126
