run_key,feature_set,feature_family,is_negative_control,fold_id,seed,selection_rule,selected_model_type,benchmark_id,benchmark_name,benchmark_family,is_primary_benchmark,n_days,agent_return_pct,agent_sharpe,agent_max_drawdown,agent_turnover,benchmark_return_pct,benchmark_sharpe,benchmark_max_drawdown,benchmark_turnover,benchmark_transaction_cost_total,daily_excess_return_mean,daily_excess_return_sharpe,excess_return_pct,excess_sharpe,benchmark_relative_regret_return_pct,benchmark_relative_regret_sharpe,outperformed_benchmark_on_return,outperformed_benchmark_on_sharpe,hit_rate_vs_benchmark
base_macro_xsec_dispersion_correlation_regime__fold_01__seed123,base_macro_xsec_dispersion_correlation_regime,market_internal_dispersion_correlation,False,fold_01,123,checkpoint_robust_score,checkpoint,dow30_equal_weight_rebalance_matched,Equal Weight Rebalance Matched,passive_rebalanced,True,62,5.259880036962894,1.2429634307598585,-0.07587969215590273,18.21311475409836,4.5775750734391885,0.7203749272039337,-0.0873341574831592,0.004611332029984715,0.0005718051717181049,0.00037364598738764775,1.5438586029737926,0.6823049635237055,0.5225885035559248,-0.6823049635237055,-0.5225885035559248,True,True,0.5483870967741935
base_macro_xsec_dispersion_correlation_regime__fold_01__seed123,base_macro_xsec_dispersion_correlation_regime,market_internal_dispersion_correlation,False,fold_01,123,checkpoint_robust_score,checkpoint,dow30_equal_weight_vol_target,Equal Weight Vol Target,structured_risk_control,False,62,5.259880036962894,1.2429634307598585,-0.07587969215590273,18.21311475409836,4.778156254745403,1.0632156486331494,-0.06371352126772856,0.00957141332102949,0.0011868552518076569,0.00031705341650370075,1.0790497564316623,0.48172378221749135,0.17974778212670905,-0.48172378221749135,-0.17974778212670905,True,True,0.5483870967741935
base_macro_xsec_dispersion_correlation_regime__fold_01__seed123,base_macro_xsec_dispersion_correlation_regime,market_internal_dispersion_correlation,False,fold_01,123,checkpoint_robust_score,checkpoint,dow30_market_proxy_buy_hold,Market Proxy Buy and Hold,passive_buy_hold,False,62,5.259880036962894,1.2429634307598585,-0.07587969215590273,18.21311475409836,3.3249656247091863,0.39891203286569105,-0.0991881494609852,0.0,0.0,0.0005918868738956807,2.235888926393223,1.9349144122537076,0.8440513978941675,-1.9349144122537076,-0.8440513978941675,True,True,0.5161290322580645
base_macro_xsec_dispersion_correlation_regime__fold_01__seed123,base_macro_xsec_dispersion_correlation_regime,market_internal_dispersion_correlation,False,fold_01,123,checkpoint_robust_score,checkpoint,dow30_trend_filter_overlay,Trend Filter Overlay,structured_trend_filter,False,62,5.259880036962894,1.2429634307598585,-0.07587969215590273,18.21311475409836,7.433256446365477,2.684650874012399,-0.012883997680726789,0.04203490395904734,0.005212328090921871,6.873835782374414e-06,0.010396649816236628,-2.173376409402583,-1.4416874432525404,2.173376409402583,1.4416874432525404,False,False,0.5806451612903226
base_macro_xsec_dispersion_correlation_regime__fold_01__seed42,base_macro_xsec_dispersion_correlation_regime,market_internal_dispersion_correlation,False,fold_01,42,checkpoint_robust_score,best_model,dow30_equal_weight_rebalance_matched,Equal Weight Rebalance Matched,passive_rebalanced,True,62,7.497108972777355,2.0054859287684064,-0.05977170572804069,17.24590163934426,4.5775750734391885,0.7203749272039337,-0.0873341574831592,0.004611332029984715,0.0005718051717181049,0.0006942842207305058,2.7002421659660483,2.919533899338167,1.2851110015644727,-2.919533899338167,-1.2851110015644727,True,True,0.5161290322580645
base_macro_xsec_dispersion_correlation_regime__fold_01__seed42,base_macro_xsec_dispersion_correlation_regime,market_internal_dispersion_correlation,False,fold_01,42,checkpoint_robust_score,best_model,dow30_equal_weight_vol_target,Equal Weight Vol Target,structured_risk_control,False,62,7.497108972777355,2.0054859287684064,-0.05977170572804069,17.24590163934426,4.778156254745403,1.0632156486331494,-0.06371352126772856,0.00957141332102949,0.0011868552518076569,0.0006376916498465585,2.7739825324518605,2.718952718031953,0.9422702801352569,-2.718952718031953,-0.9422702801352569,True,True,0.5483870967741935
base_macro_xsec_dispersion_correlation_regime__fold_01__seed42,base_macro_xsec_dispersion_correlation_regime,market_internal_dispersion_correlation,False,fold_01,42,checkpoint_robust_score,best_model,dow30_market_proxy_buy_hold,Market Proxy Buy and Hold,passive_buy_hold,False,62,7.497108972777355,2.0054859287684064,-0.05977170572804069,17.24590163934426,3.3249656247091863,0.39891203286569105,-0.0991881494609852,0.0,0.0,0.0009125251072385388,2.910879880892415,4.172143348068169,1.6065738959027154,-4.172143348068169,-1.6065738959027154,True,True,0.532258064516129
base_macro_xsec_dispersion_correlation_regime__fold_01__seed42,base_macro_xsec_dispersion_correlation_regime,market_internal_dispersion_correlation,False,fold_01,42,checkpoint_robust_score,best_model,dow30_trend_filter_overlay,Trend Filter Overlay,structured_trend_filter,False,62,7.497108972777355,2.0054859287684064,-0.05977170572804069,17.24590163934426,7.433256446365477,2.684650874012399,-0.012883997680726789,0.04203490395904734,0.005212328090921871,0.0003275120691252324,0.5655574896570668,0.06385252641187833,-0.6791649452439925,-0.06385252641187833,0.6791649452439925,True,False,0.5483870967741935
base_macro_xsec_dispersion_correlation_regime__fold_01__seed999,base_macro_xsec_dispersion_correlation_regime,market_internal_dispersion_correlation,False,fold_01,999,checkpoint_robust_score,best_model,dow30_equal_weight_rebalance_matched,Equal Weight Rebalance Matched,passive_rebalanced,True,62,11.425839554458616,3.145420201940704,-0.045463401898887645,8.19672131147541,4.5775750734391885,0.7203749272039337,-0.0873341574831592,0.004611332029984715,0.0005718051717181049,0.0012685032731353184,3.9558140943224323,6.848264481019427,2.42504527473677,-6.848264481019427,-2.42504527473677,True,True,0.5161290322580645
base_macro_xsec_dispersion_correlation_regime__fold_01__seed999,base_macro_xsec_dispersion_correlation_regime,market_internal_dispersion_correlation,False,fold_01,999,checkpoint_robust_score,best_model,dow30_equal_weight_vol_target,Equal Weight Vol Target,structured_risk_control,False,62,11.425839554458616,3.145420201940704,-0.045463401898887645,8.19672131147541,4.778156254745403,1.0632156486331494,-0.06371352126772856,0.00957141332102949,0.0011868552518076569,0.0012119107022513715,4.6052975961437825,6.647683299713213,2.0822045533075544,-6.647683299713213,-2.0822045533075544,True,True,0.5161290322580645
base_macro_xsec_dispersion_correlation_regime__fold_01__seed999,base_macro_xsec_dispersion_correlation_regime,market_internal_dispersion_correlation,False,fold_01,999,checkpoint_robust_score,best_model,dow30_market_proxy_buy_hold,Market Proxy Buy and Hold,passive_buy_hold,False,62,11.425839554458616,3.145420201940704,-0.045463401898887645,8.19672131147541,3.3249656247091863,0.39891203286569105,-0.0991881494609852,0.0,0.0,0.0014867441596433514,4.069422002671681,8.10087392974943,2.7465081690750126,-8.10087392974943,-2.7465081690750126,True,True,0.5161290322580645
base_macro_xsec_dispersion_correlation_regime__fold_01__seed999,base_macro_xsec_dispersion_correlation_regime,market_internal_dispersion_correlation,False,fold_01,999,checkpoint_robust_score,best_model,dow30_trend_filter_overlay,Trend Filter Overlay,structured_trend_filter,False,62,11.425839554458616,3.145420201940704,-0.045463401898887645,8.19672131147541,7.433256446365477,2.684650874012399,-0.012883997680726789,0.04203490395904734,0.005212328090921871,0.0009017311215300452,1.65379774268322,3.9925831080931387,0.46076932792830494,-3.9925831080931387,-0.46076932792830494,True,True,0.5161290322580645
base_macro_xsec_dispersion_correlation_regime__fold_02__seed123,base_macro_xsec_dispersion_correlation_regime,market_internal_dispersion_correlation,False,fold_02,123,checkpoint_robust_score,checkpoint,dow30_equal_weight_rebalance_matched,Equal Weight Rebalance Matched,passive_rebalanced,True,64,-3.110279140230554,-1.283082557221676,-0.05087986209613227,6.349206349206349,4.151995687307863,1.5240847465316727,-0.02597669502770339,0.0026979915686282828,0.00034534292078442023,-0.0010499120193529585,-5.980110754957363,-7.262274827538418,-2.8071673037533484,7.262274827538418,2.8071673037533484,False,False,0.3125
base_macro_xsec_dispersion_correlation_regime__fold_02__seed123,base_macro_xsec_dispersion_correlation_regime,market_internal_dispersion_correlation,False,fold_02,123,checkpoint_robust_score,checkpoint,dow30_equal_weight_vol_target,Equal Weight Vol Target,structured_risk_control,False,64,-3.110279140230554,-1.283082557221676,-0.05087986209613227,6.349206349206349,3.6605524051908533,1.371657811116517,-0.025976695027702945,0.004567654857737278,0.0005846598217903716,-0.0009814314972379115,-5.919546404810835,-6.770831545421407,-2.654740368338193,6.770831545421407,2.654740368338193,False,False,0.328125
base_macro_xsec_dispersion_correlation_regime__fold_02__seed123,base_macro_xsec_dispersion_correlation_regime,market_internal_dispersion_correlation,False,fold_02,123,checkpoint_robust_score,checkpoint,dow30_market_proxy_buy_hold,Market Proxy Buy and Hold,passive_buy_hold,False,64,-3.110279140230554,-1.283082557221676,-0.05087986209613227,6.349206349206349,3.456395280890856,1.3180221991745606,-0.030684356573299265,0.0,0.0,-0.0009643263035901291,-5.773315765704802,-6.5666744211214105,-2.6011047563962366,6.5666744211214105,2.6011047563962366,False,False,0.3125
base_macro_xsec_dispersion_correlation_regime__fold_02__seed123,base_macro_xsec_dispersion_correlation_regime,market_internal_dispersion_correlation,False,fold_02,123,checkpoint_robust_score,checkpoint,dow30_trend_filter_overlay,Trend Filter Overlay,structured_trend_filter,False,64,-3.110279140230554,-1.283082557221676,-0.05087986209613227,6.349206349206349,-3.6588089722012884,-2.402093570485383,-0.04670196791037706,0.07169711325138103,0.009177230496176771,9.881240975280717e-05,0.33482385327427994,0.5485298319707343,1.1190110132637072,-0.5485298319707343,-1.1190110132637072,True,True,0.5
base_macro_xsec_dispersion_correlation_regime__fold_02__seed42,base_macro_xsec_dispersion_correlation_regime,market_internal_dispersion_correlation,False,fold_02,42,checkpoint_robust_score,checkpoint,dow30_equal_weight_rebalance_matched,Equal Weight Rebalance Matched,passive_rebalanced,True,64,-3.1326773204802816,-1.4283648467392684,-0.047588726870873566,8.73015873015873,4.151995687307863,1.5240847465316727,-0.02597669502770339,0.0026979915686282828,0.00034534292078442023,-0.0010564979161663234,-5.845423544156192,-7.284673007788145,-2.9524495932709414,7.284673007788145,2.9524495932709414,False,False,0.421875
base_macro_xsec_dispersion_correlation_regime__fold_02__seed42,base_macro_xsec_dispersion_correlation_regime,market_internal_dispersion_correlation,False,fold_02,42,checkpoint_robust_score,checkpoint,dow30_equal_weight_vol_target,Equal Weight Vol Target,structured_risk_control,False,64,-3.1326773204802816,-1.4283648467392684,-0.047588726870873566,8.73015873015873,3.6605524051908533,1.371657811116517,-0.025976695027702945,0.004567654857737278,0.0005846598217903716,-0.0009880173940512763,-5.81963579716724,-6.793229725671135,-2.800022657855785,6.793229725671135,2.800022657855785,False,False,0.40625
base_macro_xsec_dispersion_correlation_regime__fold_02__seed42,base_macro_xsec_dispersion_correlation_regime,market_internal_dispersion_correlation,False,fold_02,42,checkpoint_robust_score,checkpoint,dow30_market_proxy_buy_hold,Market Proxy Buy and Hold,passive_buy_hold,False,64,-3.1326773204802816,-1.4283648467392684,-0.047588726870873566,8.73015873015873,3.456395280890856,1.3180221991745606,-0.030684356573299265,0.0,0.0,-0.0009709122004034939,-5.573580525432097,-6.589072601371138,-2.746387045913829,6.589072601371138,2.746387045913829,False,False,0.40625
base_macro_xsec_dispersion_correlation_regime__fold_02__seed42,base_macro_xsec_dispersion_correlation_regime,market_internal_dispersion_correlation,False,fold_02,42,checkpoint_robust_score,checkpoint,dow30_trend_filter_overlay,Trend Filter Overlay,structured_trend_filter,False,64,-3.1326773204802816,-1.4283648467392684,-0.047588726870873566,8.73015873015873,-3.6588089722012884,-2.402093570485383,-0.04670196791037706,0.07169711325138103,0.009177230496176771,9.22265129394424e-05,0.33714971186595644,0.5261316517210068,0.9737287237461147,-0.5261316517210068,-0.9737287237461147,True,True,0.53125
base_macro_xsec_dispersion_correlation_regime__fold_02__seed999,base_macro_xsec_dispersion_correlation_regime,market_internal_dispersion_correlation,False,fold_02,999,checkpoint_robust_score,checkpoint,dow30_equal_weight_rebalance_matched,Equal Weight Rebalance Matched,passive_rebalanced,True,64,1.7324446139066918,0.8579766959901886,-0.023205221768861195,13.492063492063492,4.151995687307863,1.5240847465316727,-0.02597669502770339,0.0026979915686282828,0.00034534292078442023,-0.00029168429973400374,-2.1474543024840282,-2.4195510734011716,-0.6661080505414841,2.4195510734011716,0.6661080505414841,False,False,0.46875
base_macro_xsec_dispersion_correlation_regime__fold_02__seed999,base_macro_xsec_dispersion_correlation_regime,market_internal_dispersion_correlation,False,fold_02,999,checkpoint_robust_score,checkpoint,dow30_equal_weight_vol_target,Equal Weight Vol Target,structured_risk_control,False,64,1.7324446139066918,0.8579766959901886,-0.023205221768861195,13.492063492063492,3.6605524051908533,1.371657811116517,-0.025976695027702945,0.004567654857737278,0.0005846598217903716,-0.00022320377761895658,-1.8430210179196742,-1.9281077912841615,-0.5136811151263284,1.9281077912841615,0.5136811151263284,False,False,0.4375
base_macro_xsec_dispersion_correlation_regime__fold_02__seed999,base_macro_xsec_dispersion_correlation_regime,market_internal_dispersion_correlation,False,fold_02,999,checkpoint_robust_score,checkpoint,dow30_market_proxy_buy_hold,Market Proxy Buy and Hold,passive_buy_hold,False,64,1.7324446139066918,0.8579766959901886,-0.023205221768861195,13.492063492063492,3.456395280890856,1.3180221991745606,-0.030684356573299265,0.0,0.0,-0.00020609858397117422,-1.4903073361636383,-1.7239506669841642,-0.4600455031843721,1.7239506669841642,0.4600455031843721,False,False,0.546875
base_macro_xsec_dispersion_correlation_regime__fold_02__seed999,base_macro_xsec_dispersion_correlation_regime,market_internal_dispersion_correlation,False,fold_02,999,checkpoint_robust_score,checkpoint,dow30_trend_filter_overlay,Trend Filter Overlay,structured_trend_filter,False,64,1.7324446139066918,0.8579766959901886,-0.023205221768861195,13.492063492063492,-3.6588089722012884,-2.402093570485383,-0.04670196791037706,0.07169711325138103,0.009177230496176771,0.0008570401293717621,3.4416220776061017,5.391253586107981,3.2600702664755716,-5.391253586107981,-3.2600702664755716,True,True,0.578125
base_macro_xsec_dispersion_correlation_regime__fold_03__seed123,base_macro_xsec_dispersion_correlation_regime,market_internal_dispersion_correlation,False,fold_03,123,checkpoint_robust_score,checkpoint,dow30_equal_weight_rebalance_matched,Equal Weight Rebalance Matched,passive_rebalanced,True,62,3.5585012246896808,1.9122731990579604,-0.03808464392942612,16.39344262295082,5.669794204618395,4.067408498743239,-0.02392067092113981,0.0027503027692098404,0.00034103754338202013,-0.0003943191397359671,-3.317485143792311,-2.111292979928714,-2.155135299685279,2.111292979928714,2.155135299685279,False,False,0.4838709677419355
base_macro_xsec_dispersion_correlation_regime__fold_03__seed123,base_macro_xsec_dispersion_correlation_regime,market_internal_dispersion_correlation,False,fold_03,123,checkpoint_robust_score,checkpoint,dow30_equal_weight_vol_target,Equal Weight Vol Target,structured_risk_control,False,62,3.5585012246896808,1.9122731990579604,-0.03808464392942612,16.39344262295082,5.669794204618328,4.067408498743239,-0.02392067092114003,0.0027503027692098404,0.00034103754338202013,-0.0003943191397359671,-3.317485143792311,-2.1112929799286473,-2.155135299685279,2.1112929799286473,2.155135299685279,False,False,0.4838709677419355
base_macro_xsec_dispersion_correlation_regime__fold_03__seed123,base_macro_xsec_dispersion_correlation_regime,market_internal_dispersion_correlation,False,fold_03,123,checkpoint_robust_score,checkpoint,dow30_market_proxy_buy_hold,Market Proxy Buy and Hold,passive_buy_hold,False,62,3.5585012246896808,1.9122731990579604,-0.03808464392942612,16.39344262295082,7.090829156741729,5.0924005668221675,-0.019717038313999402,0.0,0.0,-0.0006260318066609142,-5.0634509065021485,-3.5323279320520484,-3.1801273677642072,3.5323279320520484,3.1801273677642072,False,False,0.3548387096774194
base_macro_xsec_dispersion_correlation_regime__fold_03__seed123,base_macro_xsec_dispersion_correlation_regime,market_internal_dispersion_correlation,False,fold_03,123,checkpoint_robust_score,checkpoint,dow30_trend_filter_overlay,Trend Filter Overlay,structured_trend_filter,False,62,3.5585012246896808,1.9122731990579604,-0.03808464392942612,16.39344262295082,5.430501666668519,4.038401449403397,-0.02014071492773184,0.01047047091243348,0.0012983383931417516,-0.0003572780845507236,-2.4922465985416293,-1.8720004419788383,-2.1261282503454364,1.8720004419788383,2.1261282503454364,False,False,0.45161290322580644
base_macro_xsec_dispersion_correlation_regime__fold_03__seed42,base_macro_xsec_dispersion_correlation_regime,market_internal_dispersion_correlation,False,fold_03,42,checkpoint_robust_score,checkpoint,dow30_equal_weight_rebalance_matched,Equal Weight Rebalance Matched,passive_rebalanced,True,62,5.080918091017961,2.669772019445432,-0.03547425167614704,10.655737704918034,5.669794204618395,4.067408498743239,-0.02392067092113981,0.0027503027692098404,0.00034103754338202013,-0.00015854784654405262,-1.186124712125795,-0.5888761136004339,-1.397636479297807,0.5888761136004339,1.397636479297807,False,False,0.5161290322580645
base_macro_xsec_dispersion_correlation_regime__fold_03__seed42,base_macro_xsec_dispersion_correlation_regime,market_internal_dispersion_correlation,False,fold_03,42,checkpoint_robust_score,checkpoint,dow30_equal_weight_vol_target,Equal Weight Vol Target,structured_risk_control,False,62,5.080918091017961,2.669772019445432,-0.03547425167614704,10.655737704918034,5.669794204618328,4.067408498743239,-0.02392067092114003,0.0027503027692098404,0.00034103754338202013,-0.00015854784654405262,-1.186124712125795,-0.5888761136003673,-1.397636479297807,0.5888761136003673,1.397636479297807,False,False,0.5161290322580645
base_macro_xsec_dispersion_correlation_regime__fold_03__seed42,base_macro_xsec_dispersion_correlation_regime,market_internal_dispersion_correlation,False,fold_03,42,checkpoint_robust_score,checkpoint,dow30_market_proxy_buy_hold,Market Proxy Buy and Hold,passive_buy_hold,False,62,5.080918091017961,2.669772019445432,-0.03547425167614704,10.655737704918034,7.090829156741729,5.0924005668221675,-0.019717038313999402,0.0,0.0,-0.0003902605134689998,-2.739558778061606,-2.0099110657237684,-2.4226285473767355,2.0099110657237684,2.4226285473767355,False,False,0.45161290322580644
base_macro_xsec_dispersion_correlation_regime__fold_03__seed42,base_macro_xsec_dispersion_correlation_regime,market_internal_dispersion_correlation,False,fold_03,42,checkpoint_robust_score,checkpoint,dow30_trend_filter_overlay,Trend Filter Overlay,structured_trend_filter,False,62,5.080918091017961,2.669772019445432,-0.03547425167614704,10.655737704918034,5.430501666668519,4.038401449403397,-0.02014071492773184,0.01047047091243348,0.0012983383931417516,-0.00012150679135880913,-0.7843865307253322,-0.3495835756505583,-1.3686294299579647,0.3495835756505583,1.3686294299579647,False,False,0.5161290322580645
base_macro_xsec_dispersion_correlation_regime__fold_03__seed999,base_macro_xsec_dispersion_correlation_regime,market_internal_dispersion_correlation,False,fold_03,999,checkpoint_robust_score,checkpoint,dow30_equal_weight_rebalance_matched,Equal Weight Rebalance Matched,passive_rebalanced,True,62,4.872170469698767,2.4133321692883003,-0.043676816766785254,11.475409836065573,5.669794204618395,4.067408498743239,-0.02392067092113981,0.0027503027692098404,0.00034103754338202013,-0.00018909788174430764,-1.2444363642756433,-0.797623734919628,-1.6540763294549388,0.797623734919628,1.6540763294549388,False,False,0.45161290322580644
base_macro_xsec_dispersion_correlation_regime__fold_03__seed999,base_macro_xsec_dispersion_correlation_regime,market_internal_dispersion_correlation,False,fold_03,999,checkpoint_robust_score,checkpoint,dow30_equal_weight_vol_target,Equal Weight Vol Target,structured_risk_control,False,62,4.872170469698767,2.4133321692883003,-0.043676816766785254,11.475409836065573,5.669794204618328,4.067408498743239,-0.02392067092114003,0.0027503027692098404,0.00034103754338202013,-0.00018909788174430764,-1.2444363642756433,-0.7976237349195614,-1.6540763294549388,0.7976237349195614,1.6540763294549388,False,False,0.45161290322580644
base_macro_xsec_dispersion_correlation_regime__fold_03__seed999,base_macro_xsec_dispersion_correlation_regime,market_internal_dispersion_correlation,False,fold_03,999,checkpoint_robust_score,checkpoint,dow30_market_proxy_buy_hold,Market Proxy Buy and Hold,passive_buy_hold,False,62,4.872170469698767,2.4133321692883003,-0.043676816766785254,11.475409836065573,7.090829156741729,5.0924005668221675,-0.019717038313999402,0.0,0.0,-0.00042081054866925486,-2.6425915849000154,-2.2186586870429625,-2.679068397533867,2.2186586870429625,2.679068397533867,False,False,0.41935483870967744
base_macro_xsec_dispersion_correlation_regime__fold_03__seed999,base_macro_xsec_dispersion_correlation_regime,market_internal_dispersion_correlation,False,fold_03,999,checkpoint_robust_score,checkpoint,dow30_trend_filter_overlay,Trend Filter Overlay,structured_trend_filter,False,62,4.872170469698767,2.4133321692883003,-0.043676816766785254,11.475409836065573,5.430501666668519,4.038401449403397,-0.02014071492773184,0.01047047091243348,0.0012983383931417516,-0.0001520568265590642,-0.8906498983409327,-0.5583311969697524,-1.6250692801150963,0.5583311969697524,1.6250692801150963,False,False,0.45161290322580644
base_macro_xsec_dispersion_correlation_regime__fold_04__seed123,base_macro_xsec_dispersion_correlation_regime,market_internal_dispersion_correlation,False,fold_04,123,checkpoint_robust_score,best_model,dow30_equal_weight_rebalance_matched,Equal Weight Rebalance Matched,passive_rebalanced,True,64,9.132940840395198,4.852222183208699,-0.016664137466327777,15.920634920634921,6.184681554026161,3.7725813323448136,-0.01927595496702894,0.002957974327769496,0.00037862071395449554,0.0003972786932871815,2.4963977135799196,2.948259286369037,1.0796408508638855,-2.948259286369037,-1.0796408508638855,True,True,0.609375
base_macro_xsec_dispersion_correlation_regime__fold_04__seed123,base_macro_xsec_dispersion_correlation_regime,market_internal_dispersion_correlation,False,fold_04,123,checkpoint_robust_score,best_model,dow30_equal_weight_vol_target,Equal Weight Vol Target,structured_risk_control,False,64,9.132940840395198,4.852222183208699,-0.016664137466327777,15.920634920634921,6.1846815540261835,3.7725813323448136,-0.019275954967028608,0.002957974327769496,0.00037862071395449554,0.0003972786932871815,2.4963977135799196,2.948259286369015,1.0796408508638855,-2.948259286369015,-1.0796408508638855,True,True,0.609375
base_macro_xsec_dispersion_correlation_regime__fold_04__seed123,base_macro_xsec_dispersion_correlation_regime,market_internal_dispersion_correlation,False,fold_04,123,checkpoint_robust_score,best_model,dow30_market_proxy_buy_hold,Market Proxy Buy and Hold,passive_buy_hold,False,64,9.132940840395198,4.852222183208699,-0.016664137466327777,15.920634920634921,6.20188260241985,3.7252263573194626,-0.019446289183368548,0.0,0.0,0.00037399722825719113,2.653847477374669,2.931058237975348,1.1269958258892365,-2.931058237975348,-1.1269958258892365,True,True,0.59375
base_macro_xsec_dispersion_correlation_regime__fold_04__seed123,base_macro_xsec_dispersion_correlation_regime,market_internal_dispersion_correlation,False,fold_04,123,checkpoint_robust_score,best_model,dow30_trend_filter_overlay,Trend Filter Overlay,structured_trend_filter,False,64,9.132940840395198,4.852222183208699,-0.016664137466327777,15.920634920634921,5.131620620692834,3.318101063173315,-0.01927595496702883,0.03370674236244743,0.004314463022393271,0.0005538941079798348,3.13206003954605,4.0013202197023645,1.5341211200353841,-4.0013202197023645,-1.5341211200353841,True,True,0.625
base_macro_xsec_dispersion_correlation_regime__fold_04__seed42,base_macro_xsec_dispersion_correlation_regime,market_internal_dispersion_correlation,False,fold_04,42,checkpoint_robust_score,checkpoint,dow30_equal_weight_rebalance_matched,Equal Weight Rebalance Matched,passive_rebalanced,True,64,4.5123428802025245,2.9320140766766705,-0.02201500543452828,10.317460317460318,6.184681554026161,3.7725813323448136,-0.01927595496702894,0.002957974327769496,0.00037862071395449554,-0.000282392423795424,-2.051485187860461,-1.6723386738236368,-0.8405672556681432,1.6723386738236368,0.8405672556681432,False,False,0.4375
base_macro_xsec_dispersion_correlation_regime__fold_04__seed42,base_macro_xsec_dispersion_correlation_regime,market_internal_dispersion_correlation,False,fold_04,42,checkpoint_robust_score,checkpoint,dow30_equal_weight_vol_target,Equal Weight Vol Target,structured_risk_control,False,64,4.5123428802025245,2.9320140766766705,-0.02201500543452828,10.317460317460318,6.1846815540261835,3.7725813323448136,-0.019275954967028608,0.002957974327769496,0.00037862071395449554,-0.000282392423795424,-2.051485187860461,-1.672338673823659,-0.8405672556681432,1.672338673823659,0.8405672556681432,False,False,0.4375
base_macro_xsec_dispersion_correlation_regime__fold_04__seed42,base_macro_xsec_dispersion_correlation_regime,market_internal_dispersion_correlation,False,fold_04,42,checkpoint_robust_score,checkpoint,dow30_market_proxy_buy_hold,Market Proxy Buy and Hold,passive_buy_hold,False,64,4.5123428802025245,2.9320140766766705,-0.02201500543452828,10.317460317460318,6.20188260241985,3.7252263573194626,-0.019446289183368548,0.0,0.0,-0.00030567388882541443,-2.3514069845954237,-1.6895397222173258,-0.7932122806427921,1.6895397222173258,0.7932122806427921,False,False,0.40625
base_macro_xsec_dispersion_correlation_regime__fold_04__seed42,base_macro_xsec_dispersion_correlation_regime,market_internal_dispersion_correlation,False,fold_04,42,checkpoint_robust_score,checkpoint,dow30_trend_filter_overlay,Trend Filter Overlay,structured_trend_filter,False,64,4.5123428802025245,2.9320140766766705,-0.02201500543452828,10.317460317460318,5.131620620692834,3.318101063173315,-0.01927595496702883,0.03370674236244743,0.004314463022393271,-0.00012577700910277077,-0.8564283206326927,-0.6192777404903094,-0.3860869864966445,0.6192777404903094,0.3860869864966445,False,False,0.4375
base_macro_xsec_dispersion_correlation_regime__fold_04__seed999,base_macro_xsec_dispersion_correlation_regime,market_internal_dispersion_correlation,False,fold_04,999,checkpoint_robust_score,checkpoint,dow30_equal_weight_rebalance_matched,Equal Weight Rebalance Matched,passive_rebalanced,True,64,7.225770109859875,4.346848265444012,-0.018531869885904828,12.698412698412698,6.184681554026161,3.7725813323448136,-0.01927595496702894,0.002957974327769496,0.00037862071395449554,0.00011937572893213425,0.7912586191435687,1.0410885558337135,0.5742669330991985,-1.0410885558337135,-0.5742669330991985,True,True,0.46875
base_macro_xsec_dispersion_correlation_regime__fold_04__seed999,base_macro_xsec_dispersion_correlation_regime,market_internal_dispersion_correlation,False,fold_04,999,checkpoint_robust_score,checkpoint,dow30_equal_weight_vol_target,Equal Weight Vol Target,structured_risk_control,False,64,7.225770109859875,4.346848265444012,-0.018531869885904828,12.698412698412698,6.1846815540261835,3.7725813323448136,-0.019275954967028608,0.002957974327769496,0.00037862071395449554,0.00011937572893213425,0.7912586191435687,1.0410885558336913,0.5742669330991985,-1.0410885558336913,-0.5742669330991985,True,True,0.46875
base_macro_xsec_dispersion_correlation_regime__fold_04__seed999,base_macro_xsec_dispersion_correlation_regime,market_internal_dispersion_correlation,False,fold_04,999,checkpoint_robust_score,checkpoint,dow30_market_proxy_buy_hold,Market Proxy Buy and Hold,passive_buy_hold,False,64,7.225770109859875,4.346848265444012,-0.018531869885904828,12.698412698412698,6.20188260241985,3.7252263573194626,-0.019446289183368548,0.0,0.0,9.609426390214386e-05,0.6591668365750282,1.0238875074400244,0.6216219081245495,-1.0238875074400244,-0.6216219081245495,True,True,0.4375
base_macro_xsec_dispersion_correlation_regime__fold_04__seed999,base_macro_xsec_dispersion_correlation_regime,market_internal_dispersion_correlation,False,fold_04,999,checkpoint_robust_score,checkpoint,dow30_trend_filter_overlay,Trend Filter Overlay,structured_trend_filter,False,64,7.225770109859875,4.346848265444012,-0.018531869885904828,12.698412698412698,5.131620620692834,3.318101063173315,-0.01927595496702883,0.03370674236244743,0.004314463022393271,0.0002759911436247876,1.7085631899095262,2.094149489167041,1.0287472022706972,-2.094149489167041,-1.0287472022706972,True,True,0.515625
base_macro_xsec_dispersion_correlation_regime__fold_05__seed123,base_macro_xsec_dispersion_correlation_regime,market_internal_dispersion_correlation,False,fold_05,123,checkpoint_robust_score,checkpoint,dow30_equal_weight_rebalance_matched,Equal Weight Rebalance Matched,passive_rebalanced,True,61,-4.508938779214633,-0.8558766378198736,-0.10747884399645868,20.783333333333335,-2.197904046653143,-0.21102849962765233,-0.1018104651132864,0.004006614550557066,0.000488806975167962,-0.0004994967301895823,-3.232498689958756,-2.31103473256149,-0.6448481381922212,2.31103473256149,0.6448481381922212,False,False,0.4426229508196721
base_macro_xsec_dispersion_correlation_regime__fold_05__seed123,base_macro_xsec_dispersion_correlation_regime,market_internal_dispersion_correlation,False,fold_05,123,checkpoint_robust_score,checkpoint,dow30_equal_weight_vol_target,Equal Weight Vol Target,structured_risk_control,False,61,-4.508938779214633,-0.8558766378198736,-0.10747884399645868,20.783333333333335,-4.085857893203537,-0.7488947456175344,-0.11270866882764441,0.01266255195701421,0.0015448313387557344,-0.00015282773250189973,-0.6456925870483844,-0.42308088601109617,-0.10698189220233911,0.42308088601109617,0.10698189220233911,False,False,0.4918032786885246
base_macro_xsec_dispersion_correlation_regime__fold_05__seed123,base_macro_xsec_dispersion_correlation_regime,market_internal_dispersion_correlation,False,fold_05,123,checkpoint_robust_score,checkpoint,dow30_market_proxy_buy_hold,Market Proxy Buy and Hold,passive_buy_hold,False,61,-4.508938779214633,-0.8558766378198736,-0.10747884399645868,20.783333333333335,-0.4746316710954268,0.12153369990283441,-0.09755224538655749,0.0,0.0,-0.0007818031969078988,-3.7002594945954566,-4.034307108119206,-0.9774103377227079,4.034307108119206,0.9774103377227079,False,False,0.36065573770491804
base_macro_xsec_dispersion_correlation_regime__fold_05__seed123,base_macro_xsec_dispersion_correlation_regime,market_internal_dispersion_correlation,False,fold_05,123,checkpoint_robust_score,checkpoint,dow30_trend_filter_overlay,Trend Filter Overlay,structured_trend_filter,False,61,-4.508938779214633,-0.8558766378198736,-0.10747884399645868,20.783333333333335,-5.752357063965241,-1.577648897384811,-0.11597939523583212,0.04285051664656708,0.005227763030881185,0.00016054013512227728,0.2589915679338303,1.2434182847506081,0.7217722595649375,-1.2434182847506081,-0.7217722595649375,True,True,0.5245901639344263
base_macro_xsec_dispersion_correlation_regime__fold_05__seed42,base_macro_xsec_dispersion_correlation_regime,market_internal_dispersion_correlation,False,fold_05,42,checkpoint_robust_score,checkpoint,dow30_equal_weight_rebalance_matched,Equal Weight Rebalance Matched,passive_rebalanced,True,61,-2.5564384236148596,-0.36168467378121755,-0.09259248658736785,13.35,-2.197904046653143,-0.21102849962765233,-0.1018104651132864,0.004006614550557066,0.000488806975167962,-0.00014604189274498145,-0.6852492069309786,-0.35853437696171664,-0.15065617415356522,0.35853437696171664,0.15065617415356522,False,False,0.4262295081967213
base_macro_xsec_dispersion_correlation_regime__fold_05__seed42,base_macro_xsec_dispersion_correlation_regime,market_internal_dispersion_correlation,False,fold_05,42,checkpoint_robust_score,checkpoint,dow30_equal_weight_vol_target,Equal Weight Vol Target,structured_risk_control,False,61,-2.5564384236148596,-0.36168467378121755,-0.09259248658736785,13.35,-4.085857893203537,-0.7488947456175344,-0.11270866882764441,0.01266255195701421,0.0015448313387557344,0.00020062710494270103,0.6051194126082223,1.5294194695886771,0.3872100718363169,-1.5294194695886771,-0.3872100718363169,True,True,0.47540983606557374
base_macro_xsec_dispersion_correlation_regime__fold_05__seed42,base_macro_xsec_dispersion_correlation_regime,market_internal_dispersion_correlation,False,fold_05,42,checkpoint_robust_score,checkpoint,dow30_market_proxy_buy_hold,Market Proxy Buy and Hold,passive_buy_hold,False,61,-2.5564384236148596,-0.36168467378121755,-0.09259248658736785,13.35,-0.4746316710954268,0.12153369990283441,-0.09755224538655749,0.0,0.0,-0.00042834835946329805,-2.0783661623293486,-2.081806752519433,-0.48321837368405196,2.081806752519433,0.48321837368405196,False,False,0.4426229508196721
base_macro_xsec_dispersion_correlation_regime__fold_05__seed42,base_macro_xsec_dispersion_correlation_regime,market_internal_dispersion_correlation,False,fold_05,42,checkpoint_robust_score,checkpoint,dow30_trend_filter_overlay,Trend Filter Overlay,structured_trend_filter,False,61,-2.5564384236148596,-0.36168467378121755,-0.09259248658736785,13.35,-5.752357063965241,-1.577648897384811,-0.11597939523583212,0.04285051664656708,0.005227763030881185,0.0005139949725668781,0.6852632162490115,3.1959186403503814,1.2159642236035935,-3.1959186403503814,-1.2159642236035935,True,True,0.47540983606557374
base_macro_xsec_dispersion_correlation_regime__fold_05__seed999,base_macro_xsec_dispersion_correlation_regime,market_internal_dispersion_correlation,False,fold_05,999,checkpoint_robust_score,checkpoint,dow30_equal_weight_rebalance_matched,Equal Weight Rebalance Matched,passive_rebalanced,True,61,-2.6893790810466722,-0.41605114464196313,-0.10931604233613301,16.275,-2.197904046653143,-0.21102849962765233,-0.1018104651132864,0.004006614550557066,0.000488806975167962,-0.00017737457665908672,-0.7446295536373349,-0.49147503439352924,-0.2050226450143108,0.49147503439352924,0.2050226450143108,False,False,0.47540983606557374
base_macro_xsec_dispersion_correlation_regime__fold_05__seed999,base_macro_xsec_dispersion_correlation_regime,market_internal_dispersion_correlation,False,fold_05,999,checkpoint_robust_score,checkpoint,dow30_equal_weight_vol_target,Equal Weight Vol Target,structured_risk_control,False,61,-2.6893790810466722,-0.41605114464196313,-0.10931604233613301,16.275,-4.085857893203537,-0.7488947456175344,-0.11270866882764441,0.01266255195701421,0.0015448313387557344,0.0001692944210285959,0.573974752737466,1.3964788121568645,0.3328436009755713,-1.3964788121568645,-0.3328436009755713,True,True,0.5081967213114754
base_macro_xsec_dispersion_correlation_regime__fold_05__seed999,base_macro_xsec_dispersion_correlation_regime,market_internal_dispersion_correlation,False,fold_05,999,checkpoint_robust_score,checkpoint,dow30_market_proxy_buy_hold,Market Proxy Buy and Hold,passive_buy_hold,False,61,-2.6893790810466722,-0.41605114464196313,-0.10931604233613301,16.275,-0.4746316710954268,0.12153369990283441,-0.09755224538655749,0.0,0.0,-0.0004596810433774032,-1.857344138656495,-2.2147474099512454,-0.5375848445447975,2.2147474099512454,0.5375848445447975,False,False,0.3770491803278688
base_macro_xsec_dispersion_correlation_regime__fold_05__seed999,base_macro_xsec_dispersion_correlation_regime,market_internal_dispersion_correlation,False,fold_05,999,checkpoint_robust_score,checkpoint,dow30_trend_filter_overlay,Trend Filter Overlay,structured_trend_filter,False,61,-2.6893790810466722,-0.41605114464196313,-0.10931604233613301,16.275,-5.752357063965241,-1.577648897384811,-0.11597939523583212,0.04285051664656708,0.005227763030881185,0.0004826622886527727,0.7377024635733166,3.062977982918569,1.161597752742848,-3.062977982918569,-1.161597752742848,True,True,0.5409836065573771
base_macro_xsec_dispersion_correlation_regime__fold_06__seed123,base_macro_xsec_dispersion_correlation_regime,market_internal_dispersion_correlation,False,fold_06,123,checkpoint_robust_score,best_model,dow30_equal_weight_rebalance_matched,Equal Weight Rebalance Matched,passive_rebalanced,True,64,9.364829290901167,4.308557735181964,-0.02169359970727458,8.73015873015873,10.668136048268352,5.988361923127513,-0.013054279731453344,0.0034908641737591735,0.00044683061424117426,-0.00031825524130225013,-1.4346652247574951,-1.303306757367185,-1.6798041879455496,1.303306757367185,1.6798041879455496,False,False,0.484375
base_macro_xsec_dispersion_correlation_regime__fold_06__seed123,base_macro_xsec_dispersion_correlation_regime,market_internal_dispersion_correlation,False,fold_06,123,checkpoint_robust_score,best_model,dow30_equal_weight_vol_target,Equal Weight Vol Target,structured_risk_control,False,64,9.364829290901167,4.308557735181964,-0.02169359970727458,8.73015873015873,10.668136048268352,5.988361923127513,-0.013054279731453344,0.0034908641737591735,0.00044683061424117426,-0.00031825524130225013,-1.4346652247574951,-1.303306757367185,-1.6798041879455496,1.303306757367185,1.6798041879455496,False,False,0.484375
base_macro_xsec_dispersion_correlation_regime__fold_06__seed123,base_macro_xsec_dispersion_correlation_regime,market_internal_dispersion_correlation,False,fold_06,123,checkpoint_robust_score,best_model,dow30_market_proxy_buy_hold,Market Proxy Buy and Hold,passive_buy_hold,False,64,9.364829290901167,4.308557735181964,-0.02169359970727458,8.73015873015873,11.78157859623341,5.896917354429322,-0.018542858767121806,0.0,0.0,-0.0004682092949474131,-2.3670703374266577,-2.416749305332244,-1.588359619247358,2.416749305332244,1.588359619247358,False,False,0.421875
base_macro_xsec_dispersion_correlation_regime__fold_06__seed123,base_macro_xsec_dispersion_correlation_regime,market_internal_dispersion_correlation,False,fold_06,123,checkpoint_robust_score,best_model,dow30_trend_filter_overlay,Trend Filter Overlay,structured_trend_filter,False,64,9.364829290901167,4.308557735181964,-0.02169359970727458,8.73015873015873,7.95104578543262,4.900669078218845,-0.013054279731453344,0.04227217991615985,0.00541083902926846,8.745531922689097e-05,0.39865390315979404,1.4137835054685466,-0.5921113430368816,-1.4137835054685466,0.5921113430368816,True,False,0.515625
base_macro_xsec_dispersion_correlation_regime__fold_06__seed42,base_macro_xsec_dispersion_correlation_regime,market_internal_dispersion_correlation,False,fold_06,42,checkpoint_robust_score,checkpoint,dow30_equal_weight_rebalance_matched,Equal Weight Rebalance Matched,passive_rebalanced,True,64,10.344179156781784,4.730199914141005,-0.018911970978296888,14.873015873015873,10.668136048268352,5.988361923127513,-0.013054279731453344,0.0034908641737591735,0.00044683061424117426,-0.0001787458947030968,-0.9999712563048402,-0.32395689148656714,-1.258162008986508,0.32395689148656714,1.258162008986508,False,False,0.53125
base_macro_xsec_dispersion_correlation_regime__fold_06__seed42,base_macro_xsec_dispersion_correlation_regime,market_internal_dispersion_correlation,False,fold_06,42,checkpoint_robust_score,checkpoint,dow30_equal_weight_vol_target,Equal Weight Vol Target,structured_risk_control,False,64,10.344179156781784,4.730199914141005,-0.018911970978296888,14.873015873015873,10.668136048268352,5.988361923127513,-0.013054279731453344,0.0034908641737591735,0.00044683061424117426,-0.0001787458947030968,-0.9999712563048402,-0.32395689148656714,-1.258162008986508,0.32395689148656714,1.258162008986508,False,False,0.53125
base_macro_xsec_dispersion_correlation_regime__fold_06__seed42,base_macro_xsec_dispersion_correlation_regime,market_internal_dispersion_correlation,False,fold_06,42,checkpoint_robust_score,checkpoint,dow30_market_proxy_buy_hold,Market Proxy Buy and Hold,passive_buy_hold,False,64,10.344179156781784,4.730199914141005,-0.018911970978296888,14.873015873015873,11.78157859623341,5.896917354429322,-0.018542858767121806,0.0,0.0,-0.00032869994834825974,-2.2212549140039766,-1.4373994394516263,-1.1667174402883163,1.4373994394516263,1.1667174402883163,False,False,0.4375
base_macro_xsec_dispersion_correlation_regime__fold_06__seed42,base_macro_xsec_dispersion_correlation_regime,market_internal_dispersion_correlation,False,fold_06,42,checkpoint_robust_score,checkpoint,dow30_trend_filter_overlay,Trend Filter Overlay,structured_trend_filter,False,64,10.344179156781784,4.730199914141005,-0.018911970978296888,14.873015873015873,7.95104578543262,4.900669078218845,-0.013054279731453344,0.04227217991615985,0.00541083902926846,0.00022696466582604427,1.144275327570411,2.3931333713491645,-0.17046916407783996,-2.3931333713491645,0.17046916407783996,True,False,0.546875
base_macro_xsec_dispersion_correlation_regime__fold_06__seed999,base_macro_xsec_dispersion_correlation_regime,market_internal_dispersion_correlation,False,fold_06,999,checkpoint_robust_score,best_model,dow30_equal_weight_rebalance_matched,Equal Weight Rebalance Matched,passive_rebalanced,True,64,8.471375782987245,3.737906079119498,-0.01992498106873386,21.1984126984127,10.668136048268352,5.988361923127513,-0.013054279731453344,0.0034908641737591735,0.00044683061424117426,-0.00044525490719247063,-2.233437591975333,-2.1967602652811067,-2.2504558440080156,2.1967602652811067,2.2504558440080156,False,False,0.484375
base_macro_xsec_dispersion_correlation_regime__fold_06__seed999,base_macro_xsec_dispersion_correlation_regime,market_internal_dispersion_correlation,False,fold_06,999,checkpoint_robust_score,best_model,dow30_equal_weight_vol_target,Equal Weight Vol Target,structured_risk_control,False,64,8.471375782987245,3.737906079119498,-0.01992498106873386,21.1984126984127,10.668136048268352,5.988361923127513,-0.013054279731453344,0.0034908641737591735,0.00044683061424117426,-0.00044525490719247063,-2.233437591975333,-2.1967602652811067,-2.2504558440080156,2.1967602652811067,2.2504558440080156,False,False,0.484375
base_macro_xsec_dispersion_correlation_regime__fold_06__seed999,base_macro_xsec_dispersion_correlation_regime,market_internal_dispersion_correlation,False,fold_06,999,checkpoint_robust_score,best_model,dow30_market_proxy_buy_hold,Market Proxy Buy and Hold,passive_buy_hold,False,64,8.471375782987245,3.737906079119498,-0.01992498106873386,21.1984126984127,11.78157859623341,5.896917354429322,-0.018542858767121806,0.0,0.0,-0.0005952089608376337,-2.836494909330378,-3.310202813246166,-2.159011275309824,3.310202813246166,2.159011275309824,False,False,0.453125
base_macro_xsec_dispersion_correlation_regime__fold_06__seed999,base_macro_xsec_dispersion_correlation_regime,market_internal_dispersion_correlation,False,fold_06,999,checkpoint_robust_score,best_model,dow30_trend_filter_overlay,Trend Filter Overlay,structured_trend_filter,False,64,8.471375782987245,3.737906079119498,-0.01992498106873386,21.1984126984127,7.95104578543262,4.900669078218845,-0.013054279731453344,0.04227217991615985,0.00541083902926846,-3.9544346663329674e-05,-0.18086646763440087,0.520329997554625,-1.1627629990993475,-0.520329997554625,1.1627629990993475,True,False,0.5
base_macro_xsec_dispersion_correlation_regime__fold_07__seed123,base_macro_xsec_dispersion_correlation_regime,market_internal_dispersion_correlation,False,fold_07,123,checkpoint_robust_score,checkpoint,dow30_equal_weight_rebalance_matched,Equal Weight Rebalance Matched,passive_rebalanced,True,62,9.622676794185825,4.275597818833855,-0.021050917629168664,9.78688524590164,12.9682269408677,5.316742554168367,-0.020376675133546573,0.0035299525485280752,0.0004377141160174813,-0.0010366812703532936,-3.080513669375807,-3.345550146681875,-1.0411447353345116,3.345550146681875,1.0411447353345116,False,False,0.532258064516129
base_macro_xsec_dispersion_correlation_regime__fold_07__seed123,base_macro_xsec_dispersion_correlation_regime,market_internal_dispersion_correlation,False,fold_07,123,checkpoint_robust_score,checkpoint,dow30_equal_weight_vol_target,Equal Weight Vol Target,structured_risk_control,False,62,9.622676794185825,4.275597818833855,-0.021050917629168664,9.78688524590164,10.364183539522953,5.034636455621809,-0.020376675133546684,0.00741732551673264,0.0009197483640748474,-0.0003892678252563479,-1.825331576978815,-0.7415067453371282,-0.7590386367879534,0.7415067453371282,0.7590386367879534,False,False,0.5
base_macro_xsec_dispersion_correlation_regime__fold_07__seed123,base_macro_xsec_dispersion_correlation_regime,market_internal_dispersion_correlation,False,fold_07,123,checkpoint_robust_score,checkpoint,dow30_market_proxy_buy_hold,Market Proxy Buy and Hold,passive_buy_hold,False,62,9.622676794185825,4.275597818833855,-0.021050917629168664,9.78688524590164,13.516477013708595,4.980269894120438,-0.024726167559160017,0.0,0.0,-0.00115448669419714,-2.8672065815956698,-3.8938002195227703,-0.7046720752865827,3.8938002195227703,0.7046720752865827,False,False,0.532258064516129
base_macro_xsec_dispersion_correlation_regime__fold_07__seed123,base_macro_xsec_dispersion_correlation_regime,market_internal_dispersion_correlation,False,fold_07,123,checkpoint_robust_score,checkpoint,dow30_trend_filter_overlay,Trend Filter Overlay,structured_trend_filter,False,62,9.622676794185825,4.275597818833855,-0.021050917629168664,9.78688524590164,10.408564075755056,4.048677811968784,-0.020376675133546684,0.011188886994545285,0.0013874219873236155,-0.00012005332825549872,-0.6279766158727573,-0.7858872815692308,0.22692000686507097,0.7858872815692308,-0.22692000686507097,False,True,0.5645161290322581
base_macro_xsec_dispersion_correlation_regime__fold_07__seed42,base_macro_xsec_dispersion_correlation_regime,market_internal_dispersion_correlation,False,fold_07,42,checkpoint_robust_score,checkpoint,dow30_equal_weight_rebalance_matched,Equal Weight Rebalance Matched,passive_rebalanced,True,62,8.751179246140083,2.913821253970907,-0.029730728410584217,25.34426229508197,12.9682269408677,5.316742554168367,-0.020376675133546573,0.0035299525485280752,0.0004377141160174813,-0.0011526358676650587,-3.3761440881994287,-4.217047694727617,-2.40292130019746,4.217047694727617,2.40292130019746,False,False,0.45161290322580644
base_macro_xsec_dispersion_correlation_regime__fold_07__seed42,base_macro_xsec_dispersion_correlation_regime,market_internal_dispersion_correlation,False,fold_07,42,checkpoint_robust_score,checkpoint,dow30_equal_weight_vol_target,Equal Weight Vol Target,structured_risk_control,False,62,8.751179246140083,2.913821253970907,-0.029730728410584217,25.34426229508197,10.364183539522953,5.034636455621809,-0.020376675133546684,0.00741732551673264,0.0009197483640748474,-0.0005052224225681129,-1.968021530211993,-1.61300429338287,-2.1208152016509016,1.61300429338287,2.1208152016509016,False,False,0.46774193548387094
base_macro_xsec_dispersion_correlation_regime__fold_07__seed42,base_macro_xsec_dispersion_correlation_regime,market_internal_dispersion_correlation,False,fold_07,42,checkpoint_robust_score,checkpoint,dow30_market_proxy_buy_hold,Market Proxy Buy and Hold,passive_buy_hold,False,62,8.751179246140083,2.913821253970907,-0.029730728410584217,25.34426229508197,13.516477013708595,4.980269894120438,-0.024726167559160017,0.0,0.0,-0.001270441291508905,-3.4093333833527044,-4.765297767568512,-2.066448640149531,4.765297767568512,2.066448640149531,False,False,0.45161290322580644
base_macro_xsec_dispersion_correlation_regime__fold_07__seed42,base_macro_xsec_dispersion_correlation_regime,market_internal_dispersion_correlation,False,fold_07,42,checkpoint_robust_score,checkpoint,dow30_trend_filter_overlay,Trend Filter Overlay,structured_trend_filter,False,62,8.751179246140083,2.913821253970907,-0.029730728410584217,25.34426229508197,10.408564075755056,4.048677811968784,-0.020376675133546684,0.011188886994545285,0.0013874219873236155,-0.0002360079255672638,-1.1604410001816903,-1.6573848296149727,-1.1348565579978773,1.6573848296149727,1.1348565579978773,False,False,0.5
base_macro_xsec_dispersion_correlation_regime__fold_07__seed999,base_macro_xsec_dispersion_correlation_regime,market_internal_dispersion_correlation,False,fold_07,999,checkpoint_robust_score,best_model,dow30_equal_weight_rebalance_matched,Equal Weight Rebalance Matched,passive_rebalanced,True,62,9.041028715420518,3.6634705878330958,-0.02384540250117395,11.475409836065573,12.9682269408677,5.316742554168367,-0.020376675133546573,0.0035299525485280752,0.0004377141160174813,-0.0011192480358176566,-3.6555852316368695,-3.9271982254471816,-1.653271966335271,3.9271982254471816,1.653271966335271,False,False,0.3387096774193548
base_macro_xsec_dispersion_correlation_regime__fold_07__seed999,base_macro_xsec_dispersion_correlation_regime,market_internal_dispersion_correlation,False,fold_07,999,checkpoint_robust_score,best_model,dow30_equal_weight_vol_target,Equal Weight Vol Target,structured_risk_control,False,62,9.041028715420518,3.6634705878330958,-0.02384540250117395,11.475409836065573,10.364183539522953,5.034636455621809,-0.020376675133546684,0.00741732551673264,0.0009197483640748474,-0.0004718345907207107,-2.474940541404219,-1.323154824102435,-1.3711658677887129,1.323154824102435,1.3711658677887129,False,False,0.3870967741935484
base_macro_xsec_dispersion_correlation_regime__fold_07__seed999,base_macro_xsec_dispersion_correlation_regime,market_internal_dispersion_correlation,False,fold_07,999,checkpoint_robust_score,best_model,dow30_market_proxy_buy_hold,Market Proxy Buy and Hold,passive_buy_hold,False,62,9.041028715420518,3.6634705878330958,-0.02384540250117395,11.475409836065573,13.516477013708595,4.980269894120438,-0.024726167559160017,0.0,0.0,-0.001237053459661503,-3.526206940687224,-4.475448298288077,-1.3167993062873422,4.475448298288077,1.3167993062873422,False,False,0.3870967741935484
base_macro_xsec_dispersion_correlation_regime__fold_07__seed999,base_macro_xsec_dispersion_correlation_regime,market_internal_dispersion_correlation,False,fold_07,999,checkpoint_robust_score,best_model,dow30_trend_filter_overlay,Trend Filter Overlay,structured_trend_filter,False,62,9.041028715420518,3.6634705878330958,-0.02384540250117395,11.475409836065573,10.408564075755056,4.048677811968784,-0.020376675133546684,0.011188886994545285,0.0013874219873236155,-0.00020262009371986163,-1.4394918561938785,-1.3675353603345375,-0.38520722413568853,1.3675353603345375,0.38520722413568853,False,False,0.41935483870967744
base_macro_xsec_dispersion_correlation_regime__fold_08__seed123,base_macro_xsec_dispersion_correlation_regime,market_internal_dispersion_correlation,False,fold_08,123,checkpoint_robust_score,checkpoint,dow30_equal_weight_rebalance_matched,Equal Weight Rebalance Matched,passive_rebalanced,True,64,-2.660810030203975,-0.6673512440031298,-0.05558178107544498,8.793650793650794,-2.190403319732037,-0.5990153921314147,-0.057323168468871866,0.003868327643184435,0.0004951459383276077,-3.709901492375496e-05,-0.14069184261423,-0.47040671047193783,-0.06833585187171509,0.47040671047193783,0.06833585187171509,False,False,0.484375
base_macro_xsec_dispersion_correlation_regime__fold_08__seed123,base_macro_xsec_dispersion_correlation_regime,market_internal_dispersion_correlation,False,fold_08,123,checkpoint_robust_score,checkpoint,dow30_equal_weight_vol_target,Equal Weight Vol Target,structured_risk_control,False,64,-2.660810030203975,-0.6673512440031298,-0.05558178107544498,8.793650793650794,-3.3874261587000354,-1.0224298181033473,-0.05666765101309834,0.008014296642030449,0.0010258299701798974,0.00016122968424736096,0.6025773011499777,0.7266161284960604,0.3550785741002175,-0.7266161284960604,-0.3550785741002175,True,True,0.53125
base_macro_xsec_dispersion_correlation_regime__fold_08__seed123,base_macro_xsec_dispersion_correlation_regime,market_internal_dispersion_correlation,False,fold_08,123,checkpoint_robust_score,checkpoint,dow30_market_proxy_buy_hold,Market Proxy Buy and Hold,passive_buy_hold,False,64,-2.660810030203975,-0.6673512440031298,-0.05558178107544498,8.793650793650794,-2.496020260160614,-0.6432292494334115,-0.06879474749546755,0.0,0.0,-2.8824439322109284e-06,-0.009728176676786552,-0.16478977004336093,-0.024121994569718308,0.16478977004336093,0.024121994569718308,False,False,0.5
base_macro_xsec_dispersion_correlation_regime__fold_08__seed123,base_macro_xsec_dispersion_correlation_regime,market_internal_dispersion_correlation,False,fold_08,123,checkpoint_robust_score,checkpoint,dow30_trend_filter_overlay,Trend Filter Overlay,structured_trend_filter,False,64,-2.660810030203975,-0.6673512440031298,-0.05558178107544498,8.793650793650794,-2.3697757991338553,-1.3329469349418939,-0.040772358223871596,0.04135129051360751,0.005292965185741761,2.1663275203685957e-05,0.04244129972775691,-0.2910342310701197,0.665595690938764,0.2910342310701197,-0.665595690938764,False,True,0.546875
base_macro_xsec_dispersion_correlation_regime__fold_08__seed42,base_macro_xsec_dispersion_correlation_regime,market_internal_dispersion_correlation,False,fold_08,42,checkpoint_robust_score,last_model,dow30_equal_weight_rebalance_matched,Equal Weight Rebalance Matched,passive_rebalanced,True,64,-1.7103919010825974,-0.3471021469236891,-0.07730797084598307,8.746031746031745,-2.190403319732037,-0.5990153921314147,-0.057323168468871866,0.003868327643184435,0.0004951459383276077,0.00012400684760003182,0.5162836727382386,0.48001141864943975,0.2519132452077256,-0.48001141864943975,-0.2519132452077256,True,True,0.515625
base_macro_xsec_dispersion_correlation_regime__fold_08__seed42,base_macro_xsec_dispersion_correlation_regime,market_internal_dispersion_correlation,False,fold_08,42,checkpoint_robust_score,last_model,dow30_equal_weight_vol_target,Equal Weight Vol Target,structured_risk_control,False,64,-1.7103919010825974,-0.3471021469236891,-0.07730797084598307,8.746031746031745,-3.3874261587000354,-1.0224298181033473,-0.05666765101309834,0.008014296642030449,0.0010258299701798974,0.00032233554677114755,1.2650262266394896,1.677034257617438,0.6753276711796582,-1.677034257617438,-0.6753276711796582,True,True,0.53125
base_macro_xsec_dispersion_correlation_regime__fold_08__seed42,base_macro_xsec_dispersion_correlation_regime,market_internal_dispersion_correlation,False,fold_08,42,checkpoint_robust_score,last_model,dow30_market_proxy_buy_hold,Market Proxy Buy and Hold,passive_buy_hold,False,64,-1.7103919010825974,-0.3471021469236891,-0.07730797084598307,8.746031746031745,-2.496020260160614,-0.6432292494334115,-0.06879474749546755,0.0,0.0,0.00015822341859157577,0.6908667835608595,0.7856283590780166,0.2961271025097224,-0.7856283590780166,-0.2961271025097224,True,True,0.5
base_macro_xsec_dispersion_correlation_regime__fold_08__seed42,base_macro_xsec_dispersion_correlation_regime,market_internal_dispersion_correlation,False,fold_08,42,checkpoint_robust_score,last_model,dow30_trend_filter_overlay,Trend Filter Overlay,structured_trend_filter,False,64,-1.7103919010825974,-0.3471021469236891,-0.07730797084598307,8.746031746031745,-2.3697757991338553,-1.3329469349418939,-0.040772358223871596,0.04135129051360751,0.005292965185741761,0.00018276913772747287,0.33453683117794186,0.6593838980512579,0.9858447880182047,-0.6593838980512579,-0.9858447880182047,True,True,0.578125
base_macro_xsec_dispersion_correlation_regime__fold_08__seed999,base_macro_xsec_dispersion_correlation_regime,market_internal_dispersion_correlation,False,fold_08,999,checkpoint_robust_score,checkpoint,dow30_equal_weight_rebalance_matched,Equal Weight Rebalance Matched,passive_rebalanced,True,64,-2.067435739022805,-0.455297746797735,-0.05165342714531207,9.523809523809524,-2.190403319732037,-0.5990153921314147,-0.057323168468871866,0.003868327643184435,0.0004951459383276077,6.424135135167362e-05,0.3341765350278038,0.1229675807092323,0.14371764533367976,-0.1229675807092323,-0.14371764533367976,True,True,0.5
base_macro_xsec_dispersion_correlation_regime__fold_08__seed999,base_macro_xsec_dispersion_correlation_regime,market_internal_dispersion_correlation,False,fold_08,999,checkpoint_robust_score,checkpoint,dow30_equal_weight_vol_target,Equal Weight Vol Target,structured_risk_control,False,64,-2.067435739022805,-0.455297746797735,-0.05165342714531207,9.523809523809524,-3.3874261587000354,-1.0224298181033473,-0.05666765101309834,0.008014296642030449,0.0010258299701798974,0.00026257005052278946,1.2435260419205552,1.3199904196772305,0.5671320713056123,-1.3199904196772305,-0.5671320713056123,True,True,0.515625
base_macro_xsec_dispersion_correlation_regime__fold_08__seed999,base_macro_xsec_dispersion_correlation_regime,market_internal_dispersion_correlation,False,fold_08,999,checkpoint_robust_score,checkpoint,dow30_market_proxy_buy_hold,Market Proxy Buy and Hold,passive_buy_hold,False,64,-2.067435739022805,-0.455297746797735,-0.05165342714531207,9.523809523809524,-2.496020260160614,-0.6432292494334115,-0.06879474749546755,0.0,0.0,9.845792234321749e-05,0.4849745048000643,0.4285845211378092,0.18793150263567654,-0.4285845211378092,-0.18793150263567654,True,True,0.53125
base_macro_xsec_dispersion_correlation_regime__fold_08__seed999,base_macro_xsec_dispersion_correlation_regime,market_internal_dispersion_correlation,False,fold_08,999,checkpoint_robust_score,checkpoint,dow30_trend_filter_overlay,Trend Filter Overlay,structured_trend_filter,False,64,-2.067435739022805,-0.455297746797735,-0.05165342714531207,9.523809523809524,-2.3697757991338553,-1.3329469349418939,-0.040772358223871596,0.04135129051360751,0.005292965185741761,0.00012300364147911446,0.22978726280191666,0.3023400601110504,0.8776491881441588,-0.3023400601110504,-0.8776491881441588,True,True,0.484375
base_macro_xsec_dispersion_correlation_regime__fold_09__seed123,base_macro_xsec_dispersion_correlation_regime,market_internal_dispersion_correlation,False,fold_09,123,checkpoint_robust_score,checkpoint,dow30_equal_weight_rebalance_matched,Equal Weight Rebalance Matched,passive_rebalanced,True,63,-19.63806752020417,-1.2897161633160605,-0.2870950101178298,8.870967741935484,-21.26096321011869,-1.3324342350158593,-0.3294921903254425,0.007400981379565179,0.0009325236538252126,0.00021761183777372088,0.45245639954638983,1.6228956899145182,0.0427180716997988,-1.6228956899145182,-0.0427180716997988,True,True,0.5555555555555556
base_macro_xsec_dispersion_correlation_regime__fold_09__seed123,base_macro_xsec_dispersion_correlation_regime,market_internal_dispersion_correlation,False,fold_09,123,checkpoint_robust_score,checkpoint,dow30_equal_weight_vol_target,Equal Weight Vol Target,structured_risk_control,False,63,-19.63806752020417,-1.2897161633160605,-0.2870950101178298,8.870967741935484,-11.091494824986892,-2.090526409539299,-0.16088145120459163,0.009631361690851272,0.0012135515730472607,-0.001119917528604056,-0.7126312423199449,-8.546572695217279,0.8008102462232385,8.546572695217279,-0.8008102462232385,False,True,0.4126984126984127
base_macro_xsec_dispersion_correlation_regime__fold_09__seed123,base_macro_xsec_dispersion_correlation_regime,market_internal_dispersion_correlation,False,fold_09,123,checkpoint_robust_score,checkpoint,dow30_market_proxy_buy_hold,Market Proxy Buy and Hold,passive_buy_hold,False,63,-19.63806752020417,-1.2897161633160605,-0.2870950101178298,8.870967741935484,-20.400146714686084,-1.265645074928371,-0.31696628941530847,0.0,0.0,2.2824582526859195e-05,0.04964238657471581,0.7620791944819132,-0.024071088387689565,-0.7620791944819132,0.024071088387689565,True,False,0.5079365079365079
base_macro_xsec_dispersion_correlation_regime__fold_09__seed123,base_macro_xsec_dispersion_correlation_regime,market_internal_dispersion_correlation,False,fold_09,123,checkpoint_robust_score,checkpoint,dow30_trend_filter_overlay,Trend Filter Overlay,structured_trend_filter,False,63,-19.63806752020417,-1.2897161633160605,-0.2870950101178298,8.870967741935484,-2.118284949104654,-0.687585375996711,-0.046682085064553624,0.025721469034897162,0.0032409050983970428,-0.002577698828341749,-1.187484316184989,-17.519782571099515,-0.6021307873193495,17.519782571099515,0.6021307873193495,False,False,0.42857142857142855
base_macro_xsec_dispersion_correlation_regime__fold_09__seed42,base_macro_xsec_dispersion_correlation_regime,market_internal_dispersion_correlation,False,fold_09,42,checkpoint_robust_score,checkpoint,dow30_equal_weight_rebalance_matched,Equal Weight Rebalance Matched,passive_rebalanced,True,63,-19.87148079618152,-1.2023408398861304,-0.32713457744345986,12.451612903225806,-21.26096321011869,-1.3324342350158593,-0.3294921903254425,0.007400981379565179,0.0009325236538252126,0.00025031017801746796,0.9118215072465342,1.38948241393717,0.13009339512972895,-1.38948241393717,-0.13009339512972895,True,True,0.5079365079365079
base_macro_xsec_dispersion_correlation_regime__fold_09__seed42,base_macro_xsec_dispersion_correlation_regime,market_internal_dispersion_correlation,False,fold_09,42,checkpoint_robust_score,checkpoint,dow30_equal_weight_vol_target,Equal Weight Vol Target,structured_risk_control,False,63,-19.87148079618152,-1.2023408398861304,-0.32713457744345986,12.451612903225806,-11.091494824986892,-2.090526409539299,-0.16088145120459163,0.009631361690851272,0.0012135515730472607,-0.0010872191883603093,-0.6339380398891128,-8.779985971194627,0.8881855696531686,8.779985971194627,-0.8881855696531686,False,True,0.38095238095238093
base_macro_xsec_dispersion_correlation_regime__fold_09__seed42,base_macro_xsec_dispersion_correlation_regime,market_internal_dispersion_correlation,False,fold_09,42,checkpoint_robust_score,checkpoint,dow30_market_proxy_buy_hold,Market Proxy Buy and Hold,passive_buy_hold,False,63,-19.87148079618152,-1.2023408398861304,-0.32713457744345986,12.451612903225806,-20.400146714686084,-1.265645074928371,-0.31696628941530847,0.0,0.0,5.552292277060605e-05,0.15859761187732024,0.528665918504565,0.06330423504224059,-0.528665918504565,-0.06330423504224059,True,True,0.5079365079365079
base_macro_xsec_dispersion_correlation_regime__fold_09__seed42,base_macro_xsec_dispersion_correlation_regime,market_internal_dispersion_correlation,False,fold_09,42,checkpoint_robust_score,checkpoint,dow30_trend_filter_overlay,Trend Filter Overlay,structured_trend_filter,False,63,-19.87148079618152,-1.2023408398861304,-0.32713457744345986,12.451612903225806,-2.118284949104654,-0.687585375996711,-0.046682085064553624,0.025721469034897162,0.0032409050983970428,-0.002545000488098003,-1.103601055237633,-17.753195847076864,-0.5147554638894194,17.753195847076864,0.5147554638894194,False,False,0.38095238095238093
base_macro_xsec_dispersion_correlation_regime__fold_09__seed999,base_macro_xsec_dispersion_correlation_regime,market_internal_dispersion_correlation,False,fold_09,999,checkpoint_robust_score,checkpoint,dow30_equal_weight_rebalance_matched,Equal Weight Rebalance Matched,passive_rebalanced,True,63,-20.21352390147171,-1.277769913788098,-0.3153282905162005,16.919354838709676,-21.26096321011869,-1.3324342350158593,-0.3294921903254425,0.007400981379565179,0.0009325236538252126,0.00015053777906211973,0.6873616833476952,1.0474393086469789,0.054664321227761326,-1.0474393086469789,-0.054664321227761326,True,True,0.5079365079365079
base_macro_xsec_dispersion_correlation_regime__fold_09__seed999,base_macro_xsec_dispersion_correlation_regime,market_internal_dispersion_correlation,False,fold_09,999,checkpoint_robust_score,checkpoint,dow30_equal_weight_vol_target,Equal Weight Vol Target,structured_risk_control,False,63,-20.21352390147171,-1.277769913788098,-0.3153282905162005,16.919354838709676,-11.091494824986892,-2.090526409539299,-0.16088145120459163,0.009631361690851272,0.0012135515730472607,-0.001186991587315657,-0.7199593939796387,-9.122029076484818,0.812756495751201,9.122029076484818,-0.812756495751201,False,True,0.42857142857142855
base_macro_xsec_dispersion_correlation_regime__fold_09__seed999,base_macro_xsec_dispersion_correlation_regime,market_internal_dispersion_correlation,False,fold_09,999,checkpoint_robust_score,checkpoint,dow30_market_proxy_buy_hold,Market Proxy Buy and Hold,passive_buy_hold,False,63,-20.21352390147171,-1.277769913788098,-0.3153282905162005,16.919354838709676,-20.400146714686084,-1.265645074928371,-0.31696628941530847,0.0,0.0,-4.4249476184742106e-05,-0.20855184579395625,0.1866228132143739,-0.012124838859727038,-0.1866228132143739,0.012124838859727038,True,False,0.5079365079365079
base_macro_xsec_dispersion_correlation_regime__fold_09__seed999,base_macro_xsec_dispersion_correlation_regime,market_internal_dispersion_correlation,False,fold_09,999,checkpoint_robust_score,checkpoint,dow30_trend_filter_overlay,Trend Filter Overlay,structured_trend_filter,False,63,-20.21352390147171,-1.277769913788098,-0.3153282905162005,16.919354838709676,-2.118284949104654,-0.687585375996711,-0.046682085064553624,0.025721469034897162,0.0032409050983970428,-0.00264477288705335,-1.1759167426148385,-18.095238952367055,-0.590184537791387,18.095238952367055,0.590184537791387,False,False,0.42857142857142855
base_macro_xsec_dispersion_correlation_regime__fold_10__seed123,base_macro_xsec_dispersion_correlation_regime,market_internal_dispersion_correlation,False,fold_10,123,checkpoint_robust_score,checkpoint,dow30_equal_weight_rebalance_matched,Equal Weight Rebalance Matched,passive_rebalanced,True,64,5.875951525836154,1.3525327581055029,-0.09436839549687981,11.11111111111111,5.140182356197354,1.7631856246025919,-0.07834233141860591,0.0053498553911146655,0.0006847814900626773,-0.0001362515534682865,-0.3996625513964831,0.7357691696388002,-0.410652866497089,-0.7357691696388002,0.410652866497089,True,False,0.390625
base_macro_xsec_dispersion_correlation_regime__fold_10__seed123,base_macro_xsec_dispersion_correlation_regime,market_internal_dispersion_correlation,False,fold_10,123,checkpoint_robust_score,checkpoint,dow30_equal_weight_vol_target,Equal Weight Vol Target,structured_risk_control,False,64,5.875951525836154,1.3525327581055029,-0.09436839549687981,11.11111111111111,4.434125075326278,1.599283820344288,-0.07258155423496293,0.011029724420170084,0.0014118047257817708,0.00011971219227244027,0.3647363943453935,1.4418264505098755,-0.24675106223878518,-1.4418264505098755,0.24675106223878518,True,False,0.40625
base_macro_xsec_dispersion_correlation_regime__fold_10__seed123,base_macro_xsec_dispersion_correlation_regime,market_internal_dispersion_correlation,False,fold_10,123,checkpoint_robust_score,checkpoint,dow30_market_proxy_buy_hold,Market Proxy Buy and Hold,passive_buy_hold,False,64,5.875951525836154,1.3525327581055029,-0.09436839549687981,11.11111111111111,7.459383800817432,1.9896585046355737,-0.10061713762766844,0.0,0.0,-0.0005876099273597143,-1.5634481063776773,-1.583432274981278,-0.6371257465300708,1.583432274981278,0.6371257465300708,False,False,0.484375
base_macro_xsec_dispersion_correlation_regime__fold_10__seed123,base_macro_xsec_dispersion_correlation_regime,market_internal_dispersion_correlation,False,fold_10,123,checkpoint_robust_score,checkpoint,dow30_trend_filter_overlay,Trend Filter Overlay,structured_trend_filter,False,64,5.875951525836154,1.3525327581055029,-0.09436839549687981,11.11111111111111,-0.268187000876019,-0.05154333566205412,-0.06774338595118334,0.08890750130911783,0.011380160167567082,0.000981299896948726,2.0989333856972685,6.144138526712172,1.404076093767557,-6.144138526712172,-1.404076093767557,True,True,0.484375
base_macro_xsec_dispersion_correlation_regime__fold_10__seed42,base_macro_xsec_dispersion_correlation_regime,market_internal_dispersion_correlation,False,fold_10,42,checkpoint_robust_score,checkpoint,dow30_equal_weight_rebalance_matched,Equal Weight Rebalance Matched,passive_rebalanced,True,64,6.50327450153807,1.4221904009914186,-0.10254021863976992,10.317460317460318,5.140182356197354,1.7631856246025919,-0.07834233141860591,0.0053498553911146655,0.0006847814900626773,-3.750467545202065e-05,-0.09411269056444622,1.3630921453407163,-0.3409952236111733,-1.3630921453407163,0.3409952236111733,True,False,0.453125
base_macro_xsec_dispersion_correlation_regime__fold_10__seed42,base_macro_xsec_dispersion_correlation_regime,market_internal_dispersion_correlation,False,fold_10,42,checkpoint_robust_score,checkpoint,dow30_equal_weight_vol_target,Equal Weight Vol Target,structured_risk_control,False,64,6.50327450153807,1.4221904009914186,-0.10254021863976992,10.317460317460318,4.434125075326278,1.599283820344288,-0.07258155423496293,0.011029724420170084,0.0014118047257817708,0.00021845907028870612,0.5661719107261363,2.0691494262117915,-0.17709341935286949,-2.0691494262117915,0.17709341935286949,True,False,0.5625
base_macro_xsec_dispersion_correlation_regime__fold_10__seed42,base_macro_xsec_dispersion_correlation_regime,market_internal_dispersion_correlation,False,fold_10,42,checkpoint_robust_score,checkpoint,dow30_market_proxy_buy_hold,Market Proxy Buy and Hold,passive_buy_hold,False,64,6.50327450153807,1.4221904009914186,-0.10254021863976992,10.317460317460318,7.459383800817432,1.9896585046355737,-0.10061713762766844,0.0,0.0,-0.0004888630493434484,-1.5875120690109674,-0.9561092992793618,-0.5674681036441551,0.9561092992793618,0.5674681036441551,False,False,0.40625
base_macro_xsec_dispersion_correlation_regime__fold_10__seed42,base_macro_xsec_dispersion_correlation_regime,market_internal_dispersion_correlation,False,fold_10,42,checkpoint_robust_score,checkpoint,dow30_trend_filter_overlay,Trend Filter Overlay,structured_trend_filter,False,64,6.50327450153807,1.4221904009914186,-0.10254021863976992,10.317460317460318,-0.268187000876019,-0.05154333566205412,-0.06774338595118334,0.08890750130911783,0.011380160167567082,0.0010800467749649914,2.089764855928076,6.771461502414089,1.4737337366534726,-6.771461502414089,-1.4737337366534726,True,True,0.546875
base_macro_xsec_dispersion_correlation_regime__fold_10__seed999,base_macro_xsec_dispersion_correlation_regime,market_internal_dispersion_correlation,False,fold_10,999,checkpoint_robust_score,checkpoint,dow30_equal_weight_rebalance_matched,Equal Weight Rebalance Matched,passive_rebalanced,True,64,5.7449739665149435,1.3073463070466111,-0.09560476108049154,13.507936507936508,5.140182356197354,1.7631856246025919,-0.07834233141860591,0.0053498553911146655,0.0006847814900626773,-0.0001535721525752705,-0.5189724343492639,0.6047916103175899,-0.4558393175559807,-0.6047916103175899,0.4558393175559807,True,False,0.484375
base_macro_xsec_dispersion_correlation_regime__fold_10__seed999,base_macro_xsec_dispersion_correlation_regime,market_internal_dispersion_correlation,False,fold_10,999,checkpoint_robust_score,checkpoint,dow30_equal_weight_vol_target,Equal Weight Vol Target,structured_risk_control,False,64,5.7449739665149435,1.3073463070466111,-0.09560476108049154,13.507936507936508,4.434125075326278,1.599283820344288,-0.07258155423496293,0.011029724420170084,0.0014118047257817708,0.00010239159316545639,0.3309159086368853,1.310848891188665,-0.2919375132976769,-1.310848891188665,0.2919375132976769,True,False,0.546875
base_macro_xsec_dispersion_correlation_regime__fold_10__seed999,base_macro_xsec_dispersion_correlation_regime,market_internal_dispersion_correlation,False,fold_10,999,checkpoint_robust_score,checkpoint,dow30_market_proxy_buy_hold,Market Proxy Buy and Hold,passive_buy_hold,False,64,5.7449739665149435,1.3073463070466111,-0.09560476108049154,13.507936507936508,7.459383800817432,1.9896585046355737,-0.10061713762766844,0.0,0.0,-0.0006049305264666984,-1.6085934474665424,-1.7144098343024883,-0.6823121975889626,1.7144098343024883,0.6823121975889626,False,False,0.484375
base_macro_xsec_dispersion_correlation_regime__fold_10__seed999,base_macro_xsec_dispersion_correlation_regime,market_internal_dispersion_correlation,False,fold_10,999,checkpoint_robust_score,checkpoint,dow30_trend_filter_overlay,Trend Filter Overlay,structured_trend_filter,False,64,5.7449739665149435,1.3073463070466111,-0.09560476108049154,13.507936507936508,-0.268187000876019,-0.05154333566205412,-0.06774338595118334,0.08890750130911783,0.011380160167567082,0.0009639792978417416,2.0204269620992816,6.013160967390963,1.3588896427086652,-6.013160967390963,-1.3588896427086652,True,True,0.546875
base_macro_xsec_dispersion_correlation_regime__fold_11__seed123,base_macro_xsec_dispersion_correlation_regime,market_internal_dispersion_correlation,False,fold_11,123,checkpoint_robust_score,checkpoint,dow30_equal_weight_rebalance_matched,Equal Weight Rebalance Matched,passive_rebalanced,True,62,6.048523544795992,2.020333564887166,-0.048974163803506054,9.836065573770492,9.626131912610237,2.445502156979864,-0.03996619039186733,0.005311012658375324,0.00065856556963854,-0.00032999511306941237,-1.5511065173124021,-3.5776083678142454,-0.4251685920926982,3.5776083678142454,0.4251685920926982,False,False,0.43548387096774194
base_macro_xsec_dispersion_correlation_regime__fold_11__seed123,base_macro_xsec_dispersion_correlation_regime,market_internal_dispersion_correlation,False,fold_11,123,checkpoint_robust_score,checkpoint,dow30_equal_weight_vol_target,Equal Weight Vol Target,structured_risk_control,False,62,6.048523544795992,2.020333564887166,-0.048974163803506054,9.836065573770492,9.639302843992947,2.4548290487327655,-0.03996619039186722,0.005903367426034547,0.0007320175608282838,-0.0003317584087948034,-1.567443913694036,-3.5907792991969556,-0.43449548384559966,3.5907792991969556,0.43449548384559966,False,False,0.41935483870967744
base_macro_xsec_dispersion_correlation_regime__fold_11__seed123,base_macro_xsec_dispersion_correlation_regime,market_internal_dispersion_correlation,False,fold_11,123,checkpoint_robust_score,checkpoint,dow30_market_proxy_buy_hold,Market Proxy Buy and Hold,passive_buy_hold,False,62,6.048523544795992,2.020333564887166,-0.048974163803506054,9.836065573770492,5.717347352607272,1.2247854304167016,-0.048699019769914864,0.0,0.0,0.0002774433347256372,0.8482332742484767,0.3311761921887202,0.7955481344704642,-0.3311761921887202,-0.7955481344704642,True,True,0.5483870967741935
base_macro_xsec_dispersion_correlation_regime__fold_11__seed123,base_macro_xsec_dispersion_correlation_regime,market_internal_dispersion_correlation,False,fold_11,123,checkpoint_robust_score,checkpoint,dow30_trend_filter_overlay,Trend Filter Overlay,structured_trend_filter,False,62,6.048523544795992,2.020333564887166,-0.048974163803506054,9.836065573770492,5.518215688309258,1.3314018921606159,-0.05370350862846396,0.037091197659943564,0.004599308509833003,0.00028892328424013773,1.0341094785435687,0.5303078564867336,0.68893167272655,-0.5303078564867336,-0.68893167272655,True,True,0.43548387096774194
base_macro_xsec_dispersion_correlation_regime__fold_11__seed42,base_macro_xsec_dispersion_correlation_regime,market_internal_dispersion_correlation,False,fold_11,42,checkpoint_robust_score,checkpoint,dow30_equal_weight_rebalance_matched,Equal Weight Rebalance Matched,passive_rebalanced,True,62,9.653938049343825,2.417919701678798,-0.044971209533784084,12.295081967213115,9.626131912610237,2.445502156979864,-0.03996619039186733,0.005311012658375324,0.00065856556963854,0.000231427230940689,0.7267609816349898,0.027806136733588005,-0.027582455301065956,-0.027806136733588005,0.027582455301065956,True,False,0.45161290322580644
base_macro_xsec_dispersion_correlation_regime__fold_11__seed42,base_macro_xsec_dispersion_correlation_regime,market_internal_dispersion_correlation,False,fold_11,42,checkpoint_robust_score,checkpoint,dow30_equal_weight_vol_target,Equal Weight Vol Target,structured_risk_control,False,62,9.653938049343825,2.417919701678798,-0.044971209533784084,12.295081967213115,9.639302843992947,2.4548290487327655,-0.03996619039186722,0.005903367426034547,0.0007320175608282838,0.00022966393521529798,0.7193690634086024,0.014635205350877811,-0.03690934705396742,-0.014635205350877811,0.03690934705396742,True,False,0.45161290322580644
base_macro_xsec_dispersion_correlation_regime__fold_11__seed42,base_macro_xsec_dispersion_correlation_regime,market_internal_dispersion_correlation,False,fold_11,42,checkpoint_robust_score,checkpoint,dow30_market_proxy_buy_hold,Market Proxy Buy and Hold,passive_buy_hold,False,62,9.653938049343825,2.417919701678798,-0.044971209533784084,12.295081967213115,5.717347352607272,1.2247854304167016,-0.048699019769914864,0.0,0.0,0.0008388656787357385,1.7482125017357286,3.9365906967365536,1.1931342712620965,-3.9365906967365536,-1.1931342712620965,True,True,0.5645161290322581
base_macro_xsec_dispersion_correlation_regime__fold_11__seed42,base_macro_xsec_dispersion_correlation_regime,market_internal_dispersion_correlation,False,fold_11,42,checkpoint_robust_score,checkpoint,dow30_trend_filter_overlay,Trend Filter Overlay,structured_trend_filter,False,62,9.653938049343825,2.417919701678798,-0.044971209533784084,12.295081967213115,5.518215688309258,1.3314018921606159,-0.05370350862846396,0.037091197659943564,0.004599308509833003,0.000850345628250239,2.3843074089597645,4.135722361034567,1.0865178095181822,-4.135722361034567,-1.0865178095181822,True,True,0.4838709677419355
base_macro_xsec_dispersion_correlation_regime__fold_11__seed999,base_macro_xsec_dispersion_correlation_regime,market_internal_dispersion_correlation,False,fold_11,999,checkpoint_robust_score,checkpoint,dow30_equal_weight_rebalance_matched,Equal Weight Rebalance Matched,passive_rebalanced,True,62,8.197711946701048,2.451053536856603,-0.04786411499950016,10.655737704918034,9.626131912610237,2.445502156979864,-0.03996619039186733,0.005311012658375324,0.00065856556963854,3.463939990851066e-07,0.0014215827466140325,-1.428419965909189,0.005551379876739038,1.428419965909189,-0.005551379876739038,False,True,0.43548387096774194
base_macro_xsec_dispersion_correlation_regime__fold_11__seed999,base_macro_xsec_dispersion_correlation_regime,market_internal_dispersion_correlation,False,fold_11,999,checkpoint_robust_score,checkpoint,dow30_equal_weight_vol_target,Equal Weight Vol Target,structured_risk_control,False,62,8.197711946701048,2.451053536856603,-0.04786411499950016,10.655737704918034,9.639302843992947,2.4548290487327655,-0.03996619039186722,0.005903367426034547,0.0007320175608282838,-1.416901726305921e-06,-0.005817749911501364,-1.4415908972918992,-0.0037755118761624296,1.4415908972918992,0.0037755118761624296,False,False,0.43548387096774194
base_macro_xsec_dispersion_correlation_regime__fold_11__seed999,base_macro_xsec_dispersion_correlation_regime,market_internal_dispersion_correlation,False,fold_11,999,checkpoint_robust_score,checkpoint,dow30_market_proxy_buy_hold,Market Proxy Buy and Hold,passive_buy_hold,False,62,8.197711946701048,2.451053536856603,-0.04786411499950016,10.655737704918034,5.717347352607272,1.2247854304167016,-0.048699019769914864,0.0,0.0,0.0006077848417941346,1.4191776148455153,2.4803645940937766,1.2262681064399015,-2.4803645940937766,-1.2262681064399015,True,True,0.46774193548387094
base_macro_xsec_dispersion_correlation_regime__fold_11__seed999,base_macro_xsec_dispersion_correlation_regime,market_internal_dispersion_correlation,False,fold_11,999,checkpoint_robust_score,checkpoint,dow30_trend_filter_overlay,Trend Filter Overlay,structured_trend_filter,False,62,8.197711946701048,2.451053536856603,-0.04786411499950016,10.655737704918034,5.518215688309258,1.3314018921606159,-0.05370350862846396,0.037091197659943564,0.004599308509833003,0.0006192647913086352,2.0481117582236132,2.67949625839179,1.1196516446959872,-2.67949625839179,-1.1196516446959872,True,True,0.4838709677419355
base_macro_xsec_dispersion_correlation_regime__fold_12__seed123,base_macro_xsec_dispersion_correlation_regime,market_internal_dispersion_correlation,False,fold_12,123,checkpoint_robust_score,checkpoint,dow30_equal_weight_rebalance_matched,Equal Weight Rebalance Matched,passive_rebalanced,True,63,-0.959334802553935,-0.25600135492354176,-0.0635702381457941,10.830645161290322,-0.351746227559091,-0.21408463407166145,-0.04399176990944553,0.003664931129901141,0.00046178132236754377,-2.7598911588229946e-05,-0.16799856785679104,-0.607588574994844,-0.04191672085188031,0.607588574994844,0.04191672085188031,False,False,0.5079365079365079
base_macro_xsec_dispersion_correlation_regime__fold_12__seed123,base_macro_xsec_dispersion_correlation_regime,market_internal_dispersion_correlation,False,fold_12,123,checkpoint_robust_score,checkpoint,dow30_equal_weight_vol_target,Equal Weight Vol Target,structured_risk_control,False,63,-0.959334802553935,-0.25600135492354176,-0.0635702381457941,10.830645161290322,-0.35174622755917984,-0.21408463407166145,-0.04399176990944598,0.003664931129901141,0.00046178132236754377,-2.7598911588229946e-05,-0.16799856785679104,-0.6075885749947552,-0.04191672085188031,0.6075885749947552,0.04191672085188031,False,False,0.5079365079365079
base_macro_xsec_dispersion_correlation_regime__fold_12__seed123,base_macro_xsec_dispersion_correlation_regime,market_internal_dispersion_correlation,False,fold_12,123,checkpoint_robust_score,checkpoint,dow30_market_proxy_buy_hold,Market Proxy Buy and Hold,passive_buy_hold,False,63,-0.959334802553935,-0.25600135492354176,-0.0635702381457941,10.830645161290322,-1.4071747139956847,-0.28822638652451393,-0.04548849729616222,0.0,0.0,8.537280246734816e-06,0.045342276919989585,0.4478399114417497,0.032225031600972176,-0.4478399114417497,-0.032225031600972176,True,True,0.42857142857142855
base_macro_xsec_dispersion_correlation_regime__fold_12__seed123,base_macro_xsec_dispersion_correlation_regime,market_internal_dispersion_correlation,False,fold_12,123,checkpoint_robust_score,checkpoint,dow30_trend_filter_overlay,Trend Filter Overlay,structured_trend_filter,False,63,-0.959334802553935,-0.25600135492354176,-0.0635702381457941,10.830645161290322,-1.8390758029476317,-1.5528790012536,-0.027743946109697215,0.05749376882447524,0.007244214871883882,0.00022986493555113562,0.5460728890138332,0.8797410003936967,1.2968776463300582,-0.8797410003936967,-1.2968776463300582,True,True,0.5238095238095238
base_macro_xsec_dispersion_correlation_regime__fold_12__seed42,base_macro_xsec_dispersion_correlation_regime,market_internal_dispersion_correlation,False,fold_12,42,checkpoint_robust_score,checkpoint,dow30_equal_weight_rebalance_matched,Equal Weight Rebalance Matched,passive_rebalanced,True,63,-0.9302854589199105,-0.2363876779113376,-0.055499271705374165,9.67741935483871,-0.351746227559091,-0.21408463407166145,-0.04399176990944553,0.003664931129901141,0.00046178132236754377,-2.1328079791008436e-05,-0.1264869576439264,-0.5785392313608195,-0.022303043839676157,0.5785392313608195,0.022303043839676157,False,False,0.47619047619047616
base_macro_xsec_dispersion_correlation_regime__fold_12__seed42,base_macro_xsec_dispersion_correlation_regime,market_internal_dispersion_correlation,False,fold_12,42,checkpoint_robust_score,checkpoint,dow30_equal_weight_vol_target,Equal Weight Vol Target,structured_risk_control,False,63,-0.9302854589199105,-0.2363876779113376,-0.055499271705374165,9.67741935483871,-0.35174622755917984,-0.21408463407166145,-0.04399176990944598,0.003664931129901141,0.00046178132236754377,-2.1328079791008436e-05,-0.1264869576439264,-0.5785392313607307,-0.022303043839676157,0.5785392313607307,0.022303043839676157,False,False,0.47619047619047616
base_macro_xsec_dispersion_correlation_regime__fold_12__seed42,base_macro_xsec_dispersion_correlation_regime,market_internal_dispersion_correlation,False,fold_12,42,checkpoint_robust_score,checkpoint,dow30_market_proxy_buy_hold,Market Proxy Buy and Hold,passive_buy_hold,False,63,-0.9302854589199105,-0.2363876779113376,-0.055499271705374165,9.67741935483871,-1.4071747139956847,-0.28822638652451393,-0.04548849729616222,0.0,0.0,1.4808112043956262e-05,0.060756392590344356,0.4768892550757742,0.051838708613176326,-0.4768892550757742,-0.051838708613176326,True,True,0.49206349206349204
base_macro_xsec_dispersion_correlation_regime__fold_12__seed42,base_macro_xsec_dispersion_correlation_regime,market_internal_dispersion_correlation,False,fold_12,42,checkpoint_robust_score,checkpoint,dow30_trend_filter_overlay,Trend Filter Overlay,structured_trend_filter,False,63,-0.9302854589199105,-0.2363876779113376,-0.055499271705374165,9.67741935483871,-1.8390758029476317,-1.5528790012536,-0.027743946109697215,0.05749376882447524,0.007244214871883882,0.0002361357673483571,0.5383641121905796,0.9087903440277212,1.3164913233422624,-0.9087903440277212,-1.3164913233422624,True,True,0.49206349206349204
base_macro_xsec_dispersion_correlation_regime__fold_12__seed999,base_macro_xsec_dispersion_correlation_regime,market_internal_dispersion_correlation,False,fold_12,999,checkpoint_robust_score,last_model,dow30_equal_weight_rebalance_matched,Equal Weight Rebalance Matched,passive_rebalanced,True,63,-1.6660551226757137,-0.5016561120867317,-0.05036027956547018,8.064516129032258,-0.351746227559091,-0.21408463407166145,-0.04399176990944553,0.003664931129901141,0.00046178132236754377,-0.00014216207946097172,-0.7087509524839987,-1.3143088951166226,-0.2875714780150702,1.3143088951166226,0.2875714780150702,False,False,0.5079365079365079
base_macro_xsec_dispersion_correlation_regime__fold_12__seed999,base_macro_xsec_dispersion_correlation_regime,market_internal_dispersion_correlation,False,fold_12,999,checkpoint_robust_score,last_model,dow30_equal_weight_vol_target,Equal Weight Vol Target,structured_risk_control,False,63,-1.6660551226757137,-0.5016561120867317,-0.05036027956547018,8.064516129032258,-0.35174622755917984,-0.21408463407166145,-0.04399176990944598,0.003664931129901141,0.00046178132236754377,-0.00014216207946097172,-0.7087509524839987,-1.3143088951165338,-0.2875714780150702,1.3143088951165338,0.2875714780150702,False,False,0.5079365079365079
base_macro_xsec_dispersion_correlation_regime__fold_12__seed999,base_macro_xsec_dispersion_correlation_regime,market_internal_dispersion_correlation,False,fold_12,999,checkpoint_robust_score,last_model,dow30_market_proxy_buy_hold,Market Proxy Buy and Hold,passive_buy_hold,False,63,-1.6660551226757137,-0.5016561120867317,-0.05036027956547018,8.064516129032258,-1.4071747139956847,-0.28822638652451393,-0.04548849729616222,0.0,0.0,-0.0001060258876260071,-0.5264023404804009,-0.25888040868002893,-0.21342972556221773,0.25888040868002893,0.21342972556221773,False,False,0.49206349206349204
base_macro_xsec_dispersion_correlation_regime__fold_12__seed999,base_macro_xsec_dispersion_correlation_regime,market_internal_dispersion_correlation,False,fold_12,999,checkpoint_robust_score,last_model,dow30_trend_filter_overlay,Trend Filter Overlay,structured_trend_filter,False,63,-1.6660551226757137,-0.5016561120867317,-0.05036027956547018,8.064516129032258,-1.8390758029476317,-1.5528790012536,-0.027743946109697215,0.05749376882447524,0.007244214871883882,0.00011530176767839371,0.26193075811798927,0.17302068027191808,1.0512228891668682,-0.17302068027191808,-1.0512228891668682,True,True,0.5873015873015873
base_macro_xsec_dispersion_correlation_regime__fold_13__seed123,base_macro_xsec_dispersion_correlation_regime,market_internal_dispersion_correlation,False,fold_13,123,checkpoint_robust_score,checkpoint,dow30_equal_weight_rebalance_matched,Equal Weight Rebalance Matched,passive_rebalanced,True,62,-4.77735937020034,-1.0255953603852024,-0.11361246951071913,16.39344262295082,-3.046155359535585,-0.5308881648519479,-0.09496867879714077,0.005569598465803378,0.0006906302097596189,-0.0003808026952255787,-2.2218888840786293,-1.7312040106647553,-0.4947071955332545,1.7312040106647553,0.4947071955332545,False,False,0.45161290322580644
base_macro_xsec_dispersion_correlation_regime__fold_13__seed123,base_macro_xsec_dispersion_correlation_regime,market_internal_dispersion_correlation,False,fold_13,123,checkpoint_robust_score,checkpoint,dow30_equal_weight_vol_target,Equal Weight Vol Target,structured_risk_control,False,62,-4.77735937020034,-1.0255953603852024,-0.11361246951071913,16.39344262295082,-4.300405425539388,-0.964620586578637,-0.08964534860722251,0.010770572468625624,0.0013355509861095777,-0.00016020524423003373,-0.7601974006772367,-0.4769539446609521,-0.06097477380656535,0.4769539446609521,0.06097477380656535,False,False,0.5161290322580645
base_macro_xsec_dispersion_correlation_regime__fold_13__seed123,base_macro_xsec_dispersion_correlation_regime,market_internal_dispersion_correlation,False,fold_13,123,checkpoint_robust_score,checkpoint,dow30_market_proxy_buy_hold,Market Proxy Buy and Hold,passive_buy_hold,False,62,-4.77735937020034,-1.0255953603852024,-0.11361246951071913,16.39344262295082,-5.302949918931521,-1.0064765826763502,-0.13181292872152395,0.0,0.0,0.00010207948667763464,0.37340778635121247,0.5255905487311807,-0.019118777708852175,-0.5255905487311807,0.019118777708852175,True,False,0.5
base_macro_xsec_dispersion_correlation_regime__fold_13__seed123,base_macro_xsec_dispersion_correlation_regime,market_internal_dispersion_correlation,False,fold_13,123,checkpoint_robust_score,checkpoint,dow30_trend_filter_overlay,Trend Filter Overlay,structured_trend_filter,False,62,-4.77735937020034,-1.0255953603852024,-0.11361246951071913,16.39344262295082,-4.718087715647368,-2.3013960688312034,-0.06194820424729519,0.04993988644269342,0.006192545918893984,-5.777986681012925e-05,-0.09166736332845427,-0.059271654552972564,1.275800708446001,0.059271654552972564,-1.275800708446001,False,True,0.3709677419354839
base_macro_xsec_dispersion_correlation_regime__fold_13__seed42,base_macro_xsec_dispersion_correlation_regime,market_internal_dispersion_correlation,False,fold_13,42,checkpoint_robust_score,checkpoint,dow30_equal_weight_rebalance_matched,Equal Weight Rebalance Matched,passive_rebalanced,True,62,-1.4934634297241178,-0.32614145010891704,-0.09430396217047121,10.655737704918034,-3.046155359535585,-0.5308881648519479,-0.09496867879714077,0.005569598465803378,0.0006906302097596189,0.00014850972202191633,0.5330821608191201,1.5526919298114672,0.20474671474303086,-1.5526919298114672,-0.20474671474303086,True,True,0.5483870967741935
base_macro_xsec_dispersion_correlation_regime__fold_13__seed42,base_macro_xsec_dispersion_correlation_regime,market_internal_dispersion_correlation,False,fold_13,42,checkpoint_robust_score,checkpoint,dow30_equal_weight_vol_target,Equal Weight Vol Target,structured_risk_control,False,62,-1.4934634297241178,-0.32614145010891704,-0.09430396217047121,10.655737704918034,-4.300405425539388,-0.964620586578637,-0.08964534860722251,0.010770572468625624,0.0013355509861095777,0.00036910717301746134,1.4800633648842805,2.8069419958152704,0.63847913646972,-2.8069419958152704,-0.63847913646972,True,True,0.5483870967741935
base_macro_xsec_dispersion_correlation_regime__fold_13__seed42,base_macro_xsec_dispersion_correlation_regime,market_internal_dispersion_correlation,False,fold_13,42,checkpoint_robust_score,checkpoint,dow30_market_proxy_buy_hold,Market Proxy Buy and Hold,passive_buy_hold,False,62,-1.4934634297241178,-0.32614145010891704,-0.09430396217047121,10.655737704918034,-5.302949918931521,-1.0064765826763502,-0.13181292872152395,0.0,0.0,0.0006313919039251299,1.6332281218792633,3.809486489207403,0.6803351325674332,-3.809486489207403,-0.6803351325674332,True,True,0.6451612903225806
base_macro_xsec_dispersion_correlation_regime__fold_13__seed42,base_macro_xsec_dispersion_correlation_regime,market_internal_dispersion_correlation,False,fold_13,42,checkpoint_robust_score,checkpoint,dow30_trend_filter_overlay,Trend Filter Overlay,structured_trend_filter,False,62,-1.4934634297241178,-0.32614145010891704,-0.09430396217047121,10.655737704918034,-4.718087715647368,-2.3013960688312034,-0.06194820424729519,0.04993988644269342,0.006192545918893984,0.0004715325504373658,0.8559694305068111,3.22462428592325,1.9752546187222864,-3.22462428592325,-1.9752546187222864,True,True,0.532258064516129
base_macro_xsec_dispersion_correlation_regime__fold_13__seed999,base_macro_xsec_dispersion_correlation_regime,market_internal_dispersion_correlation,False,fold_13,999,checkpoint_robust_score,checkpoint,dow30_equal_weight_rebalance_matched,Equal Weight Rebalance Matched,passive_rebalanced,True,62,-5.245663877256012,-1.2314986765391553,-0.11145352485044102,17.21311475409836,-3.046155359535585,-0.5308881648519479,-0.09496867879714077,0.005569598465803378,0.0006906302097596189,-0.0004684089120895857,-3.018054717198051,-2.199508517720427,-0.7006105116872074,2.199508517720427,0.7006105116872074,False,False,0.3548387096774194
base_macro_xsec_dispersion_correlation_regime__fold_13__seed999,base_macro_xsec_dispersion_correlation_regime,market_internal_dispersion_correlation,False,fold_13,999,checkpoint_robust_score,checkpoint,dow30_equal_weight_vol_target,Equal Weight Vol Target,structured_risk_control,False,62,-5.245663877256012,-1.2314986765391553,-0.11145352485044102,17.21311475409836,-4.300405425539388,-0.964620586578637,-0.08964534860722251,0.010770572468625624,0.0013355509861095777,-0.0002478114610940406,-1.3449247223360645,-0.945258451716624,-0.2668780899605183,0.945258451716624,0.2668780899605183,False,False,0.45161290322580644
base_macro_xsec_dispersion_correlation_regime__fold_13__seed999,base_macro_xsec_dispersion_correlation_regime,market_internal_dispersion_correlation,False,fold_13,999,checkpoint_robust_score,checkpoint,dow30_market_proxy_buy_hold,Market Proxy Buy and Hold,passive_buy_hold,False,62,-5.245663877256012,-1.2314986765391553,-0.11145352485044102,17.21311475409836,-5.302949918931521,-1.0064765826763502,-0.13181292872152395,0.0,0.0,1.447326981362777e-05,0.04501898392804232,0.05728604167550877,-0.22502209386280514,-0.05728604167550877,0.22502209386280514,True,False,0.532258064516129
base_macro_xsec_dispersion_correlation_regime__fold_13__seed999,base_macro_xsec_dispersion_correlation_regime,market_internal_dispersion_correlation,False,fold_13,999,checkpoint_robust_score,checkpoint,dow30_trend_filter_overlay,Trend Filter Overlay,structured_trend_filter,False,62,-5.245663877256012,-1.2314986765391553,-0.11145352485044102,17.21311475409836,-4.718087715647368,-2.3013960688312034,-0.06194820424729519,0.04993988644269342,0.006192545918893984,-0.0001453860836741362,-0.24861073954118745,-0.5275761616086445,1.069897392292048,0.5275761616086445,-1.069897392292048,False,True,0.3225806451612903
base_macro_xsec_dispersion_correlation_regime__fold_14__seed123,base_macro_xsec_dispersion_correlation_regime,market_internal_dispersion_correlation,False,fold_14,123,checkpoint_robust_score,checkpoint,dow30_equal_weight_rebalance_matched,Equal Weight Rebalance Matched,passive_rebalanced,True,64,-3.8488341079875643,-0.8950156248914415,-0.13243379025754065,8.73015873015873,-5.470057748183854,-1.047426736312697,-0.166542016330829,0.004734147387864755,0.0006059708656466888,0.0002533456249749135,0.904654914873882,1.6212236401962898,0.15241111142125552,-1.6212236401962898,-0.15241111142125552,True,True,0.53125
base_macro_xsec_dispersion_correlation_regime__fold_14__seed123,base_macro_xsec_dispersion_correlation_regime,market_internal_dispersion_correlation,False,fold_14,123,checkpoint_robust_score,checkpoint,dow30_equal_weight_vol_target,Equal Weight Vol Target,structured_risk_control,False,64,-3.8488341079875643,-0.8950156248914415,-0.13243379025754065,8.73015873015873,-4.329986090312232,-0.9996518325015702,-0.13757682401150262,0.014419826794338172,0.001845737829675286,8.450816508984719e-05,0.3396144629606728,0.48115198232466794,0.1046362076101287,-0.48115198232466794,-0.1046362076101287,True,True,0.46875
base_macro_xsec_dispersion_correlation_regime__fold_14__seed123,base_macro_xsec_dispersion_correlation_regime,market_internal_dispersion_correlation,False,fold_14,123,checkpoint_robust_score,checkpoint,dow30_market_proxy_buy_hold,Market Proxy Buy and Hold,passive_buy_hold,False,64,-3.8488341079875643,-0.8950156248914415,-0.13243379025754065,8.73015873015873,-3.9645591474144926,-0.5401831149505794,-0.17192110699829977,0.0,0.0,-9.558146967890858e-05,-0.23523096552382067,0.11572503942692824,-0.35483250994086213,-0.11572503942692824,0.35483250994086213,True,False,0.5
base_macro_xsec_dispersion_correlation_regime__fold_14__seed123,base_macro_xsec_dispersion_correlation_regime,market_internal_dispersion_correlation,False,fold_14,123,checkpoint_robust_score,checkpoint,dow30_trend_filter_overlay,Trend Filter Overlay,structured_trend_filter,False,64,-3.8488341079875643,-0.8950156248914415,-0.13243379025754065,8.73015873015873,3.839907230489259,1.289844925587516,-0.05532206671099604,0.017786531141699112,0.0022766759861374865,-0.001181065246842462,-2.1163885293848117,-7.688741338476824,-2.1848605504789576,7.688741338476824,2.1848605504789576,False,False,0.375
base_macro_xsec_dispersion_correlation_regime__fold_14__seed42,base_macro_xsec_dispersion_correlation_regime,market_internal_dispersion_correlation,False,fold_14,42,checkpoint_robust_score,checkpoint,dow30_equal_weight_rebalance_matched,Equal Weight Rebalance Matched,passive_rebalanced,True,64,-4.78112360029751,-0.9488288570998423,-0.1305092259703191,12.841269841269842,-5.470057748183854,-1.047426736312697,-0.166542016330829,0.004734147387864755,0.0006059708656466888,0.0001194358205744423,0.5239138394386663,0.6889341478863438,0.09859787921285468,-0.6889341478863438,-0.09859787921285468,True,True,0.578125
base_macro_xsec_dispersion_correlation_regime__fold_14__seed42,base_macro_xsec_dispersion_correlation_regime,market_internal_dispersion_correlation,False,fold_14,42,checkpoint_robust_score,checkpoint,dow30_equal_weight_vol_target,Equal Weight Vol Target,structured_risk_control,False,64,-4.78112360029751,-0.9488288570998423,-0.1305092259703191,12.841269841269842,-4.329986090312232,-0.9996518325015702,-0.13757682401150262,0.014419826794338172,0.001845737829675286,-4.940163931062421e-05,-0.20064684925246237,-0.45113750998527813,0.050822975401727866,0.45113750998527813,-0.050822975401727866,False,True,0.5
base_macro_xsec_dispersion_correlation_regime__fold_14__seed42,base_macro_xsec_dispersion_correlation_regime,market_internal_dispersion_correlation,False,fold_14,42,checkpoint_robust_score,checkpoint,dow30_market_proxy_buy_hold,Market Proxy Buy and Hold,passive_buy_hold,False,64,-4.78112360029751,-0.9488288570998423,-0.1305092259703191,12.841269841269842,-3.9645591474144926,-0.5401831149505794,-0.17192110699829977,0.0,0.0,-0.0002294912740793799,-0.787645898120807,-0.8165644528830178,-0.40864574214926297,0.8165644528830178,0.40864574214926297,False,False,0.484375
base_macro_xsec_dispersion_correlation_regime__fold_14__seed42,base_macro_xsec_dispersion_correlation_regime,market_internal_dispersion_correlation,False,fold_14,42,checkpoint_robust_score,checkpoint,dow30_trend_filter_overlay,Trend Filter Overlay,structured_trend_filter,False,64,-4.78112360029751,-0.9488288570998423,-0.1305092259703191,12.841269841269842,3.839907230489259,1.289844925587516,-0.05532206671099604,0.017786531141699112,0.0022766759861374865,-0.0013149750512429334,-2.181177189117357,-8.621030830786768,-2.2386737826873584,8.621030830786768,2.2386737826873584,False,False,0.453125
base_macro_xsec_dispersion_correlation_regime__fold_14__seed999,base_macro_xsec_dispersion_correlation_regime,market_internal_dispersion_correlation,False,fold_14,999,checkpoint_robust_score,last_model,dow30_equal_weight_rebalance_matched,Equal Weight Rebalance Matched,passive_rebalanced,True,64,-4.765348705372596,-1.024301377846073,-0.13826196971739346,9.523809523809524,-5.470057748183854,-1.047426736312697,-0.166542016330829,0.004734147387864755,0.0006059708656466888,0.00011336792452494186,0.4873298443454124,0.7047090428112579,0.023125358466624002,-0.7047090428112579,-0.023125358466624002,True,True,0.515625
base_macro_xsec_dispersion_correlation_regime__fold_14__seed999,base_macro_xsec_dispersion_correlation_regime,market_internal_dispersion_correlation,False,fold_14,999,checkpoint_robust_score,last_model,dow30_equal_weight_vol_target,Equal Weight Vol Target,structured_risk_control,False,64,-4.765348705372596,-1.024301377846073,-0.13826196971739346,9.523809523809524,-4.329986090312232,-0.9996518325015702,-0.13757682401150262,0.014419826794338172,0.001845737829675286,-5.5469535360124633e-05,-0.2483268432683094,-0.435362615060364,-0.02464954534450281,0.435362615060364,0.02464954534450281,False,False,0.484375
base_macro_xsec_dispersion_correlation_regime__fold_14__seed999,base_macro_xsec_dispersion_correlation_regime,market_internal_dispersion_correlation,False,fold_14,999,checkpoint_robust_score,last_model,dow30_market_proxy_buy_hold,Market Proxy Buy and Hold,passive_buy_hold,False,64,-4.765348705372596,-1.024301377846073,-0.13826196971739346,9.523809523809524,-3.9645591474144926,-0.5401831149505794,-0.17192110699829977,0.0,0.0,-0.00023555917012888026,-0.758678458665959,-0.8007895579581037,-0.48411826289549365,0.8007895579581037,0.48411826289549365,False,False,0.5
base_macro_xsec_dispersion_correlation_regime__fold_14__seed999,base_macro_xsec_dispersion_correlation_regime,market_internal_dispersion_correlation,False,fold_14,999,checkpoint_robust_score,last_model,dow30_trend_filter_overlay,Trend Filter Overlay,structured_trend_filter,False,64,-4.765348705372596,-1.024301377846073,-0.13826196971739346,9.523809523809524,3.839907230489259,1.289844925587516,-0.05532206671099604,0.017786531141699112,0.0022766759861374865,-0.001321042947292434,-2.3539065741288017,-8.605255935861855,-2.314146303433589,8.605255935861855,2.314146303433589,False,False,0.4375
