run_key,regime_label_exogenous,fold_id,seed,feature_set,feature_family,is_negative_control,selection_rule,selected_model_type,n_days,mean_daily_return,daily_volatility,volatility,sharpe,max_drawdown,turnover,hit_rate,excess_return_vs_benchmark,insufficient_days_for_sharpe
base__fold_01__seed123,bull_low_vol,fold_01,123,base,technical_base,False,checkpoint_robust_score,best_model,3,0.0022095716440448943,0.0026691443402654842,0.04237135282606822,,-0.0012203283738070336,0.0,0.6666666666666666,-0.0018290519712488567,True
base__fold_01__seed123,unknown,fold_01,123,base,technical_base,False,checkpoint_robust_score,best_model,59,0.0014873869861687645,0.011553869084972064,0.18341198567660089,2.0436042886282717,-0.06353920530439905,11.016949152542374,0.576271186440678,0.001138177696704766,False
base__fold_01__seed42,bull_low_vol,fold_01,42,base,technical_base,False,checkpoint_robust_score,checkpoint,3,0.005099809602299388,0.004553433784118735,0.07228352042506767,,-0.0005215928162669581,0.0,0.6666666666666666,0.0010611859870056368,True
base__fold_01__seed42,unknown,fold_01,42,base,technical_base,False,checkpoint_robust_score,checkpoint,59,0.0006464205465076571,0.010823767328560977,0.17182197960118972,0.9480625127124405,-0.08183670689578271,13.542372881355933,0.5423728813559322,0.0002972112570436587,False
base__fold_01__seed999,bull_low_vol,fold_01,999,base,technical_base,False,checkpoint_robust_score,checkpoint,3,0.0037498230469574048,0.004476137310472256,0.07105647694612262,,-0.002382553257316067,0.0,0.6666666666666666,-0.00028880056833634617,True
base__fold_01__seed999,unknown,fold_01,999,base,technical_base,False,checkpoint_robust_score,checkpoint,59,0.001194533370981312,0.009946448575086843,0.15789497614783526,1.9064723706310127,-0.048194871759243085,13.559322033898304,0.6101694915254238,0.0008453240815173136,False
base__fold_02__seed123,bear_high_vol,fold_02,123,base,technical_base,False,checkpoint_robust_score,checkpoint,4,0.0032318799393293574,0.007661167802783104,0.12161726855099536,,-0.009956800637341057,0.25,0.75,0.0003951685205415773,True
base__fold_02__seed123,bull_high_vol,fold_02,123,base,technical_base,False,checkpoint_robust_score,checkpoint,1,-0.003733739750291676,0.0,0.0,,0.0,,0.0,-0.0005789872369019069,True
base__fold_02__seed123,unknown,fold_02,123,base,technical_base,False,checkpoint_robust_score,checkpoint,59,-0.00043272322632288343,0.0054310153573402025,0.0862146960125686,-1.2648221019937202,-0.04875948647317796,14.542372881355933,0.4576271186440678,-0.0009220941901070802,False
base__fold_02__seed42,bear_high_vol,fold_02,42,base,technical_base,False,checkpoint_robust_score,checkpoint,4,0.0024601277136344635,0.008072216829603917,0.1281424695607333,,-0.011355004009343972,0.0,0.75,-0.0003765837051533166,True
base__fold_02__seed42,bull_high_vol,fold_02,42,base,technical_base,False,checkpoint_robust_score,checkpoint,1,-0.004063708823568102,0.0,0.0,,0.0,,0.0,-0.0009089563101783329,True
base__fold_02__seed42,unknown,fold_02,42,base,technical_base,False,checkpoint_robust_score,checkpoint,59,-0.00047656004799737886,0.005208511583849266,0.08268255810998582,-1.452460287157413,-0.046161302795990844,8.474576271186441,0.5254237288135594,-0.0009659310117815758,False
base__fold_02__seed999,bear_high_vol,fold_02,999,base,technical_base,False,checkpoint_robust_score,checkpoint,4,0.0033599064794547218,0.00834281903026583,0.1324381463238026,,-0.010570298819554624,28.25,0.75,0.0005231950606669417,True
base__fold_02__seed999,bull_high_vol,fold_02,999,base,technical_base,False,checkpoint_robust_score,checkpoint,1,-0.0035026350724852717,0.0,0.0,,0.0,,0.0,-0.00034788255909550285,True
base__fold_02__seed999,unknown,fold_02,999,base,technical_base,False,checkpoint_robust_score,checkpoint,59,-0.00017854896119779708,0.005143083753538776,0.08164392350304128,-0.5511045561176247,-0.0400691807596002,29.305084745762713,0.4576271186440678,-0.0006679199249819941,False
base__fold_03__seed123,bear_low_vol,fold_03,123,base,technical_base,False,checkpoint_robust_score,checkpoint,3,0.00030011025115232276,0.0030419438279231555,0.04828936122547517,,-0.003325941003098576,1.75,0.6666666666666666,8.89807532191123e-05,True
base__fold_03__seed123,unknown,fold_03,123,base,technical_base,False,checkpoint_robust_score,checkpoint,59,0.0006225982635294192,0.005432034804735615,0.08623087923826644,1.8194730680629418,-0.03965789965104827,12.90677966101695,0.5254237288135594,-0.00039160916988633114,False
base__fold_03__seed42,bear_low_vol,fold_03,42,base,technical_base,False,checkpoint_robust_score,checkpoint,3,-0.0003837640874528869,0.003052795005930863,0.0484616183361181,,-0.005029386282594639,0.0,0.3333333333333333,-0.0005948935853860973,True
base__fold_03__seed42,unknown,fold_03,42,base,technical_base,False,checkpoint_robust_score,checkpoint,59,0.0006571095675742883,0.005164892724653365,0.08199013018655764,2.0196529832546792,-0.037599051175479126,7.627118644067797,0.5254237288135594,-0.0003570978658414622,False
base__fold_03__seed999,bear_low_vol,fold_03,999,base,technical_base,False,checkpoint_robust_score,best_model,3,0.0006705117530808972,0.002567881136166921,0.040763849296029976,,-0.00277409509900739,0.0,0.6666666666666666,0.0004593822551476868,True
base__fold_03__seed999,unknown,fold_03,999,base,technical_base,False,checkpoint_robust_score,best_model,59,0.00047710201989725943,0.004358765318374161,0.06919325433426783,1.7375929224731643,-0.027303328354185807,9.322033898305085,0.423728813559322,-0.000537105413518491,False
base__fold_04__seed123,bull_low_vol,fold_04,123,base,technical_base,False,checkpoint_robust_score,checkpoint,5,0.0030173569338578067,0.0015230787050002294,0.024178124883653496,,0.0,0.0,1.0,0.0002973667835861855,True
base__fold_04__seed123,unknown,fold_04,123,base,technical_base,False,checkpoint_robust_score,checkpoint,59,0.0014709136708891816,0.004859525931553833,0.07714258262736558,4.805001757000836,-0.01798802878582806,11.864406779661017,0.6610169491525424,0.0006326435863406744,False
base__fold_04__seed42,bull_low_vol,fold_04,42,base,technical_base,False,checkpoint_robust_score,checkpoint,5,0.0023141023254997562,0.0022520952744181483,0.03575090414960511,,0.0,0.0,0.8,-0.00040588782477186497,True
base__fold_04__seed42,unknown,fold_04,42,base,technical_base,False,checkpoint_robust_score,checkpoint,59,0.00032248633209680804,0.003820655800274527,0.06065103055621717,1.3399039545267089,-0.015607824612897114,11.016949152542374,0.4915254237288136,-0.000515783752451699,False
base__fold_04__seed999,bull_low_vol,fold_04,999,base,technical_base,False,checkpoint_robust_score,best_model,5,0.002781083047409272,0.0018701714614874382,0.02968805157687583,,0.0,0.0,1.0,6.109289713765074e-05,True
base__fold_04__seed999,unknown,fold_04,999,base,technical_base,False,checkpoint_robust_score,best_model,59,0.0010689455006346533,0.0042537260171490905,0.06752580712069059,3.9892046855282035,-0.01420158700517149,15.35593220338983,0.559322033898305,0.00023067541608614634,False
base__fold_05__seed123,bear_high_vol,fold_05,123,base,technical_base,False,checkpoint_robust_score,checkpoint,1,0.01470951418257549,0.0,0.0,,0.0,,1.0,-0.000610426928885131,True
base__fold_05__seed123,bear_low_vol,fold_05,123,base,technical_base,False,checkpoint_robust_score,checkpoint,1,-0.017257336714387006,0.0,0.0,,0.0,1.5,0.0,0.00533088491190499,True
base__fold_05__seed123,unknown,fold_05,123,base,technical_base,False,checkpoint_robust_score,checkpoint,59,-0.0009547224254323995,0.01300411706202998,0.2064339585966194,-1.1654577223851417,-0.12408027225315932,15.491525423728813,0.5423728813559322,-0.000903082869658055,False
base__fold_05__seed42,bear_high_vol,fold_05,42,base,technical_base,False,checkpoint_robust_score,checkpoint,1,0.012776979682681322,0.0,0.0,,0.0,,1.0,-0.0025429614287792984,True
base__fold_05__seed42,bear_low_vol,fold_05,42,base,technical_base,False,checkpoint_robust_score,checkpoint,1,-0.019814189671472193,0.0,0.0,,0.0,1.0,0.0,0.002774031954819803,True
base__fold_05__seed42,unknown,fold_05,42,base,technical_base,False,checkpoint_robust_score,checkpoint,59,-0.000675604453924973,0.013528527681509521,0.21475871910076455,-0.7927609323708577,-0.10485503641514848,12.847457627118644,0.5084745762711864,-0.0006239648981506287,False
base__fold_05__seed999,bear_high_vol,fold_05,999,base,technical_base,False,checkpoint_robust_score,checkpoint,1,0.01573805416947227,0.0,0.0,,0.0,,1.0,0.0004181130580116505,True
base__fold_05__seed999,bear_low_vol,fold_05,999,base,technical_base,False,checkpoint_robust_score,checkpoint,1,-0.016733364262612294,0.0,0.0,,0.0,0.0,0.0,0.0058548573636797024,True
base__fold_05__seed999,unknown,fold_05,999,base,technical_base,False,checkpoint_robust_score,checkpoint,59,-0.0008369597995352963,0.012713758010601674,0.20182465155064394,-1.0450352217254788,-0.11600832900524538,17.76271186440678,0.559322033898305,-0.000785320243760952,False
base__fold_06__seed123,bull_low_vol,fold_06,123,base,technical_base,False,checkpoint_robust_score,checkpoint,5,0.004491815999906512,0.0038184650718869465,0.06061625382119541,,0.0,0.0,1.0,0.0020446227421863886,True
base__fold_06__seed123,unknown,fold_06,123,base,technical_base,False,checkpoint_robust_score,checkpoint,59,0.001007653802973793,0.005513134508835265,0.08751829712895805,2.901436233102574,-0.023676916137288173,19.033898305084747,0.5423728813559322,-0.0006707939359984708,False
base__fold_06__seed42,bull_low_vol,fold_06,42,base,technical_base,False,checkpoint_robust_score,checkpoint,5,0.0040680011139656806,0.0030164485111325405,0.04788463561852651,,0.0,0.0,1.0,0.0016208078562455568,True
base__fold_06__seed42,unknown,fold_06,42,base,technical_base,False,checkpoint_robust_score,checkpoint,59,0.0011780723751962383,0.005093529742057486,0.08085727795797049,3.6715833880008546,-0.020667841611363924,11.016949152542374,0.576271186440678,-0.0005003753637760255,False
base__fold_06__seed999,bull_low_vol,fold_06,999,base,technical_base,False,checkpoint_robust_score,checkpoint,5,0.0014689125705596995,0.003991901833657247,0.06336947706023884,,-0.004837174512853593,0.0,0.8,-0.0009782806871604238,True
base__fold_06__seed999,unknown,fold_06,999,base,technical_base,False,checkpoint_robust_score,checkpoint,59,0.001311750404464166,0.004127986225587782,0.06552974981043268,5.044443216725708,-0.014202997373559567,9.322033898305085,0.576271186440678,-0.0003666973345080979,False
base__fold_07__seed123,bull_high_vol,fold_07,123,base,technical_base,False,checkpoint_robust_score,checkpoint,3,0.0032286716795819626,0.0058127426656924466,0.09227442917182124,,-0.0024103475701138244,0.0,0.6666666666666666,-0.0010193090830937603,True
base__fold_07__seed123,unknown,fold_07,123,base,technical_base,False,checkpoint_robust_score,checkpoint,59,0.0012196339846268364,0.007607040850662199,0.12075802982376849,2.545153846700705,-0.04871447467001677,10.864406779661017,0.5932203389830508,-0.0012357668093342486,False
base__fold_07__seed42,bull_high_vol,fold_07,42,base,technical_base,False,checkpoint_robust_score,checkpoint,3,0.002328703589230763,0.0018178514525936914,0.028857497184122578,,0.0,0.0,1.0,-0.0019192771734449603,True
base__fold_07__seed42,unknown,fold_07,42,base,technical_base,False,checkpoint_robust_score,checkpoint,59,0.0013114602664824036,0.006034086344409958,0.09578815114079754,3.4501969525206357,-0.022861779035203256,10.169491525423728,0.6271186440677966,-0.0011439405274786814,False
base__fold_07__seed999,bull_high_vol,fold_07,999,base,technical_base,False,checkpoint_robust_score,best_model,3,0.004493194956037653,0.0068032427740629215,0.10799813093380607,,-0.0034378586802524813,0.0,0.6666666666666666,0.00024521419336193025,True
base__fold_07__seed999,unknown,fold_07,999,base,technical_base,False,checkpoint_robust_score,best_model,59,0.0009957944427968076,0.006492824460352102,0.10307039297093291,2.4346487129001604,-0.03115469353300493,8.966101694915254,0.6271186440677966,-0.0014596063511642774,False
base__fold_08__seed123,bear_low_vol,fold_08,123,base,technical_base,False,checkpoint_robust_score,checkpoint,1,0.007826776574615835,0.0,0.0,,0.0,,1.0,0.0017747255232290655,True
base__fold_08__seed123,bull_low_vol,fold_08,123,base,technical_base,False,checkpoint_robust_score,checkpoint,4,-0.009142381078623113,0.008965113801097498,0.14231676955858177,,-0.03460032520568357,0.0,0.25,-0.0017999353575112818,True
base__fold_08__seed123,unknown,fold_08,123,base,technical_base,False,checkpoint_robust_score,checkpoint,59,0.00030640641996852524,0.009272471254816755,0.14719591787544098,0.5245690162237256,-0.07014506218568684,15.254237288135593,0.576271186440678,0.0002749069733414311,False
base__fold_08__seed42,bear_low_vol,fold_08,42,base,technical_base,False,checkpoint_robust_score,checkpoint,1,0.002577872307196305,0.0,0.0,,0.0,,1.0,-0.003474178744190464,True
base__fold_08__seed42,bull_low_vol,fold_08,42,base,technical_base,False,checkpoint_robust_score,checkpoint,4,-0.007131828270834667,0.008466783669813252,0.13440602396945206,,-0.030050404904031436,0.0,0.25,0.00021061745027716426,True
base__fold_08__seed42,unknown,fold_08,42,base,technical_base,False,checkpoint_robust_score,checkpoint,59,-0.00034258147760737737,0.009285051975296763,0.14739563062166566,-0.5857061840499999,-0.06998482614434476,10.169491525423728,0.5084745762711864,-0.00037408092423447145,False
base__fold_08__seed999,bear_low_vol,fold_08,999,base,technical_base,False,checkpoint_robust_score,best_model,1,0.004491351014537237,0.0,0.0,,0.0,,1.0,-0.001560700036849532,True
base__fold_08__seed999,bull_low_vol,fold_08,999,base,technical_base,False,checkpoint_robust_score,best_model,4,-0.006078047907875139,0.007681449869989562,0.12193923638641088,,-0.026497441648081654,0.0,0.25,0.001264397813236692,True
base__fold_08__seed999,unknown,fold_08,999,base,technical_base,False,checkpoint_robust_score,best_model,59,-0.0003328356905189878,0.008284241921367834,0.13150826354781114,-0.6377895331291595,-0.050403574309667465,23.52542372881356,0.5084745762711864,-0.0003643351371460819,False
base__fold_09__seed123,bear_high_vol,fold_09,123,base,technical_base,False,checkpoint_robust_score,best_model,4,-0.011444461890700447,0.025483858964690832,0.40454371960089536,,-0.038838016075146475,0.0,0.25,0.0005331159907981465,True
base__fold_09__seed123,unknown,fold_09,123,base,technical_base,False,checkpoint_robust_score,best_model,59,-0.0022330557909973655,0.038485388737643164,0.610936606256699,-0.9210940277081584,-0.3336319001035817,11.779661016949152,0.4576271186440678,0.00021409401067326223,False
base__fold_09__seed42,bear_high_vol,fold_09,42,base,technical_base,False,checkpoint_robust_score,best_model,4,-0.014930764989754208,0.02628463494451515,0.4172556441918307,,-0.04246131313959989,0.0,0.25,-0.002953187108255615,True
base__fold_09__seed42,unknown,fold_09,42,base,technical_base,False,checkpoint_robust_score,best_model,59,-0.0025366573603518372,0.03889528413275262,0.61744349393076,-1.0352974176457141,-0.32788112871085706,11.864406779661017,0.4576271186440678,-8.950755868120996e-05,False
base__fold_09__seed999,bear_high_vol,fold_09,999,base,technical_base,False,checkpoint_robust_score,best_model,4,-0.011290652025697318,0.02296429663845107,0.3645469076331485,,-0.03478098001978769,20.333333333333332,0.25,0.0006869258558012759,True
base__fold_09__seed999,unknown,fold_09,999,base,technical_base,False,checkpoint_robust_score,best_model,59,-0.0022467928860280336,0.036202830467476764,0.5747021170414546,-0.9851917897811115,-0.2949880949066893,19.449152542372882,0.423728813559322,0.00020035691564259381,False
base__fold_10__seed123,bear_high_vol,fold_10,123,base,technical_base,False,checkpoint_robust_score,checkpoint,5,0.003599360246454042,0.008036236709981853,0.12757130286875928,,-0.00795049216258592,0.0,0.6,0.0003354044604605085,True
base__fold_10__seed123,unknown,fold_10,123,base,technical_base,False,checkpoint_robust_score,checkpoint,59,0.0013663992384091242,0.012872697250589581,0.20434773376610962,1.685032673145337,-0.09234773879131986,9.322033898305085,0.559322033898305,0.0004471518792132471,False
base__fold_10__seed42,bear_high_vol,fold_10,42,base,technical_base,False,checkpoint_robust_score,checkpoint,5,0.0028990378090448577,0.010731078762109176,0.17035059422392643,,-0.013317808426139832,0.0,0.6,-0.0003649179769486758,True
base__fold_10__seed42,unknown,fold_10,42,base,technical_base,False,checkpoint_robust_score,checkpoint,59,0.0007442486402684334,0.011605107354706917,0.1842253679925669,1.0180501165030242,-0.0986440406935053,16.10169491525424,0.576271186440678,-0.00017499871892744356,False
base__fold_10__seed999,bear_high_vol,fold_10,999,base,technical_base,False,checkpoint_robust_score,checkpoint,5,0.0035154064185647592,0.010100596709025243,0.16034200191262937,,-0.0108145282485409,0.0,0.6,0.0002514506325712259,True
base__fold_10__seed999,unknown,fold_10,999,base,technical_base,False,checkpoint_robust_score,checkpoint,59,0.0007464329595940843,0.011446912997981703,0.18171411043231436,1.035148593415226,-0.09815688966040659,12.711864406779661,0.576271186440678,-0.00017281439960179266,False
base__fold_11__seed123,bull_low_vol,fold_11,123,base,technical_base,False,checkpoint_robust_score,checkpoint,3,-0.001958639383364306,0.0023221904764789865,0.03686363098611591,,-0.0009463588050026006,0.0,0.3333333333333333,-0.001451373497393398,True
base__fold_11__seed123,unknown,fold_11,123,base,technical_base,False,checkpoint_robust_score,checkpoint,59,0.0014464579178527154,0.00932141924273612,0.14797294309471076,2.4633381459851056,-0.04513821888475367,10.169491525423728,0.559322033898305,3.5914990009679686e-05,False
base__fold_11__seed42,bull_low_vol,fold_11,42,base,technical_base,False,checkpoint_robust_score,last_model,3,-0.0026169847279948386,0.0036792282231605388,0.05840593737079704,,-0.007820142364473592,0.0,0.3333333333333333,-0.00210971884202393,True
base__fold_11__seed42,unknown,fold_11,42,base,technical_base,False,checkpoint_robust_score,last_model,59,0.0017520455753398092,0.009093899453395506,0.14436117840906434,3.0584087069069636,-0.0534368176217247,11.864406779661017,0.6610169491525424,0.0003415026474967734,False
base__fold_11__seed999,bull_low_vol,fold_11,999,base,technical_base,False,checkpoint_robust_score,best_model,3,-0.0009297491030342275,0.0032736094665232855,0.051966939227804626,,-0.005329297559591328,0.0,0.6666666666666666,-0.0004224832170633193,True
base__fold_11__seed999,unknown,fold_11,999,base,technical_base,False,checkpoint_robust_score,best_model,59,0.001477819784091284,0.00959871226235123,0.15237483331588517,2.444042611806943,-0.05308874884376924,8.474576271186441,0.559322033898305,6.727685624824826e-05,False
base__fold_12__seed123,bear_high_vol,fold_12,123,base,technical_base,False,checkpoint_robust_score,checkpoint,4,-0.005787809094099178,0.012472006639562487,0.1979869675093724,,-0.017119748164917237,0.5,0.25,-0.0033128072171135048,True
base__fold_12__seed123,unknown,fold_12,123,base,technical_base,False,checkpoint_robust_score,checkpoint,59,0.0004105428894285295,0.006982580748148715,0.110845033014173,0.9333463604342209,-0.04035749563537583,11.364406779661017,0.576271186440678,0.0003373943388956753,False
base__fold_12__seed42,bear_high_vol,fold_12,42,base,technical_base,False,checkpoint_robust_score,best_model,4,-0.004441715318541789,0.014048670412142188,0.2230157289698371,,-0.015415875395660805,0.0,0.5,-0.001966713441556116,True
base__fold_12__seed42,unknown,fold_12,42,base,technical_base,False,checkpoint_robust_score,best_model,59,0.00048787660656501863,0.006098505949112134,0.09681078066239181,1.2699505572951675,-0.025888350936446036,11.864406779661017,0.5254237288135594,0.00041472805603216454,False
base__fold_12__seed999,bear_high_vol,fold_12,999,base,technical_base,False,checkpoint_robust_score,checkpoint,4,-0.0038498440338088358,0.011675737241888967,0.1853465826922404,,-0.013227936924145145,0.0,0.25,-0.0013748421568231628,True
base__fold_12__seed999,unknown,fold_12,999,base,technical_base,False,checkpoint_robust_score,checkpoint,59,0.0005895078596693578,0.007282381917505743,0.11560422903548333,1.2850393266415945,-0.05635585729642889,10.169491525423728,0.5254237288135594,0.0005163593091365037,False
base__fold_13__seed123,bull_high_vol,fold_13,123,base,technical_base,False,checkpoint_robust_score,best_model,1,0.007174506529871172,0.0,0.0,,0.0,,1.0,0.003213554650663951,True
base__fold_13__seed123,bull_low_vol,fold_13,123,base,technical_base,False,checkpoint_robust_score,best_model,2,-0.007318843456177948,0.009205456112700183,0.14613208547474438,,-0.01652429956887813,0.75,0.5,0.0012976510438642238,True
base__fold_13__seed123,unknown,fold_13,123,base,technical_base,False,checkpoint_robust_score,best_model,59,-0.00019437592441619043,0.010515912877141959,0.1669349416904361,-0.293424087592839,-0.088378411785896,16.35593220338983,0.4745762711864407,-6.81592932907682e-05,False
base__fold_13__seed42,bull_high_vol,fold_13,42,base,technical_base,False,checkpoint_robust_score,checkpoint,1,0.006322407219937931,0.0,0.0,,0.0,,1.0,0.0023614553407307103,True
base__fold_13__seed42,bull_low_vol,fold_13,42,base,technical_base,False,checkpoint_robust_score,checkpoint,2,-0.009638641743846765,0.005871393015425164,0.09320547461001964,,-0.015510034759271929,0.0,0.0,-0.0010221472438045934,True
base__fold_13__seed42,unknown,fold_13,42,base,technical_base,False,checkpoint_robust_score,checkpoint,59,-0.0003902981548847772,0.012402495915430443,0.19688351897233994,-0.49956002180549053,-0.11883493053274496,13.491525423728813,0.4067796610169492,-0.0002640815237593549,False
base__fold_13__seed999,bull_high_vol,fold_13,999,base,technical_base,False,checkpoint_robust_score,best_model,1,0.004816405980376581,0.0,0.0,,0.0,,1.0,0.0008554541011693605,True
base__fold_13__seed999,bull_low_vol,fold_13,999,base,technical_base,False,checkpoint_robust_score,best_model,2,-0.011873398141549585,0.004170397650754609,0.06620301031286818,,-0.016043795792304194,0.0,0.0,-0.003256903641507413,True
base__fold_13__seed999,unknown,fold_13,999,base,technical_base,False,checkpoint_robust_score,best_model,59,0.00013851018566355926,0.012613048139761803,0.20022593191377352,0.17432590500938933,-0.08695605023845043,10.169491525423728,0.4576271186440678,0.00026472681678898157,False
base__fold_14__seed123,bear_high_vol,fold_14,123,base,technical_base,False,checkpoint_robust_score,checkpoint,5,0.001811950515481775,0.013948630765257116,0.2214276488084094,,-0.02479624784952561,0.0,0.4,0.0009594434402584971,True
base__fold_14__seed123,unknown,fold_14,123,base,technical_base,False,checkpoint_robust_score,checkpoint,59,-0.0010842657446278872,0.010264250217162426,0.16293992081491498,-1.6769062258020724,-0.11915320149745323,6.796610169491525,0.4576271186440678,-0.00013662649183123117,False
base__fold_14__seed42,bear_high_vol,fold_14,42,base,technical_base,False,checkpoint_robust_score,checkpoint,5,0.00262298307859381,0.014117168376064866,0.2241031004369592,,-0.021945905091074525,1.375,0.4,0.0017704760033705324,True
base__fold_14__seed42,unknown,fold_14,42,base,technical_base,False,checkpoint_robust_score,checkpoint,59,-0.0009704052474155531,0.009944049209670514,0.1578568874026594,-1.549138123602706,-0.10967269222517761,11.940677966101696,0.4915254237288136,-2.2765994618897287e-05,False
base__fold_14__seed999,bear_high_vol,fold_14,999,base,technical_base,False,checkpoint_robust_score,best_model,5,0.0025186361090080212,0.018927032598991377,0.30045732788006213,,-0.03250329901721405,0.0,0.4,0.0016661290337847434,True
base__fold_14__seed999,unknown,fold_14,999,base,technical_base,False,checkpoint_robust_score,best_model,59,-0.0006412348603252977,0.010999880774762785,0.17461769388829695,-0.925399833222772,-0.1349656188946866,12.711864406779661,0.4745762711864407,0.0003064043924713581,False
base_macro__fold_01__seed123,bull_low_vol,fold_01,123,base_macro,macro_context,False,checkpoint_robust_score,checkpoint,3,0.003640852435934964,0.004348107661007223,0.06902406926855911,,-0.00132528838538426,0.0,0.6666666666666666,-0.000397771179358787,True
base_macro__fold_01__seed123,unknown,fold_01,123,base_macro,macro_context,False,checkpoint_robust_score,checkpoint,59,0.0008121224784822931,0.010335176428215275,0.1640658395102065,1.2473947360919477,-0.06566845380361241,12.711864406779661,0.559322033898305,0.00046291318901829474,False
base_macro__fold_01__seed42,bull_low_vol,fold_01,42,base_macro,macro_context,False,checkpoint_robust_score,best_model,3,0.004401724551107655,0.004667384091742499,0.07409242547981838,,-0.0021989229857031223,0.0,0.6666666666666666,0.00036310093581390417,True
base_macro__fold_01__seed42,unknown,fold_01,42,base_macro,macro_context,False,checkpoint_robust_score,best_model,59,0.0016917690476588921,0.008186809092596297,0.12996156534103298,3.2803990848472515,-0.05027744244238719,9.322033898305085,0.6101694915254238,0.0013425597581948935,False
base_macro__fold_01__seed999,bull_low_vol,fold_01,999,base_macro,macro_context,False,checkpoint_robust_score,checkpoint,3,0.00207671025321939,0.0032424988983753562,0.05147307426901254,,-0.002467129459559514,0.0,0.6666666666666666,-0.001961913362074361,True
base_macro__fold_01__seed999,unknown,fold_01,999,base_macro,macro_context,False,checkpoint_robust_score,checkpoint,59,0.0011976564088543146,0.009630628824061639,0.1528814930258251,1.974139636249529,-0.0547980898720456,8.474576271186441,0.5084745762711864,0.0008484471193903162,False
base_macro__fold_02__seed123,bear_high_vol,fold_02,123,base_macro,macro_context,False,checkpoint_robust_score,checkpoint,4,0.0023168567412934493,0.007869246684063183,0.12492041838870509,,-0.011098838433862612,0.5,0.75,-0.0005198546774943308,True
base_macro__fold_02__seed123,bull_high_vol,fold_02,123,base_macro,macro_context,False,checkpoint_robust_score,checkpoint,1,-0.0014065408874700536,0.0,0.0,,0.0,,0.0,0.0017482116259197153,True
base_macro__fold_02__seed123,unknown,fold_02,123,base_macro,macro_context,False,checkpoint_robust_score,checkpoint,59,0.0002254235296469511,0.0056570503194462215,0.08980288979659921,0.6325712858427739,-0.029021198127727965,14.254237288135593,0.5084745762711864,-0.00026394743413724574,False
base_macro__fold_02__seed42,bear_high_vol,fold_02,42,base_macro,macro_context,False,checkpoint_robust_score,checkpoint,4,0.003239013634643989,0.008117930478728745,0.12886815124336667,,-0.010596442012875795,0.0,0.75,0.000402302215856209,True
base_macro__fold_02__seed42,bull_high_vol,fold_02,42,base_macro,macro_context,False,checkpoint_robust_score,checkpoint,1,-0.0035774845264366917,0.0,0.0,,0.0,,0.0,-0.0004227320130469228,True
base_macro__fold_02__seed42,unknown,fold_02,42,base_macro,macro_context,False,checkpoint_robust_score,checkpoint,59,0.00032801250969840585,0.005357650917321842,0.08505007163238403,0.9718880990633362,-0.02650631792822622,15.457627118644067,0.559322033898305,-0.00016135845408579103,False
base_macro__fold_02__seed999,bear_high_vol,fold_02,999,base_macro,macro_context,False,checkpoint_robust_score,checkpoint,4,0.0027312548486915222,0.009433380146650851,0.149750267344633,,-0.013528129444904335,0.0,0.75,-0.00010545657009625783,True
base_macro__fold_02__seed999,bull_high_vol,fold_02,999,base_macro,macro_context,False,checkpoint_robust_score,checkpoint,1,-0.0038633147573855497,0.0,0.0,,0.0,,0.0,-0.0007085622439957809,True
base_macro__fold_02__seed999,unknown,fold_02,999,base_macro,macro_context,False,checkpoint_robust_score,checkpoint,59,-0.00010648467068292625,0.005696586092001917,0.09043050072903831,-0.2967376802711948,-0.02961307523488821,13.559322033898304,0.5084745762711864,-0.000595855634467123,False
base_macro__fold_03__seed123,bear_low_vol,fold_03,123,base_macro,macro_context,False,checkpoint_robust_score,checkpoint,3,0.0004193923694214933,0.0032781992903436947,0.052039800422147044,,-0.003495920312253653,0.0,0.3333333333333333,0.00020826287148828295,True
base_macro__fold_03__seed123,unknown,fold_03,123,base_macro,macro_context,False,checkpoint_robust_score,checkpoint,59,0.0008291570534457575,0.005364781006890833,0.08516325829533503,2.4534944018197153,-0.03705858601303713,12.711864406779661,0.4406779661016949,-0.0001850503799699929,False
base_macro__fold_03__seed42,bear_low_vol,fold_03,42,base_macro,macro_context,False,checkpoint_robust_score,best_model,3,0.0006238617442276458,0.003844059893917,0.061022559024850286,,-0.0038584801824947945,0.0,0.6666666666666666,0.0004127322462944354,True
base_macro__fold_03__seed42,unknown,fold_03,42,base_macro,macro_context,False,checkpoint_robust_score,best_model,59,0.0006023630795282778,0.005577695238229282,0.08854316693558309,1.7143671419790107,-0.04165951645238708,9.322033898305085,0.4067796610169492,-0.0004118443538874725,False
base_macro__fold_03__seed999,bear_low_vol,fold_03,999,base_macro,macro_context,False,checkpoint_robust_score,best_model,3,0.0006893677721064861,0.0031846137738835204,0.05055417640492007,,-0.0028264056825977324,0.0,0.3333333333333333,0.0004782382741732758,True
base_macro__fold_03__seed999,unknown,fold_03,999,base_macro,macro_context,False,checkpoint_robust_score,best_model,59,0.0006478660199394538,0.005367022942521383,0.08519884792013811,1.9162493509041068,-0.043174259575350926,8.474576271186441,0.4576271186440678,-0.0003663414134762966,False
base_macro__fold_04__seed123,bull_low_vol,fold_04,123,base_macro,macro_context,False,checkpoint_robust_score,checkpoint,5,0.0025422824002484965,0.0020633397108387936,0.03275450247074023,,0.0,0.0,0.8,-0.00017770775002312435,True
base_macro__fold_04__seed123,unknown,fold_04,123,base_macro,macro_context,False,checkpoint_robust_score,checkpoint,59,0.0010488004899080637,0.0042804253063011295,0.0679496451963616,3.8896115306130263,-0.01410616837165668,11.864406779661017,0.6779661016949152,0.00021053040535955664,False
base_macro__fold_04__seed42,bull_low_vol,fold_04,42,base_macro,macro_context,False,checkpoint_robust_score,checkpoint,5,0.0032767014921172067,0.0026373816789318403,0.041867136208869886,,0.0,0.75,1.0,0.0005567113418455856,True
base_macro__fold_04__seed42,unknown,fold_04,42,base_macro,macro_context,False,checkpoint_robust_score,checkpoint,59,0.00040058117933857096,0.004232445028462598,0.06718798189838236,1.502448121540473,-0.01867107846836058,13.88135593220339,0.5084745762711864,-0.0004376889052099361,False
base_macro__fold_04__seed999,bull_low_vol,fold_04,999,base_macro,macro_context,False,checkpoint_robust_score,checkpoint,5,0.0024499729922804027,0.0017846900467368384,0.028331076185987496,,0.0,0.0,1.0,-0.0002700171579912185,True
base_macro__fold_04__seed999,unknown,fold_04,999,base_macro,macro_context,False,checkpoint_robust_score,checkpoint,59,0.001121904247770122,0.004156128689191631,0.0659764975702915,4.285160335115704,-0.018682795534742058,13.559322033898304,0.6440677966101694,0.00028363416322161494,False
base_macro__fold_05__seed123,bear_high_vol,fold_05,123,base_macro,macro_context,False,checkpoint_robust_score,checkpoint,1,0.01848448557503013,0.0,0.0,,0.0,,1.0,0.003164544463569509,True
base_macro__fold_05__seed123,bear_low_vol,fold_05,123,base_macro,macro_context,False,checkpoint_robust_score,checkpoint,1,-0.018981876191873748,0.0,0.0,,0.0,0.0,0.0,0.0036063454344182483,True
base_macro__fold_05__seed123,unknown,fold_05,123,base_macro,macro_context,False,checkpoint_robust_score,checkpoint,59,-0.00013399529645197195,0.014233841246581065,0.22595522483776262,-0.14944029167788325,-0.10145425575114353,15.508474576271187,0.5423728813559322,-8.235574067762734e-05,False
base_macro__fold_05__seed42,bear_high_vol,fold_05,42,base_macro,macro_context,False,checkpoint_robust_score,checkpoint,1,0.01517856361093095,0.0,0.0,,0.0,,1.0,-0.00014137750052966962,True
base_macro__fold_05__seed42,bear_low_vol,fold_05,42,base_macro,macro_context,False,checkpoint_robust_score,checkpoint,1,-0.020777212014227553,0.0,0.0,,0.0,0.0,0.0,0.001811009612064443,True
base_macro__fold_05__seed42,unknown,fold_05,42,base_macro,macro_context,False,checkpoint_robust_score,checkpoint,59,-0.0006220333391406517,0.013730952006374274,0.21797210563817823,-0.719139731226181,-0.10909089223949064,11.864406779661017,0.5423728813559322,-0.0005703937833663071,False
base_macro__fold_05__seed999,bear_high_vol,fold_05,999,base_macro,macro_context,False,checkpoint_robust_score,checkpoint,1,0.01617592903263887,0.0,0.0,,0.0,,1.0,0.000855987921178249,True
base_macro__fold_05__seed999,bear_low_vol,fold_05,999,base_macro,macro_context,False,checkpoint_robust_score,checkpoint,1,-0.023133784805816293,0.0,0.0,,0.0,0.0,0.0,-0.0005455631795242971,True
base_macro__fold_05__seed999,unknown,fold_05,999,base_macro,macro_context,False,checkpoint_robust_score,checkpoint,59,-0.0002227626654166725,0.013767176981637628,0.21854715929295604,-0.25686077030977356,-0.09143352116969095,14.40677966101695,0.5423728813559322,-0.00017112310964232795,False
base_macro__fold_06__seed123,bull_low_vol,fold_06,123,base_macro,macro_context,False,checkpoint_robust_score,checkpoint,5,0.002308743965541238,0.0019311574298876565,0.030656173811984357,,0.0,0.0,1.0,-0.00013844929217888554,True
base_macro__fold_06__seed123,unknown,fold_06,123,base_macro,macro_context,False,checkpoint_robust_score,checkpoint,59,0.0010962481860690887,0.003934113558986322,0.062452116639390265,4.4234616495795285,-0.011721371859370833,11.016949152542374,0.5932203389830508,-0.000582199552903175,False
base_macro__fold_06__seed42,bull_low_vol,fold_06,42,base_macro,macro_context,False,checkpoint_robust_score,checkpoint,5,0.001394751560740537,0.0034455409422230877,0.054696266791280757,,-0.003114574043873608,0.0,0.4,-0.0010524416969795866,True
base_macro__fold_06__seed42,unknown,fold_06,42,base_macro,macro_context,False,checkpoint_robust_score,checkpoint,59,0.0010682372403908909,0.004583730118229071,0.0727644598192249,3.6995503745549843,-0.02085264382185492,10.169491525423728,0.6101694915254238,-0.0006102104985813729,False
base_macro__fold_06__seed999,bull_low_vol,fold_06,999,base_macro,macro_context,False,checkpoint_robust_score,best_model,5,0.002373934848148207,0.0029922078714704242,0.04749982739352398,,-0.0015526762397003457,0.0,0.6,-7.32584095719164e-05,True
base_macro__fold_06__seed999,unknown,fold_06,999,base_macro,macro_context,False,checkpoint_robust_score,best_model,59,0.0013145973308025343,0.00403476180132622,0.06404985795415306,5.172197690108354,-0.011498703592509929,23.89830508474576,0.5932203389830508,-0.0003638504081697294,False
base_macro__fold_07__seed123,bull_high_vol,fold_07,123,base_macro,macro_context,False,checkpoint_robust_score,checkpoint,3,0.0022994087463521864,0.004255454887489892,0.06755325208651561,,-0.0030782422519549657,0.0,0.6666666666666666,-0.0019485720163235365,True
base_macro__fold_07__seed123,unknown,fold_07,123,base_macro,macro_context,False,checkpoint_robust_score,checkpoint,59,0.0012935006183506608,0.006983283680460505,0.11085619171868605,2.940405499870893,-0.03300055757603415,10.169491525423728,0.576271186440678,-0.0011619001756104242,False
base_macro__fold_07__seed42,bull_high_vol,fold_07,42,base_macro,macro_context,False,checkpoint_robust_score,checkpoint,3,0.005110731691727636,0.0051835447500548195,0.08228622191051709,,-0.0006043902759317321,1.25,0.6666666666666666,0.0008627509290519133,True
base_macro__fold_07__seed42,unknown,fold_07,42,base_macro,macro_context,False,checkpoint_robust_score,checkpoint,59,0.001558425250643041,0.006837028321082563,0.10853445986573956,3.618419105304038,-0.020471791468343548,8.73728813559322,0.559322033898305,-0.0008969755433180441,False
base_macro__fold_07__seed999,bull_high_vol,fold_07,999,base_macro,macro_context,False,checkpoint_robust_score,best_model,3,0.004725042461578122,0.006813961029021932,0.10816827795646683,,-0.001997217312706745,0.0,0.6666666666666666,0.00047706169890239877,True
base_macro__fold_07__seed999,unknown,fold_07,999,base_macro,macro_context,False,checkpoint_robust_score,best_model,59,0.0013641663666011845,0.007447893467273762,0.11823164343425374,2.9075965993373183,-0.03195027066199618,13.728813559322035,0.6440677966101694,-0.0010912344273599005,False
base_macro__fold_08__seed123,bear_low_vol,fold_08,123,base_macro,macro_context,False,checkpoint_robust_score,best_model,1,0.004711531359218535,0.0,0.0,,0.0,,1.0,-0.0013405196921682343,True
base_macro__fold_08__seed123,bull_low_vol,fold_08,123,base_macro,macro_context,False,checkpoint_robust_score,best_model,4,-0.006439816500764001,0.006965234473724755,0.11056966944437732,,-0.025510799425546682,0.0,0.25,0.0009026292203478304,True
base_macro__fold_08__seed123,unknown,fold_08,123,base_macro,macro_context,False,checkpoint_robust_score,best_model,59,-0.00038015944649745525,0.00883079747609132,0.14018456400068693,-0.6833860860521653,-0.058691716311097375,16.271186440677965,0.5084745762711864,-0.00041165889312454933,False
base_macro__fold_08__seed42,bear_low_vol,fold_08,42,base_macro,macro_context,False,checkpoint_robust_score,best_model,1,0.0030356000880373823,0.0,0.0,,0.0,,1.0,-0.0030164509633493868,True
base_macro__fold_08__seed42,bull_low_vol,fold_08,42,base_macro,macro_context,False,checkpoint_robust_score,best_model,4,-0.008917510965016195,0.009272833139862411,0.14720166262244497,,-0.035263052939926376,0.0,0.25,-0.0015750652439043642,True
base_macro__fold_08__seed42,unknown,fold_08,42,base_macro,macro_context,False,checkpoint_robust_score,best_model,59,-3.3591429545116474e-05,0.010264562629814355,0.16294488021201559,-0.05195032967194226,-0.06983005593805092,12.898305084745763,0.576271186440678,-6.509087617221052e-05,False
base_macro__fold_08__seed999,bear_low_vol,fold_08,999,base_macro,macro_context,False,checkpoint_robust_score,checkpoint,1,0.006825710009896735,0.0,0.0,,0.0,,1.0,0.0007736589585099658,True
base_macro__fold_08__seed999,bull_low_vol,fold_08,999,base_macro,macro_context,False,checkpoint_robust_score,checkpoint,4,-0.007629907047524975,0.007949989987061269,0.1262021785873063,,-0.03046929486222205,0.0,0.25,-0.00028746132641314416,True
base_macro__fold_08__seed999,unknown,fold_08,999,base_macro,macro_context,False,checkpoint_robust_score,checkpoint,59,-0.00012993850929638178,0.009681557183260376,0.15368995566454768,-0.21305559105084398,-0.06886591962979027,9.322033898305085,0.5254237288135594,-0.00016143795592347583,False
base_macro__fold_09__seed123,bear_high_vol,fold_09,123,base_macro,macro_context,False,checkpoint_robust_score,checkpoint,4,-0.012391740531185719,0.025954998603678163,0.4120228295061667,,-0.040932731239433084,0.0,0.25,-0.0004141626496871253,True
base_macro__fold_09__seed123,unknown,fold_09,123,base_macro,macro_context,False,checkpoint_robust_score,checkpoint,59,-0.002650782371727377,0.03868595686280321,0.6141205265372988,-1.0877297351413773,-0.34146707316881897,11.864406779661017,0.4576271186440678,-0.00020363257005674953,False
base_macro__fold_09__seed42,bear_high_vol,fold_09,42,base_macro,macro_context,False,checkpoint_robust_score,checkpoint,4,-0.013359448212705433,0.024495238920492875,0.3888498629324065,,-0.036953048429055335,1.3333333333333333,0.25,-0.0013818703312068392,True
base_macro__fold_09__seed42,unknown,fold_09,42,base_macro,macro_context,False,checkpoint_robust_score,checkpoint,59,-0.0020005312689878397,0.03615223866952069,0.5738989971468262,-0.8784365930089928,-0.2935573319342156,23.88135593220339,0.4576271186440678,0.0004466185326827876,False
base_macro__fold_09__seed999,bear_high_vol,fold_09,999,base_macro,macro_context,False,checkpoint_robust_score,checkpoint,4,-0.012194788221338598,0.026852373738178746,0.42626821813789684,,-0.04243751720056055,0.5,0.25,-0.0002172103398400049,True
base_macro__fold_09__seed999,unknown,fold_09,999,base_macro,macro_context,False,checkpoint_robust_score,checkpoint,59,-0.002246222572494061,0.037007817436018435,0.5874808890059088,-0.9635174502890258,-0.3067443494462224,15.440677966101696,0.4576271186440678,0.00020092722917656672,False
base_macro__fold_10__seed123,bear_high_vol,fold_10,123,base_macro,macro_context,False,checkpoint_robust_score,checkpoint,5,0.0035707577937455605,0.008400261153120156,0.13335001175491562,,-0.006120525879859784,0.0,0.6,0.0003068020077520269,True
base_macro__fold_10__seed123,unknown,fold_10,123,base_macro,macro_context,False,checkpoint_robust_score,checkpoint,59,0.0010197983223013628,0.010538258785672676,0.16728967199118855,1.5361927258335444,-0.08970411366434661,17.796610169491526,0.6101694915254238,0.00010055096310548579,False
base_macro__fold_10__seed42,bear_high_vol,fold_10,42,base_macro,macro_context,False,checkpoint_robust_score,checkpoint,5,0.004684050982256882,0.009954828103195241,0.15802799703270864,,-0.00693868318055435,0.0,0.6,0.0014200951962633486,True
base_macro__fold_10__seed42,unknown,fold_10,42,base_macro,macro_context,False,checkpoint_robust_score,checkpoint,59,0.0007155607895072329,0.011685239417106603,0.18549742504748057,0.9720960757793109,-0.10228396444290688,11.864406779661017,0.6101694915254238,-0.00020368656968864417,False
base_macro__fold_10__seed999,bear_high_vol,fold_10,999,base_macro,macro_context,False,checkpoint_robust_score,checkpoint,5,0.002809432311958604,0.009642120314334193,0.15306391477855327,,-0.011893828929334549,0.5,0.6,-0.00045452347403492944,True
base_macro__fold_10__seed999,unknown,fold_10,999,base_macro,macro_context,False,checkpoint_robust_score,checkpoint,59,0.001214169892231723,0.011784875702291194,0.187079102040421,1.6355157230564696,-0.09376060487915172,13.686440677966102,0.5423728813559322,0.000294922533035846,False
base_macro__fold_11__seed123,bull_low_vol,fold_11,123,base_macro,macro_context,False,checkpoint_robust_score,checkpoint,3,0.0022595340272113518,0.004014777343014562,0.06373261451347914,,-0.003164265665824173,0.0,0.6666666666666666,0.0027667999131822593,True
base_macro__fold_11__seed123,unknown,fold_11,123,base_macro,macro_context,False,checkpoint_robust_score,checkpoint,59,0.0018118771342251559,0.011300743146131954,0.17939373596929684,2.5452005632063153,-0.05312084615636581,11.864406779661017,0.576271186440678,0.0004013342063821198,False
base_macro__fold_11__seed42,bull_low_vol,fold_11,42,base_macro,macro_context,False,checkpoint_robust_score,best_model,3,0.0010761008178427807,0.004678893632704396,0.07427513377835653,,0.0,0.0,0.6666666666666666,0.0015833667038136889,True
base_macro__fold_11__seed42,unknown,fold_11,42,base_macro,macro_context,False,checkpoint_robust_score,best_model,59,0.001252915566059042,0.009155141571099246,0.14533336688830661,2.172486122127281,-0.03972712443012938,14.0,0.5254237288135594,-0.00015762736178399407,False
base_macro__fold_11__seed999,bull_low_vol,fold_11,999,base_macro,macro_context,False,checkpoint_robust_score,checkpoint,3,-0.0016256874265345351,0.003752257889794248,0.059565247388253514,,-0.006895398484060178,0.0,0.6666666666666666,-0.0011184215405636271,True
base_macro__fold_11__seed999,unknown,fold_11,999,base_macro,macro_context,False,checkpoint_robust_score,checkpoint,59,0.0018745637441672659,0.010164619445209518,0.1613583313418143,2.9275839654629356,-0.059099504096957856,12.711864406779661,0.6101694915254238,0.00046402081632423005,False
base_macro__fold_12__seed123,bear_high_vol,fold_12,123,base_macro,macro_context,False,checkpoint_robust_score,checkpoint,4,-0.003106194819511826,0.01300971895694511,0.2065228859215163,,-0.013010560536940274,0.0,0.5,-0.0006311929425261531,True
base_macro__fold_12__seed123,unknown,fold_12,123,base_macro,macro_context,False,checkpoint_robust_score,checkpoint,59,0.0003325563250091494,0.007991931847742374,0.12686798498461946,0.6605621892116081,-0.05260710996864193,16.271186440677965,0.4576271186440678,0.00025940777447629523,False
base_macro__fold_12__seed42,bear_high_vol,fold_12,42,base_macro,macro_context,False,checkpoint_robust_score,checkpoint,4,-0.004077447857768812,0.013386152061409739,0.21249857619950874,,-0.013147588968752455,0.0,0.25,-0.0016024459807831393,True
base_macro__fold_12__seed42,unknown,fold_12,42,base_macro,macro_context,False,checkpoint_robust_score,checkpoint,59,0.0001781401022482286,0.007273211710287871,0.11545865650886682,0.3888084888906197,-0.04379436133227632,8.474576271186441,0.5254237288135594,0.00010499155171537443,False
base_macro__fold_12__seed999,bear_high_vol,fold_12,999,base_macro,macro_context,False,checkpoint_robust_score,checkpoint,4,-0.003391109343281268,0.013201276867645573,0.20956377348179958,,-0.01165007242056637,0.0,0.5,-0.0009161074662955948,True
base_macro__fold_12__seed999,unknown,fold_12,999,base_macro,macro_context,False,checkpoint_robust_score,checkpoint,59,2.9400765754560093e-05,0.006004477641297272,0.09531812755032167,0.07772910736457433,-0.038670536664902055,10.169491525423728,0.5084745762711864,-4.374778477829402e-05,False
base_macro__fold_13__seed123,bull_high_vol,fold_13,123,base_macro,macro_context,False,checkpoint_robust_score,checkpoint,1,0.0014657398638209251,0.0,0.0,,0.0,,1.0,-0.0024952120153862957,True
base_macro__fold_13__seed123,bull_low_vol,fold_13,123,base_macro,macro_context,False,checkpoint_robust_score,checkpoint,2,-0.006034810147100111,0.009718110469974783,0.15427022110203786,,-0.015752920617074895,0.0,0.5,0.0025816843529420604,True
base_macro__fold_13__seed123,unknown,fold_13,123,base_macro,macro_context,False,checkpoint_robust_score,checkpoint,59,0.0006212425117936218,0.011582494129507404,0.18386639417125283,0.8514503897116699,-0.07623250130573289,10.169491525423728,0.5254237288135594,0.0007474591429190438,False
base_macro__fold_13__seed42,bull_high_vol,fold_13,42,base_macro,macro_context,False,checkpoint_robust_score,checkpoint,1,0.0034665339888337865,0.0,0.0,,0.0,,1.0,-0.0004944178903734343,True
base_macro__fold_13__seed42,bull_low_vol,fold_13,42,base_macro,macro_context,False,checkpoint_robust_score,checkpoint,2,-0.010827015983936372,0.004275277649463838,0.06786792867740454,,-0.01510229363340021,0.0,0.0,-0.0022105214838942003,True
base_macro__fold_13__seed42,unknown,fold_13,42,base_macro,macro_context,False,checkpoint_robust_score,checkpoint,59,-0.0012360549929609419,0.010601873099466239,0.1682995179159193,-1.8507828310106775,-0.13551482031953033,14.610169491525424,0.4067796610169492,-0.0011098383618355196,False
base_macro__fold_13__seed999,bull_high_vol,fold_13,999,base_macro,macro_context,False,checkpoint_robust_score,checkpoint,1,0.003283597510541636,0.0,0.0,,0.0,,1.0,-0.0006773543686655848,True
base_macro__fold_13__seed999,bull_low_vol,fold_13,999,base_macro,macro_context,False,checkpoint_robust_score,checkpoint,2,-0.0043591041648696205,0.009172753092925978,0.1456129411300841,,-0.013531857257795599,0.0,0.5,0.004257390335172551,True
base_macro__fold_13__seed999,unknown,fold_13,999,base_macro,macro_context,False,checkpoint_robust_score,checkpoint,59,2.4714917190328462e-05,0.010437125248602066,0.16568422686140555,0.0375905374334312,-0.09360983529752198,8.474576271186441,0.5084745762711864,0.00015093154831575067,False
base_macro__fold_14__seed123,bear_high_vol,fold_14,123,base_macro,macro_context,False,checkpoint_robust_score,checkpoint,5,0.0030221709269896866,0.0186548701110725,0.2961368823246583,,-0.031029786810704896,1.375,0.4,0.0021696638517664088,True
base_macro__fold_14__seed123,unknown,fold_14,123,base_macro,macro_context,False,checkpoint_robust_score,checkpoint,59,-0.0008730809592987729,0.011186783838619544,0.177584688045743,-1.2389379071162827,-0.1453450921428936,17.364406779661017,0.4745762711864407,7.4558293497883e-05,False
base_macro__fold_14__seed42,bear_high_vol,fold_14,42,base_macro,macro_context,False,checkpoint_robust_score,checkpoint,5,0.0027879828062692845,0.016380565756285194,0.26003341995402773,,-0.025748062086440204,0.0,0.4,0.0019354757310460068,True
base_macro__fold_14__seed42,unknown,fold_14,42,base_macro,macro_context,False,checkpoint_robust_score,checkpoint,59,-0.0008128685555906841,0.010688035622056124,0.16966730555856022,-1.2073208526209043,-0.12341513122130865,11.40677966101695,0.4915254237288136,0.0001347706972059719,False
base_macro__fold_14__seed999,bear_high_vol,fold_14,999,base_macro,macro_context,False,checkpoint_robust_score,checkpoint,5,0.0018606055056631155,0.01887981082553664,0.2997077054658901,,-0.035377922126231365,0.0,0.4,0.0010080984304398377,True
base_macro__fold_14__seed999,unknown,fold_14,999,base_macro,macro_context,False,checkpoint_robust_score,checkpoint,59,-0.0015273364077014674,0.01026340424457951,0.16292649141649274,-2.362346180750126,-0.1331220326635285,8.474576271186441,0.4576271186440678,-0.0005796971549048115,False
base_macro_exogenous_plus__fold_01__seed123,bull_low_vol,fold_01,123,base_macro_exogenous_plus,calendar_exogenous,False,checkpoint_robust_score,best_model,3,0.0021784778104931104,0.005081316885391664,0.08066340486875782,,-0.003990453116152981,0.0,0.6666666666666666,-0.0018601458048006405,True
base_macro_exogenous_plus__fold_01__seed123,unknown,fold_01,123,base_macro_exogenous_plus,calendar_exogenous,False,checkpoint_robust_score,best_model,59,0.0009454622930465612,0.011141829827043027,0.1768710652353459,1.3470631701726206,-0.06206341671967275,14.813559322033898,0.5423728813559322,0.0005962530035825627,False
base_macro_exogenous_plus__fold_01__seed42,bull_low_vol,fold_01,42,base_macro_exogenous_plus,calendar_exogenous,False,checkpoint_robust_score,checkpoint,3,0.0031416617775762434,0.005686311504321962,0.09026739670608898,,-0.004738399548139927,0.0,0.6666666666666666,-0.0008969618377175076,True
base_macro_exogenous_plus__fold_01__seed42,unknown,fold_01,42,base_macro_exogenous_plus,calendar_exogenous,False,checkpoint_robust_score,checkpoint,59,0.001479952602262432,0.012229432032456338,0.19413621500067996,1.9210638044469275,-0.05860695210904843,10.169491525423728,0.576271186440678,0.0011307433127984339,False
base_macro_exogenous_plus__fold_01__seed999,bull_low_vol,fold_01,999,base_macro_exogenous_plus,calendar_exogenous,False,checkpoint_robust_score,checkpoint,3,0.0038210873758416364,0.004665559938937453,0.07406346795176519,,-0.0024277222915284336,0.0,0.6666666666666666,-0.00021753623945211468,True
base_macro_exogenous_plus__fold_01__seed999,unknown,fold_01,999,base_macro_exogenous_plus,calendar_exogenous,False,checkpoint_robust_score,checkpoint,59,0.001432814541309673,0.010341834940178195,0.1641715401107403,2.1993413972146567,-0.05061070476567919,11.813559322033898,0.5423728813559322,0.0010836052518456744,False
base_macro_exogenous_plus__fold_02__seed123,bear_high_vol,fold_02,123,base_macro_exogenous_plus,calendar_exogenous,False,checkpoint_robust_score,checkpoint,4,0.004545056718420176,0.008227532803218056,0.1306080342056466,,-0.009377568536020564,0.0,0.75,0.0017083452996323962,True
base_macro_exogenous_plus__fold_02__seed123,bull_high_vol,fold_02,123,base_macro_exogenous_plus,calendar_exogenous,False,checkpoint_robust_score,checkpoint,1,-0.0026914439800846957,0.0,0.0,,0.0,,0.0,0.00046330853330507323,True
base_macro_exogenous_plus__fold_02__seed123,unknown,fold_02,123,base_macro_exogenous_plus,calendar_exogenous,False,checkpoint_robust_score,checkpoint,59,0.00020176381498681232,0.005697065955833297,0.09043811833120435,0.5622018935696228,-0.030243781492768518,16.661016949152543,0.5254237288135594,-0.00028760714879738457,False
base_macro_exogenous_plus__fold_02__seed42,bear_high_vol,fold_02,42,base_macro_exogenous_plus,calendar_exogenous,False,checkpoint_robust_score,checkpoint,4,6.1232294653323915e-06,3.8554980260996084e-05,0.0006120413374415989,,-6.081625207676744e-05,0.0,0.5,-0.0028305881893224477,True
base_macro_exogenous_plus__fold_02__seed42,bull_high_vol,fold_02,42,base_macro_exogenous_plus,calendar_exogenous,False,checkpoint_robust_score,checkpoint,1,-1.1622664895738488e-05,0.0,0.0,,0.0,,0.0,0.0031431298484940304,True
base_macro_exogenous_plus__fold_02__seed42,unknown,fold_02,42,base_macro_exogenous_plus,calendar_exogenous,False,checkpoint_robust_score,checkpoint,59,-1.549828788585719e-06,3.0369813776108555e-05,0.00048210584768956007,-0.8101060308546403,-0.00018478862362170112,0.0,0.5423728813559322,-0.0004909207925727826,False
base_macro_exogenous_plus__fold_02__seed999,bear_high_vol,fold_02,999,base_macro_exogenous_plus,calendar_exogenous,False,checkpoint_robust_score,checkpoint,4,0.005541231160818727,0.007078446432795556,0.1123668535792159,,-0.005944082044261556,0.0,0.75,0.002704519742030947,True
base_macro_exogenous_plus__fold_02__seed999,bull_high_vol,fold_02,999,base_macro_exogenous_plus,calendar_exogenous,False,checkpoint_robust_score,checkpoint,1,-0.004822676458421715,0.0,0.0,,0.0,,0.0,-0.0016679239450319463,True
base_macro_exogenous_plus__fold_02__seed999,unknown,fold_02,999,base_macro_exogenous_plus,calendar_exogenous,False,checkpoint_robust_score,checkpoint,59,-0.0002842928315765746,0.005752585514955255,0.09131946400922424,-0.7845183317114106,-0.032308700616834996,9.610169491525424,0.5423728813559322,-0.0007736637953607714,False
base_macro_exogenous_plus__fold_03__seed123,bear_low_vol,fold_03,123,base_macro_exogenous_plus,calendar_exogenous,False,checkpoint_robust_score,checkpoint,3,0.000551242010780495,0.0032695286478791018,0.051902158240136234,,-0.003257463986004794,1.25,0.6666666666666666,0.0003401125128472846,True
base_macro_exogenous_plus__fold_03__seed123,unknown,fold_03,123,base_macro_exogenous_plus,calendar_exogenous,False,checkpoint_robust_score,checkpoint,59,0.0007646916459017869,0.004915600373841979,0.07803273680257206,2.4695057826153115,-0.02786524045400718,18.8135593220339,0.5254237288135594,-0.0002495157875139635,False
base_macro_exogenous_plus__fold_03__seed42,bear_low_vol,fold_03,42,base_macro_exogenous_plus,calendar_exogenous,False,checkpoint_robust_score,checkpoint,3,6.752997736806747e-05,0.004287685016421043,0.06806488952176785,,-0.005710567409221046,0.75,0.3333333333333333,-0.00014359952056514297,True
base_macro_exogenous_plus__fold_03__seed42,unknown,fold_03,42,base_macro_exogenous_plus,calendar_exogenous,False,checkpoint_robust_score,checkpoint,59,0.0006741541929942084,0.005696543285355136,0.09042982119458726,1.8786596544183949,-0.03804234112620919,16.661016949152543,0.5084745762711864,-0.000340053240421542,False
base_macro_exogenous_plus__fold_03__seed999,bear_low_vol,fold_03,999,base_macro_exogenous_plus,calendar_exogenous,False,checkpoint_robust_score,best_model,3,0.0007633879516352193,0.002687730859239888,0.042666404667736156,,-0.0020915078904181206,0.0,0.6666666666666666,0.0005522584537020089,True
base_macro_exogenous_plus__fold_03__seed999,unknown,fold_03,999,base_macro_exogenous_plus,calendar_exogenous,False,checkpoint_robust_score,best_model,59,0.0006145418279340918,0.0047344405960301926,0.07515691448462583,2.0605494744075794,-0.035117151444682304,10.169491525423728,0.4915254237288136,-0.0003996656054816585,False
base_macro_exogenous_plus__fold_04__seed123,bull_low_vol,fold_04,123,base_macro_exogenous_plus,calendar_exogenous,False,checkpoint_robust_score,checkpoint,5,0.0027049418630952005,0.0026545325555051647,0.042139397933948566,,0.0,0.0,0.8,-1.5048287176420592e-05,True
base_macro_exogenous_plus__fold_04__seed123,unknown,fold_04,123,base_macro_exogenous_plus,calendar_exogenous,False,checkpoint_robust_score,checkpoint,59,0.0009564624567608144,0.003961171409834235,0.062881646705523,3.83305068699092,-0.01696387915673514,17.661016949152543,0.6440677966101694,0.00011819237221230736,False
base_macro_exogenous_plus__fold_04__seed42,bull_low_vol,fold_04,42,base_macro_exogenous_plus,calendar_exogenous,False,checkpoint_robust_score,checkpoint,5,0.003753611699948989,0.0017141639528300287,0.02721150915347826,,0.0,0.0,1.0,0.0010336215496773678,True
base_macro_exogenous_plus__fold_04__seed42,unknown,fold_04,42,base_macro_exogenous_plus,calendar_exogenous,False,checkpoint_robust_score,checkpoint,59,0.0011665065214267458,0.004580305360940926,0.07271009348271378,4.042900088822282,-0.014431279119801022,13.559322033898304,0.6271186440677966,0.00032823643687823875,False
base_macro_exogenous_plus__fold_04__seed999,bull_low_vol,fold_04,999,base_macro_exogenous_plus,calendar_exogenous,False,checkpoint_robust_score,best_model,5,0.00326528149034262,0.0014235757850386544,0.02259856499799494,,0.0,0.0,1.0,0.0005452913400709986,True
base_macro_exogenous_plus__fold_04__seed999,unknown,fold_04,999,base_macro_exogenous_plus,calendar_exogenous,False,checkpoint_robust_score,best_model,59,0.0006463295906005385,0.004883984238399572,0.07753084621178678,2.1007774942429855,-0.018565698477425174,11.864406779661017,0.6440677966101694,-0.00019194049394796853,False
base_macro_exogenous_plus__fold_05__seed123,bear_high_vol,fold_05,123,base_macro_exogenous_plus,calendar_exogenous,False,checkpoint_robust_score,checkpoint,1,0.015132637971134288,0.0,0.0,,0.0,,1.0,-0.00018730314032633193,True
base_macro_exogenous_plus__fold_05__seed123,bear_low_vol,fold_05,123,base_macro_exogenous_plus,calendar_exogenous,False,checkpoint_robust_score,checkpoint,1,-0.019721736565172954,0.0,0.0,,0.0,0.0,0.0,0.0028664850611190423,True
base_macro_exogenous_plus__fold_05__seed123,unknown,fold_05,123,base_macro_exogenous_plus,calendar_exogenous,False,checkpoint_robust_score,checkpoint,59,-0.00018349717993712872,0.014808391440239802,0.23507592640663272,-0.19670788945086864,-0.09280142687618231,8.474576271186441,0.5932203389830508,-0.00013185762416278424,False
base_macro_exogenous_plus__fold_05__seed42,bear_high_vol,fold_05,42,base_macro_exogenous_plus,calendar_exogenous,False,checkpoint_robust_score,best_model,1,0.02061801037736899,0.0,0.0,,0.0,,1.0,0.005298069265908369,True
base_macro_exogenous_plus__fold_05__seed42,bear_low_vol,fold_05,42,base_macro_exogenous_plus,calendar_exogenous,False,checkpoint_robust_score,best_model,1,-0.021381665577286713,0.0,0.0,,0.0,4.5,0.0,0.0012065560490052835,True
base_macro_exogenous_plus__fold_05__seed42,unknown,fold_05,42,base_macro_exogenous_plus,calendar_exogenous,False,checkpoint_robust_score,best_model,59,-0.00031953280439599987,0.014608720058851221,0.23190624149208722,-0.3472190579680428,-0.0981649653673431,11.703389830508474,0.4915254237288136,-0.0002678932486216553,False
base_macro_exogenous_plus__fold_05__seed999,bear_high_vol,fold_05,999,base_macro_exogenous_plus,calendar_exogenous,False,checkpoint_robust_score,checkpoint,1,0.017042200913186978,0.0,0.0,,0.0,,1.0,0.0017222598017263575,True
base_macro_exogenous_plus__fold_05__seed999,bear_low_vol,fold_05,999,base_macro_exogenous_plus,calendar_exogenous,False,checkpoint_robust_score,checkpoint,1,-0.023335790839687953,0.0,0.0,,0.0,0.0,0.0,-0.0007475692133959572,True
base_macro_exogenous_plus__fold_05__seed999,unknown,fold_05,999,base_macro_exogenous_plus,calendar_exogenous,False,checkpoint_robust_score,checkpoint,59,-0.00014586458547334802,0.014824687942088445,0.2353346253534236,-0.15619408102008375,-0.08707091068335515,13.559322033898304,0.559322033898305,-9.422502969900359e-05,False
base_macro_exogenous_plus__fold_06__seed123,bull_low_vol,fold_06,123,base_macro_exogenous_plus,calendar_exogenous,False,checkpoint_robust_score,checkpoint,5,0.0007897525865119715,0.0034542183760533844,0.05483401678287986,,-0.0052137189590307775,0.0,0.4,-0.0016574406712081518,True
base_macro_exogenous_plus__fold_06__seed123,unknown,fold_06,123,base_macro_exogenous_plus,calendar_exogenous,False,checkpoint_robust_score,checkpoint,59,0.0012953863964413168,0.00426172316483034,0.06765275790446525,4.825189423381455,-0.01866702202332038,13.745762711864407,0.6271186440677966,-0.000383061342530947,False
base_macro_exogenous_plus__fold_06__seed42,bull_low_vol,fold_06,42,base_macro_exogenous_plus,calendar_exogenous,False,checkpoint_robust_score,best_model,5,0.0039732871850376664,0.0016247095815081377,0.025791465032246146,,0.0,0.0,1.0,0.0015260939273175427,True
base_macro_exogenous_plus__fold_06__seed42,unknown,fold_06,42,base_macro_exogenous_plus,calendar_exogenous,False,checkpoint_robust_score,best_model,59,0.0012809294955926868,0.0052553624086413,0.0834262918966937,3.8692146750220098,-0.021440031509123103,11.864406779661017,0.576271186440678,-0.00039751824337957704,False
base_macro_exogenous_plus__fold_06__seed999,bull_low_vol,fold_06,999,base_macro_exogenous_plus,calendar_exogenous,False,checkpoint_robust_score,best_model,5,0.002739373085224561,0.002398847254934957,0.03808051961872714,,-0.0009050242709466305,1.25,0.8,0.00029217982750443785,True
base_macro_exogenous_plus__fold_06__seed999,unknown,fold_06,999,base_macro_exogenous_plus,calendar_exogenous,False,checkpoint_robust_score,best_model,59,0.001108880720020139,0.004585789492299479,0.07279715136910542,3.8385834636335305,-0.01798631029873976,13.711864406779661,0.559322033898305,-0.0005695670189521248,False
base_macro_exogenous_plus__fold_07__seed123,bull_high_vol,fold_07,123,base_macro_exogenous_plus,calendar_exogenous,False,checkpoint_robust_score,checkpoint,3,0.00453231629224075,0.005760589048365326,0.0914465161633013,,-0.0010153820304983352,0.0,0.6666666666666666,0.00028433552956502647,True
base_macro_exogenous_plus__fold_07__seed123,unknown,fold_07,123,base_macro_exogenous_plus,calendar_exogenous,False,checkpoint_robust_score,checkpoint,59,0.0014317537520251303,0.007600819088368351,0.12065926240929199,2.9902548574053562,-0.029663006831524008,10.186440677966102,0.5932203389830508,-0.0010236470419359546,False
base_macro_exogenous_plus__fold_07__seed42,bull_high_vol,fold_07,42,base_macro_exogenous_plus,calendar_exogenous,False,checkpoint_robust_score,checkpoint,3,0.0020104638063875857,0.005080902569279681,0.08065682780437898,,-0.0031401387874157027,0.0,0.3333333333333333,-0.0022375169562881374,True
base_macro_exogenous_plus__fold_07__seed42,unknown,fold_07,42,base_macro_exogenous_plus,calendar_exogenous,False,checkpoint_robust_score,checkpoint,59,0.0014341781536997974,0.006711829414556964,0.10654698883923583,3.392051701035581,-0.04028625259323637,14.40677966101695,0.5423728813559322,-0.0010212226402612876,False
base_macro_exogenous_plus__fold_07__seed999,bull_high_vol,fold_07,999,base_macro_exogenous_plus,calendar_exogenous,False,checkpoint_robust_score,checkpoint,3,0.005634712168341623,0.006080386850068628,0.0965231488820938,,-0.0003239277776561078,0.0,0.6666666666666666,0.0013867314056659,True
base_macro_exogenous_plus__fold_07__seed999,unknown,fold_07,999,base_macro_exogenous_plus,calendar_exogenous,False,checkpoint_robust_score,checkpoint,59,0.0017174719863244877,0.007848542811946758,0.12459175460792823,3.4737687250311033,-0.02555071933365094,21.93220338983051,0.6101694915254238,-0.0007379288076365972,False
base_macro_exogenous_plus__fold_08__seed123,bear_low_vol,fold_08,123,base_macro_exogenous_plus,calendar_exogenous,False,checkpoint_robust_score,checkpoint,1,0.004520258272183053,0.0,0.0,,0.0,,1.0,-0.001531792779203716,True
base_macro_exogenous_plus__fold_08__seed123,bull_low_vol,fold_08,123,base_macro_exogenous_plus,calendar_exogenous,False,checkpoint_robust_score,checkpoint,4,-0.005946598138009351,0.007493426232841761,0.11895445367944131,,-0.02296078113246769,0.0,0.25,0.00139584758310248,True
base_macro_exogenous_plus__fold_08__seed123,unknown,fold_08,123,base_macro_exogenous_plus,calendar_exogenous,False,checkpoint_robust_score,checkpoint,59,-0.00027023739085893457,0.009306649751649021,0.14773848469226608,-0.46094842950569714,-0.06502013693907605,14.40677966101695,0.5084745762711864,-0.0003017368374860287,False
base_macro_exogenous_plus__fold_08__seed42,bear_low_vol,fold_08,42,base_macro_exogenous_plus,calendar_exogenous,False,checkpoint_robust_score,checkpoint,1,0.005218226053109287,0.0,0.0,,0.0,,1.0,-0.0008338249982774819,True
base_macro_exogenous_plus__fold_08__seed42,bull_low_vol,fold_08,42,base_macro_exogenous_plus,calendar_exogenous,False,checkpoint_robust_score,checkpoint,4,-0.005117904876727142,0.009869072035524035,0.15666666166187163,,-0.029191232529062527,0.0,0.5,0.0022245408443846895,True
base_macro_exogenous_plus__fold_08__seed42,unknown,fold_08,42,base_macro_exogenous_plus,calendar_exogenous,False,checkpoint_robust_score,checkpoint,59,-3.205621998391121e-05,0.008758588965654165,0.1390382894337322,-0.05810030797160954,-0.05922714914023308,10.169491525423728,0.5084745762711864,-6.355566661100522e-05,False
base_macro_exogenous_plus__fold_08__seed999,bear_low_vol,fold_08,999,base_macro_exogenous_plus,calendar_exogenous,False,checkpoint_robust_score,checkpoint,1,0.007196227014300449,0.0,0.0,,0.0,,1.0,0.00114417596291368,True
base_macro_exogenous_plus__fold_08__seed999,bull_low_vol,fold_08,999,base_macro_exogenous_plus,calendar_exogenous,False,checkpoint_robust_score,checkpoint,4,-0.006103213800799728,0.007410218038941953,0.1176335645508309,,-0.02536668588348545,0.0,0.25,0.001239231920312103,True
base_macro_exogenous_plus__fold_08__seed999,unknown,fold_08,999,base_macro_exogenous_plus,calendar_exogenous,False,checkpoint_robust_score,checkpoint,59,0.0002083363532461415,0.008443273896381012,0.134032817886165,0.3917007927313512,-0.04336051322366341,8.474576271186441,0.576271186440678,0.00017683690661904745,False
base_macro_exogenous_plus__fold_09__seed123,bear_high_vol,fold_09,123,base_macro_exogenous_plus,calendar_exogenous,False,checkpoint_robust_score,best_model,4,-0.01491392981410275,0.023638856928708415,0.37525522026719144,,-0.042338603877274505,0.0,0.25,-0.0029363519326041565,True
base_macro_exogenous_plus__fold_09__seed123,unknown,fold_09,123,base_macro_exogenous_plus,calendar_exogenous,False,checkpoint_robust_score,best_model,59,-0.001736341352632809,0.038437330376135115,0.6101737034188938,-0.7171040285934405,-0.31752001482455183,10.169491525423728,0.5084745762711864,0.0007108084490378184,False
base_macro_exogenous_plus__fold_09__seed42,bear_high_vol,fold_09,42,base_macro_exogenous_plus,calendar_exogenous,False,checkpoint_robust_score,best_model,4,-0.01712589784776497,0.0276147481269108,0.4383705363689562,,-0.05199832310050223,10.333333333333334,0.25,-0.005148319966266377,True
base_macro_exogenous_plus__fold_09__seed42,unknown,fold_09,42,base_macro_exogenous_plus,calendar_exogenous,False,checkpoint_robust_score,best_model,59,-0.0033801311856980734,0.04213462763007758,0.6688664777609765,-1.2734874404937782,-0.3635393086344666,24.076271186440678,0.423728813559322,-0.0009329813840274462,False
base_macro_exogenous_plus__fold_09__seed999,bear_high_vol,fold_09,999,base_macro_exogenous_plus,calendar_exogenous,False,checkpoint_robust_score,checkpoint,4,-0.01566167324702125,0.022536937778397038,0.3577627960474504,,-0.04460313034125196,0.0,0.25,-0.0036840953655226582,True
base_macro_exogenous_plus__fold_09__seed999,unknown,fold_09,999,base_macro_exogenous_plus,calendar_exogenous,False,checkpoint_robust_score,checkpoint,59,-0.002129142444300871,0.039274930053404974,0.6234701860845978,-0.860576669003731,-0.33739664608923914,11.677966101694915,0.4745762711864407,0.0003180073573697565,False
base_macro_exogenous_plus__fold_10__seed123,bear_high_vol,fold_10,123,base_macro_exogenous_plus,calendar_exogenous,False,checkpoint_robust_score,checkpoint,5,0.0038945443580843397,0.01034955777388977,0.16429413629524553,,-0.008533868352265439,0.0,0.4,0.0006305885720908063,True
base_macro_exogenous_plus__fold_10__seed123,unknown,fold_10,123,base_macro_exogenous_plus,calendar_exogenous,False,checkpoint_robust_score,checkpoint,59,-3.84430414845569e-05,0.00956749394061735,0.15187925782194528,-0.06378518431704212,-0.08514714973298687,9.322033898305085,0.5254237288135594,-0.0009576904006804338,False
base_macro_exogenous_plus__fold_10__seed42,bear_high_vol,fold_10,42,base_macro_exogenous_plus,calendar_exogenous,False,checkpoint_robust_score,checkpoint,5,0.004408934141204313,0.010317380240456014,0.1637833337876304,,-0.006589616916407026,0.0,0.4,0.0011449783552107792,True
base_macro_exogenous_plus__fold_10__seed42,unknown,fold_10,42,base_macro_exogenous_plus,calendar_exogenous,False,checkpoint_robust_score,checkpoint,59,0.0006703878837036509,0.011616392323868076,0.18440451132428767,0.9161258880279328,-0.1114914431841656,16.06779661016949,0.576271186440678,-0.000248859475492226,False
base_macro_exogenous_plus__fold_10__seed999,bear_high_vol,fold_10,999,base_macro_exogenous_plus,calendar_exogenous,False,checkpoint_robust_score,checkpoint,5,0.0022743513265827573,0.011124639062602373,0.17659817031000352,,-0.016158532757683752,0.0,0.6,-0.000989604459410776,True
base_macro_exogenous_plus__fold_10__seed999,unknown,fold_10,999,base_macro_exogenous_plus,calendar_exogenous,False,checkpoint_robust_score,checkpoint,59,0.0007043100417418791,0.011262280701067008,0.17878316358255283,0.9927452169566271,-0.08256849134481303,9.322033898305085,0.5932203389830508,-0.000214937317453998,False
base_macro_exogenous_plus__fold_11__seed123,bull_low_vol,fold_11,123,base_macro_exogenous_plus,calendar_exogenous,False,checkpoint_robust_score,best_model,3,-0.00048794819608059353,0.0024025001086879078,0.03813850687436312,,-0.001721322926975244,0.0,0.3333333333333333,1.931768989031476e-05,True
base_macro_exogenous_plus__fold_11__seed123,unknown,fold_11,123,base_macro_exogenous_plus,calendar_exogenous,False,checkpoint_robust_score,best_model,59,0.00155361327217382,0.011316277542500723,0.17964033686665243,2.179413328969775,-0.07314830895098567,7.627118644067797,0.5423728813559322,0.00014307034433078412,False
base_macro_exogenous_plus__fold_11__seed42,bull_low_vol,fold_11,42,base_macro_exogenous_plus,calendar_exogenous,False,checkpoint_robust_score,checkpoint,3,-0.000289980604034179,0.0021155986241770627,0.03358408700161745,,-0.0032801658520766885,0.75,0.6666666666666666,0.0002172852819367294,True
base_macro_exogenous_plus__fold_11__seed42,unknown,fold_11,42,base_macro_exogenous_plus,calendar_exogenous,False,checkpoint_robust_score,checkpoint,59,0.002018479237204903,0.01070366710028707,0.16991544758270066,2.993587546112097,-0.05664944142896844,27.64406779661017,0.559322033898305,0.0006079363093618672,False
base_macro_exogenous_plus__fold_11__seed999,bull_low_vol,fold_11,999,base_macro_exogenous_plus,calendar_exogenous,False,checkpoint_robust_score,checkpoint,3,-0.001063185342886223,0.0032822880813443895,0.05210470796705159,,-0.004589553589677053,0.0,0.3333333333333333,-0.0005559194569153147,True
base_macro_exogenous_plus__fold_11__seed999,unknown,fold_11,999,base_macro_exogenous_plus,calendar_exogenous,False,checkpoint_robust_score,checkpoint,59,0.0016920133562846474,0.009819400646364591,0.15587815280392564,2.7353888798006913,-0.05200149680185895,17.796610169491526,0.6101694915254238,0.0002814704284416116,False
base_macro_exogenous_plus__fold_12__seed123,bear_high_vol,fold_12,123,base_macro_exogenous_plus,calendar_exogenous,False,checkpoint_robust_score,last_model,4,-0.0029178945512212118,0.012372991053152616,0.1964151438040139,,-0.01353405754114756,0.0,0.5,-0.00044289267423553867,True
base_macro_exogenous_plus__fold_12__seed123,unknown,fold_12,123,base_macro_exogenous_plus,calendar_exogenous,False,checkpoint_robust_score,last_model,59,-3.2075826318152846e-05,0.006428669486474539,0.10205196433344564,-0.07920580740380152,-0.04286652356727594,11.016949152542374,0.5254237288135594,-0.00010522437685100696,False
base_macro_exogenous_plus__fold_12__seed42,bear_high_vol,fold_12,42,base_macro_exogenous_plus,calendar_exogenous,False,checkpoint_robust_score,best_model,4,-0.006180636239940668,0.013158198833990957,0.20887993089768087,,-0.015539904197468646,0.0,0.25,-0.003705634362954995,True
base_macro_exogenous_plus__fold_12__seed42,unknown,fold_12,42,base_macro_exogenous_plus,calendar_exogenous,False,checkpoint_robust_score,best_model,59,0.0005651667729290694,0.006663320343254664,0.10577693120525632,1.346437499701714,-0.03370259553847488,11.864406779661017,0.576271186440678,0.0004920182223962151,False
base_macro_exogenous_plus__fold_12__seed999,bear_high_vol,fold_12,999,base_macro_exogenous_plus,calendar_exogenous,False,checkpoint_robust_score,checkpoint,4,-0.0036246191707974273,0.01348761716840682,0.21410928483869776,,-0.013232909422771999,0.0,0.5,-0.0011496172938117544,True
base_macro_exogenous_plus__fold_12__seed999,unknown,fold_12,999,base_macro_exogenous_plus,calendar_exogenous,False,checkpoint_robust_score,checkpoint,59,0.0001146427444541443,0.006876963896451894,0.10916841747108873,0.26463671702574004,-0.040874005370028055,16.93220338983051,0.4915254237288136,4.149419392129016e-05,False
base_macro_exogenous_plus__fold_13__seed123,bull_high_vol,fold_13,123,base_macro_exogenous_plus,calendar_exogenous,False,checkpoint_robust_score,last_model,1,0.0019790980444165385,0.0,0.0,,0.0,,1.0,-0.0019818538347906823,True
base_macro_exogenous_plus__fold_13__seed123,bull_low_vol,fold_13,123,base_macro_exogenous_plus,calendar_exogenous,False,checkpoint_robust_score,last_model,2,-0.011843391837126072,0.00603611251556696,0.09582031561076802,,-0.017879504352693032,0.0,0.0,-0.0032268973370838997,True
base_macro_exogenous_plus__fold_13__seed123,unknown,fold_13,123,base_macro_exogenous_plus,calendar_exogenous,False,checkpoint_robust_score,last_model,59,-0.0008965810662851655,0.012976454159977826,0.20599482364038538,-1.0968160496027455,-0.14141567281722622,16.76271186440678,0.4406779661016949,-0.0007703644351597433,False
base_macro_exogenous_plus__fold_13__seed42,bull_high_vol,fold_13,42,base_macro_exogenous_plus,calendar_exogenous,False,checkpoint_robust_score,best_model,1,0.0009471766521920166,0.0,0.0,,0.0,,1.0,-0.003013775227015204,True
base_macro_exogenous_plus__fold_13__seed42,bull_low_vol,fold_13,42,base_macro_exogenous_plus,calendar_exogenous,False,checkpoint_robust_score,best_model,2,-0.008854478076522787,0.008850588448934882,0.14049873595477552,,-0.01770506652545767,1.0,0.0,-0.00023798357648061519,True
base_macro_exogenous_plus__fold_13__seed42,unknown,fold_13,42,base_macro_exogenous_plus,calendar_exogenous,False,checkpoint_robust_score,best_model,59,-0.000571940974133427,0.012172015588584545,0.19322475721077717,-0.7459143826192101,-0.1165135292237317,18.966101694915253,0.3898305084745763,-0.00044572434300800464,False
base_macro_exogenous_plus__fold_13__seed999,bull_high_vol,fold_13,999,base_macro_exogenous_plus,calendar_exogenous,False,checkpoint_robust_score,checkpoint,1,0.0016848978962455963,0.0,0.0,,0.0,,1.0,-0.0022760539829616245,True
base_macro_exogenous_plus__fold_13__seed999,bull_low_vol,fold_13,999,base_macro_exogenous_plus,calendar_exogenous,False,checkpoint_robust_score,checkpoint,2,-0.004044260929520149,0.00955690075837401,0.1517110962670933,,-0.013601161687894159,0.0,0.5,0.004572233570522022,True
base_macro_exogenous_plus__fold_13__seed999,unknown,fold_13,999,base_macro_exogenous_plus,calendar_exogenous,False,checkpoint_robust_score,checkpoint,59,0.00013806441722281738,0.010813806006342824,0.17166384851327804,0.20267652998271699,-0.0850078892657824,10.169491525423728,0.423728813559322,0.00026428104834823964,False
base_macro_exogenous_plus__fold_14__seed123,bear_high_vol,fold_14,123,base_macro_exogenous_plus,calendar_exogenous,False,checkpoint_robust_score,checkpoint,5,0.0010968658779237472,0.01654969531271137,0.2627182684279537,,-0.031419505899566325,0.0,0.4,0.0002443588027004694,True
base_macro_exogenous_plus__fold_14__seed123,unknown,fold_14,123,base_macro_exogenous_plus,calendar_exogenous,False,checkpoint_robust_score,checkpoint,59,-0.0007283381960564213,0.010592429043125212,0.16814959816924308,-1.0915353197661728,-0.11390799155713172,8.474576271186441,0.4745762711864407,0.00021930105674023453,False
base_macro_exogenous_plus__fold_14__seed42,bear_high_vol,fold_14,42,base_macro_exogenous_plus,calendar_exogenous,False,checkpoint_robust_score,checkpoint,5,0.003575880713358459,0.016127891799113427,0.2560223452332733,,-0.022939094351818956,0.0,0.4,0.0027233736381351813,True
base_macro_exogenous_plus__fold_14__seed42,unknown,fold_14,42,base_macro_exogenous_plus,calendar_exogenous,False,checkpoint_robust_score,checkpoint,59,-0.0008325432039989948,0.011384546736067922,0.18072407671696689,-1.1608906307282854,-0.1344544838296352,8.474576271186441,0.4576271186440678,0.0001150960487976611,False
base_macro_exogenous_plus__fold_14__seed999,bear_high_vol,fold_14,999,base_macro_exogenous_plus,calendar_exogenous,False,checkpoint_robust_score,best_model,5,0.0016243069666458166,0.017099653886771926,0.27144859013806527,,-0.03036059516903067,0.0,0.4,0.0007717998914225386,True
base_macro_exogenous_plus__fold_14__seed999,unknown,fold_14,999,base_macro_exogenous_plus,calendar_exogenous,False,checkpoint_robust_score,best_model,59,-0.0007594735228967966,0.011141791293271386,0.17687045353068487,-1.0820763103702302,-0.1299266658004703,12.728813559322035,0.4406779661016949,0.00018816572989985926,False
base_macro_gru__fold_01__seed123,bull_low_vol,fold_01,123,base_macro_gru,negative_control_gru,True,checkpoint_robust_score,checkpoint,3,0.0053519184008233855,0.005058176395987437,0.08029606098767836,,-0.0017710668989302514,0.0,0.6666666666666666,0.0013132947855296346,True
base_macro_gru__fold_01__seed123,unknown,fold_01,123,base_macro_gru,negative_control_gru,True,checkpoint_robust_score,checkpoint,59,0.0008211215074414777,0.01117352565616575,0.17737422092408625,1.166587899849395,-0.0694791226617606,15.796610169491526,0.5423728813559322,0.00047191221797747933,False
base_macro_gru__fold_01__seed42,bull_low_vol,fold_01,42,base_macro_gru,negative_control_gru,True,checkpoint_robust_score,best_model,3,0.004352476884373495,0.0037945303547205164,0.06023630196525716,,-0.000884707605609214,0.0,0.6666666666666666,0.0003138532690797433,True
base_macro_gru__fold_01__seed42,unknown,fold_01,42,base_macro_gru,negative_control_gru,True,checkpoint_robust_score,best_model,59,0.0012700685062406998,0.009298456786071071,0.14760842539574986,2.1682858733473886,-0.046119367089117125,11.94915254237288,0.576271186440678,0.0009208592167767014,False
base_macro_gru__fold_01__seed999,bull_low_vol,fold_01,999,base_macro_gru,negative_control_gru,True,checkpoint_robust_score,checkpoint,3,0.005004718843573379,0.004637717499129485,0.07362148292201418,,-0.001505835048098203,0.0,0.6666666666666666,0.0009660952282796274,True
base_macro_gru__fold_01__seed999,unknown,fold_01,999,base_macro_gru,negative_control_gru,True,checkpoint_robust_score,checkpoint,59,0.0009498107772711665,0.011321259735953526,0.17971942673581082,1.331811035788491,-0.06576113359759173,13.491525423728813,0.576271186440678,0.000600601487807168,False
base_macro_gru__fold_02__seed123,bear_high_vol,fold_02,123,base_macro_gru,negative_control_gru,True,checkpoint_robust_score,checkpoint,4,0.0030677575967521242,0.0070901636943641825,0.11255285934015959,,-0.008851498885868891,0.0,0.75,0.00023104617796434416,True
base_macro_gru__fold_02__seed123,bull_high_vol,fold_02,123,base_macro_gru,negative_control_gru,True,checkpoint_robust_score,checkpoint,1,-0.0026384680895068513,0.0,0.0,,0.0,,0.0,0.0005162844238829176,True
base_macro_gru__fold_02__seed123,unknown,fold_02,123,base_macro_gru,negative_control_gru,True,checkpoint_robust_score,checkpoint,59,-7.656276514804227e-05,0.004975594694727249,0.07898511712140384,-0.24427154786199973,-0.026746086325318497,11.016949152542374,0.5254237288135594,-0.000565933728932239,False
base_macro_gru__fold_02__seed42,bear_high_vol,fold_02,42,base_macro_gru,negative_control_gru,True,checkpoint_robust_score,checkpoint,4,0.0011781964439524506,0.0072621412516874154,0.11528291842672936,,-0.010976799840710427,0.0,0.75,-0.0016585149748353295,True
base_macro_gru__fold_02__seed42,bull_high_vol,fold_02,42,base_macro_gru,negative_control_gru,True,checkpoint_robust_score,checkpoint,1,-0.003280793423084183,0.0,0.0,,0.0,,0.0,-0.000126040909694414,True
base_macro_gru__fold_02__seed42,unknown,fold_02,42,base_macro_gru,negative_control_gru,True,checkpoint_robust_score,checkpoint,59,-0.00011910763362285534,0.0055439535896534145,0.08800753486984059,-0.3410517487775409,-0.042532825636828586,10.169491525423728,0.5084745762711864,-0.0006084785974070522,False
base_macro_gru__fold_02__seed999,bear_high_vol,fold_02,999,base_macro_gru,negative_control_gru,True,checkpoint_robust_score,checkpoint,4,0.004009597873583598,0.008128278190186347,0.12903241607029947,,-0.010039883587550924,0.0,0.75,0.001172886454795818,True
base_macro_gru__fold_02__seed999,bull_high_vol,fold_02,999,base_macro_gru,negative_control_gru,True,checkpoint_robust_score,checkpoint,1,-0.002925947658978356,0.0,0.0,,0.0,,0.0,0.0002288048544114127,True
base_macro_gru__fold_02__seed999,unknown,fold_02,999,base_macro_gru,negative_control_gru,True,checkpoint_robust_score,checkpoint,59,5.100532960724208e-05,0.005749508316155803,0.0912706149926759,0.14082673883655142,-0.03461929548157816,15.254237288135593,0.5254237288135594,-0.00043836563417695457,False
base_macro_gru__fold_03__seed123,bear_low_vol,fold_03,123,base_macro_gru,negative_control_gru,True,checkpoint_robust_score,checkpoint,3,-0.0006930055661765003,0.0032475902948648997,0.05155389768263669,,-0.005855229218647229,0.0,0.3333333333333333,-0.0009041350641097108,True
base_macro_gru__fold_03__seed123,unknown,fold_03,123,base_macro_gru,negative_control_gru,True,checkpoint_robust_score,checkpoint,59,0.000623865531653393,0.005370857037498432,0.08525971229101176,1.8439437543496011,-0.04619590561588671,8.474576271186441,0.5254237288135594,-0.0003903419017623574,False
base_macro_gru__fold_03__seed42,bear_low_vol,fold_03,42,base_macro_gru,negative_control_gru,True,checkpoint_robust_score,checkpoint,3,-6.848286798621928e-05,0.0035907004483335236,0.0570006025129118,,-0.0052069489686070725,0.0,0.3333333333333333,-0.0002796123659194296,True
base_macro_gru__fold_03__seed42,unknown,fold_03,42,base_macro_gru,negative_control_gru,True,checkpoint_robust_score,checkpoint,59,0.0005859890188967454,0.006013562296031845,0.09546234197336906,1.5468846637260882,-0.04969662609695891,28.54237288135593,0.5084745762711864,-0.00042821841451900507,False
base_macro_gru__fold_03__seed999,bear_low_vol,fold_03,999,base_macro_gru,negative_control_gru,True,checkpoint_robust_score,best_model,3,9.4225720413695e-05,0.003446843283242011,0.05471694081403037,,-0.004645687315364078,0.0,0.3333333333333333,-0.00011690377751951537,True
base_macro_gru__fold_03__seed999,unknown,fold_03,999,base_macro_gru,negative_control_gru,True,checkpoint_robust_score,best_model,59,0.000770064452033655,0.005153879376208137,0.0818152987000286,2.371882092907561,-0.03491806149820986,11.864406779661017,0.5423728813559322,-0.0002441429813820954,False
base_macro_gru__fold_04__seed123,bull_low_vol,fold_04,123,base_macro_gru,negative_control_gru,True,checkpoint_robust_score,best_model,5,0.0029471236425031135,0.0026692220135321677,0.042372585850951196,,-0.00037202018357240796,0.0,0.8,0.00022713349223149227,True
base_macro_gru__fold_04__seed123,unknown,fold_04,123,base_macro_gru,negative_control_gru,True,checkpoint_robust_score,best_model,59,0.0008316414135161476,0.0043387051239112615,0.06887480861946527,3.042819869946469,-0.01769397211692625,14.40677966101695,0.5932203389830508,-6.62867103235948e-06,False
base_macro_gru__fold_04__seed42,bull_low_vol,fold_04,42,base_macro_gru,negative_control_gru,True,checkpoint_robust_score,checkpoint,5,0.0027465238366805255,0.0019544150782829645,0.03102537753438935,,0.0,0.0,1.0,2.6533686408904523e-05,True
base_macro_gru__fold_04__seed42,unknown,fold_04,42,base_macro_gru,negative_control_gru,True,checkpoint_robust_score,checkpoint,59,0.0012049608073747553,0.004153029396352813,0.06592729782174145,4.605832993177841,-0.015344767550462435,16.372881355932204,0.6610169491525424,0.00036669072282624827,False
base_macro_gru__fold_04__seed999,bull_low_vol,fold_04,999,base_macro_gru,negative_control_gru,True,checkpoint_robust_score,best_model,5,0.005288091048113852,0.002287970087819936,0.03632039915715698,,0.0,3.75,1.0,0.0025681008978422305,True
base_macro_gru__fold_04__seed999,unknown,fold_04,999,base_macro_gru,negative_control_gru,True,checkpoint_robust_score,best_model,59,0.0006373148071086679,0.00403168404788738,0.06400100013297738,2.509387838591467,-0.01395449858350517,10.661016949152541,0.576271186440678,-0.00020095527743983906,False
base_macro_gru__fold_05__seed123,bear_high_vol,fold_05,123,base_macro_gru,negative_control_gru,True,checkpoint_robust_score,best_model,1,0.016648466017465502,0.0,0.0,,0.0,,1.0,0.0013285249060048816,True
base_macro_gru__fold_05__seed123,bear_low_vol,fold_05,123,base_macro_gru,negative_control_gru,True,checkpoint_robust_score,best_model,1,-0.025137431084608752,0.0,0.0,,0.0,0.0,0.0,-0.0025492094583167563,True
base_macro_gru__fold_05__seed123,unknown,fold_05,123,base_macro_gru,negative_control_gru,True,checkpoint_robust_score,best_model,59,2.6978519166235904e-06,0.014809687522292366,0.23509650107137162,0.00289182816371542,-0.08983966755785822,15.94915254237288,0.5254237288135594,5.433740769096821e-05,False
base_macro_gru__fold_05__seed42,bear_high_vol,fold_05,42,base_macro_gru,negative_control_gru,True,checkpoint_robust_score,best_model,1,0.014756909057227263,0.0,0.0,,0.0,,1.0,-0.0005630320542333572,True
base_macro_gru__fold_05__seed42,bear_low_vol,fold_05,42,base_macro_gru,negative_control_gru,True,checkpoint_robust_score,best_model,1,-0.02191893379938159,0.0,0.0,,0.0,0.0,0.0,0.0006692878269104058,True
base_macro_gru__fold_05__seed42,unknown,fold_05,42,base_macro_gru,negative_control_gru,True,checkpoint_robust_score,best_model,59,-0.0003456585459840443,0.014024316612406879,0.22262912438436253,-0.3912603700385281,-0.10124386261658114,15.932203389830509,0.576271186440678,-0.00029401899020969983,False
base_macro_gru__fold_05__seed999,bear_high_vol,fold_05,999,base_macro_gru,negative_control_gru,True,checkpoint_robust_score,checkpoint,1,0.016906874016615836,0.0,0.0,,0.0,,1.0,0.0015869329051552156,True
base_macro_gru__fold_05__seed999,bear_low_vol,fold_05,999,base_macro_gru,negative_control_gru,True,checkpoint_robust_score,checkpoint,1,-0.021948560921033367,0.0,0.0,,0.0,0.0,0.0,0.0006396607052586295,True
base_macro_gru__fold_05__seed999,unknown,fold_05,999,base_macro_gru,negative_control_gru,True,checkpoint_robust_score,checkpoint,59,-0.0002247262394880179,0.013890075082051482,0.22049810615473986,-0.25683219388396167,-0.0936102331085954,15.254237288135593,0.5084745762711864,-0.00017308668371367333,False
base_macro_gru__fold_06__seed123,bull_low_vol,fold_06,123,base_macro_gru,negative_control_gru,True,checkpoint_robust_score,checkpoint,5,0.0009555267166403425,0.0022106844395530694,0.03509352752578574,,-0.0019497473518107489,0.0,0.4,-0.0014916665410797808,True
base_macro_gru__fold_06__seed123,unknown,fold_06,123,base_macro_gru,negative_control_gru,True,checkpoint_robust_score,checkpoint,59,0.0012883546054870748,0.004482074578105381,0.0711507281478695,4.563064483444284,-0.016728414444714734,12.711864406779661,0.6101694915254238,-0.00039009313348518904,False
base_macro_gru__fold_06__seed42,bull_low_vol,fold_06,42,base_macro_gru,negative_control_gru,True,checkpoint_robust_score,checkpoint,5,0.0007677526026220293,0.003007140842818147,0.047736880964651944,,-0.004672123795855354,0.0,0.4,-0.001679440655098094,True
base_macro_gru__fold_06__seed42,unknown,fold_06,42,base_macro_gru,negative_control_gru,True,checkpoint_robust_score,checkpoint,59,0.0013210378167140555,0.004538732941601942,0.07205015178489231,4.620413997264413,-0.020891404316225715,15.983050847457626,0.6610169491525424,-0.00035740992225820827,False
base_macro_gru__fold_06__seed999,bull_low_vol,fold_06,999,base_macro_gru,negative_control_gru,True,checkpoint_robust_score,checkpoint,5,0.005046243049375931,0.001972436058297949,0.031311451723397235,,0.0,0.0,1.0,0.002599049791655808,True
base_macro_gru__fold_06__seed999,unknown,fold_06,999,base_macro_gru,negative_control_gru,True,checkpoint_robust_score,checkpoint,59,0.001424266705553145,0.005811122594900227,0.09224871134528606,3.890734131298337,-0.022341726136312356,12.711864406779661,0.559322033898305,-0.0002541810334191189,False
base_macro_gru__fold_07__seed123,bull_high_vol,fold_07,123,base_macro_gru,negative_control_gru,True,checkpoint_robust_score,last_model,3,0.004503077494313927,0.006458809188767831,0.10253041727459108,,-0.0039008209686861584,0.0,0.6666666666666666,0.00025509673163820365,True
base_macro_gru__fold_07__seed123,unknown,fold_07,123,base_macro_gru,negative_control_gru,True,checkpoint_robust_score,last_model,59,0.001500953595963222,0.008079285041951875,0.12825467395325224,2.9491346749717473,-0.03937656492919528,9.322033898305085,0.6101694915254238,-0.000954447197997863,False
base_macro_gru__fold_07__seed42,bull_high_vol,fold_07,42,base_macro_gru,negative_control_gru,True,checkpoint_robust_score,best_model,3,0.002795279696984454,0.005438702761902287,0.08633672977676152,,-0.0025591016055240834,1.25,0.6666666666666666,-0.001452701065691269,True
base_macro_gru__fold_07__seed42,unknown,fold_07,42,base_macro_gru,negative_control_gru,True,checkpoint_robust_score,best_model,59,0.0015725751549299453,0.006178152939014421,0.09807513743012976,4.0406666707417935,-0.022802302022450815,13.754237288135593,0.6440677966101694,-0.0008828256390311397,False
base_macro_gru__fold_07__seed999,bull_high_vol,fold_07,999,base_macro_gru,negative_control_gru,True,checkpoint_robust_score,checkpoint,3,0.0034012082068685112,0.003886225013683369,0.06169190955026869,,-0.0020853224634095335,0.0,0.6666666666666666,-0.0008467725558072118,True
base_macro_gru__fold_07__seed999,unknown,fold_07,999,base_macro_gru,negative_control_gru,True,checkpoint_robust_score,checkpoint,59,0.0015121926966272453,0.007028571261936099,0.11157510978707003,3.415390406312885,-0.03098291344257109,9.322033898305085,0.5932203389830508,-0.0009432080973338396,False
base_macro_gru__fold_08__seed123,bear_low_vol,fold_08,123,base_macro_gru,negative_control_gru,True,checkpoint_robust_score,best_model,1,0.00035670317012059805,0.0,0.0,,0.0,,1.0,-0.005695347881266171,True
base_macro_gru__fold_08__seed123,bull_low_vol,fold_08,123,base_macro_gru,negative_control_gru,True,checkpoint_robust_score,best_model,4,-0.0003164282759667292,0.0003559044410531763,0.0056498078491809085,,-0.0013105326510983728,0.0,0.25,0.007026017445145102,True
base_macro_gru__fold_08__seed123,unknown,fold_08,123,base_macro_gru,negative_control_gru,True,checkpoint_robust_score,best_model,59,1.6987841626793063e-06,0.00020558439429368882,0.003263551084421682,0.13117417130029255,-0.0009104622708651089,0.0,0.4915254237288136,-2.980066246441482e-05,False
base_macro_gru__fold_08__seed42,bear_low_vol,fold_08,42,base_macro_gru,negative_control_gru,True,checkpoint_robust_score,best_model,1,0.005129984053303671,0.0,0.0,,0.0,,1.0,-0.000922066998083098,True
base_macro_gru__fold_08__seed42,bull_low_vol,fold_08,42,base_macro_gru,negative_control_gru,True,checkpoint_robust_score,best_model,4,-0.006761258205489701,0.006993220495950441,0.11101393377434787,,-0.02632840114907853,0.0,0.25,0.0005811875156221303,True
base_macro_gru__fold_08__seed42,unknown,fold_08,42,base_macro_gru,negative_control_gru,True,checkpoint_robust_score,best_model,59,5.568752365499896e-05,0.008377033395454252,0.13298128253312969,0.10552805397679653,-0.06406880583296881,16.305084745762713,0.5423728813559322,2.4188077027904887e-05,False
base_macro_gru__fold_08__seed999,bear_low_vol,fold_08,999,base_macro_gru,negative_control_gru,True,checkpoint_robust_score,checkpoint,1,0.00824894244238017,0.0,0.0,,0.0,,1.0,0.0021968913909934003,True
base_macro_gru__fold_08__seed999,bull_low_vol,fold_08,999,base_macro_gru,negative_control_gru,True,checkpoint_robust_score,checkpoint,4,-0.007984631276787668,0.0071925848689178675,0.11417874508129672,,-0.028022963711373694,0.0,0.25,-0.0006421855556758369,True
base_macro_gru__fold_08__seed999,unknown,fold_08,999,base_macro_gru,negative_control_gru,True,checkpoint_robust_score,checkpoint,59,-0.00035593901194980274,0.009016173021067615,0.14312730954764902,-0.6266912393926407,-0.05996110508536012,7.627118644067797,0.5084745762711864,-0.0003874384585768969,False
base_macro_gru__fold_09__seed123,bear_high_vol,fold_09,123,base_macro_gru,negative_control_gru,True,checkpoint_robust_score,checkpoint,4,-0.01173408776759216,0.026071153343971046,0.4138667288446643,,-0.04070916291532589,0.0,0.25,0.00024349011390643275,True
base_macro_gru__fold_09__seed123,unknown,fold_09,123,base_macro_gru,negative_control_gru,True,checkpoint_robust_score,checkpoint,59,-0.0024311196178716044,0.036232174293474514,0.5751679358380858,-1.0651535065336255,-0.30645203358217454,16.949152542372882,0.4406779661016949,1.603018379902297e-05,False
base_macro_gru__fold_09__seed42,bear_high_vol,fold_09,42,base_macro_gru,negative_control_gru,True,checkpoint_robust_score,best_model,4,-0.009941633405031042,0.025434430169064354,0.40375906179589677,,-0.03873738871269561,0.0,0.25,0.0020359444764675516,True
base_macro_gru__fold_09__seed42,unknown,fold_09,42,base_macro_gru,negative_control_gru,True,checkpoint_robust_score,best_model,59,-0.002297951230014462,0.036616521965075546,0.581269265974344,-0.9962400282646354,-0.2923078598640326,13.508474576271187,0.4406779661016949,0.00014919857165616573,False
base_macro_gru__fold_09__seed999,bear_high_vol,fold_09,999,base_macro_gru,negative_control_gru,True,checkpoint_robust_score,checkpoint,4,-0.0130866889155411,0.027360858957525123,0.43434017075235265,,-0.04161966229133618,0.0,0.25,-0.001109111034042507,True
base_macro_gru__fold_09__seed999,unknown,fold_09,999,base_macro_gru,negative_control_gru,True,checkpoint_robust_score,checkpoint,59,-0.00256605781049277,0.03906881248601192,0.6201981711396162,-1.0426450743251354,-0.33249434885514817,12.711864406779661,0.4576271186440678,-0.00011890800882214249,False
base_macro_gru__fold_10__seed123,bear_high_vol,fold_10,123,base_macro_gru,negative_control_gru,True,checkpoint_robust_score,best_model,5,0.0037774879059699227,0.009245591233255484,0.1467692107617179,,-0.006731169174433171,0.375,0.6,0.0005135321199763894,True
base_macro_gru__fold_10__seed123,unknown,fold_10,123,base_macro_gru,negative_control_gru,True,checkpoint_robust_score,best_model,59,0.0008919542803250992,0.011004071649235224,0.1746842219580767,1.2867360092537106,-0.09888763809639423,14.14406779661017,0.559322033898305,-2.729307887077782e-05,False
base_macro_gru__fold_10__seed42,bear_high_vol,fold_10,42,base_macro_gru,negative_control_gru,True,checkpoint_robust_score,checkpoint,5,0.002278674384364865,0.008983651784501591,0.142611050921957,,-0.008489178209683867,0.0,0.6,-0.0009852814016286684,True
base_macro_gru__fold_10__seed42,unknown,fold_10,42,base_macro_gru,negative_control_gru,True,checkpoint_robust_score,checkpoint,59,0.0011272155285374753,0.01197314781303902,0.19006782914350875,1.4945102202275826,-0.09978226346433161,14.864406779661017,0.559322033898305,0.00020796816934159828,False
base_macro_gru__fold_10__seed999,bear_high_vol,fold_10,999,base_macro_gru,negative_control_gru,True,checkpoint_robust_score,checkpoint,5,0.0033407127539453853,0.010015495433909323,0.15899106105136207,,-0.011923269705143902,1.0,0.6,7.675696795185171e-05,True
base_macro_gru__fold_10__seed999,unknown,fold_10,999,base_macro_gru,negative_control_gru,True,checkpoint_robust_score,checkpoint,59,0.0012184272061797985,0.012776322656788098,0.20281783451868807,1.5138888386515024,-0.09713191263013154,12.11864406779661,0.559322033898305,0.0002991798469839215,False
base_macro_gru__fold_11__seed123,bull_low_vol,fold_11,123,base_macro_gru,negative_control_gru,True,checkpoint_robust_score,checkpoint,3,0.0005618344348719365,0.0033134829431381825,0.05259991104598803,,-0.0026538126092939818,0.0,0.3333333333333333,0.0010691003208428448,True
base_macro_gru__fold_11__seed123,unknown,fold_11,123,base_macro_gru,negative_control_gru,True,checkpoint_robust_score,checkpoint,59,0.0017473678183405098,0.01018301352271679,0.16165032826989842,2.724007398776223,-0.04761319185797985,12.711864406779661,0.6101694915254238,0.000336824890497474,False
base_macro_gru__fold_11__seed42,bull_low_vol,fold_11,42,base_macro_gru,negative_control_gru,True,checkpoint_robust_score,checkpoint,3,0.0001740093235555277,0.0035629258305439125,0.05655969412432471,,-0.000438215532603925,0.0,0.3333333333333333,0.000681275209526436,True
base_macro_gru__fold_11__seed42,unknown,fold_11,42,base_macro_gru,negative_control_gru,True,checkpoint_robust_score,checkpoint,59,0.0012741986055247597,0.008925727339206544,0.14169152885946465,2.266176751545376,-0.03895349606526477,14.322033898305085,0.6271186440677966,-0.00013634432231827623,False
base_macro_gru__fold_11__seed999,bull_low_vol,fold_11,999,base_macro_gru,negative_control_gru,True,checkpoint_robust_score,checkpoint,3,0.0014875495868530801,0.003683352929903735,0.05847141506043845,,-0.0024668707976718274,0.0,0.6666666666666666,0.0019948154728239883,True
base_macro_gru__fold_11__seed999,unknown,fold_11,999,base_macro_gru,negative_control_gru,True,checkpoint_robust_score,checkpoint,59,0.0016541179959836385,0.011799329839655018,0.18730855435770485,2.2254068236084836,-0.05025686631106896,8.474576271186441,0.6101694915254238,0.0002435750681406025,False
base_macro_gru__fold_12__seed123,bear_high_vol,fold_12,123,base_macro_gru,negative_control_gru,True,checkpoint_robust_score,checkpoint,4,-0.003952566387852241,0.014476019338421695,0.22979968286175342,,-0.012213691900997747,0.0,0.5,-0.001477564510866568,True
base_macro_gru__fold_12__seed123,unknown,fold_12,123,base_macro_gru,negative_control_gru,True,checkpoint_robust_score,checkpoint,59,0.00036098923166050424,0.0075267028333566455,0.11948270333608149,0.7613594590554941,-0.047440896928021115,9.322033898305085,0.5084745762711864,0.00028784068112765,False
base_macro_gru__fold_12__seed42,bear_high_vol,fold_12,42,base_macro_gru,negative_control_gru,True,checkpoint_robust_score,best_model,4,-0.004514922977393948,0.01306466558724373,0.20739513663642326,,-0.013508837693331666,0.5,0.5,-0.002039921100408275,True
base_macro_gru__fold_12__seed42,unknown,fold_12,42,base_macro_gru,negative_control_gru,True,checkpoint_robust_score,best_model,59,0.0006622047863493083,0.006604023909704157,0.10483562950441007,1.5917833178366694,-0.030753842216768468,9.94915254237288,0.5254237288135594,0.0005890562358164543,False
base_macro_gru__fold_12__seed999,bear_high_vol,fold_12,999,base_macro_gru,negative_control_gru,True,checkpoint_robust_score,checkpoint,4,-0.004857144789987139,0.017647088703392853,0.28013884844084863,,-0.02033546628124039,4.0,0.5,-0.0023821429130014664,True
base_macro_gru__fold_12__seed999,unknown,fold_12,999,base_macro_gru,negative_control_gru,True,checkpoint_robust_score,checkpoint,59,0.00015486396011623831,0.008490019723892548,0.13477488489271766,0.2895622428493037,-0.05174965025319889,9.271186440677965,0.4915254237288136,8.171540958338414e-05,False
base_macro_gru__fold_13__seed123,bull_high_vol,fold_13,123,base_macro_gru,negative_control_gru,True,checkpoint_robust_score,checkpoint,1,0.005775188838819778,0.0,0.0,,0.0,,1.0,0.0018142369596125573,True
base_macro_gru__fold_13__seed123,bull_low_vol,fold_13,123,base_macro_gru,negative_control_gru,True,checkpoint_robust_score,checkpoint,2,-0.009329424389696417,0.0067531830232977486,0.10720345702649493,,-0.016082607412994165,6.0,0.0,-0.000712929889654245,True
base_macro_gru__fold_13__seed123,unknown,fold_13,123,base_macro_gru,negative_control_gru,True,checkpoint_robust_score,checkpoint,59,-0.00034585007836736314,0.009219640672755951,0.14635725838493088,-0.5954895623922742,-0.09618304522917542,12.576271186440678,0.4067796610169492,-0.0002196334472419409,False
base_macro_gru__fold_13__seed42,bull_high_vol,fold_13,42,base_macro_gru,negative_control_gru,True,checkpoint_robust_score,checkpoint,1,0.004305099030838422,0.0,0.0,,0.0,,1.0,0.00034414715163120103,True
base_macro_gru__fold_13__seed42,bull_low_vol,fold_13,42,base_macro_gru,negative_control_gru,True,checkpoint_robust_score,checkpoint,2,-0.013161254306489845,0.004076287355486596,0.06470905569032806,,-0.01723754166197644,1.0,0.0,-0.004544759806447673,True
base_macro_gru__fold_13__seed42,unknown,fold_13,42,base_macro_gru,negative_control_gru,True,checkpoint_robust_score,checkpoint,59,-0.0010843648068150898,0.013041258568458714,0.20702356173259182,-1.319946043969464,-0.14570646858758907,11.033898305084746,0.3898305084745763,-0.0009581481756896676,False
base_macro_gru__fold_13__seed999,bull_high_vol,fold_13,999,base_macro_gru,negative_control_gru,True,checkpoint_robust_score,checkpoint,1,0.0035826497001787416,0.0,0.0,,0.0,,1.0,-0.00037830217902847917,True
base_macro_gru__fold_13__seed999,bull_low_vol,fold_13,999,base_macro_gru,negative_control_gru,True,checkpoint_robust_score,checkpoint,2,-0.00738184855571733,0.009392896940109141,0.14910761636393005,,-0.01677474549582647,0.0,0.5,0.0012346459443248422,True
base_macro_gru__fold_13__seed999,unknown,fold_13,999,base_macro_gru,negative_control_gru,True,checkpoint_robust_score,checkpoint,59,-0.0005910866258230747,0.010674085445219288,0.16944585336662638,-0.879064472502178,-0.12240130267991622,9.338983050847459,0.4915254237288136,-0.00046486999469765234,False
base_macro_gru__fold_14__seed123,bear_high_vol,fold_14,123,base_macro_gru,negative_control_gru,True,checkpoint_robust_score,checkpoint,5,0.0011965365585938858,0.01640897774676441,0.26048444632038975,,-0.03226508174069087,0.0,0.4,0.000344029483370608,True
base_macro_gru__fold_14__seed123,unknown,fold_14,123,base_macro_gru,negative_control_gru,True,checkpoint_robust_score,checkpoint,59,-0.0009515947507498014,0.010364326949138972,0.16452858968391904,-1.4575088600081043,-0.12033594759745003,10.169491525423728,0.4745762711864407,-3.955497953145456e-06,False
base_macro_gru__fold_14__seed42,bear_high_vol,fold_14,42,base_macro_gru,negative_control_gru,True,checkpoint_robust_score,best_model,5,0.00235668801357094,0.0174190577444069,0.2765189691886462,,-0.030450754895928522,5.875,0.4,0.001504180938347662,True
base_macro_gru__fold_14__seed42,unknown,fold_14,42,base_macro_gru,negative_control_gru,True,checkpoint_robust_score,best_model,59,-0.0015540157272309007,0.010580330145117578,0.16795753411764627,-2.33161295990379,-0.1437195671616467,12.940677966101696,0.4406779661016949,-0.0006063764744342447,False
base_macro_gru__fold_14__seed999,bear_high_vol,fold_14,999,base_macro_gru,negative_control_gru,True,checkpoint_robust_score,checkpoint,5,0.002619423687516953,0.018549015869755676,0.2944564983381839,,-0.034102038494604026,0.0,0.6,0.001766916612293675,True
base_macro_gru__fold_14__seed999,unknown,fold_14,999,base_macro_gru,negative_control_gru,True,checkpoint_robust_score,checkpoint,59,-0.001078900683252612,0.011965785695211567,0.18995095914614357,-1.4313324523435453,-0.14886093519994992,13.559322033898304,0.4406779661016949,-0.00013126143045595617,False
base_macro_hmm__fold_01__seed123,bull_low_vol,fold_01,123,base_macro_hmm,negative_control_hmm,True,checkpoint_robust_score,checkpoint,3,0.003690160161532711,0.006037117369497942,0.09583626717239996,,-0.004296605534139464,0.0,0.6666666666666666,-0.00034846345376104,True
base_macro_hmm__fold_01__seed123,unknown,fold_01,123,base_macro_hmm,negative_control_hmm,True,checkpoint_robust_score,checkpoint,59,0.0012380808654086281,0.01113106101019777,0.1767001155676242,1.7656829316762468,-0.052772773627311365,13.59322033898305,0.576271186440678,0.0008888715759446297,False
base_macro_hmm__fold_01__seed42,bull_low_vol,fold_01,42,base_macro_hmm,negative_control_hmm,True,checkpoint_robust_score,checkpoint,3,0.0016607899099503332,0.0038127170941908884,0.060525007504043514,,-0.0037311379982027937,10.0,0.6666666666666666,-0.002377833705343418,True
base_macro_hmm__fold_01__seed42,unknown,fold_01,42,base_macro_hmm,negative_control_hmm,True,checkpoint_robust_score,checkpoint,59,0.0012977650860531201,0.011584438736571258,0.18389726385138502,1.7783668709159168,-0.05747386330771698,19.76271186440678,0.559322033898305,0.0009485557965891216,False
base_macro_hmm__fold_01__seed999,bull_low_vol,fold_01,999,base_macro_hmm,negative_control_hmm,True,checkpoint_robust_score,checkpoint,3,0.0017057932648078349,0.005288599740301171,0.08395391817958606,,-0.005386968840514816,0.0,0.6666666666666666,-0.002332830350485916,True
base_macro_hmm__fold_01__seed999,unknown,fold_01,999,base_macro_hmm,negative_control_hmm,True,checkpoint_robust_score,checkpoint,59,0.001250828847398632,0.010690025573210412,0.1696988950538127,1.8574597639218593,-0.06648895696088797,9.322033898305085,0.6101694915254238,0.0009016195579346335,False
base_macro_hmm__fold_02__seed123,bear_high_vol,fold_02,123,base_macro_hmm,negative_control_hmm,True,checkpoint_robust_score,best_model,4,0.0016118627682148445,0.009705433156229919,0.15406897498527033,,-0.0148577919786812,0.0,0.75,-0.0012248486505729355,True
base_macro_hmm__fold_02__seed123,bull_high_vol,fold_02,123,base_macro_hmm,negative_control_hmm,True,checkpoint_robust_score,best_model,1,-0.0039279378419270206,0.0,0.0,,0.0,,0.0,-0.0007731853285372517,True
base_macro_hmm__fold_02__seed123,unknown,fold_02,123,base_macro_hmm,negative_control_hmm,True,checkpoint_robust_score,best_model,59,2.4678386328190917e-05,0.005452809454968901,0.0865606665868162,0.0718450261524592,-0.027633049587784342,20.28813559322034,0.4745762711864407,-0.00046469257745600576,False
base_macro_hmm__fold_02__seed42,bear_high_vol,fold_02,42,base_macro_hmm,negative_control_hmm,True,checkpoint_robust_score,checkpoint,4,0.0030065566284743495,0.0067058175522227825,0.10645155348332022,,-0.008354678146028083,0.0,0.75,0.0001698452096865694,True
base_macro_hmm__fold_02__seed42,bull_high_vol,fold_02,42,base_macro_hmm,negative_control_hmm,True,checkpoint_robust_score,checkpoint,1,-0.006730675031599187,0.0,0.0,,0.0,,0.0,-0.003575922518209418,True
base_macro_hmm__fold_02__seed42,unknown,fold_02,42,base_macro_hmm,negative_control_hmm,True,checkpoint_robust_score,checkpoint,59,-0.00023347746951068345,0.005370217431263476,0.08524955885680356,-0.6901657100128987,-0.04169294319112671,9.322033898305085,0.4576271186440678,-0.0007228484332948802,False
base_macro_hmm__fold_02__seed999,bear_high_vol,fold_02,999,base_macro_hmm,negative_control_hmm,True,checkpoint_robust_score,checkpoint,4,-0.0003976941740322093,0.007878073393744568,0.12506053806097656,,-0.013578790850039768,0.0,0.5,-0.0032344055928199894,True
base_macro_hmm__fold_02__seed999,bull_high_vol,fold_02,999,base_macro_hmm,negative_control_hmm,True,checkpoint_robust_score,checkpoint,1,-0.004077149237497579,0.0,0.0,,0.0,,0.0,-0.0009223967241078104,True
base_macro_hmm__fold_02__seed999,unknown,fold_02,999,base_macro_hmm,negative_control_hmm,True,checkpoint_robust_score,checkpoint,59,-2.02642854129584e-05,0.005240813790876193,0.08319533974953645,-0.06138084103555776,-0.030119117132262452,18.28813559322034,0.4576271186440678,-0.0005096352491971555,False
base_macro_hmm__fold_03__seed123,bear_low_vol,fold_03,123,base_macro_hmm,negative_control_hmm,True,checkpoint_robust_score,last_model,3,0.0005469451855354412,0.0035670711583678577,0.05662549916347469,,-0.003715882137517501,0.0,0.3333333333333333,0.0003358156876022309,True
base_macro_hmm__fold_03__seed123,unknown,fold_03,123,base_macro_hmm,negative_control_hmm,True,checkpoint_robust_score,last_model,59,0.0006444713040861843,0.004944422294087052,0.07849027060222685,2.069132484620467,-0.036722583713818535,13.305084745762711,0.4745762711864407,-0.0003697361293295662,False
base_macro_hmm__fold_03__seed42,bear_low_vol,fold_03,42,base_macro_hmm,negative_control_hmm,True,checkpoint_robust_score,checkpoint,3,0.0003083636704749315,0.00260922869773367,0.04142022148737728,,-0.002914661408300656,0.0,0.3333333333333333,9.723417254172116e-05,True
base_macro_hmm__fold_03__seed42,unknown,fold_03,42,base_macro_hmm,negative_control_hmm,True,checkpoint_robust_score,checkpoint,59,0.0005530037340103563,0.0048174681050430854,0.07647493532957755,1.822256408194855,-0.03375844617804369,15.305084745762711,0.5084745762711864,-0.00046120369940539393,False
base_macro_hmm__fold_03__seed999,bear_low_vol,fold_03,999,base_macro_hmm,negative_control_hmm,True,checkpoint_robust_score,best_model,3,0.0005227454604969095,0.00283537875433775,0.045010242339922735,,-0.002797899715490715,0.0,0.3333333333333333,0.00031161596256369916,True
base_macro_hmm__fold_03__seed999,unknown,fold_03,999,base_macro_hmm,negative_control_hmm,True,checkpoint_robust_score,best_model,59,0.0006038956125463999,0.004786204822793551,0.07597864610957822,2.0029534896188164,-0.03971513026483231,12.711864406779661,0.4576271186440678,-0.00041031182086935053,False
base_macro_hmm__fold_04__seed123,bull_low_vol,fold_04,123,base_macro_hmm,negative_control_hmm,True,checkpoint_robust_score,checkpoint,5,0.0019062207769640737,0.003149660329060312,0.049999307670116705,,-0.001099427345180315,0.0,0.6,-0.0008137693733075472,True
base_macro_hmm__fold_04__seed123,unknown,fold_04,123,base_macro_hmm,negative_control_hmm,True,checkpoint_robust_score,checkpoint,59,0.0011212978432422025,0.004636096475528138,0.073595749970103,3.8394480199172243,-0.015089535885752348,27.983050847457626,0.6271186440677966,0.0002830277586936956,False
base_macro_hmm__fold_04__seed42,bull_low_vol,fold_04,42,base_macro_hmm,negative_control_hmm,True,checkpoint_robust_score,checkpoint,5,0.0031316946084896102,0.0018273591049200587,0.029008426485768374,,0.0,0.0,1.0,0.00041170445821798915,True
base_macro_hmm__fold_04__seed42,unknown,fold_04,42,base_macro_hmm,negative_control_hmm,True,checkpoint_robust_score,checkpoint,59,0.0011202720606977522,0.004736972308447096,0.07519710417330339,3.7542477519507895,-0.014530688066263009,9.35593220338983,0.6271186440677966,0.0002820019761492453,False
base_macro_hmm__fold_04__seed999,bull_low_vol,fold_04,999,base_macro_hmm,negative_control_hmm,True,checkpoint_robust_score,checkpoint,5,0.003149727538085445,0.0016807197977591639,0.02668059965072113,,0.0,0.0,1.0,0.00042973738781382394,True
base_macro_hmm__fold_04__seed999,unknown,fold_04,999,base_macro_hmm,negative_control_hmm,True,checkpoint_robust_score,checkpoint,59,0.000964318885097003,0.004064618755551554,0.0645238224088695,3.766180458196795,-0.015751875027160356,18.423728813559322,0.6101694915254238,0.00012604880054849593,False
base_macro_hmm__fold_05__seed123,bear_high_vol,fold_05,123,base_macro_hmm,negative_control_hmm,True,checkpoint_robust_score,checkpoint,1,0.01252849368776432,0.0,0.0,,0.0,,1.0,-0.002791447423696301,True
base_macro_hmm__fold_05__seed123,bear_low_vol,fold_05,123,base_macro_hmm,negative_control_hmm,True,checkpoint_robust_score,checkpoint,1,-0.019603859666053047,0.0,0.0,,0.0,0.0,0.0,0.0029843619602389487,True
base_macro_hmm__fold_05__seed123,unknown,fold_05,123,base_macro_hmm,negative_control_hmm,True,checkpoint_robust_score,checkpoint,59,-0.0007414891839513288,0.013201859304263526,0.20957301937647294,-0.8915998581862853,-0.10403536708622962,16.677966101694917,0.5254237288135594,-0.0006898496281769845,False
base_macro_hmm__fold_05__seed42,bear_high_vol,fold_05,42,base_macro_hmm,negative_control_hmm,True,checkpoint_robust_score,checkpoint,1,0.01408327074741833,0.0,0.0,,0.0,,1.0,-0.0012366703640422898,True
base_macro_hmm__fold_05__seed42,bear_low_vol,fold_05,42,base_macro_hmm,negative_control_hmm,True,checkpoint_robust_score,checkpoint,1,-0.021704443973365017,0.0,0.0,,0.0,0.0,0.0,0.0008837776529269786,True
base_macro_hmm__fold_05__seed42,unknown,fold_05,42,base_macro_hmm,negative_control_hmm,True,checkpoint_robust_score,checkpoint,59,-0.0005488948782260939,0.013425716865129805,0.21312664798739503,-0.6490108610029679,-0.103905353076863,10.169491525423728,0.5254237288135594,-0.0004972553224517494,False
base_macro_hmm__fold_05__seed999,bear_high_vol,fold_05,999,base_macro_hmm,negative_control_hmm,True,checkpoint_robust_score,best_model,1,0.01706103721539498,0.0,0.0,,0.0,,1.0,0.0017410961039343604,True
base_macro_hmm__fold_05__seed999,bear_low_vol,fold_05,999,base_macro_hmm,negative_control_hmm,True,checkpoint_robust_score,best_model,1,-0.017088754202824186,0.0,0.0,,0.0,0.0,0.0,0.00549946742346781,True
base_macro_hmm__fold_05__seed999,unknown,fold_05,999,base_macro_hmm,negative_control_hmm,True,checkpoint_robust_score,best_model,59,-0.0007524786450058763,0.013191305736961053,0.2094054866893114,-0.9055379662655219,-0.11435259979277645,11.864406779661017,0.5084745762711864,-0.0007008390892315318,False
base_macro_hmm__fold_06__seed123,bull_low_vol,fold_06,123,base_macro_hmm,negative_control_hmm,True,checkpoint_robust_score,best_model,5,0.0012602944607107646,0.0037322245107850576,0.0592472273555818,,-0.004117452833408364,0.5,0.6,-0.0011868987970093587,True
base_macro_hmm__fold_06__seed123,unknown,fold_06,123,base_macro_hmm,negative_control_hmm,True,checkpoint_robust_score,best_model,59,0.0012091237789929599,0.004898728424747434,0.0777649029139494,3.918209640708871,-0.01974661138535916,11.788135593220339,0.6101694915254238,-0.00046932395997930385,False
base_macro_hmm__fold_06__seed42,bull_low_vol,fold_06,42,base_macro_hmm,negative_control_hmm,True,checkpoint_robust_score,checkpoint,5,0.002113136706236296,0.0027978688449650287,0.04441479098851798,,-0.0014688897757724195,0.0,0.6,-0.00033405655148382736,True
base_macro_hmm__fold_06__seed42,unknown,fold_06,42,base_macro_hmm,negative_control_hmm,True,checkpoint_robust_score,checkpoint,59,0.001051798471334529,0.0044047358719599364,0.06992301424878741,3.790643432979548,-0.018320203778547928,9.322033898305085,0.6101694915254238,-0.0006266492676377347,False
base_macro_hmm__fold_06__seed999,bull_low_vol,fold_06,999,base_macro_hmm,negative_control_hmm,True,checkpoint_robust_score,last_model,5,0.002846990027774088,0.00230821005131781,0.03664169861691937,,-0.0010409128053786576,0.0,0.8,0.00039979677005396445,True
base_macro_hmm__fold_06__seed999,unknown,fold_06,999,base_macro_hmm,negative_control_hmm,True,checkpoint_robust_score,last_model,59,0.0016080482775517842,0.005217932889663058,0.0828321167032385,4.892162389074941,-0.019035970962659743,13.59322033898305,0.6101694915254238,-7.039946142047954e-05,False
base_macro_hmm__fold_07__seed123,bull_high_vol,fold_07,123,base_macro_hmm,negative_control_hmm,True,checkpoint_robust_score,checkpoint,3,0.002520743384281395,0.004625165626813398,0.07342222812619456,,-0.002919919766311896,0.0,0.6666666666666666,-0.0017272373783943282,True
base_macro_hmm__fold_07__seed123,unknown,fold_07,123,base_macro_hmm,negative_control_hmm,True,checkpoint_robust_score,checkpoint,59,0.0011793956666049034,0.006208953250258765,0.09856407721326527,3.0153755443919064,-0.027996817086621606,11.864406779661017,0.6101694915254238,-0.0012760051273561816,False
base_macro_hmm__fold_07__seed42,bull_high_vol,fold_07,42,base_macro_hmm,negative_control_hmm,True,checkpoint_robust_score,last_model,3,0.004041647466604552,0.005515421208469763,0.08755459736029395,,-0.0009357933125505591,0.0,0.6666666666666666,-0.00020633329607117152,True
base_macro_hmm__fold_07__seed42,unknown,fold_07,42,base_macro_hmm,negative_control_hmm,True,checkpoint_robust_score,last_model,59,0.0011977050381633274,0.006271246301225086,0.09955294874085142,3.031770263308197,-0.024297041212511084,11.016949152542374,0.5932203389830508,-0.0012576957557977576,False
base_macro_hmm__fold_07__seed999,bull_high_vol,fold_07,999,base_macro_hmm,negative_control_hmm,True,checkpoint_robust_score,checkpoint,3,0.0032409587740071335,0.0055699647844893296,0.08842044978687746,,-0.0027430113621254026,0.0,0.6666666666666666,-0.0010070219886685894,True
base_macro_hmm__fold_07__seed999,unknown,fold_07,999,base_macro_hmm,negative_control_hmm,True,checkpoint_robust_score,checkpoint,59,0.0014922005145268393,0.007124892282933119,0.1131041585925857,3.3246746568822774,-0.0375619808972909,13.559322033898304,0.576271186440678,-0.0009632002794342458,False
base_macro_hmm__fold_08__seed123,bear_low_vol,fold_08,123,base_macro_hmm,negative_control_hmm,True,checkpoint_robust_score,checkpoint,1,0.005138732992182371,0.0,0.0,,0.0,,1.0,-0.0009133180592043981,True
base_macro_hmm__fold_08__seed123,bull_low_vol,fold_08,123,base_macro_hmm,negative_control_hmm,True,checkpoint_robust_score,checkpoint,4,-0.007321902217406057,0.009220755457879483,0.14637495505014375,,-0.03116793285349051,0.0,0.25,2.05435037057745e-05,True
base_macro_hmm__fold_08__seed123,unknown,fold_08,123,base_macro_hmm,negative_control_hmm,True,checkpoint_robust_score,checkpoint,59,0.0002263578585056564,0.010608803491215561,0.16840953447426107,0.3387111099231943,-0.06776871339184265,11.016949152542374,0.5423728813559322,0.00019485841187856235,False
base_macro_hmm__fold_08__seed42,bear_low_vol,fold_08,42,base_macro_hmm,negative_control_hmm,True,checkpoint_robust_score,checkpoint,1,0.0037931713653054366,0.0,0.0,,0.0,,1.0,-0.0022588796860813325,True
base_macro_hmm__fold_08__seed42,bull_low_vol,fold_08,42,base_macro_hmm,negative_control_hmm,True,checkpoint_robust_score,checkpoint,4,-0.007285276028872745,0.008265854193205843,0.13121636741245862,,-0.029438417892066582,0.0,0.25,5.71696922390864e-05,True
base_macro_hmm__fold_08__seed42,unknown,fold_08,42,base_macro_hmm,negative_control_hmm,True,checkpoint_robust_score,checkpoint,59,-0.00087666363781704,0.009907460347197979,0.15727605721751697,-1.4046590475265852,-0.09665237668261173,13.067796610169491,0.4576271186440678,-0.0009081630844441341,False
base_macro_hmm__fold_08__seed999,bear_low_vol,fold_08,999,base_macro_hmm,negative_control_hmm,True,checkpoint_robust_score,best_model,1,0.0016955124932640508,0.0,0.0,,0.0,,1.0,-0.004356538558122718,True
base_macro_hmm__fold_08__seed999,bull_low_vol,fold_08,999,base_macro_hmm,negative_control_hmm,True,checkpoint_robust_score,best_model,4,-0.005302877930006361,0.008738396585219632,0.1387177453316831,,-0.02515217941722936,0.0,0.25,0.00203956779110547,True
base_macro_hmm__fold_08__seed999,unknown,fold_08,999,base_macro_hmm,negative_control_hmm,True,checkpoint_robust_score,best_model,59,-0.0005671566884666396,0.009612529279067951,0.1525941716564448,-0.9366247998997992,-0.06919381735285135,9.35593220338983,0.5084745762711864,-0.0005986561350937335,False
base_macro_hmm__fold_09__seed123,bear_high_vol,fold_09,123,base_macro_hmm,negative_control_hmm,True,checkpoint_robust_score,checkpoint,4,-0.010059905412880321,0.027439458797444964,0.435587904529457,,-0.03634950101622447,0.0,0.25,0.0019176724686182723,True
base_macro_hmm__fold_09__seed123,unknown,fold_09,123,base_macro_hmm,negative_control_hmm,True,checkpoint_robust_score,checkpoint,59,-0.0027655036648303664,0.03519683397876428,0.55873241786783,-1.2472999619329552,-0.2919894600202535,12.135593220338983,0.3898305084745763,-0.0003183538631597391,False
base_macro_hmm__fold_09__seed42,bear_high_vol,fold_09,42,base_macro_hmm,negative_control_hmm,True,checkpoint_robust_score,checkpoint,4,-0.012966813288733614,0.026937602058040754,0.4276211757719853,,-0.03835729629051565,0.0,0.25,-0.0009892354072350206,True
base_macro_hmm__fold_09__seed42,unknown,fold_09,42,base_macro_hmm,negative_control_hmm,True,checkpoint_robust_score,checkpoint,59,-0.0028632988304971496,0.038957924142008785,0.6184378732504476,-1.1667320785075472,-0.35235743610177017,11.11864406779661,0.423728813559322,-0.00041614902882652183,False
base_macro_hmm__fold_09__seed999,bear_high_vol,fold_09,999,base_macro_hmm,negative_control_hmm,True,checkpoint_robust_score,best_model,4,-0.006254229886829277,0.02482936472571564,0.3941539456557783,,-0.03164298683275868,0.0,0.25,0.005723347994669317,True
base_macro_hmm__fold_09__seed999,unknown,fold_09,999,base_macro_hmm,negative_control_hmm,True,checkpoint_robust_score,best_model,59,-0.002385669240339832,0.034312194309456784,0.5446891984784896,-1.1037278694803772,-0.29181502630629896,12.40677966101695,0.3898305084745763,6.148056133079593e-05,False
base_macro_hmm__fold_10__seed123,bear_high_vol,fold_10,123,base_macro_hmm,negative_control_hmm,True,checkpoint_robust_score,checkpoint,5,0.004180650428755506,0.012066958748519565,0.19155703157674783,,-0.011035404654579528,0.875,0.6,0.0009166946427619724,True
base_macro_hmm__fold_10__seed123,unknown,fold_10,123,base_macro_hmm,negative_control_hmm,True,checkpoint_robust_score,checkpoint,59,0.0004942333877234412,0.012472401141751478,0.19799323003747482,0.6290458198127977,-0.11380322507430052,12.220338983050848,0.5254237288135594,-0.00042501397147243604,False
base_macro_hmm__fold_10__seed42,bear_high_vol,fold_10,42,base_macro_hmm,negative_control_hmm,True,checkpoint_robust_score,checkpoint,5,0.004858145038165618,0.010086416551846005,0.16011689889594094,,-0.010299467072377388,0.0,0.6,0.0015941892521720842,True
base_macro_hmm__fold_10__seed42,unknown,fold_10,42,base_macro_hmm,negative_control_hmm,True,checkpoint_robust_score,checkpoint,59,0.00024222217932868658,0.010307518964418564,0.1636267908836013,0.3730439792970753,-0.08109350731585974,7.627118644067797,0.4745762711864407,-0.0006770251798671905,False
base_macro_hmm__fold_10__seed999,bear_high_vol,fold_10,999,base_macro_hmm,negative_control_hmm,True,checkpoint_robust_score,checkpoint,5,0.003455107676869562,0.009996240579780507,0.15868539971802803,,-0.011439966233082077,0.875,0.6,0.00019115189087602868,True
base_macro_hmm__fold_10__seed999,unknown,fold_10,999,base_macro_hmm,negative_control_hmm,True,checkpoint_robust_score,checkpoint,59,0.00044086637757790134,0.010523947722347717,0.1670624909038601,0.6650105990192926,-0.0862703065198498,13.0,0.5254237288135594,-0.0004783809816179757,False
base_macro_hmm__fold_11__seed123,bull_low_vol,fold_11,123,base_macro_hmm,negative_control_hmm,True,checkpoint_robust_score,checkpoint,3,-0.001942671406103269,0.003418980170809047,0.05427462761653124,,-0.004800701218321213,0.0,0.3333333333333333,-0.0014354055201323609,True
base_macro_hmm__fold_11__seed123,unknown,fold_11,123,base_macro_hmm,negative_control_hmm,True,checkpoint_robust_score,checkpoint,59,0.0012532913210824,0.008209437482694983,0.13032077989765828,2.4234770016016456,-0.04421256870409207,11.016949152542374,0.559322033898305,-0.000157251606760636,False
base_macro_hmm__fold_11__seed42,bull_low_vol,fold_11,42,base_macro_hmm,negative_control_hmm,True,checkpoint_robust_score,checkpoint,3,-0.000371126949666752,0.005653753239119216,0.08975055026901205,,-0.005514826643277293,1.25,0.3333333333333333,0.00013613893630415623,True
base_macro_hmm__fold_11__seed42,unknown,fold_11,42,base_macro_hmm,negative_control_hmm,True,checkpoint_robust_score,checkpoint,59,0.0016418871088344866,0.009836177628163714,0.15614447913347004,2.649825044871541,-0.04143942159436198,20.627118644067796,0.576271186440678,0.00023134418099145078,False
base_macro_hmm__fold_11__seed999,bull_low_vol,fold_11,999,base_macro_hmm,negative_control_hmm,True,checkpoint_robust_score,checkpoint,3,0.0022853094668664475,0.0034538799197625773,0.054828643955829016,,-0.0018547806093200947,0.0,0.6666666666666666,0.0027925753528373564,True
base_macro_hmm__fold_11__seed999,unknown,fold_11,999,base_macro_hmm,negative_control_hmm,True,checkpoint_robust_score,checkpoint,59,0.0019966871580873275,0.010230526297241294,0.16240457018284157,3.098220470467814,-0.04013396849246875,11.864406779661017,0.6440677966101694,0.0005861442302442914,False
base_macro_hmm__fold_12__seed123,bear_high_vol,fold_12,123,base_macro_hmm,negative_control_hmm,True,checkpoint_robust_score,checkpoint,4,-0.005730051162377986,0.013002397535990399,0.2064066619669776,,-0.016690535724902644,0.0,0.5,-0.003255049285392313,True
base_macro_hmm__fold_12__seed123,unknown,fold_12,123,base_macro_hmm,negative_control_hmm,True,checkpoint_robust_score,checkpoint,59,0.00022791272461541624,0.007379236480371136,0.11714174755558554,0.49029494438634347,-0.04699264183576868,11.016949152542374,0.4915254237288136,0.00015476417408256214,False
base_macro_hmm__fold_12__seed42,bear_high_vol,fold_12,42,base_macro_hmm,negative_control_hmm,True,checkpoint_robust_score,checkpoint,4,-0.0045463525624300505,0.013629115421111905,0.21635549996434472,,-0.016247366875142166,2.0,0.5,-0.0020713506854443775,True
base_macro_hmm__fold_12__seed42,unknown,fold_12,42,base_macro_hmm,negative_control_hmm,True,checkpoint_robust_score,checkpoint,59,1.571294533321672e-05,0.007580451294350518,0.12033593370293494,0.03290506918528226,-0.046623161638222776,17.720338983050848,0.4915254237288136,-5.743560519963747e-05,False
base_macro_hmm__fold_12__seed999,bear_high_vol,fold_12,999,base_macro_hmm,negative_control_hmm,True,checkpoint_robust_score,checkpoint,4,-0.003741395492476568,0.013692814133139228,0.2173666856695012,,-0.01356181928279554,0.0,0.5,-0.001266393615490895,True
base_macro_hmm__fold_12__seed999,unknown,fold_12,999,base_macro_hmm,negative_control_hmm,True,checkpoint_robust_score,checkpoint,59,0.0003157343443808136,0.008039851915960017,0.12762869248449826,0.6234104043150719,-0.04774328816098328,14.40677966101695,0.4915254237288136,0.0002425857938479595,False
base_macro_hmm__fold_13__seed123,bull_high_vol,fold_13,123,base_macro_hmm,negative_control_hmm,True,checkpoint_robust_score,best_model,1,0.003151548325744269,0.0,0.0,,0.0,,1.0,-0.0008094035534629519,True
base_macro_hmm__fold_13__seed123,bull_low_vol,fold_13,123,base_macro_hmm,negative_control_hmm,True,checkpoint_robust_score,best_model,2,-0.00973223151032998,0.008615579388430383,0.1367680827751245,,-0.018347810898760364,0.0,0.0,-0.0011157370102878087,True
base_macro_hmm__fold_13__seed123,unknown,fold_13,123,base_macro_hmm,negative_control_hmm,True,checkpoint_robust_score,best_model,59,-0.0005468503966020327,0.011960046120268483,0.18985984621855986,-0.7258317263413063,-0.11750389862484734,13.559322033898304,0.4745762711864407,-0.0004206337654766104,False
base_macro_hmm__fold_13__seed42,bull_high_vol,fold_13,42,base_macro_hmm,negative_control_hmm,True,checkpoint_robust_score,best_model,1,0.004163628144632003,0.0,0.0,,0.0,,1.0,0.00020267626542478257,True
base_macro_hmm__fold_13__seed42,bull_low_vol,fold_13,42,base_macro_hmm,negative_control_hmm,True,checkpoint_robust_score,best_model,2,-0.004933772525374358,0.009275527091385516,0.14724442777709015,,-0.014209299616759874,0.0,0.5,0.003682721974667814,True
base_macro_hmm__fold_13__seed42,unknown,fold_13,42,base_macro_hmm,negative_control_hmm,True,checkpoint_robust_score,best_model,59,0.00013368910363292514,0.009460777041596822,0.15018517956896743,0.22432076328827313,-0.07506207502771378,10.169491525423728,0.4406779661016949,0.00025990573475834753,False
base_macro_hmm__fold_13__seed999,bull_high_vol,fold_13,999,base_macro_hmm,negative_control_hmm,True,checkpoint_robust_score,best_model,1,0.006367472824399423,0.0,0.0,,0.0,,1.0,0.002406520945192202,True
base_macro_hmm__fold_13__seed999,bull_low_vol,fold_13,999,base_macro_hmm,negative_control_hmm,True,checkpoint_robust_score,best_model,2,-0.008850306122361207,0.00821951626864098,0.13048077566444163,,-0.017069822391002187,0.0,0.0,-0.00023381162231903485,True
base_macro_hmm__fold_13__seed999,unknown,fold_13,999,base_macro_hmm,negative_control_hmm,True,checkpoint_robust_score,best_model,59,-0.0006405632155290869,0.010582938368505958,0.1679989383803424,-0.96085089506862,-0.11208069170455903,10.169491525423728,0.4576271186440678,-0.0005143465844036646,False
base_macro_hmm__fold_14__seed123,bear_high_vol,fold_14,123,base_macro_hmm,negative_control_hmm,True,checkpoint_robust_score,checkpoint,5,0.0010062567237864694,0.01578682773577685,0.2506081210768947,,-0.02672548165840427,0.0,0.4,0.0001537496485631916,True
base_macro_hmm__fold_14__seed123,unknown,fold_14,123,base_macro_hmm,negative_control_hmm,True,checkpoint_robust_score,checkpoint,59,-0.0010134590324415381,0.009577021325530916,0.1520305003687018,-1.6798713123741358,-0.12115386048528987,13.559322033898304,0.4915254237288136,-6.581977964488224e-05,False
base_macro_hmm__fold_14__seed42,bear_high_vol,fold_14,42,base_macro_hmm,negative_control_hmm,True,checkpoint_robust_score,checkpoint,5,-0.00020781800584861453,0.016213396879164583,0.2573796962991614,,-0.032149538609543726,0.0,0.4,-0.0010603250810718925,True
base_macro_hmm__fold_14__seed42,unknown,fold_14,42,base_macro_hmm,negative_control_hmm,True,checkpoint_robust_score,checkpoint,59,-0.001038854660110561,0.011499520493634436,0.18254922853588462,-1.4340864458728715,-0.13034778158970795,9.338983050847459,0.4406779661016949,-9.121540731390495e-05,False
base_macro_hmm__fold_14__seed999,bear_high_vol,fold_14,999,base_macro_hmm,negative_control_hmm,True,checkpoint_robust_score,checkpoint,5,0.0022105259931399336,0.01801528543867171,0.28598379041141103,,-0.03153457402165505,0.0,0.4,0.0013580189179166556,True
base_macro_hmm__fold_14__seed999,unknown,fold_14,999,base_macro_hmm,negative_control_hmm,True,checkpoint_robust_score,checkpoint,59,-0.0009490198448507968,0.011998549968417928,0.19047107585889442,-1.2555869694334647,-0.14779812576206142,11.864406779661017,0.4915254237288136,-1.3805920541408317e-06,False
