run_key,model_name,feature_set,feature_family,is_negative_control,feature_set_description,fold_id,seed,n_features,generalization_ratio,retention_ratio,selected_artifact_type,selection_rule,checkpoint_selection_rule,train_sharpe,train_return_pct,train_max_drawdown,train_turnover,validation_sharpe,validation_return_pct,validation_max_drawdown,validation_turnover,test_sharpe,test_return_pct,test_max_drawdown,test_turnover,robust_selection_score,selected_artifact_score
base__fold_01__seed42,custom_custom,base,technical_base,False,"Prices, returns, and baseline technical risk features.",fold_01,42,9,3.0521428450929844,0.5234549114944643,checkpoint,checkpoint_robust_score,checkpoint_robust_score,0.8042052419300443,87.74803371580524,-0.15183429862159648,0.6453851492019431,2.4545492751430573,9.240472432153135,-0.038639675391041295,13.03225806451613,1.2848458735788106,5.1164358552156175,-0.08183670689578271,13.098360655737705,2.2897019885361365,2.2897019885361365
base__fold_01__seed123,custom_custom,base,technical_base,False,"Prices, returns, and baseline technical risk features.",fold_01,123,9,2.302029436407099,1.0957031647980362,best_model,checkpoint_robust_score,checkpoint_robust_score,0.8488260102213642,104.17320277569763,-0.1735531398783121,0.45107564191533656,1.9540224619175734,7.013443754450188,-0.04315987286229217,10.483870967741936,2.1410285956095354,9.458451568983461,-0.06353920530439905,10.655737704918034,1.8444044708930587,1.8444044708930587
base__fold_01__seed999,custom_custom,base,technical_base,False,"Prices, returns, and baseline technical risk features.",fold_01,999,9,2.1411334685810792,0.9970279961797256,checkpoint,checkpoint_robust_score,checkpoint_robust_score,1.0034933812973248,119.91908268406463,-0.15578624151041487,0.5551700208188758,2.1486132641952964,7.918104251944746,-0.03811337617254029,12.903225806451612,2.1422275773658157,8.191041631993045,-0.048194871759243085,13.114754098360656,1.8482453912445496,1.8482453912445496
base__fold_02__seed42,custom_custom,base,technical_base,False,"Prices, returns, and baseline technical risk features.",fold_02,42,9,1.175299766626629,-0.8090519630290903,checkpoint,checkpoint_robust_score,checkpoint_robust_score,1.0674184193721274,169.18090292594647,-0.18279228823241567,0.45431309904153355,1.2545366191810265,3.409698993580479,-0.039403036672134406,7.8125,-1.0149853144402878,-2.3031286557826935,-0.046161302795990844,7.936507936507937,1.2058348639000185,1.2058348639000185
base__fold_02__seed123,custom_custom,base,technical_base,False,"Prices, returns, and baseline technical risk features.",fold_02,123,9,0.6625839362475001,-1.0091452771162774,checkpoint,checkpoint_robust_score,checkpoint_robust_score,1.0740442746138164,158.48149678642122,-0.16277606723951077,0.7041533546325879,0.7116444831777134,1.8616614529625153,-0.03929495423711549,13.578125,-0.7181526691846436,-1.7211117453540425,-0.04875948647317796,13.634920634920634,0.1338731884379909,0.1338731884379909
base__fold_02__seed999,custom_custom,base,technical_base,False,"Prices, returns, and baseline technical risk features.",fold_02,999,9,0.8023329940146412,-0.03472346545123074,checkpoint,checkpoint_robust_score,checkpoint_robust_score,0.976583814573886,140.21141966527782,-0.184880698840179,3.198083067092652,0.7835454158533052,2.0323039036294954,-0.0361094176665292,28.921875,-0.027207412176852467,-0.15460953785663145,-0.0400691807596002,29.238095238095237,-0.4529061675604268,-0.4529061675604268
base__fold_03__seed42,custom_custom,base,technical_base,False,"Prices, returns, and baseline technical risk features.",fold_03,42,9,6.403433147478502,0.39617931727796535,checkpoint,checkpoint_robust_score,checkpoint_robust_score,0.7462213860821061,107.71075648263668,-0.21967144139817119,0.26580035440047256,4.778378758995511,11.278537984789661,-0.022817110448939748,7.258064516129032,1.8930948344343728,3.7492728590675872,-0.037599051175479126,7.377049180327869,5.243140343241949,5.243140343241949
base__fold_03__seed123,custom_custom,base,technical_base,False,"Prices, returns, and baseline technical risk features.",fold_03,123,9,6.102443776092617,0.34350806459950317,checkpoint,checkpoint_robust_score,checkpoint_robust_score,0.860556764768193,139.79400656899458,-0.1897214099849528,0.6101594802126403,5.2514992731340575,16.025328573159815,-0.02534253487538074,12.580645161290322,1.8039323515599779,3.7423435323915566,-0.03965789965104827,12.540983606557377,5.2189582052863654,5.2189582052863654
base__fold_03__seed999,custom_custom,base,technical_base,False,"Prices, returns, and baseline technical risk features.",fold_03,999,9,5.76964069601296,0.36542965517146503,best_model,checkpoint_robust_score,checkpoint_robust_score,0.8538520140327097,126.04891325189396,-0.17645955575211292,0.32486709982279977,4.926419328535751,9.397086500010477,-0.012300324919951366,8.870967741935484,1.8002597164568597,3.002633126435117,-0.027303328354185807,9.01639344262295,5.075616592475454,5.075616592475454
base__fold_04__seed42,custom_custom,base,technical_base,False,"Prices, returns, and baseline technical risk features.",fold_04,42,9,3.3704538124934094,0.5266932608560052,checkpoint,checkpoint_robust_score,checkpoint_robust_score,1.1369672951044187,188.2172117174453,-0.13894827454181113,0.3577325261419923,3.832095754465007,5.795696241288351,-0.012995427089867118,10.317460317460318,2.018339008831628,3.0596585526649234,-0.015607824612897114,10.317460317460318,3.551287069479492,3.551287069479492
base__fold_04__seed123,custom_custom,base,technical_base,False,"Prices, returns, and baseline technical risk features.",fold_04,123,9,4.34218045598267,1.2085471822161504,checkpoint,checkpoint_robust_score,checkpoint_robust_score,1.0236953905182524,206.20439075002332,-0.1962014589687191,0.5575123830489819,4.445070117587903,8.40964312634842,-0.016104855925019868,11.11111111111111,5.372076965364073,10.636915795837032,-0.01798802878582806,11.11111111111111,4.210186081559403,4.210186081559403
base__fold_04__seed999,custom_custom,base,technical_base,False,"Prices, returns, and baseline technical risk features.",fold_04,999,9,4.332125839402459,0.9946028541576856,best_model,checkpoint_robust_score,checkpoint_robust_score,1.0695173585432487,189.7917074340438,-0.17749818727662992,0.593285635663181,4.633283784634672,7.757708288925724,-0.014328757856384211,15.253968253968255,4.608277276320169,7.937145518267852,-0.01420158700517149,14.380952380952381,4.138078290809484,4.138078290809484
base__fold_05__seed42,custom_custom,base,technical_base,False,"Prices, returns, and baseline technical risk features.",fold_05,42,9,7.946590709714048,-0.11164483176705514,checkpoint,checkpoint_robust_score,checkpoint_robust_score,1.0087123800010838,187.15344972194129,-0.15951029898805602,0.44084362139917693,8.01582442769016,11.820770603435538,-0.007009948884444839,12.14516129032258,-0.8949253697037188,-5.127599900473568,-0.10485503641514848,12.65,7.736682899994326,7.736682899994326
base__fold_05__seed123,custom_custom,base,technical_base,False,"Prices, returns, and baseline technical risk features.",fold_05,123,9,6.178636932537639,-0.17115083074807605,checkpoint,checkpoint_robust_score,checkpoint_robust_score,1.1049675444137892,194.4296260910654,-0.1468958861665034,0.5473251028806584,6.827193279170462,11.762982022911284,-0.010794171890693316,16.35483870967742,-1.168479801407706,-6.218679207960454,-0.12408027225315932,15.258333333333333,6.168115845720861,6.168115845720861
base__fold_05__seed999,custom_custom,base,technical_base,False,"Prices, returns, and baseline technical risk features.",fold_05,999,9,6.25401465816137,-0.147789631978412,checkpoint,checkpoint_robust_score,checkpoint_robust_score,1.1042487401089944,205.491597395802,-0.16437407320809538,0.7119341563786008,6.905987806897876,10.873041958942608,-0.007237772788501351,17.225806451612904,-1.0206333964288377,-5.397017221453437,-0.11600832900524538,17.466666666666665,6.202270164018752,6.202270164018752
base__fold_06__seed42,custom_custom,base,technical_base,False,"Prices, returns, and baseline technical risk features.",fold_06,42,9,1.0816908904034401,3.786762371396174,checkpoint,checkpoint_robust_score,checkpoint_robust_score,1.083165008793611,230.32957764731154,-0.14436977876922608,0.3141614306428226,1.1716497228158114,3.753858325544712,-0.04698455702235438,10.317460317460318,4.436759082815672,9.3056555068451,-0.020667841611363924,10.317460317460318,0.9987004129739939,0.9987004129739939
base__fold_06__seed123,custom_custom,base,technical_base,False,"Prices, returns, and baseline technical risk features.",fold_06,123,9,1.4222519111983833,2.202853724977806,checkpoint,checkpoint_robust_score,checkpoint_robust_score,1.183302179341315,286.92561406948596,-0.18297386720607234,0.5906234896085065,1.6829537860933974,5.791265839415138,-0.043612214337143906,18.365079365079364,3.707301016661342,8.426444980579163,-0.023676916137288173,17.825396825396826,1.0832487029619204,1.0832487029619204
base__fold_06__seed999,custom_custom,base,technical_base,False,"Prices, returns, and baseline technical risk features.",fold_06,999,9,2.2135381745151714,2.2953488110101485,checkpoint,checkpoint_robust_score,checkpoint_robust_score,1.004624624061215,185.02729087627336,-0.1473319841609697,0.4514258095698405,2.2237749564174525,5.417544553900533,-0.02522925925767161,8.73015873015873,5.104339202166945,8.778242508916435,-0.014202997373559567,8.73015873015873,2.132779838739376,2.132779838739376
base__fold_07__seed42,custom_custom,base,technical_base,False,"Prices, returns, and baseline technical risk features.",fold_07,42,9,-0.575957816005314,-5.722789328232195,checkpoint,checkpoint_robust_score,checkpoint_robust_score,1.1099920166211237,218.51361183994388,-0.141090020318559,0.273224043715847,-0.6393085776764367,-3.7739132170151124,-0.12902169546049147,9.836065573770492,3.6586283057740148,8.678833471817748,-0.022861779035203256,9.836065573770492,-1.9578544695170166,-1.9578544695170166
base__fold_07__seed123,custom_custom,base,technical_base,False,"Prices, returns, and baseline technical risk features.",fold_07,123,9,-1.1710083637527184,-1.69469151076493,checkpoint,checkpoint_robust_score,checkpoint_robust_score,1.3966090500518924,431.0132021162235,-0.1558562612188904,0.273224043715847,-1.635440878503505,-10.543188977953344,-0.1631947309360291,10.229508196721312,2.7715677731578294,8.310239333262427,-0.04871447467001677,10.508196721311476,-3.6343061637410132,-3.6343061637410132
base__fold_07__seed999,custom_custom,base,technical_base,False,"Prices, returns, and baseline technical risk features.",fold_07,999,9,-1.3547825446501218,-2.0800066314017025,best_model,checkpoint_robust_score,checkpoint_robust_score,1.0017798464541487,231.60917614699218,-0.18254386612555684,0.33970856102003644,-1.35719384955836,-8.784467308291255,-0.1468902026090655,8.344262295081966,2.822972207178993,7.343054461096976,-0.03115469353300493,8.672131147540984,-3.0889106688052856,-3.0889106688052856
base__fold_08__seed42,custom_custom,base,technical_base,False,"Prices, returns, and baseline technical risk features.",fold_08,42,9,1.6580615607859541,-0.9160835107181969,checkpoint,checkpoint_robust_score,checkpoint_robust_score,0.8089784590656178,170.63065979745687,-0.1896524490228617,0.5325571366968521,1.3413360864805544,3.6255896291397027,-0.0643929705609696,9.523809523809524,-1.2287758711561132,-4.779840890838605,-0.06998482614434476,9.523809523809524,1.2527026899138374,1.2527026899138374
base__fold_08__seed123,custom_custom,base,technical_base,False,"Prices, returns, and baseline technical risk features.",fold_08,123,9,0.9400034420511603,-0.276374610869024,checkpoint,checkpoint_robust_score,checkpoint_robust_score,1.0701884013332625,283.9037210631246,-0.1843617031209135,0.38809831824062097,1.0059807808964953,2.9436356287399157,-0.06024667334521394,14.285714285714286,-0.2780275468619858,-1.3490636209365747,-0.07014506218568684,14.285714285714286,0.592198936841297,0.592198936841297
base__fold_08__seed999,custom_custom,base,technical_base,False,"Prices, returns, and baseline technical risk features.",fold_08,999,9,2.1917200770793044,-0.4917576064486001,best_model,checkpoint_robust_score,checkpoint_robust_score,1.090815185204808,262.2050385722716,-0.1617781326908846,1.1285036653730056,2.3907615417963575,5.75418904724998,-0.033453766884179115,18.666666666666668,-1.1756751733831416,-4.084407840684124,-0.05639980019694679,22.03174603174603,1.7662036339453202,1.7662036339453202
base__fold_09__seed42,custom_custom,base,technical_base,False,"Prices, returns, and baseline technical risk features.",fold_09,42,9,5.708452372732994,-0.21880467179366142,best_model,checkpoint_robust_score,checkpoint_robust_score,1.1018045209450755,331.80758606852515,-0.14819232217206768,0.33060890886800165,6.289598631876856,13.534571735330235,-0.01345795693420615,11.290322580645162,-1.3761935643616774,-22.612774126229862,-0.32788112871085706,11.290322580645162,5.905967098781603,5.905967098781603
base__fold_09__seed123,custom_custom,base,technical_base,False,"Prices, returns, and baseline technical risk features.",fold_09,123,9,5.853042883954649,-0.19858582667911942,best_model,checkpoint_robust_score,checkpoint_robust_score,1.0165264762511348,283.1581812706857,-0.18179220135347907,0.2656313853698406,5.949773058173199,14.760307159254848,-0.019081178777552665,10.846774193548388,-1.1815406013104772,-20.008587183220317,-0.3336319001035817,11.209677419354838,5.72745493632943,5.72745493632943
base__fold_09__seed999,custom_custom,base,technical_base,False,"Prices, returns, and baseline technical risk features.",fold_09,999,9,4.122182191904107,-0.24412783114338527,best_model,checkpoint_robust_score,checkpoint_robust_score,1.2507814265538622,384.03681147602214,-0.150378913247031,1.0277891295463832,5.155948922504746,10.162740044909292,-0.013477109264721565,17.629032258064516,-1.2587106279371578,-19.607543877993972,-0.2949880949066893,19.491935483870968,4.3491047422586755,4.3491047422586755
base__fold_10__seed42,custom_custom,base,technical_base,False,"Prices, returns, and baseline technical risk features.",fold_10,42,9,3.2866650924573486,0.5037598530427587,checkpoint,checkpoint_robust_score,checkpoint_robust_score,0.7573158282723333,213.823914150537,-0.3059837155784292,0.3695060287825749,2.489043496748102,18.046192975373465,-0.06201611183235756,15.32258064516129,1.253880186138858,5.558845355350095,-0.0986440406935053,15.079365079365079,2.2609409517003547,2.2609409517003547
base__fold_10__seed123,custom_custom,base,technical_base,False,"Prices, returns, and baseline technical risk features.",fold_10,123,9,2.857297380565764,0.7871646981953933,checkpoint,checkpoint_robust_score,checkpoint_robust_score,0.8647372160761578,308.41345677892144,-0.30666771469827714,0.21392454297938546,2.470811382372137,17.22267371579822,-0.06175897951688003,8.870967741935484,1.9449354961027054,9.801104360240153,-0.09234773879131986,8.73015873015873,2.4590152223181,2.4590152223181
base__fold_10__seed999,custom_custom,base,technical_base,False,"Prices, returns, and baseline technical risk features.",fold_10,999,9,4.067246679760212,0.49416532316092704,checkpoint,checkpoint_robust_score,checkpoint_robust_score,0.6686767274526323,174.79741687572866,-0.3116417493983994,0.34305717619603265,2.719673199564643,19.750613979565436,-0.06399983797837439,12.096774193548388,1.343968185554974,5.912426208133659,-0.09815688966040659,11.904761904761905,2.814122078766256,2.814122078766256
base__fold_11__seed42,custom_custom,base,technical_base,False,"Prices, returns, and baseline technical risk features.",fold_11,42,9,4.638745694255588,0.8903586140318319,last_model,checkpoint_robust_score,checkpoint_robust_score,0.6610952105893073,218.18754556397363,-0.3713486966798777,0.25925925925925924,3.0666525616141405,15.315300164337131,-0.07498236728077345,11.306451612903226,2.730420524475933,9.74231101059495,-0.0534368176217247,11.475409836065573,3.275447664371667,3.275447664371667
base__fold_11__seed123,custom_custom,base,technical_base,False,"Prices, returns, and baseline technical risk features.",fold_11,123,9,3.4010483757693275,0.7863830542960154,checkpoint,checkpoint_robust_score,checkpoint_robust_score,0.8326231105200211,349.1589149375302,-0.3944456045735192,0.2222222222222222,2.831791477662123,14.138402822714212,-0.07807964368448861,9.67741935483871,2.226872831333367,7.985775428425224,-0.04513821888475367,9.836065573770492,2.8307705485712678,2.8307705485712678
base__fold_11__seed999,custom_custom,base,technical_base,False,"Prices, returns, and baseline technical risk features.",fold_11,999,9,4.774164769681694,0.7115017949253285,best_model,checkpoint_robust_score,checkpoint_robust_score,0.6764080743147055,222.52896427151185,-0.36568431528899914,0.18518518518518517,3.2292835983215045,16.02714465862276,-0.08135386893810526,8.064516129032258,2.297641076528674,8.502916910119618,-0.05308874884376924,8.19672131147541,3.5953736409622943,3.5953736409622943
base__fold_12__seed42,custom_custom,base,technical_base,False,"Prices, returns, and baseline technical risk features.",fold_12,42,9,2.3212069593612035,0.17954825773447544,best_model,checkpoint_robust_score,checkpoint_robust_score,0.9535054675787694,439.1630376002777,-0.34754401562412385,0.2479631597591215,2.213283527132798,6.155127653294401,-0.03818306206975164,11.11111111111111,0.3973912011691085,0.9521158171753141,-0.03382646107136744,11.290322580645162,2.0254097803027786,2.0254097803027786
base__fold_12__seed123,custom_custom,base,technical_base,False,"Prices, returns, and baseline technical risk features.",fold_12,123,9,2.7867076312732926,0.01411528469180377,checkpoint,checkpoint_robust_score,checkpoint_robust_score,0.902069451290068,464.50352348264346,-0.340023024024771,0.21395678356358483,2.5138038238485443,7.309790268010374,-0.04142049671470882,10.65079365079365,0.035483056632967136,-0.07540614923821076,-0.04035749563537583,10.838709677419354,2.3883627321875767,2.3883627321875767
base__fold_12__seed999,custom_custom,base,technical_base,False,"Prices, returns, and baseline technical risk features.",fold_12,999,9,2.856715218417857,0.28569119883014,checkpoint,checkpoint_robust_score,checkpoint_robust_score,0.7758034495259245,309.76245846601483,-0.33512761586422835,0.21253985122210414,2.2162495207617785,6.571946558522401,-0.0503099294344177,9.523809523809524,0.6331629824931557,1.766154388520036,-0.05635585729642889,9.67741935483871,2.2307222531415616,2.2307222531415616
base__fold_13__seed42,custom_custom,base,technical_base,False,"Prices, returns, and baseline technical risk features.",fold_13,42,9,3.442790214610818,-0.18992726495246404,checkpoint,checkpoint_robust_score,checkpoint_robust_score,1.1468284795602548,725.591644552129,-0.3187916999881839,0.4654471544715447,3.948289867267048,13.716265682252127,-0.03404797455816455,12.903225806451612,-0.7498878957295577,-3.984889469366415,-0.11883493053274496,13.049180327868852,3.52418886890506,3.52418886890506
base__fold_13__seed123,custom_custom,base,technical_base,False,"Prices, returns, and baseline technical risk features.",fold_13,123,9,3.748225953478669,-0.12562305272596636,best_model,checkpoint_robust_score,checkpoint_robust_score,0.9794382872190814,540.3026762474393,-0.37836413189192863,0.6073848238482384,3.671156007985256,12.80649196535264,-0.05082795197283485,14.951612903225806,-0.4611818247563799,-2.2109092732292,-0.088378411785896,15.844262295081966,3.2882704490760557,3.2882704490760557
base__fold_13__seed999,custom_custom,base,technical_base,False,"Prices, returns, and baseline technical risk features.",fold_13,999,9,2.9004292965204246,-0.07327557838983874,best_model,checkpoint_robust_score,checkpoint_robust_score,1.0348352146330184,602.4661727989259,-0.29667510063430846,0.2032520325203252,3.001466373592608,10.695413280354305,-0.051185890300560755,9.67741935483871,-0.21993418454265015,-1.5499220172195294,-0.08695605023845043,9.836065573770492,2.8393061649669087,2.8393061649669087
base__fold_14__seed42,custom_custom,base,technical_base,False,"Prices, returns, and baseline technical risk features.",fold_14,42,9,-1.3381298205887147,0.9169461150580339,checkpoint,checkpoint_robust_score,checkpoint_robust_score,0.8599559605876456,366.4230744456792,-0.29925737038052824,0.5328348504551366,-1.150732715255342,-5.445812510652937,-0.1313977014771327,9.080645161290322,-1.0551598927235686,-4.649674248763624,-0.11819422291417603,11.26984126984127,-2.789991217218667,-2.789991217218667
base__fold_14__seed123,custom_custom,base,technical_base,False,"Prices, returns, and baseline technical risk features.",fold_14,123,9,-0.9269376910494496,1.4270693625968387,checkpoint,checkpoint_robust_score,checkpoint_robust_score,0.968923927108927,492.9952291377874,-0.3163290151081991,0.13003901170351106,-0.898132107796914,-5.536190518936179,-0.12006766341889563,6.451612903225806,-1.2816968146014973,-5.688813957515126,-0.12972624121443366,6.365079365079365,-2.2106173233844455,-2.2106173233844455
base__fold_14__seed999,custom_custom,base,technical_base,False,"Prices, returns, and baseline technical risk features.",fold_14,999,9,-2.0845257638147148,0.317222747029544,best_model,checkpoint_robust_score,checkpoint_robust_score,0.7994297122550967,385.04497223650924,-0.4147453667564883,0.24382314694408322,-1.6664318315547333,-9.233394202641287,-0.14051568394511238,12.096774193548388,-0.5286300833432669,-2.9306480758239273,-0.14777866312710453,11.904761904761905,-3.8779576672952545,-3.8779576672952545
base_macro__fold_01__seed42,custom_custom,base_macro,macro_context,False,Baseline technical features plus existing macro context features.,fold_01,42,12,3.3160801575674514,1.1941459226160684,best_model,checkpoint_robust_score,checkpoint_robust_score,0.9052027918679275,98.75339966538577,-0.1572354080125682,0.3830673143650243,3.001725016687894,9.99902339517591,-0.034634030727053844,8.870967741935484,3.584497689492499,11.72878245295028,-0.05027744244238719,9.01639344262295,2.981558502980034,2.981558502980034
base_macro__fold_01__seed123,custom_custom,base_macro,macro_context,False,Baseline technical features plus existing macro context features.,fold_01,123,12,2.8236052798890996,0.671181934033085,checkpoint,checkpoint_robust_score,checkpoint_robust_score,0.7835168790400507,88.59893306968483,-0.17768925718902484,0.6606523247744622,2.212342396539716,8.297987931205132,-0.03763854786479093,12.096774193548388,1.484884248452917,5.719900281565038,-0.06566845380361241,12.295081967213115,2.0919127489121196,2.0919127489121196
base_macro__fold_01__seed999,custom_custom,base_macro,macro_context,False,Baseline technical features plus existing macro context features.,fold_01,999,12,2.4435121960985113,1.003609458823779,checkpoint,checkpoint_robust_score,checkpoint_robust_score,0.851902370567312,100.14112910418885,-0.17086068614365513,0.3469812630117974,2.0816338323664603,7.67075122142411,-0.04246943258335112,8.064516129032258,2.089147403970572,7.691703835917263,-0.0547980898720456,8.19672131147541,2.0989843396612886,2.0989843396612886
base_macro__fold_02__seed42,custom_custom,base_macro,macro_context,False,Baseline technical features plus existing macro context features.,fold_02,42,12,0.5197864180452457,2.7047742512776427,checkpoint,checkpoint_robust_score,checkpoint_robust_score,0.9055484848360098,118.07224240632772,-0.15853717199858763,0.7348242811501597,0.470691803299209,1.3270348950166877,-0.050532459022110565,14.90625,1.2731150698511415,2.810922236671587,-0.02650631792822622,14.476190476190476,-0.24994853482504636,-0.24994853482504636
base_macro__fold_02__seed123,custom_custom,base_macro,macro_context,False,Baseline technical features plus existing macro context features.,fold_02,123,12,0.04438490585474086,23.398763266805606,checkpoint,checkpoint_robust_score,checkpoint_robust_score,0.8708906135068705,119.00251342617483,-0.17499660822578922,0.7757188498402556,0.038654397890279954,-0.07745833445965689,-0.05043703209338968,14.9453125,0.9044651054555707,2.0279408750587535,-0.029021198127727965,13.380952380952381,-0.9894028887357065,-0.9894028887357065
base_macro__fold_02__seed999,custom_custom,base_macro,macro_context,False,Baseline technical features plus existing macro context features.,fold_02,999,12,0.3992935666710947,0.10723220272737614,checkpoint,checkpoint_robust_score,checkpoint_robust_score,0.7502783128892919,100.22637144188296,-0.1919963156923188,0.7769968051118211,0.29958130354953694,0.7604117059585969,-0.04752561201839489,13.2734375,0.032124763075555555,-0.038225895402110854,-0.02961307523488821,12.698412698412698,-0.3868343375863336,-0.3868343375863336
base_macro__fold_03__seed42,custom_custom,base_macro,macro_context,False,Baseline technical features plus existing macro context features.,fold_03,42,12,7.255396315936975,0.3030949538132341,best_model,checkpoint_robust_score,checkpoint_robust_score,0.7910446248960233,134.15825965861288,-0.2669574062633193,0.32486709982279977,5.739342257212354,16.59786714040321,-0.026125112747236057,8.887096774193548,1.7395656763681213,3.7134425620773737,-0.04165951645238708,9.01639344262295,6.099859446495178,6.099859446495178
base_macro__fold_03__seed123,custom_custom,base_macro,macro_context,False,Baseline technical features plus existing macro context features.,fold_03,123,12,7.582829030897437,0.4319925635227421,checkpoint,checkpoint_robust_score,checkpoint_robust_score,0.7423210746705967,102.88309950805257,-0.1669343469397232,0.44300059066745423,5.628893795259184,13.283545557496668,-0.019078525898495124,12.096774193548388,2.4316402604112723,5.053107545578062,-0.03705858601303713,12.295081967213115,5.965836941600013,5.965836941600013
base_macro__fold_03__seed999,custom_custom,base_macro,macro_context,False,Baseline technical features plus existing macro context features.,fold_03,999,12,5.818726945121798,0.4093434202176432,best_model,checkpoint_robust_score,checkpoint_robust_score,0.8199670753978316,124.04113314263361,-0.17555012577504758,0.29533372711163614,4.771164515730081,12.877844946311923,-0.033774920321396285,8.064516129032258,1.9530448012900066,4.020372154789009,-0.043174259575350926,8.19672131147541,5.01819654392267,5.01819654392267
base_macro__fold_04__seed42,custom_custom,base_macro,macro_context,False,Baseline technical features plus existing macro context features.,fold_04,42,12,4.1490221902520625,0.5752035054360628,checkpoint,checkpoint_robust_score,checkpoint_robust_score,0.9899049657925791,166.7822285801386,-0.1468043253705973,0.5288937809576224,4.1071376693141195,6.745235873763833,-0.014894549738579066,12.833333333333334,2.3624399846979824,4.022947983975622,-0.01867107846836058,13.047619047619047,3.825107868029278,3.825107868029278
base_macro__fold_04__seed123,custom_custom,base_macro,macro_context,False,Baseline technical features plus existing macro context features.,fold_04,123,12,4.1977473147206,0.9595893085398008,checkpoint,checkpoint_robust_score,checkpoint_robust_score,1.1016143012892587,191.78232991246716,-0.15916539966123555,0.4078150798018712,4.624298475094796,8.275210713938908,-0.013133711724252928,11.11111111111111,4.437427376197871,7.679834690116127,-0.01410616837165668,11.11111111111111,4.303701647687087,4.303701647687087
base_macro__fold_04__seed999,custom_custom,base_macro,macro_context,False,Baseline technical features plus existing macro context features.,fold_04,999,12,4.087841742508899,1.1229539103905164,checkpoint,checkpoint_robust_score,checkpoint_robust_score,1.0498401384737717,192.9840421980245,-0.17693948751645716,0.4402861860209136,4.291580341014407,7.7023383193824735,-0.017482703947417688,12.698412698412698,4.819246925697194,8.098605439907104,-0.018682795534742058,12.698412698412698,3.9510469746879218,3.9510469746879218
base_macro__fold_05__seed42,custom_custom,base_macro,macro_context,False,Baseline technical features plus existing macro context features.,fold_05,42,12,5.888622675164973,-0.12215116962406185,checkpoint,checkpoint_robust_score,checkpoint_robust_score,1.1012575034917937,216.55759085255707,-0.1625843007414539,0.411522633744856,6.4848899062573455,11.529538330127531,-0.009940711610329944,11.290322580645162,-0.7921368869326075,-4.7112840791949555,-0.10909089223949064,11.666666666666666,6.096126301403852,6.096126301403852
base_macro__fold_05__seed123,custom_custom,base_macro,macro_context,False,Baseline technical features plus existing macro context features.,fold_05,123,12,5.468242838259568,-0.025066164117777328,checkpoint,checkpoint_robust_score,checkpoint_robust_score,1.1076475280162377,213.19148251458336,-0.1463851521918249,0.5555555555555556,6.056885662390705,10.243670339740207,-0.006537079070716545,13.435483870967742,-0.15182289005609786,-1.4680132338153906,-0.10145425575114353,15.25,5.5661094072950315,5.5661094072950315
base_macro__fold_05__seed999,custom_custom,base_macro,macro_context,False,Baseline technical features plus existing macro context features.,fold_05,999,12,6.726434022705101,-0.05408863255616481,checkpoint,checkpoint_robust_score,checkpoint_robust_score,1.0261439594705744,199.4490061293051,-0.1773216528719055,0.43724279835390945,6.902289641176195,10.753438835376805,-0.006343509855370688,13.709677419354838,-0.3733354081978019,-2.5809543142814473,-0.09380343108820977,14.166666666666666,6.513772338572734,6.513772338572734
base_macro__fold_06__seed42,custom_custom,base_macro,macro_context,False,Baseline technical features plus existing macro context features.,fold_06,42,12,2.149255192264117,1.5280698845148402,checkpoint,checkpoint_robust_score,checkpoint_robust_score,1.1732531289469534,254.78125434759536,-0.13389171067882322,0.3301111648139198,2.5216203792293617,6.984045195612354,-0.03225093618268993,9.523809523809524,3.853212161679278,7.177166238912203,-0.02085264382185492,9.523809523809524,2.3225155891142144,2.3225155891142144
base_macro__fold_06__seed123,custom_custom,base_macro,macro_context,False,Baseline technical features plus existing macro context features.,fold_06,123,12,1.5576271449594572,2.914877344289232,checkpoint,checkpoint_robust_score,checkpoint_robust_score,1.0873591544699308,226.31041363070352,-0.15650123251142556,0.3141614306428226,1.6937001353225278,4.817715065454076,-0.04078343925297356,10.317460317460318,4.936928152471243,7.864853829540963,-0.011721371859370833,10.317460317460318,1.5066989329616156,1.5066989329616156
base_macro__fold_06__seed999,custom_custom,base_macro,macro_context,False,Baseline technical features plus existing macro context features.,fold_06,999,12,1.549586675011092,3.128114283366582,best_model,checkpoint_robust_score,checkpoint_robust_score,1.1517253839006625,308.3001228323293,-0.19115762947035553,1.2411793136781053,1.7846983081645011,5.010715544038624,-0.0335526039728804,23.73015873015873,5.582740269269549,9.293308195914808,-0.011498703592509929,22.38095238095238,0.9156499240208154,0.9156499240208154
base_macro__fold_07__seed42,custom_custom,base_macro,macro_context,False,Baseline technical features plus existing macro context features.,fold_07,42,12,-1.0665473242386523,-3.272517262756463,checkpoint,checkpoint_robust_score,checkpoint_robust_score,1.1557679951572006,292.14758880967247,-0.1516089829683963,0.2372495446265938,-1.2326812626755839,-8.30043621387333,-0.15909561004749417,9.032786885245901,4.033970711582282,11.154946746864303,-0.020471791468343548,8.491803278688524,-2.9094789716676313,-2.9094789716676313
base_macro__fold_07__seed123,custom_custom,base_macro,macro_context,False,Baseline technical features plus existing macro context features.,fold_07,123,12,-1.0286312439421437,-2.310803396790615,checkpoint,checkpoint_robust_score,checkpoint_robust_score,1.3029287001791998,361.425665541464,-0.15752223261755005,0.46994535519125685,-1.3402331696332508,-8.50747773891677,-0.15255298206282697,9.836065573770492,3.0970153608799684,8.512352615607433,-0.03300055757603415,9.836065573770492,-3.132419336342166,-3.132419336342166
base_macro__fold_07__seed999,custom_custom,base_macro,macro_context,False,Baseline technical features plus existing macro context features.,fold_07,999,12,-1.4309428995783637,-2.065095001679241,best_model,checkpoint_robust_score,checkpoint_robust_score,1.1004247575901207,302.8701641583317,-0.22289334972443364,0.4562841530054645,-1.5746449933938254,-10.318736055439015,-0.15907260935126688,13.081967213114755,3.25179150527683,9.731734493208277,-0.03195027066199618,13.278688524590164,-3.6817550426814982,-3.6817550426814982
base_macro__fold_08__seed42,custom_custom,base_macro,macro_context,False,Baseline technical features plus existing macro context features.,fold_08,42,12,2.073922718069339,-0.5245624873278381,best_model,checkpoint_robust_score,checkpoint_robust_score,0.7618298186804685,174.95725357960245,-0.19782041067667555,0.5881845623113411,1.5799761682640692,4.77542775805091,-0.058454034053347925,12.126984126984127,-0.8287962287433068,-3.737139998542771,-0.06983005593805092,12.079365079365079,1.4073032874795364,1.4073032874795364
base_macro__fold_08__seed123,custom_custom,base_macro,macro_context,False,Baseline technical features plus existing macro context features.,fold_08,123,12,2.103268449773348,-0.5789033410936903,best_model,checkpoint_robust_score,checkpoint_robust_score,1.005857564865283,251.4863508294367,-0.1623606055866751,0.4678740836567486,2.1155884811469985,5.677921254793339,-0.04236498138540279,15.571428571428571,-1.2247212401153231,-4.494600346295153,-0.06197304849149132,15.238095238095237,1.6805186911591012,1.6805186911591012
base_macro__fold_08__seed999,custom_custom,base_macro,macro_context,False,Baseline technical features plus existing macro context features.,fold_08,999,12,1.074468292125741,-0.9360735939736442,checkpoint,checkpoint_robust_score,checkpoint_robust_score,0.7955671900331118,165.0406649842899,-0.18500484450195054,0.23846485554118155,0.8548117199461523,2.393635622689061,-0.07267567361992777,8.73015873015873,-0.8001666788607871,-3.3830409940719397,-0.06886591962979027,8.73015873015873,0.7663645328506683,0.7663645328506683
base_macro__fold_09__seed42,custom_custom,base_macro,macro_context,False,Baseline technical features plus existing macro context features.,fold_09,42,12,6.101800193539688,-0.18603848079637308,checkpoint,checkpoint_robust_score,checkpoint_robust_score,1.0681259824978133,338.20777652804077,-0.171818674837949,0.6085002043318349,6.517491326729927,14.075793631234014,-0.015904664111071276,18.306451612903224,-1.2125041850283738,-19.09232686837006,-0.2935573319342156,22.79032258064516,5.828930476931311,5.828930476931311
base_macro__fold_09__seed123,custom_custom,base_macro,macro_context,False,Baseline technical features plus existing macro context features.,fold_09,123,12,7.404629201515766,-0.21044042471269764,checkpoint,checkpoint_robust_score,checkpoint_robust_score,0.8746482773999792,232.86432692633952,-0.22008164226842086,0.28606456885982834,6.476446175891348,15.365712035570533,-0.019320914012092905,11.290322580645162,-1.3629060838835017,-22.29295898338508,-0.34146707316881897,11.290322580645162,6.540988911516419,6.540988911516419
base_macro__fold_09__seed999,custom_custom,base_macro,macro_context,False,Baseline technical features plus existing macro context features.,fold_09,999,12,6.777934558264284,-0.18785649495464782,checkpoint,checkpoint_robust_score,checkpoint_robust_score,0.9822551896180748,293.04001560275015,-0.15528854346504006,1.5145075602778912,6.657661394746786,15.261935016747309,-0.017444731843602068,14.806451612903226,-1.2506849342120032,-20.07431122375699,-0.3067443494462224,14.71774193548387,6.301479264514715,6.301479264514715
base_macro__fold_10__seed42,custom_custom,base_macro,macro_context,False,Baseline technical features plus existing macro context features.,fold_10,42,12,3.6056554598156496,0.5667649166634237,checkpoint,checkpoint_robust_score,checkpoint_robust_score,0.6863103234410043,209.15799099503118,-0.3746122007667164,0.2722676001555815,2.4745985648429016,20.656231235782663,-0.08870048916478024,11.290322580645162,1.402515649378615,6.320108275772074,-0.10228396444290688,11.11111111111111,2.537290913338979,2.537290913338979
base_macro__fold_10__seed123,custom_custom,base_macro,macro_context,False,Baseline technical features plus existing macro context features.,fold_10,123,12,3.628115065530064,0.7617847861251204,checkpoint,checkpoint_robust_score,checkpoint_robust_score,0.6726488714075018,171.97250499417507,-0.33257022570851025,0.42084791909762737,2.440447504165352,19.242001090715455,-0.07302323598361427,16.93548387096774,1.8590957800101864,7.734719844184457,-0.08970411366434661,16.666666666666668,2.2374817384888783,2.2374817384888783
base_macro__fold_10__seed999,custom_custom,base_macro,macro_context,False,Baseline technical features plus existing macro context features.,fold_10,999,12,2.8545730157470555,0.6893952147852064,checkpoint,checkpoint_robust_score,checkpoint_robust_score,0.9278322390272049,309.3217442008713,-0.2961921344129772,0.46985608712563204,2.6485648726672313,18.401502017565186,-0.054486055910249465,12.758064516129032,1.8259079492649786,8.46823326582562,-0.09376060487915172,12.84920634920635,2.402057175007215,2.402057175007215
base_macro__fold_11__seed42,custom_custom,base_macro,macro_context,False,Baseline technical features plus existing macro context features.,fold_11,42,12,3.7723991101761642,0.6890086403711826,best_model,checkpoint_robust_score,checkpoint_robust_score,0.8453567164697819,374.42631344656706,-0.40636523691042314,0.6985185185185185,3.189022924992049,16.9800118444414,-0.0881737714703612,13.629032258064516,2.1972643496613036,7.745299419120744,-0.03972712443012938,13.540983606557377,2.9988104505206516,2.9988104505206516
base_macro__fold_11__seed123,custom_custom,base_macro,macro_context,False,Baseline technical features plus existing macro context features.,fold_11,123,12,5.450659597237652,0.8462511457572907,checkpoint,checkpoint_robust_score,checkpoint_robust_score,0.570557170544564,173.0136431240409,-0.4288922016001071,0.25925925925925924,3.1099129174014877,18.681307243619138,-0.09483429331823956,11.290322580645162,2.631767369556407,11.604747436257167,-0.05312084615636581,11.475409836065573,3.5548697066706607,3.5548697066706607
base_macro__fold_11__seed999,custom_custom,base_macro,macro_context,False,Baseline technical features plus existing macro context features.,fold_11,999,12,5.211004015109776,0.8437010118766566,checkpoint,checkpoint_robust_score,checkpoint_robust_score,0.617035585958459,189.8309084891517,-0.4237884585673447,0.2777777777777778,3.215374915895143,17.41809153024063,-0.07360494517056115,12.096774193548388,2.712815070103552,10.799787371604918,-0.059099504096957856,12.295081967213115,3.51760835151125,3.51760835151125
base_macro__fold_12__seed42,custom_custom,base_macro,macro_context,False,Baseline technical features plus existing macro context features.,fold_12,42,12,3.0719686858269566,-0.07583764624386281,checkpoint,checkpoint_robust_score,checkpoint_robust_score,0.7966596659051173,342.2867967103411,-0.2965429890601746,0.351044987601842,2.4473135469218854,6.738285057939164,-0.03221417755849065,7.936507936507937,-0.1855984990192751,-0.7728589798778773,-0.045738833621070674,8.064516129032258,2.5447269140242055,2.5447269140242055
base_macro__fold_12__seed123,custom_custom,base_macro,macro_context,False,Baseline technical features plus existing macro context features.,fold_12,123,12,1.9762126731348582,0.14324320895176926,checkpoint,checkpoint_robust_score,checkpoint_robust_score,0.758765600927013,305.7785785353704,-0.37447249049830567,0.34360609280906834,1.4994821964907492,4.234343752138914,-0.04538332624203689,15.206349206349206,0.2147906415913823,0.4963197573531808,-0.05260710996864193,15.483870967741936,1.1670500306989777,1.1670500306989777
base_macro__fold_12__seed999,custom_custom,base_macro,macro_context,False,Baseline technical features plus existing macro context features.,fold_12,999,12,2.8381937798212906,-0.16050876597911184,checkpoint,checkpoint_robust_score,checkpoint_robust_score,0.9697718966130915,473.3340029062919,-0.325550059538834,0.21253985122210414,2.752400564812772,7.699330676078819,-0.033068853897145645,9.523809523809524,-0.44178441813830843,-1.3179513758270311,-0.049855581697645146,9.67741935483871,2.6423509923001447,2.6423509923001447
base_macro__fold_13__seed42,custom_custom,base_macro,macro_context,False,Baseline technical features plus existing macro context features.,fold_13,42,12,3.6509898825877745,-0.658935659026568,checkpoint,checkpoint_robust_score,checkpoint_robust_score,0.9211584957286266,465.5732527289206,-0.3398245897154024,0.44275067750677505,3.3631403481649893,10.846697379212134,-0.03924911249245011,15.338709677419354,-2.2160931017169387,-9.02858630479544,-0.13551482031953033,14.131147540983607,3.015432763597771,3.015432763597771
base_macro__fold_13__seed123,custom_custom,base_macro,macro_context,False,Baseline technical features plus existing macro context features.,fold_13,123,12,3.1177759027572374,0.21432870172222906,checkpoint,checkpoint_robust_score,checkpoint_robust_score,0.8683892683971008,473.1635505508829,-0.40791966261516965,0.2032520325203252,2.707443135221468,10.328909775441009,-0.058656827091145725,9.67741935483871,0.5802827721587787,2.2188108995002676,-0.07623250130573289,9.836065573770492,2.6652591973469226,2.6652591973469226
base_macro__fold_13__seed999,custom_custom,base_macro,macro_context,False,Baseline technical features plus existing macro context features.,fold_13,999,12,3.5099216979496313,-0.027277739937594914,checkpoint,checkpoint_robust_score,checkpoint_robust_score,1.0272581880661442,567.7000964480586,-0.31510122445290367,0.16937669376693767,3.6055958036897824,11.822264312688446,-0.0444633916815107,8.064516129032258,-0.0983525046531334,-0.7272242903816117,-0.09360983529752198,8.19672131147541,3.523978086884116,3.523978086884116
base_macro__fold_14__seed42,custom_custom,base_macro,macro_context,False,Baseline technical features plus existing macro context features.,fold_14,42,12,-1.6154689237440705,0.4520942933805799,checkpoint,checkpoint_robust_score,checkpoint_robust_score,1.024387805383386,544.7472198224974,-0.2995447151932209,0.2602405721716515,-1.6548666654592488,-9.269846834087758,-0.14495468995963012,10.879032258064516,-0.7481557757598756,-3.740284791429116,-0.1334770175272545,10.682539682539682,-3.7164669354637843,-3.7164669354637843
base_macro__fold_14__seed123,custom_custom,base_macro,macro_context,False,Baseline technical features plus existing macro context features.,fold_14,123,12,-2.047241185062748,0.43445555182780854,checkpoint,checkpoint_robust_score,checkpoint_robust_score,0.8469714016253407,411.0716692789122,-0.3681801279440937,0.590702210663199,-1.7339547359777192,-9.645820689079688,-0.13783380922855992,14.5,-0.753326261663642,-4.019408790785928,-0.15558406580488526,16.349206349206348,-4.092596679833608,-4.092596679833608
base_macro__fold_14__seed999,custom_custom,base_macro,macro_context,False,Baseline technical features plus existing macro context features.,fold_14,999,12,-1.6220908549209403,1.297749645610201,checkpoint,checkpoint_robust_score,checkpoint_robust_score,0.8490024357871748,349.165299777352,-0.2836500658053849,0.2239921976592978,-1.377159086895979,-7.039977369575556,-0.11602397942561826,8.064516129032258,-1.7872077169681246,-8.141016355477115,-0.14699242508496024,7.936507936507937,-3.138875623451587,-3.138875623451587
base_macro_exogenous_plus__fold_01__seed42,custom_custom,base_macro_exogenous_plus,calendar_exogenous,False,Baseline technical and macro features plus a causal calendar/event exogenous layer.,fold_01,42,27,2.1208556985972438,0.9939585094463795,checkpoint,checkpoint_robust_score,checkpoint_robust_score,0.9791354719637259,149.11361450420634,-0.2251464384283245,0.5468424705065926,2.0766050454129696,7.234668290085611,-0.04799714888438633,9.67741935483871,2.0640592556475066,9.659379384002719,-0.05860695210904843,9.836065573770492,1.9461195065843957,1.9461195065843957
base_macro_exogenous_plus__fold_01__seed123,custom_custom,base_macro_exogenous_plus,calendar_exogenous,False,Baseline technical and macro features plus a causal calendar/event exogenous layer.,fold_01,123,27,2.815532640132656,0.563595219964383,best_model,checkpoint_robust_score,checkpoint_robust_score,0.9200126300759136,118.88001391657869,-0.19445412266122197,0.6426092990978487,2.5903255893130255,10.218311328601803,-0.03993852184779223,13.92741935483871,1.4598951202882446,6.0342401096899145,-0.06206341671967275,14.327868852459016,2.2907876576997515,2.2907876576997515
base_macro_exogenous_plus__fold_01__seed999,custom_custom,base_macro_exogenous_plus,calendar_exogenous,False,Baseline technical and macro features plus a causal calendar/event exogenous layer.,fold_01,999,27,2.5431786216315553,0.9979844720318458,checkpoint,checkpoint_robust_score,checkpoint_robust_score,0.9538032653097328,119.89900756672918,-0.16606873015675072,0.520471894517696,2.425692073578083,9.301077580728311,-0.04376096727564127,10.790322580645162,2.4208030233616564,9.71812492632429,-0.05061070476567919,11.426229508196721,2.256751282495382,2.256751282495382
base_macro_exogenous_plus__fold_02__seed42,custom_custom,base_macro_exogenous_plus,calendar_exogenous,False,Baseline technical and macro features plus a causal calendar/event exogenous layer.,fold_02,42,27,0.9490111676083492,-1.2643583303905623,checkpoint,checkpoint_robust_score,checkpoint_robust_score,0.5274151097375893,4.5490583879867375,-0.01785235615951719,0.0,0.5005228291063553,0.008681852341863028,-0.00030370209323782316,0.0,-0.6328402085312721,-0.007859695251832832,-0.00018478862362170112,0.0,0.8232340693390217,0.8232340693390217
base_macro_exogenous_plus__fold_02__seed123,custom_custom,base_macro_exogenous_plus,calendar_exogenous,False,Baseline technical and macro features plus a causal calendar/event exogenous layer.,fold_02,123,27,0.48057170645273084,2.799666113316235,checkpoint,checkpoint_robust_score,checkpoint_robust_score,0.8486495700147719,133.29022532169023,-0.21942505378458899,1.1725239616613419,0.40783697204237523,1.2170687225063759,-0.06019005154314361,15.171875,1.1418073503845385,2.659959873975759,-0.030243781492768518,15.603174603174603,-0.34286009514382226,-0.34286009514382226
base_macro_exogenous_plus__fold_02__seed999,custom_custom,base_macro_exogenous_plus,calendar_exogenous,False,Baseline technical and macro features plus a causal calendar/event exogenous layer.,fold_02,999,27,0.3158069506913631,0.10858162102435806,checkpoint,checkpoint_robust_score,checkpoint_robust_score,0.6859766178838715,92.8071935920955,-0.19861004759281065,0.3987220447284345,0.21663618393947984,0.5269286555870334,-0.06306559309527504,8.984375,0.023522708024679723,-0.05858845428959869,-0.032308700616834996,9.0,-0.2926258445086077,-0.2926258445086077
base_macro_exogenous_plus__fold_03__seed42,custom_custom,base_macro_exogenous_plus,calendar_exogenous,False,Baseline technical and macro features plus a causal calendar/event exogenous layer.,fold_03,42,27,8.212996063735828,0.31278797802680436,checkpoint,checkpoint_robust_score,checkpoint_robust_score,0.7067248454895305,111.24178082109357,-0.25308306874237496,1.0070880094506793,5.804328374149826,16.32285409214065,-0.021493637999577042,16.241935483870968,1.815524135953933,3.97514168436075,-0.03804234112620919,16.139344262295083,6.080469623432756,6.080469623432756
base_macro_exogenous_plus__fold_03__seed123,custom_custom,base_macro_exogenous_plus,calendar_exogenous,False,Baseline technical and macro features plus a causal calendar/event exogenous layer.,fold_03,123,27,5.18376210891926,0.5192713343341536,checkpoint,checkpoint_robust_score,checkpoint_robust_score,0.9174550264216748,160.74925058410497,-0.220505356404619,0.9905493207324276,4.755868602602196,11.512416020554927,-0.02393184761437328,15.46774193548387,2.469586235191149,4.710120428183773,-0.02786524045400718,18.237704918032787,4.450960307525124,4.450960307525124
base_macro_exogenous_plus__fold_03__seed999,custom_custom,base_macro_exogenous_plus,calendar_exogenous,False,Baseline technical and macro features plus a causal calendar/event exogenous layer.,fold_03,999,27,6.808714992971122,0.41399174500682095,best_model,checkpoint_robust_score,checkpoint_robust_score,0.7519975829881186,98.04069255337384,-0.15824173652789986,0.3544004725339634,5.120137217969249,11.410754604666916,-0.01779881148904261,9.67741935483871,2.1196945415414588,3.8591617712841586,-0.035117151444682304,9.836065573770492,5.488687744374905,5.488687744374905
base_macro_exogenous_plus__fold_04__seed42,custom_custom,base_macro_exogenous_plus,calendar_exogenous,False,Baseline technical and macro features plus a causal calendar/event exogenous layer.,fold_04,42,27,4.281622721114316,1.3138026466268689,checkpoint,checkpoint_robust_score,checkpoint_robust_score,0.8625200456692292,135.5959069788708,-0.18520504649077485,0.6081452944413869,3.69298542495393,7.47381984393769,-0.017842413574290727,12.698412698412698,4.851854025258925,9.077875842414883,-0.014431279119801022,12.698412698412698,3.5641856183162317,3.5641856183162317
base_macro_exogenous_plus__fold_04__seed123,custom_custom,base_macro_exogenous_plus,calendar_exogenous,False,Baseline technical and macro features plus a causal calendar/event exogenous layer.,fold_04,123,27,3.8052357119805005,1.1091302158873189,checkpoint,checkpoint_robust_score,checkpoint_robust_score,1.053293967821407,167.59848800018622,-0.13956058074570865,0.5998899284534948,4.008031821567658,7.116376922692691,-0.012991199967242073,14.634920634920634,4.445429199538581,7.189790920703909,-0.01696387915673514,16.53968253968254,3.5726609202068893,3.5726609202068893
base_macro_exogenous_plus__fold_04__seed999,custom_custom,base_macro_exogenous_plus,calendar_exogenous,False,Baseline technical and macro features plus a causal calendar/event exogenous layer.,fold_04,999,27,3.711976767310918,0.7804702542141443,best_model,checkpoint_robust_score,checkpoint_robust_score,0.9798893208002554,198.19145436698014,-0.21494751225082676,0.3984589983489268,3.6373263933466227,7.105083373469534,-0.01668806317821747,11.11111111111111,2.838825054875055,5.518118641207903,-0.018565698477425174,11.11111111111111,3.4491909246408374,3.4491909246408374
base_macro_exogenous_plus__fold_05__seed42,custom_custom,base_macro_exogenous_plus,calendar_exogenous,False,Baseline technical and macro features plus a causal calendar/event exogenous layer.,fold_05,42,27,4.7067287237552105,-0.06204974457826012,best_model,checkpoint_robust_score,checkpoint_robust_score,1.1761130179535726,275.0142931878682,-0.206310419675532,0.3343621399176955,5.535644923984508,10.968704447065193,-0.010254324204532539,11.161290322580646,-0.34348535360918087,-2.608069227942833,-0.10194272153089667,11.583333333333334,5.098073861638518,5.098073861638518
base_macro_exogenous_plus__fold_05__seed123,custom_custom,base_macro_exogenous_plus,calendar_exogenous,False,Baseline technical and macro features plus a causal calendar/event exogenous layer.,fold_05,123,27,5.532865334668929,-0.04936220030360243,checkpoint,checkpoint_robust_score,checkpoint_robust_score,0.9853983947884066,212.4328675908239,-0.2282665751801659,0.257201646090535,5.452076619363183,11.022986559223202,-0.01045488078372514,8.064516129032258,-0.26912649815559303,-2.201853711796542,-0.09280142687618231,8.333333333333334,5.420970813366151,5.420970813366151
base_macro_exogenous_plus__fold_05__seed999,custom_custom,base_macro_exogenous_plus,calendar_exogenous,False,Baseline technical and macro features plus a causal calendar/event exogenous layer.,fold_05,999,27,6.981047029452039,-0.04273775912710478,checkpoint,checkpoint_robust_score,checkpoint_robust_score,0.8640759679878918,174.55557309816504,-0.2439396156107001,0.41203703703703703,6.032154969542767,11.415227911169247,-0.006527689893953803,12.903225806451612,-0.25780078610568685,-2.1624578040712383,-0.08910603507810555,13.333333333333334,6.020879719994798,6.020879719994798
base_macro_exogenous_plus__fold_06__seed42,custom_custom,base_macro_exogenous_plus,calendar_exogenous,False,Baseline technical and macro features plus a causal calendar/event exogenous layer.,fold_06,42,27,0.9638031651306824,3.966822295705375,best_model,checkpoint_robust_score,checkpoint_robust_score,1.2099365980110115,298.44784602183114,-0.1623931635433824,0.3866602223296278,1.166140722770463,3.920816973988317,-0.058589548820784265,11.11111111111111,4.625873019015853,9.914699802384973,-0.021440031509123103,11.11111111111111,0.9267287637943757,0.9267287637943757
base_macro_exogenous_plus__fold_06__seed123,custom_custom,base_macro_exogenous_plus,calendar_exogenous,False,Baseline technical and macro features plus a causal calendar/event exogenous layer.,fold_06,123,27,2.1971835117870224,1.8295725375884397,checkpoint,checkpoint_robust_score,checkpoint_robust_score,1.17902123743816,251.7197628745817,-0.13532835634118534,0.47849202513291444,2.590526022945857,7.543159160285962,-0.029786732850850428,12.698412698412698,4.73955526948994,8.3028144718029,-0.01866702202332038,12.873015873015873,2.227614268937901,2.227614268937901
base_macro_exogenous_plus__fold_06__seed999,custom_custom,base_macro_exogenous_plus,calendar_exogenous,False,Baseline technical and macro features plus a causal calendar/event exogenous layer.,fold_06,999,27,1.6748940493429365,2.3375025329447254,best_model,checkpoint_robust_score,checkpoint_robust_score,1.1201018113937518,241.6047843305269,-0.1666446481237246,0.4108264862252296,1.876051858561639,5.193938027718881,-0.03159883526504892,13.15079365079365,4.385275971323491,8.159063996915283,-0.01798631029873976,12.920634920634921,1.5369826932567188,1.5369826932567188
base_macro_exogenous_plus__fold_07__seed42,custom_custom,base_macro_exogenous_plus,calendar_exogenous,False,Baseline technical and macro features plus a causal calendar/event exogenous layer.,fold_07,42,27,-1.3408307606741947,-2.1247360714230887,checkpoint,checkpoint_robust_score,checkpoint_robust_score,1.226320869185885,280.3678378767357,-0.1367895390170487,0.3870673952641166,-1.6442887438611495,-9.406992476107012,-0.14489275981932226,13.934426229508198,3.4936796059167445,9.331760120991483,-0.04028625259323637,13.934426229508198,-3.829503462120922,-3.829503462120922
base_macro_exogenous_plus__fold_07__seed123,custom_custom,base_macro_exogenous_plus,calendar_exogenous,False,Baseline technical and macro features plus a causal calendar/event exogenous layer.,fold_07,123,27,-1.7357016093940552,-1.7680065496617428,checkpoint,checkpoint_robust_score,checkpoint_robust_score,1.083561683964671,294.03873302004,-0.1866015289826104,0.35200364298724957,-1.880739758735212,-12.685717455245971,-0.18054848841302107,9.836065573770492,3.3251602116531007,10.101090771370691,-0.029663006831524008,9.852459016393443,-4.0355989544979165,-4.0355989544979165
base_macro_exogenous_plus__fold_07__seed999,custom_custom,base_macro_exogenous_plus,calendar_exogenous,False,Baseline technical and macro features plus a causal calendar/event exogenous layer.,fold_07,999,27,-1.669326378742933,-2.237220672052843,checkpoint,checkpoint_robust_score,checkpoint_robust_score,1.0368893727811177,257.34000124073583,-0.17608394457382914,2.3431238615664847,-1.7309067818217345,-12.691930432171251,-0.18543691129618,16.688524590163933,3.872420433688044,12.32553657436901,-0.02555071933365094,21.21311475409836,-4.1368695891305745,-4.1368695891305745
base_macro_exogenous_plus__fold_08__seed42,custom_custom,base_macro_exogenous_plus,calendar_exogenous,False,Baseline technical and macro features plus a causal calendar/event exogenous layer.,fold_08,42,27,1.6381156601248976,-0.2593266316682397,checkpoint,checkpoint_robust_score,checkpoint_robust_score,1.1277139245960233,264.36335138636946,-0.1465197033836101,0.258732212160414,1.8473258400216537,4.425307237499232,-0.03629660360402043,9.523809523809524,-0.4790607876865169,-1.9489792796382743,-0.05922714914023308,9.523809523809524,1.6889820141155187,1.6889820141155187
base_macro_exogenous_plus__fold_08__seed123,custom_custom,base_macro_exogenous_plus,calendar_exogenous,False,Baseline technical and macro features plus a causal calendar/event exogenous layer.,fold_08,123,27,0.9935149864823424,-0.8500512421934568,checkpoint,checkpoint_robust_score,checkpoint_robust_score,1.1173866721344072,306.768691559172,-0.17614966123013065,0.3665373005605865,1.1101404044611651,3.1457306952708874,-0.06665408528741301,13.492063492063492,-0.94367622982136,-3.72664835412293,-0.06502013693907605,13.492063492063492,0.7740658729124343,0.7740658729124343
base_macro_exogenous_plus__fold_08__seed999,custom_custom,base_macro_exogenous_plus,calendar_exogenous,False,Baseline technical and macro features plus a causal calendar/event exogenous layer.,fold_08,999,27,1.5757310076817233,-0.07771540286464418,checkpoint,checkpoint_robust_score,checkpoint_robust_score,1.1729537864816066,325.347694284021,-0.15310206372642388,0.21561017680034497,1.848259651936755,5.210899823540505,-0.05685149259462974,7.936507936507937,-0.14363824344873194,-0.7224906683746535,-0.04336051322366341,7.936507936507937,1.7608979056311962,1.7608979056311962
base_macro_exogenous_plus__fold_09__seed42,custom_custom,base_macro_exogenous_plus,calendar_exogenous,False,Baseline technical and macro features plus a causal calendar/event exogenous layer.,fold_09,42,27,7.0342624500097966,-0.27926482755893456,best_model,checkpoint_robust_score,checkpoint_robust_score,0.828131029858882,246.44079311589567,-0.27017803995315715,0.6493665713118104,5.825291007024275,17.612099228631983,-0.026732195028018713,27.758064516129032,-1.6267988885572464,-27.62809564617613,-0.3635393086344666,23.411290322580644,5.147700427210562,5.147700427210562
base_macro_exogenous_plus__fold_09__seed123,custom_custom,base_macro_exogenous_plus,calendar_exogenous,False,Baseline technical and macro features plus a causal calendar/event exogenous layer.,fold_09,123,27,4.017269665491672,-0.21612448022166422,best_model,checkpoint_robust_score,checkpoint_robust_score,1.244303442073999,374.1374130463773,-0.14056176469251935,0.2451982018798529,4.998702472510749,10.513191717543013,-0.013418442032264277,9.67741935483871,-1.0803419736541335,-18.781858963973995,-0.31752001482455183,9.67741935483871,4.605494382834811,4.605494382834811
base_macro_exogenous_plus__fold_09__seed999,custom_custom,base_macro_exogenous_plus,calendar_exogenous,False,Baseline technical and macro features plus a causal calendar/event exogenous layer.,fold_09,999,27,5.522751583902384,-0.21967833149806526,checkpoint,checkpoint_robust_score,checkpoint_robust_score,1.0137445483981808,313.0308403889127,-0.21048281236563393,0.39681242337556194,5.59865931033846,13.637834698622097,-0.025018103711743844,11.129032258064516,-1.2299041359212617,-21.018989070471193,-0.33739664608923914,11.112903225806452,5.367948774750797,5.367948774750797
base_macro_exogenous_plus__fold_10__seed42,custom_custom,base_macro_exogenous_plus,calendar_exogenous,False,Baseline technical and macro features plus a causal calendar/event exogenous layer.,fold_10,42,27,4.075782477544082,0.669027059902581,checkpoint,checkpoint_robust_score,checkpoint_robust_score,0.48453917772212945,114.12682853136928,-0.40606160498761845,0.3800077790742902,1.974876290243473,16.520674968264416,-0.0964320316163233,15.82258064516129,1.3212456781329072,5.8944627708949815,-0.1114914431841656,15.047619047619047,2.0790099325817346,2.0790099325817346
base_macro_exogenous_plus__fold_10__seed123,custom_custom,base_macro_exogenous_plus,calendar_exogenous,False,Baseline technical and macro features plus a causal calendar/event exogenous layer.,fold_10,123,27,4.031537128184793,0.21305937596798394,checkpoint,checkpoint_robust_score,checkpoint_robust_score,0.5127841080373913,117.38609586430204,-0.32198536323729576,0.21392454297938546,2.067308170295865,14.225059370713812,-0.07890050466223875,8.870967741935484,0.44045938869675166,1.4288639501079503,-0.08514714973298687,8.73015873015873,2.4828243058070782,2.4828243058070782
base_macro_exogenous_plus__fold_10__seed999,custom_custom,base_macro_exogenous_plus,calendar_exogenous,False,Baseline technical and macro features plus a causal calendar/event exogenous layer.,fold_10,999,27,3.034627676717351,0.4114387547892883,checkpoint,checkpoint_robust_score,checkpoint_robust_score,0.9338154021235489,287.8203431581662,-0.26889100430379265,0.2543757292882147,2.833782064229064,16.815681836082508,-0.051142072262315263,8.870967741935484,1.1659277638506251,5.003385238825975,-0.08256849134481303,8.73015873015873,2.782250825020201,2.782250825020201
base_macro_exogenous_plus__fold_11__seed42,custom_custom,base_macro_exogenous_plus,calendar_exogenous,False,Baseline technical and macro features plus a causal calendar/event exogenous layer.,fold_11,42,27,5.802281607098736,0.8368960098347559,checkpoint,checkpoint_robust_score,checkpoint_robust_score,0.5957301496409418,207.21644059459652,-0.4466195043387855,1.0374074074074073,3.4565940900558147,21.008813223993663,-0.09155787622599043,23.93548387096774,2.89280980158611,12.157161757041134,-0.05664944142896844,26.762295081967213,3.280160292224181,3.280160292224181
base_macro_exogenous_plus__fold_11__seed123,custom_custom,base_macro_exogenous_plus,calendar_exogenous,False,Baseline technical and macro features plus a causal calendar/event exogenous layer.,fold_11,123,27,3.5715968090352197,0.7459263372740627,best_model,checkpoint_robust_score,checkpoint_robust_score,0.7837576275914632,342.20339612988465,-0.4277185677427535,0.687037037037037,2.799266241762684,15.570515906785953,-0.08138254772595976,7.870967741935484,2.0880464147729696,9.018356961827445,-0.07314830895098567,7.377049180327869,2.942210468095713,2.942210468095713
base_macro_exogenous_plus__fold_11__seed999,custom_custom,base_macro_exogenous_plus,calendar_exogenous,False,Baseline technical and macro features plus a causal calendar/event exogenous layer.,fold_11,999,27,3.756711831715213,0.9548593999455328,checkpoint,checkpoint_robust_score,checkpoint_robust_score,0.7167181575340841,242.9078117596361,-0.379917729064679,0.42592592592592593,2.6925035824134214,13.515422376327502,-0.08576515190350753,16.93548387096774,2.570962355054477,9.82273808099665,-0.05200149680185895,17.21311475409836,2.46047711606724,2.46047711606724
base_macro_exogenous_plus__fold_12__seed42,custom_custom,base_macro_exogenous_plus,calendar_exogenous,False,Baseline technical and macro features plus a causal calendar/event exogenous layer.,fold_12,42,27,3.138979332780447,0.09831853950792345,best_model,checkpoint_robust_score,checkpoint_robust_score,0.9468399695993565,488.76535344696606,-0.3356771800151006,0.24831739284449167,2.972111096022847,8.4219931322983,-0.039164972537192644,11.11111111111111,0.29221362221625996,0.6898750459434444,-0.04489857674282316,11.290322580645162,2.8024369154385065,2.8024369154385065
base_macro_exogenous_plus__fold_12__seed123,custom_custom,base_macro_exogenous_plus,calendar_exogenous,False,Baseline technical and macro features plus a causal calendar/event exogenous layer.,fold_12,123,27,1.9687462022982565,-0.26116000356360813,last_model,checkpoint_robust_score,checkpoint_robust_score,0.9504160542220846,444.9773633431999,-0.31375234597322255,0.26567481402763016,1.871127997353023,4.314328494642283,-0.029533500156154635,10.317460317460318,-0.48866379445668245,-1.499492593051166,-0.04286652356727594,10.483870967741936,1.7191136221729533,1.7191136221729533
base_macro_exogenous_plus__fold_12__seed999,custom_custom,base_macro_exogenous_plus,calendar_exogenous,False,Baseline technical and macro features plus a causal calendar/event exogenous layer.,fold_12,999,27,2.5758154017347863,-0.11032070292199445,checkpoint,checkpoint_robust_score,checkpoint_robust_score,0.9110471308207088,437.18915856503503,-0.3654974413892559,0.6069783917817925,2.346689231274268,6.356475025943387,-0.036170171430057296,16.365079365079364,-0.25888840553365206,-0.9478980328864961,-0.0439773307531337,16.112903225806452,1.9238789013257234,1.9238789013257234
base_macro_exogenous_plus__fold_13__seed42,custom_custom,base_macro_exogenous_plus,calendar_exogenous,False,Baseline technical and macro features plus a causal calendar/event exogenous layer.,fold_13,42,27,4.209303160651853,-0.3001804143962798,best_model,checkpoint_robust_score,checkpoint_robust_score,0.8478541059283289,482.95949925960076,-0.42166823994703184,0.7069783197831978,3.5688749678557654,13.390803485226076,-0.034773227393653294,20.903225806451612,-1.0713063667794533,-5.355616396319551,-0.1165135292237317,18.37704918032787,3.0411351593473652,3.0411351593473652
base_macro_exogenous_plus__fold_13__seed123,custom_custom,base_macro_exogenous_plus,calendar_exogenous,False,Baseline technical and macro features plus a causal calendar/event exogenous layer.,fold_13,123,27,2.759191162264651,-0.5239751093326291,last_model,checkpoint_robust_score,checkpoint_robust_score,1.0276046868418667,638.4624783881688,-0.3749433024550002,0.8756775067750677,2.835357770235813,10.225080634565309,-0.04320146914896683,16.725806451612904,-1.4856568976564297,-7.668104606628024,-0.14141567281722622,16.21311475409836,2.327750628345018,2.327750628345018
base_macro_exogenous_plus__fold_13__seed999,custom_custom,base_macro_exogenous_plus,calendar_exogenous,False,Baseline technical and macro features plus a causal calendar/event exogenous layer.,fold_13,999,27,2.6409579601522064,0.018358141438208863,checkpoint,checkpoint_robust_score,checkpoint_robust_score,0.858632375939351,416.2234226598558,-0.40523922791262657,0.2032520325203252,2.267612008081431,8.14503687377166,-0.07294794970833995,9.693548387096774,0.041629141971339725,-0.18174830408478337,-0.0850078892657824,9.836065573770492,2.206832208559302,2.206832208559302
base_macro_exogenous_plus__fold_14__seed42,custom_custom,base_macro_exogenous_plus,calendar_exogenous,False,Baseline technical and macro features plus a causal calendar/event exogenous layer.,fold_14,42,27,-1.5798112132079454,0.39231816195302094,checkpoint,checkpoint_robust_score,checkpoint_robust_score,1.0521429915110712,661.9847273771113,-0.29298122513001446,0.1625487646293888,-1.6621872958873423,-9.394234530653412,-0.15204827369940555,8.064516129032258,-0.6521062647441843,-3.5157621402114647,-0.14116952804574667,7.936507936507937,-3.5835674549211207,-3.5835674549211207
base_macro_exogenous_plus__fold_14__seed123,custom_custom,base_macro_exogenous_plus,calendar_exogenous,False,Baseline technical and macro features plus a causal calendar/event exogenous layer.,fold_14,123,27,-1.574097964341468,0.5870734249064138,checkpoint,checkpoint_robust_score,checkpoint_robust_score,0.8997139253834585,479.50810617461445,-0.33441712229934206,0.1625487646293888,-1.4162378584357735,-8.333790528973417,-0.14921469123575848,8.064516129032258,-0.8314356100340143,-4.0661180781822015,-0.1329543058469408,7.936507936507937,-3.1959025458672072,-3.1959025458672072
base_macro_exogenous_plus__fold_14__seed999,custom_custom,base_macro_exogenous_plus,calendar_exogenous,False,Baseline technical and macro features plus a causal calendar/event exogenous layer.,fold_14,999,27,-1.9636301427585932,0.4327042837371483,best_model,checkpoint_robust_score,checkpoint_robust_score,0.9127018106852013,458.3754764384441,-0.31994091396720714,0.28576072821846554,-1.7922087868118082,-9.93970970726168,-0.14471646124792792,12.096774193548388,-0.7754964194048269,-4.02838136645599,-0.1437509360664707,11.920634920634921,-4.045508401703481,-4.045508401703481
base_macro_hmm__fold_01__seed42,custom_custom,base_macro_hmm,negative_control_hmm,True,Baseline technical and macro features plus HMM state features as a negative control.,fold_01,42,15,2.2359740955550724,0.8396240776369911,checkpoint,checkpoint_robust_score,checkpoint_robust_score,0.9814664070445243,147.73695813047226,-0.21895626966370996,3.9208882720333103,2.194533461809067,7.912158627826504,-0.043083991614477624,19.758064516129032,1.8425831337149507,8.060575570113926,-0.05747386330771698,19.442622950819672,1.5603393011178528,1.5603393011178528
base_macro_hmm__fold_01__seed123,custom_custom,base_macro_hmm,negative_control_hmm,True,Baseline technical and macro features plus HMM state features as a negative control.,fold_01,123,15,2.443233144223888,0.8231244283181678,checkpoint,checkpoint_robust_score,checkpoint_robust_score,0.9778468201615566,125.70773876055642,-0.19561039165474448,0.7009021512838307,2.3891077609926508,8.500836330966388,-0.0394571863359785,12.935483870967742,1.9665329599575736,8.366791868442935,-0.052772773627311365,13.147540983606557,2.0995781199981436,2.0995781199981436
base_macro_hmm__fold_01__seed999,custom_custom,base_macro_hmm,negative_control_hmm,True,Baseline technical and macro features plus HMM state features as a negative control.,fold_01,999,15,2.8358026207311995,0.7192323101229083,checkpoint,checkpoint_robust_score,checkpoint_robust_score,0.9440969523733913,120.80935673724231,-0.20281672166747589,0.707147814018043,2.6772726117648014,9.403041852799387,-0.038375661730884136,8.870967741935484,1.9255809653883904,7.837810255714994,-0.06648895696088797,9.01639344262295,2.6158060949638653,2.6158060949638653
base_macro_hmm__fold_02__seed42,custom_custom,base_macro_hmm,negative_control_hmm,True,Baseline technical and macro features plus HMM state features as a negative control.,fold_02,42,15,0.4524315360422139,-0.830442826677576,checkpoint,checkpoint_robust_score,checkpoint_robust_score,1.0102979814182855,130.3698288030036,-0.12369023401121515,0.4805111821086262,0.45709066759342304,1.169765531425515,-0.04796347938294809,8.59375,-0.3795876660442225,-0.9420050264123736,-0.04169294319112671,8.73015873015873,-0.012664702568798758,-0.012664702568798758
base_macro_hmm__fold_02__seed123,custom_custom,base_macro_hmm,negative_control_hmm,True,Baseline technical and macro features plus HMM state features as a negative control.,fold_02,123,15,0.3175244013839969,0.7497171376769944,best_model,checkpoint_robust_score,checkpoint_robust_score,0.7135791701349502,88.28993544351471,-0.20602476228047373,0.9571884984025559,0.22657879883718934,0.5349830498512453,-0.05058173800580679,21.71875,0.1698700085225091,0.2897687163439411,-0.03138824927220685,19.0,-0.9237334644332087,-0.9237334644332087
base_macro_hmm__fold_02__seed999,custom_custom,base_macro_hmm,negative_control_hmm,True,Baseline technical and macro features plus HMM state features as a negative control.,fold_02,999,15,0.5878570699127165,-0.4820080457167589,checkpoint,checkpoint_robust_score,checkpoint_robust_score,1.1069822111556666,154.49011158225235,-0.1421134406717648,0.797444089456869,0.6507473190954702,1.6640587742147828,-0.035947587706007034,17.734375,-0.3136654435326277,-0.7778928627195203,-0.030119117132262452,17.126984126984127,-0.1934984274267484,-0.1934984274267484
base_macro_hmm__fold_03__seed42,custom_custom,base_macro_hmm,negative_control_hmm,True,Baseline technical and macro features plus HMM state features as a negative control.,fold_03,42,15,4.9069925710291775,0.456846565758112,checkpoint,checkpoint_robust_score,checkpoint_robust_score,0.8093837459318497,127.37016513572867,-0.21451205907406046,0.5316007088009451,3.971640028399354,9.066853577821243,-0.02335142160970738,14.516129032258064,1.8144301074016953,3.3395729929298623,-0.03375844617804369,14.80327868852459,3.8541561356220653,3.8541561356220653
base_macro_hmm__fold_03__seed123,custom_custom,base_macro_hmm,negative_control_hmm,True,Baseline technical and macro features plus HMM state features as a negative control.,fold_03,123,15,6.249252166170703,0.40870802734926653,last_model,checkpoint_robust_score,checkpoint_robust_score,0.8136718056344259,127.99072282047294,-0.21727392333228734,0.5593620791494389,5.084840293912963,12.718599925684583,-0.022244982372908728,12.790322580645162,2.078215045911232,3.968086117991132,-0.036722583713818535,12.868852459016393,5.135428953905672,5.135428953905672
base_macro_hmm__fold_03__seed999,custom_custom,base_macro_hmm,negative_control_hmm,True,Baseline technical and macro features plus HMM state features as a negative control.,fold_03,999,15,7.295705017837772,0.37210224430149885,best_model,checkpoint_robust_score,checkpoint_robust_score,0.7447908895150336,99.97180132963325,-0.1632475706228338,0.44300059066745423,5.433774629874688,12.330206404614309,-0.01650810173274686,12.096774193548388,2.021919734804918,3.7175529183609557,-0.03971513026483231,12.295081967213115,5.739637557141334,5.739637557141334
base_macro_hmm__fold_04__seed42,custom_custom,base_macro_hmm,negative_control_hmm,True,Baseline technical and macro features plus HMM state features as a negative control.,fold_04,42,15,3.902847977547747,1.0694570717914988,checkpoint,checkpoint_robust_score,checkpoint_robust_score,1.0542144179461903,217.93203111349473,-0.1999382322334745,0.3368189323059989,4.114438608982964,7.8153350523551435,-0.013993321164181838,8.73015873015873,4.400215466828809,8.439819059986897,-0.014530688066263009,8.761904761904763,3.97144966563745,3.97144966563745
base_macro_hmm__fold_04__seed123,custom_custom,base_macro_hmm,negative_control_hmm,True,Baseline technical and macro features plus HMM state features as a negative control.,fold_04,123,15,3.1042956621884357,1.2582089339173057,checkpoint,checkpoint_robust_score,checkpoint_robust_score,1.058137025271774,198.39800641010154,-0.17984585150082322,0.8134287286736379,3.2847701775521427,5.393050265036026,-0.015078732740278933,20.73015873015873,4.13292718326124,7.786880850621958,-0.015089535885752348,26.206349206349206,2.5539362462380018,2.5539362462380018
base_macro_hmm__fold_04__seed999,custom_custom,base_macro_hmm,negative_control_hmm,True,Baseline technical and macro features plus HMM state features as a negative control.,fold_04,999,15,3.7006763526542445,1.0062164108513396,checkpoint,checkpoint_robust_score,checkpoint_robust_score,1.2175404359801016,236.15491426621946,-0.1633214532906927,0.8211337369290038,4.505723099831902,7.666179309031862,-0.015945283575417246,17.80952380952381,4.5337325258028285,7.47601680970349,-0.015751875027160356,17.253968253968253,3.758025172079025,3.758025172079025
base_macro_hmm__fold_05__seed42,custom_custom,base_macro_hmm,negative_control_hmm,True,Baseline technical and macro features plus HMM state features as a negative control.,fold_05,42,15,6.54331376052757,-0.09835187818134547,checkpoint,checkpoint_robust_score,checkpoint_robust_score,1.188839273939334,256.68583298090954,-0.1849856523954705,0.30864197530864196,7.77894838022285,11.868261933697521,-0.006601856140122986,9.67741935483871,-0.7650741834706525,-4.469389461890339,-0.10512354992216111,10.0,7.278038855852323,7.278038855852323
base_macro_hmm__fold_05__seed123,custom_custom,base_macro_hmm,negative_control_hmm,True,Baseline technical and macro features plus HMM state features as a negative control.,fold_05,123,15,8.267462282556922,-0.1558040038619905,checkpoint,checkpoint_robust_score,checkpoint_robust_score,0.7711609749159724,137.68669239525698,-0.21624596626153558,0.5087448559670782,6.375544273897626,10.396203308063168,-0.008282879329573944,15.725806451612904,-0.9933353246726372,-5.474661385167245,-0.1041311413060626,16.4,6.520503307635367,6.520503307635367
base_macro_hmm__fold_05__seed999,custom_custom,base_macro_hmm,negative_control_hmm,True,Baseline technical and macro features plus HMM state features as a negative control.,fold_05,999,15,5.831534948097101,-0.12660850043939595,best_model,checkpoint_robust_score,checkpoint_robust_score,1.1740222605788202,248.73707385653142,-0.17945667850405134,0.4104938271604938,6.8463518424093515,11.355784326865969,-0.007743996520341523,11.290322580645162,-0.8668063402479436,-4.8695096972167455,-0.11435259979277645,11.666666666666666,6.336783191918359,6.336783191918359
base_macro_hmm__fold_06__seed42,custom_custom,base_macro_hmm,negative_control_hmm,True,Baseline technical and macro features plus HMM state features as a negative control.,fold_06,42,15,1.5051425407005947,2.292882071815289,checkpoint,checkpoint_robust_score,checkpoint_robust_score,1.2109354717007144,272.61955778506086,-0.14681232916398723,0.26582890285161914,1.8226304925000862,4.9295161537445065,-0.035082511192905286,8.73015873015873,4.1790767797973185,7.464149317400159,-0.018320203778547928,8.73015873015873,1.6953209368382873,1.6953209368382873
base_macro_hmm__fold_06__seed123,custom_custom,base_macro_hmm,negative_control_hmm,True,Baseline technical and macro features plus HMM state features as a negative control.,fold_06,123,15,2.4007143455011186,1.690674221967042,best_model,checkpoint_robust_score,checkpoint_robust_score,0.9848173603992482,221.94913441819946,-0.15402941370607848,0.45094248429192846,2.3642651648090203,6.582135219782259,-0.025507065853026867,11.174603174603174,3.997202168037271,7.988151081758099,-0.01974661138535916,11.071428571428571,2.16042758887553,2.16042758887553
base_macro_hmm__fold_06__seed999,custom_custom,base_macro_hmm,negative_control_hmm,True,Baseline technical and macro features plus HMM state features as a negative control.,fold_06,999,15,0.6913566704244324,8.151222296200542,last_model,checkpoint_robust_score,checkpoint_robust_score,0.9486682577257383,218.03928181945528,-0.19576580230893348,0.4654422426292895,0.6558681279986137,1.838188207250946,-0.044919788408873895,12.682539682539682,5.346126908309611,11.427058802965572,-0.019035970962659743,12.73015873015873,0.15674395427479992,0.15674395427479992
base_macro_hmm__fold_07__seed42,custom_custom,base_macro_hmm,negative_control_hmm,True,Baseline technical and macro features plus HMM state features as a negative control.,fold_07,42,15,-1.3028434674496847,-2.367121237614628,last_model,checkpoint_robust_score,checkpoint_robust_score,1.0968354884661287,269.4018158942274,-0.16149028088723716,0.2959927140255009,-1.4290049510150797,-8.036187487728519,-0.14044247444717672,10.655737704918034,3.3826279682042464,8.493401781455766,-0.024297041212511084,10.655737704918034,-3.3158754511315114,-3.3158754511315114
base_macro_hmm__fold_07__seed123,custom_custom,base_macro_hmm,negative_control_hmm,True,Baseline technical and macro features plus HMM state features as a negative control.,fold_07,123,15,-1.0863082010949945,-2.4146214903642274,checkpoint,checkpoint_robust_score,checkpoint_robust_score,1.224774389008322,286.17882700273003,-0.13755823781484788,0.4093806921675774,-1.3304824632708512,-7.8821086714012445,-0.13845921505220737,11.475409836065573,3.212611548366531,7.88847622482336,-0.027996817086621606,11.475409836065573,-3.1926466452603095,-3.1926466452603095
base_macro_hmm__fold_07__seed999,custom_custom,base_macro_hmm,negative_control_hmm,True,Baseline technical and macro features plus HMM state features as a negative control.,fold_07,999,15,-1.054005591668492,-2.420790231176296,checkpoint,checkpoint_robust_score,checkpoint_robust_score,1.3880816212018336,389.6080829218845,-0.14697004312766626,0.45081967213114754,-1.4630457904389984,-9.50491091271365,-0.15078564567639008,13.114754098360656,3.5417269572583296,10.09163929385355,-0.0375619808972909,13.114754098360656,-3.500658611082933,-3.500658611082933
base_macro_hmm__fold_08__seed42,custom_custom,base_macro_hmm,negative_control_hmm,True,Baseline technical and macro features plus HMM state features as a negative control.,fold_08,42,15,1.7522009550678386,-1.007996901981127,checkpoint,checkpoint_robust_score,checkpoint_robust_score,1.095804874497859,367.3794856359788,-0.18906905355168013,1.2518326865028029,1.9200703476631416,5.447839829098866,-0.04948824654308526,13.301587301587302,-1.9354249620302724,-7.712375446271135,-0.09665237668261173,12.238095238095237,1.5748195765953625,1.5748195765953625
base_macro_hmm__fold_08__seed123,custom_custom,base_macro_hmm,negative_control_hmm,True,Baseline technical and macro features plus HMM state features as a negative control.,fold_08,123,15,2.137153290087098,-0.12576372371029138,checkpoint,checkpoint_robust_score,checkpoint_robust_score,0.9376730511689181,255.37829820477504,-0.23015088696907193,0.2807244501940492,2.003951046331661,6.14241018668098,-0.067438146991189,10.317460317460318,-0.2520243457198043,-1.4327416360950251,-0.06776871339184265,10.317460317460318,1.8561405689830508,1.8561405689830508
base_macro_hmm__fold_08__seed999,custom_custom,base_macro_hmm,negative_control_hmm,True,Baseline technical and macro features plus HMM state features as a negative control.,fold_08,999,15,2.263537701276596,-0.540457476681433,best_model,checkpoint_robust_score,checkpoint_robust_score,1.1237538394416975,324.1882736492994,-0.16882736629681228,0.8870202673566192,2.5436591825306087,7.168335710123097,-0.037918110268971295,8.761904761904763,-1.3747396233280493,-5.44052329766237,-0.06919381735285135,8.761904761904763,2.397043458774163,2.397043458774163
base_macro_hmm__fold_09__seed42,custom_custom,base_macro_hmm,negative_control_hmm,True,Baseline technical and macro features plus HMM state features as a negative control.,fold_09,42,15,6.918651988104369,-0.205084236233427,checkpoint,checkpoint_robust_score,checkpoint_robust_score,1.0214894281394593,325.14495708916354,-0.22206125074414895,0.6146301593788313,7.067329862824665,14.922667352015706,-0.014676564598614106,10.766129032258064,-1.4493979471270868,-23.51239798162823,-0.35235743610177017,10.580645161290322,6.833039798448608,6.833039798448608
base_macro_hmm__fold_09__seed123,custom_custom,base_macro_hmm,negative_control_hmm,True,Baseline technical and macro features plus HMM state features as a negative control.,fold_09,123,15,7.130396145135641,-0.2609384852560443,checkpoint,checkpoint_robust_score,checkpoint_robust_score,0.7915396109663234,187.9616342029784,-0.2110484702051174,0.3089497343686146,5.643990990756437,12.424427067507192,-0.01463319682060793,11.629032258064516,-1.4727344599267456,-21.498460731184753,-0.2919894600202535,11.548387096774194,5.858356726042086,5.858356726042086
base_macro_hmm__fold_09__seed999,custom_custom,base_macro_hmm,negative_control_hmm,True,Baseline technical and macro features plus HMM state features as a negative control.,fold_09,999,15,6.717636580259642,-0.17752287473148273,best_model,checkpoint_robust_score,checkpoint_robust_score,1.0362148595839673,292.1409973410299,-0.18055978261338157,0.32652227217000407,6.960914845749867,15.426035938923643,-0.013334225575838743,11.806451612903226,-1.235721614178572,-18.301072354102345,-0.29181502630629896,11.806451612903226,6.646786650479932,6.646786650479932
base_macro_hmm__fold_10__seed42,custom_custom,base_macro_hmm,negative_control_hmm,True,Baseline technical and macro features plus HMM state features as a negative control.,fold_10,42,15,2.639856949101562,0.40390309968535115,checkpoint,checkpoint_robust_score,checkpoint_robust_score,0.8659412480244951,301.97127379616796,-0.3827756497230592,0.1750291715285881,2.285961021111143,16.710088110221122,-0.0937012884868097,7.258064516129032,0.9233067421866811,3.5748513172455088,-0.08109350731585974,7.142857142857143,2.34063067806123,2.34063067806123
base_macro_hmm__fold_10__seed123,custom_custom,base_macro_hmm,negative_control_hmm,True,Baseline technical and macro features plus HMM state features as a negative control.,fold_10,123,15,3.806536258355314,0.44129094556917764,checkpoint,checkpoint_robust_score,checkpoint_robust_score,0.5923130008804225,152.50006409656217,-0.38628380435915854,0.2839362115908207,2.254660914146571,18.995306084172057,-0.08914044597820792,11.306451612903226,0.9949614467416069,4.6073041693603045,-0.11380322507430052,11.5,2.430890209684797,2.430890209684797
base_macro_hmm__fold_10__seed999,custom_custom,base_macro_hmm,negative_control_hmm,True,Baseline technical and macro features plus HMM state features as a negative control.,fold_10,999,15,4.084425290213785,0.4083929486370846,checkpoint,checkpoint_robust_score,checkpoint_robust_score,0.61215652197222,172.67936429225733,-0.39285118081606696,0.67561260210035,2.500307579912646,18.990517728681986,-0.08171838763956507,10.403225806451612,1.0211079850601785,4.052145094067394,-0.0862703065198498,12.23015873015873,2.7406704321217847,2.7406704321217847
base_macro_hmm__fold_11__seed42,custom_custom,base_macro_hmm,negative_control_hmm,True,Baseline technical and macro features plus HMM state features as a negative control.,fold_11,42,15,3.9797729282197305,0.7693883852918862,checkpoint,checkpoint_robust_score,checkpoint_robust_score,0.8267477728495864,332.2756934385214,-0.3244529889241644,0.9774074074074074,3.290268404852739,15.269818407765756,-0.0700840475148935,27.467741935483872,2.531494295186559,9.722435013165253,-0.04143942159436198,19.991803278688526,2.440561207002858,2.440561207002858
base_macro_hmm__fold_11__seed123,custom_custom,base_macro_hmm,negative_control_hmm,True,Baseline technical and macro features plus HMM state features as a negative control.,fold_11,123,15,3.0386931140694338,1.0438063511520614,checkpoint,checkpoint_robust_score,checkpoint_robust_score,0.6811284026803803,203.34916883162276,-0.31255685521107357,0.26851851851851855,2.069740187021984,8.057566542470184,-0.09370780142565605,10.483870967741936,2.1604079524482023,6.828996229101558,-0.04421256870409207,10.655737704918034,2.113704323897062,2.113704323897062
base_macro_hmm__fold_11__seed999,custom_custom,base_macro_hmm,negative_control_hmm,True,Baseline technical and macro features plus HMM state features as a negative control.,fold_11,999,15,4.617731580706518,1.0211729939737453,checkpoint,checkpoint_robust_score,checkpoint_robust_score,0.6762667753624709,234.0964640276284,-0.40791516761415925,0.27185185185185184,3.1228184455738424,15.433889811676792,-0.08391855642975321,11.290322580645162,3.188937861703078,12.911654231121394,-0.04013396849246875,11.475409836065573,3.3098234295719107,3.3098234295719107
base_macro_hmm__fold_12__seed42,custom_custom,base_macro_hmm,negative_control_hmm,True,Baseline technical and macro features plus HMM state features as a negative control.,fold_12,42,15,1.8648819333742588,-0.31641415839994214,checkpoint,checkpoint_robust_score,checkpoint_robust_score,0.9013915961509018,449.0267057549933,-0.33013342596040385,1.3414806942968474,1.680988902557203,4.610537583171093,-0.0374287716448366,14.904761904761905,-0.5318886888822797,-1.918516415141669,-0.0482335573486502,16.95967741935484,1.3118575495934093,1.3118575495934093
base_macro_hmm__fold_12__seed123,custom_custom,base_macro_hmm,negative_control_hmm,True,Baseline technical and macro features plus HMM state features as a negative control.,fold_12,123,15,2.1876288325717224,-0.15228650631695126,checkpoint,checkpoint_robust_score,checkpoint_robust_score,0.8967676164135651,470.9704195546594,-0.3700878135019966,0.4534183492738222,1.9617946937829334,5.554461443107628,-0.03891307758483842,10.317460317460318,-0.29875486002733614,-1.1424018384773027,-0.050051943369824325,10.483870967741936,1.8349409844722575,1.8349409844722575
base_macro_hmm__fold_12__seed999,custom_custom,base_macro_hmm,negative_control_hmm,True,Baseline technical and macro features plus HMM state features as a negative control.,fold_12,999,15,2.4061384527712595,0.05807045834961249,checkpoint,checkpoint_robust_score,checkpoint_robust_score,0.770883159231284,307.15193408631905,-0.3965318809078564,0.3010981225646475,1.8548516120201821,5.120017260117726,-0.036499069129885875,13.492063492063492,0.10771208328052957,0.13496588704222656,-0.04774328816098328,13.709677419354838,1.639358030497846,1.639358030497846
base_macro_hmm__fold_13__seed42,custom_custom,base_macro_hmm,negative_control_hmm,True,Baseline technical and macro features plus HMM state features as a negative control.,fold_13,42,15,3.691190520731229,0.020803769772688975,best_model,checkpoint_robust_score,checkpoint_robust_score,0.7716666078317937,313.8884065666847,-0.3548266154606874,0.2032520325203252,2.8483684679935397,9.952471635324066,-0.058478742528707106,9.67741935483871,0.059256801835924404,-0.05656991846656467,-0.07506207502771378,9.836065573770492,2.9237206571980527,2.9237206571980527
base_macro_hmm__fold_13__seed123,custom_custom,base_macro_hmm,negative_control_hmm,True,Baseline technical and macro features plus HMM state features as a negative control.,fold_13,123,15,3.1137342545329387,-0.35914265302610643,best_model,checkpoint_robust_score,checkpoint_robust_score,0.9353275891218642,476.77382224367915,-0.3886873495032702,0.27100271002710025,2.912361553458459,9.658436822601303,-0.052069440946760026,12.903225806451612,-1.0459532548803037,-5.160639915127552,-0.11750389862484734,13.114754098360656,2.659838420609923,2.659838420609923
base_macro_hmm__fold_13__seed999,custom_custom,base_macro_hmm,negative_control_hmm,True,Baseline technical and macro features plus HMM state features as a negative control.,fold_13,999,15,4.655881756590573,-0.24641336751472434,best_model,checkpoint_robust_score,checkpoint_robust_score,1.0373532197198085,486.41832089167553,-0.29861042151501305,0.2032520325203252,4.829793930833949,14.930984661096968,-0.0276572564950055,9.693548387096774,-1.190125786898971,-5.1249412712859765,-0.11208069170455903,9.836065573770492,4.644555151746362,4.644555151746362
base_macro_hmm__fold_14__seed42,custom_custom,base_macro_hmm,negative_control_hmm,True,Baseline technical and macro features plus HMM state features as a negative control.,fold_14,42,15,-1.6596038413868182,0.8100608815754105,checkpoint,checkpoint_robust_score,checkpoint_robust_score,0.9634001223563384,572.5828984236917,-0.3428249776451925,0.2005851755526658,-1.5988625438551098,-9.996150897416722,-0.14774399176054775,8.870967741935484,-1.2951760017931737,-6.474153668082227,-0.15253749044876985,8.746031746031745,-3.534838607787332,-3.534838607787332
base_macro_hmm__fold_14__seed123,custom_custom,base_macro_hmm,negative_control_hmm,True,Baseline technical and macro features plus HMM state features as a negative control.,fold_14,123,15,-1.8489676770862848,0.8254287174709593,checkpoint,checkpoint_robust_score,checkpoint_robust_score,0.8713989798461493,395.9921666730203,-0.374277659294767,0.26007802340702213,-1.611188547581493,-8.384226927320103,-0.12894348704372094,12.903225806451612,-1.3299212964340894,-5.648259628674279,-0.1382280361631243,12.698412698412698,-3.7852885081883203,-3.7852885081883203
base_macro_hmm__fold_14__seed999,custom_custom,base_macro_hmm,negative_control_hmm,True,Baseline technical and macro features plus HMM state features as a negative control.,fold_14,999,15,-2.123112974119778,0.48268150377304364,checkpoint,checkpoint_robust_score,checkpoint_robust_score,0.8631778958920175,491.18801733735654,-0.396769816845593,0.23439531859557866,-1.8326241897417537,-11.601555721783075,-0.15597861981559102,11.306451612903226,-0.8845737997554053,-4.881994600920803,-0.16092652022055554,11.11111111111111,-4.100164903282216,-4.100164903282216
base_macro_gru__fold_01__seed42,custom_custom,base_macro_gru,negative_control_gru,True,Baseline technical and macro features plus GRU forecast features as a negative control.,fold_01,42,20,2.890883448897643,1.019087439231834,best_model,checkpoint_robust_score,checkpoint_robust_score,0.8373233113400269,100.21741303761024,-0.17264930023573033,0.6183206106870229,2.420604102129052,8.895539795250507,-0.03632237943704264,11.14516129032258,2.4668072358327686,8.910658365153479,-0.046119367089117125,11.557377049180328,2.3173747300072347,2.3173747300072347
base_macro_gru__fold_01__seed123,custom_custom,base_macro_gru,negative_control_gru,True,Baseline technical and macro features plus GRU forecast features as a negative control.,fold_01,123,20,2.981866828298539,0.6542906019695877,checkpoint,checkpoint_robust_score,checkpoint_robust_score,0.7695694088649035,90.0634978525876,-0.20639834478815222,0.6724496877168633,2.2947534923675716,8.76804293606337,-0.04254438780648795,14.790322580645162,1.5014356438929921,6.260763442159822,-0.0694791226617606,15.278688524590164,2.0608218852332194,2.0608218852332194
base_macro_gru__fold_01__seed999,custom_custom,base_macro_gru,negative_control_gru,True,Baseline technical and macro features plus GRU forecast features as a negative control.,fold_01,999,20,2.5318523659800887,0.7930259110415513,checkpoint,checkpoint_robust_score,checkpoint_robust_score,0.8144471109549779,94.5264862885605,-0.21412678476645663,0.6210964607911172,2.0620598448370084,7.5382764465715235,-0.044073566866823954,12.983870967741936,1.6352668870740685,6.948987608820745,-0.06576113359759173,13.049180327868852,1.857942810997549,1.857942810997549
base_macro_gru__fold_02__seed42,custom_custom,base_macro_gru,negative_control_gru,True,Baseline technical and macro features plus GRU forecast features as a negative control.,fold_02,42,20,0.1322570458762528,-1.6525066811274556,checkpoint,checkpoint_robust_score,checkpoint_robust_score,1.1244850829104631,192.63739709413886,-0.16688470363494812,0.4472843450479233,0.14872107519765107,0.2758585254911461,-0.05106005214157072,9.375,-0.24576257038857713,-0.6596662647666673,-0.042532825636828586,9.523809523809524,-0.6203623666593017,-0.6203623666593017
base_macro_gru__fold_02__seed123,custom_custom,base_macro_gru,negative_control_gru,True,Baseline technical and macro features plus GRU forecast features as a negative control.,fold_02,123,20,0.16086356183182388,1.5986006611177217,checkpoint,checkpoint_robust_score,checkpoint_robust_score,0.9555777870138432,114.33849750941158,-0.12733833700933472,0.4159744408945687,0.1537176464264188,0.28424175817360897,-0.04796596395183894,10.171875,0.2457331312027333,0.4270298744674772,-0.026746086325318497,10.317460317460318,-0.5840215025332254,-0.5840215025332254
base_macro_gru__fold_02__seed999,custom_custom,base_macro_gru,negative_control_gru,True,Baseline technical and macro features plus GRU forecast features as a negative control.,fold_02,999,20,0.0944024266811775,8.954002199674541,checkpoint,checkpoint_robust_score,checkpoint_robust_score,0.7919781721430164,108.5304461344561,-0.19268222118746103,0.5750798722044729,0.07476466132882408,0.024176770684469773,-0.05443340073485903,14.0625,0.6694429419962129,1.5087546887950776,-0.03461929548157816,14.285714285714286,-0.851787558191217,-0.851787558191217
base_macro_gru__fold_03__seed42,custom_custom,base_macro_gru,negative_control_gru,True,Baseline technical and macro features plus GRU forecast features as a negative control.,fold_03,42,20,7.051141783614052,0.3199401153924416,checkpoint,checkpoint_robust_score,checkpoint_robust_score,0.658791494685667,102.73206699002375,-0.2621544973911063,2.0507974010632015,4.645232234867661,14.313649627188575,-0.01683237135677962,22.387096774193548,1.486196137248249,3.3833713087620065,-0.04969662609695891,27.60655737704918,4.596839524223526,4.596839524223526
base_macro_gru__fold_03__seed123,custom_custom,base_macro_gru,negative_control_gru,True,Baseline technical and macro features plus GRU forecast features as a negative control.,fold_03,123,20,6.247529000339672,0.3846804072649162,checkpoint,checkpoint_robust_score,checkpoint_robust_score,0.6987152116141503,104.78294879032669,-0.23593878665043566,0.45776727702303605,4.365243547537875,11.304977237361902,-0.022017739826325267,9.161290322580646,1.6792236656774173,3.443129486162211,-0.04619590561588671,8.19672131147541,4.808327489971792,4.808327489971792
base_macro_gru__fold_03__seed999,custom_custom,base_macro_gru,negative_control_gru,True,Baseline technical and macro features plus GRU forecast features as a negative control.,fold_03,999,20,7.74086640421309,0.39422358578180144,best_model,checkpoint_robust_score,checkpoint_robust_score,0.7540931140487005,108.01005592445443,-0.19525742230576038,0.4134672179562906,5.837334052188016,13.024072172003166,-0.017724890450607433,11.290322580645162,2.301214761459773,4.5923162005551355,-0.03491806149820986,11.475409836065573,6.201214347236518,6.201214347236518
base_macro_gru__fold_04__seed42,custom_custom,base_macro_gru,negative_control_gru,True,Baseline technical and macro features plus GRU forecast features as a negative control.,fold_04,42,20,4.617711958513771,1.0278466478882229,checkpoint,checkpoint_robust_score,checkpoint_robust_score,1.0956442004246494,193.1621749038873,-0.16310161154254021,0.4799119427627958,5.059369326577163,9.276328458659954,-0.01408292494953578,14.0,5.200255802750832,8.789653298980582,-0.015344767550462435,15.333333333333334,4.58685642540865,4.58685642540865
base_macro_gru__fold_04__seed123,custom_custom,base_macro_gru,negative_control_gru,True,Baseline technical and macro features plus GRU forecast features as a negative control.,fold_04,123,20,3.1030822271760052,1.1132155315048315,best_model,checkpoint_robust_score,checkpoint_robust_score,1.0729027383808485,186.53200114958275,-0.15472397666574345,0.4678040726472207,3.329305418958078,5.361469485671244,-0.01941698575977502,13.492063492063492,3.706234501507333,6.522722535728498,-0.01769397211692625,13.492063492063492,2.9490983870884975,2.9490983870884975
base_macro_gru__fold_04__seed999,custom_custom,base_macro_gru,negative_control_gru,True,Baseline technical and macro features plus GRU forecast features as a negative control.,fold_04,999,20,4.515630587240343,0.8364834680717107,best_model,checkpoint_robust_score,checkpoint_robust_score,1.021426731768502,205.38844795708692,-0.19557426959057067,0.8981838194826637,4.6123857925987855,9.443208835602967,-0.016586636639584595,9.936507936507937,3.858184463877718,6.552592777469068,-0.01395449858350517,10.222222222222221,4.437536766352951,4.437536766352951
base_macro_gru__fold_05__seed42,custom_custom,base_macro_gru,negative_control_gru,True,Baseline technical and macro features plus GRU forecast features as a negative control.,fold_05,42,20,6.434339181954806,-0.0745365794808002,best_model,checkpoint_robust_score,checkpoint_robust_score,1.053116434995229,216.03222103444386,-0.18410650019885544,0.4773662551440329,6.776108340850363,10.910576515941873,-0.006254274640780988,15.14516129032258,-0.5050679379183062,-3.3213186512592197,-0.10124386261658114,15.666666666666666,6.267196395505042,6.267196395505042
base_macro_gru__fold_05__seed123,custom_custom,base_macro_gru,negative_control_gru,True,Baseline technical and macro features plus GRU forecast features as a negative control.,fold_05,123,20,6.432771254919974,-0.023430218023211154,best_model,checkpoint_robust_score,checkpoint_robust_score,0.9545490771799374,171.78687613728673,-0.1566649090687564,0.5823045267489712,6.140395865093489,11.131936180352596,-0.011272877362744627,14.387096774193548,-0.14387081386796471,-1.52004903043651,-0.08983966755785822,15.683333333333334,5.856337302099784,5.856337302099784
base_macro_gru__fold_05__seed999,custom_custom,base_macro_gru,negative_control_gru,True,Baseline technical and macro features plus GRU forecast features as a negative control.,fold_05,999,20,5.584522756291753,-0.054870682083554896,checkpoint,checkpoint_robust_score,checkpoint_robust_score,1.1013287193902621,206.9914013557454,-0.14509845082545947,0.46296296296296297,6.150395295592574,9.459054823567236,-0.011144064283637678,14.516129032258064,-0.33747638495265175,-2.4142432505027456,-0.0936102331085954,15.0,5.610884100582612,5.610884100582612
base_macro_gru__fold_06__seed42,custom_custom,base_macro_gru,negative_control_gru,True,Baseline technical and macro features plus GRU forecast features as a negative control.,fold_06,42,20,1.6745389873742174,2.394955157007927,checkpoint,checkpoint_robust_score,checkpoint_robust_score,1.1390155636854502,225.57850277220655,-0.12796070583880836,0.5345577573707105,1.9073259686173072,5.343852505254532,-0.03290062098087898,15.063492063492063,4.567960164635159,8.447712925247197,-0.020891404316225715,14.968253968253968,1.4680413071994427,1.4680413071994427
base_macro_gru__fold_06__seed123,custom_custom,base_macro_gru,negative_control_gru,True,Baseline technical and macro features plus GRU forecast features as a negative control.,fold_06,123,20,1.2077206917928967,3.2457424653926488,checkpoint,checkpoint_robust_score,checkpoint_robust_score,1.1756074075957486,269.9821110634386,-0.15964462235031252,0.3624939584340261,1.4198053915783913,3.9075942994209134,-0.038073379457629675,11.904761904761905,4.608322652039423,8.343444326425132,-0.016728414444714734,11.904761904761905,1.1579929061281216,1.1579929061281216
base_macro_gru__fold_06__seed999,custom_custom,base_macro_gru,negative_control_gru,True,Baseline technical and macro features plus GRU forecast features as a negative control.,fold_06,999,20,0.7622482553658594,5.712664283150538,checkpoint,checkpoint_robust_score,checkpoint_robust_score,1.0937589733983706,237.00952745075207,-0.17939321343094972,0.4219429676172064,0.8337158692636614,2.707862212036072,-0.05503680487088303,11.904761904761905,4.762738868638322,11.420172290368669,-0.022341726136312356,11.904761904761905,0.40874589646938053,0.40874589646938053
base_macro_gru__fold_07__seed42,custom_custom,base_macro_gru,negative_control_gru,True,Baseline technical and macro features plus GRU forecast features as a negative control.,fold_07,42,20,-1.6329133895168308,-2.8489504295573096,best_model,checkpoint_robust_score,checkpoint_robust_score,0.9053700052961711,187.5503965991831,-0.17552067499536372,0.773224043715847,-1.4783908041150418,-8.469365435361887,-0.13613978148714745,14.663934426229508,4.211862116437125,10.507727535506795,-0.022802302022450815,13.344262295081966,-3.631037473200047,-3.631037473200047
base_macro_gru__fold_07__seed123,custom_custom,base_macro_gru,negative_control_gru,True,Baseline technical and macro features plus GRU forecast features as a negative control.,fold_07,123,20,-1.5236445176438442,-1.8631522157796552,last_model,checkpoint_robust_score,checkpoint_robust_score,1.1457970697598296,311.1147713928255,-0.1712789135168613,0.3802367941712204,-1.7457874236719457,-12.062495964230369,-0.17794842441501257,9.01639344262295,3.2526677066946412,10.515468885211954,-0.03937656492919528,9.01639344262295,-3.7597320921210615,-3.7597320921210615
base_macro_gru__fold_07__seed999,custom_custom,base_macro_gru,negative_control_gru,True,Baseline technical and macro features plus GRU forecast features as a negative control.,fold_07,999,20,-1.1336356416677298,-2.6269994768774674,checkpoint,checkpoint_robust_score,checkpoint_robust_score,1.2350060188845722,300.36700988688176,-0.13594208201725033,0.3283242258652095,-1.4000468406817204,-8.656012036106898,-0.14359826651583574,9.01639344262295,3.67792231807483,10.281141252995308,-0.03098291344257109,9.01639344262295,-3.1842673148963594,-3.1842673148963594
base_macro_gru__fold_08__seed42,custom_custom,base_macro_gru,negative_control_gru,True,Baseline technical and macro features plus GRU forecast features as a negative control.,fold_08,42,20,1.369940807900721,-0.3744042573746065,best_model,checkpoint_robust_score,checkpoint_robust_score,1.0696635512269217,271.3089226727627,-0.16893548603379382,0.4432945235015093,1.4653757495497632,3.8638387354562154,-0.05084427091287147,15.746031746031745,-0.5486429192849365,-2.0698760711803432,-0.06406880583296881,15.26984126984127,1.0139697485091466,1.0139697485091466
base_macro_gru__fold_08__seed123,custom_custom,base_macro_gru,negative_control_gru,True,Baseline technical and macro features plus GRU forecast features as a negative control.,fold_08,123,20,3.6811712873912894,-0.3046284463857785,best_model,checkpoint_robust_score,checkpoint_robust_score,0.7630224748539789,55.45205961322004,-0.1299939938640896,0.0,2.8088164260667092,0.16257144741143037,-0.0006454819320835803,0.0,-0.8556453840555566,-0.08102176902620162,-0.0018675080562016166,0.0,3.3811339455359963,3.3811339455359963
base_macro_gru__fold_08__seed999,custom_custom,base_macro_gru,negative_control_gru,True,Baseline technical and macro features plus GRU forecast features as a negative control.,fold_08,999,20,1.7646983011175736,-0.6933099828335728,checkpoint,checkpoint_robust_score,checkpoint_robust_score,0.9953688687988101,258.02858065250985,-0.16907464059592858,0.2190599396291505,1.7565257517545814,5.447143137054455,-0.053343424057986866,7.142857142857143,-1.2178168387956974,-4.626871231346074,-0.06096489813757833,7.142857142857143,1.7452880485625566,1.7452880485625566
base_macro_gru__fold_09__seed42,custom_custom,base_macro_gru,negative_control_gru,True,Baseline technical and macro features plus GRU forecast features as a negative control.,fold_09,42,20,6.548506009099179,-0.1740199394646233,best_model,checkpoint_robust_score,checkpoint_robust_score,1.0752518981867667,357.7449851209448,-0.16865343190584392,0.4503473641193298,7.04129351657134,15.842441086672988,-0.014711170676511509,12.887096774193548,-1.225325471506389,-19.497102329167937,-0.2923078598640326,12.85483870967742,6.599330097544124,6.599330097544124
base_macro_gru__fold_09__seed123,custom_custom,base_macro_gru,negative_control_gru,True,Baseline technical and macro features plus GRU forecast features as a negative control.,fold_09,123,20,5.220429115349181,-0.2916016868445848,checkpoint,checkpoint_robust_score,checkpoint_robust_score,0.8815548222476819,233.4578259223783,-0.19843370338062294,0.4086636697997548,4.602094460838271,10.880590131681833,-0.020684094700016975,16.129032258064516,-1.3419785077985598,-20.640774562532037,-0.30645203358217454,16.129032258064516,4.31853575533055,4.31853575533055
base_macro_gru__fold_09__seed999,custom_custom,base_macro_gru,negative_control_gru,True,Baseline technical and macro features plus GRU forecast features as a negative control.,fold_09,999,20,6.226179710117691,-0.21777811268011585,checkpoint,checkpoint_robust_score,checkpoint_robust_score,0.9830026450082514,279.5397264931833,-0.17459469728886834,0.37842255823457294,6.120351123342398,14.916761131499513,-0.01951420605335974,12.096774193548388,-1.3328785165811343,-22.210953823732016,-0.33249434885514817,12.096774193548388,5.894651924183881,5.894651924183881
base_macro_gru__fold_10__seed42,custom_custom,base_macro_gru,negative_control_gru,True,Baseline technical and macro features plus GRU forecast features as a negative control.,fold_10,42,20,3.250387674162266,0.6322821128725153,checkpoint,checkpoint_robust_score,checkpoint_robust_score,0.7987153896514446,224.27800615301527,-0.27685085787201547,0.49902761571373006,2.596134657686767,16.997696185256217,-0.05589867223349643,14.129032258064516,1.6414895066637534,7.617274661651985,-0.09978226346433161,13.920634920634921,2.3926321197046216,2.3926321197046216
base_macro_gru__fold_10__seed123,custom_custom,base_macro_gru,negative_control_gru,True,Baseline technical and macro features plus GRU forecast features as a negative control.,fold_10,123,20,3.6640769940873144,0.5997915196594751,best_model,checkpoint_robust_score,checkpoint_robust_score,0.7401751176694533,209.59778481576149,-0.36591796502470153,0.45702061454686893,2.7120586202485146,22.730549571962765,-0.0755019617339846,18.080645161290324,1.6266697612444359,7.00009247696185,-0.09888763809639423,13.26984126984127,2.3927438880384884,2.3927438880384884
base_macro_gru__fold_10__seed999,custom_custom,base_macro_gru,negative_control_gru,True,Baseline technical and macro features plus GRU forecast features as a negative control.,fold_10,999,20,3.149788708673289,0.6830748956932271,checkpoint,checkpoint_robust_score,checkpoint_robust_score,0.8108653916394809,273.40383326261855,-0.39089931231004527,0.34072345390898484,2.554054654839981,19.8849267981972,-0.07977913868454356,11.838709677419354,1.7446106169496212,8.70368852705916,-0.09713191263013154,11.412698412698413,2.4464510630160357,2.4464510630160357
base_macro_gru__fold_11__seed42,custom_custom,base_macro_gru,negative_control_gru,True,Baseline technical and macro features plus GRU forecast features as a negative control.,fold_11,42,20,3.4540644253541926,0.8498214423531816,checkpoint,checkpoint_robust_score,checkpoint_robust_score,0.7550236555029738,287.6791048361232,-0.38497049641862546,0.3388888888888889,2.607900348773701,12.252315085945508,-0.0902084714257736,13.82258064516129,2.2162496359082318,7.603843816213196,-0.03895349606526477,13.852459016393443,2.4681661756022724,2.4681661756022724
base_macro_gru__fold_11__seed123,custom_custom,base_macro_gru,negative_control_gru,True,Baseline technical and macro features plus GRU forecast features as a negative control.,fold_11,123,20,4.643944528091811,0.7952360891883244,checkpoint,checkpoint_robust_score,checkpoint_robust_score,0.7291060399384254,285.12944116411416,-0.40677088302503817,0.2777777777777778,3.3859280045707396,18.289471047584517,-0.08136475315821567,12.096774193548388,2.692612144628062,10.696555176374755,-0.04761319185797985,12.295081967213115,3.4684457167883216,3.4684457167883216
base_macro_gru__fold_11__seed999,custom_custom,base_macro_gru,negative_control_gru,True,Baseline technical and macro features plus GRU forecast features as a negative control.,fold_11,999,20,5.2286250276627895,0.7613857136447327,checkpoint,checkpoint_robust_score,checkpoint_robust_score,0.5688403004049422,177.8066133569674,-0.44646945578026875,0.18703703703703703,2.9742526314405002,17.48798698299405,-0.108020800549254,8.064516129032258,2.2645534623490495,10.281300517077252,-0.05025686631106896,8.19672131147541,3.548349188753493,3.548349188753493
base_macro_gru__fold_12__seed42,custom_custom,base_macro_gru,negative_control_gru,True,Baseline technical and macro features plus GRU forecast features as a negative control.,fold_12,42,20,2.2106422291974885,0.28726804276467327,best_model,checkpoint_robust_score,checkpoint_robust_score,1.1421591987965825,747.1712697768781,-0.3235214028865018,0.48884165781083955,2.5249053573260944,7.555821491442893,-0.03910541609662854,8.428571428571429,0.7253246201651051,1.9514438863692751,-0.03621997099313312,9.491935483870968,2.389329869021652,2.389329869021652
base_macro_gru__fold_12__seed123,custom_custom,base_macro_gru,negative_control_gru,True,Baseline technical and macro features plus GRU forecast features as a negative control.,fold_12,123,20,2.1085320434281734,0.10151213549364627,checkpoint,checkpoint_robust_score,checkpoint_robust_score,0.7865776870706597,338.13072528221335,-0.39089358111525796,0.19482819695359546,1.6585242578341044,4.788081986124437,-0.038689322808296955,8.746031746031745,0.16836033918075471,0.3367510488677894,-0.047440896928021115,8.870967741935484,1.6501586536843422,1.6501586536843422
base_macro_gru__fold_12__seed999,custom_custom,base_macro_gru,negative_control_gru,True,Baseline technical and macro features plus GRU forecast features as a negative control.,fold_12,999,20,2.817471638425234,-0.12492916355682447,checkpoint,checkpoint_robust_score,checkpoint_robust_score,0.7819621698682642,406.130550281682,-0.42714970171536415,0.33049946865037194,2.2031562359252894,7.481305916819392,-0.04992134643849633,9.69047619047619,-0.27523846573914823,-1.3008800897384543,-0.05230710147050455,9.016129032258064,2.2023374420865034,2.2023374420865034
base_macro_gru__fold_13__seed42,custom_custom,base_macro_gru,negative_control_gru,True,Baseline technical and macro features plus GRU forecast features as a negative control.,fold_13,42,20,2.9007694281788634,-0.5153015378852984,checkpoint,checkpoint_robust_score,checkpoint_robust_score,1.1382761378654425,633.1291986414419,-0.3057508887069019,0.2032520325203252,3.3018766215455844,11.128845557398947,-0.04339724424399949,9.67741935483871,-1.701462100989953,-8.720591464748361,-0.14570646858758907,10.704918032786885,3.071675059953801,3.071675059953801
base_macro_gru__fold_13__seed123,custom_custom,base_macro_gru,negative_control_gru,True,Baseline technical and macro features plus GRU forecast features as a negative control.,fold_13,123,20,4.811895036011845,-0.21433067866797453,checkpoint,checkpoint_robust_score,checkpoint_robust_score,0.8936025146848473,344.2033098978625,-0.27204888541137706,0.33976964769647694,4.299921504579719,12.244267035180268,-0.02890911975575372,11.008064516129032,-0.9216050942955893,-3.531053257804484,-0.09618304522917542,12.360655737704919,4.238578982938631,4.238578982938631
base_macro_gru__fold_13__seed999,custom_custom,base_macro_gru,negative_control_gru,True,Baseline technical and macro features plus GRU forecast features as a negative control.,fold_13,999,20,4.172558668375947,-0.2609163534794725,checkpoint,checkpoint_robust_score,checkpoint_robust_score,1.0188631566504016,569.0980591644918,-0.3231040757722111,0.23780487804878048,4.251266296170514,14.217309304131698,-0.03451269371437604,8.983870967741936,-1.1092248996669938,-4.837034360780324,-0.12240130267991622,9.032786885245901,4.1276759135115215,4.1276759135115215
base_macro_gru__fold_14__seed42,custom_custom,base_macro_gru,negative_control_gru,True,Baseline technical and macro features plus GRU forecast features as a negative control.,fold_14,42,20,-1.4940775308495275,1.337159855659027,best_model,checkpoint_robust_score,checkpoint_robust_score,0.8768340074956993,409.06299500575057,-0.34263094386461124,0.3153446033810143,-1.3100579888840704,-8.61602605200391,-0.11230002474504519,12.516129032258064,-1.7517569513211788,-8.063634101346961,-0.15718813887815686,12.492063492063492,-3.2354337775017323,-3.2354337775017323
base_macro_gru__fold_14__seed123,custom_custom,base_macro_gru,negative_control_gru,True,Baseline technical and macro features plus GRU forecast features as a negative control.,fold_14,123,20,-1.8826026090942765,0.6589928591328515,checkpoint,checkpoint_robust_score,checkpoint_robust_score,0.9140004911211564,489.48649071610157,-0.3775635934198448,0.19505851755526657,-1.720699709298139,-9.269175028631993,-0.1393672010428948,9.67741935483871,-1.1339288211394472,-5.262197082297481,-0.13700258198924842,9.523809523809524,-3.799563380474114,-3.799563380474114
base_macro_gru__fold_14__seed999,custom_custom,base_macro_gru,negative_control_gru,True,Baseline technical and macro features plus GRU forecast features as a negative control.,fold_14,999,20,-2.0326449793253345,0.5314962705282048,checkpoint,checkpoint_robust_score,checkpoint_robust_score,0.9180781050920764,545.2395913858296,-0.39177360714915954,0.26007802340702213,-1.866126850943926,-12.146685291588632,-0.15953042641365855,12.903225806451612,-0.9918394616092397,-5.41930953051909,-0.16239734147416895,12.698412698412698,-4.21313866128434,-4.21313866128434
